Date,Close
2003-04-14,11.2222
2003-04-15,11.3556
2003-04-16,11.4867
2003-04-17,11.5689
2003-04-21,11.5644
2003-04-22,11.6033
2003-04-23,11.6578
2003-04-24,11.4278
2003-04-25,11.2389
2003-04-28,11.4244
2003-04-29,11.75
2003-04-30,11.7167
2003-05-01,11.6711
2003-05-02,11.85
2003-05-05,11.9778
2003-05-06,12.0389
2003-05-07,12.0167
2003-05-08,11.9111
2003-05-09,12.0511
2003-05-12,12.2189
2003-05-13,12.15
2003-05-14,12.0889
2003-05-15,12.1133
2003-05-16,12.1222
2003-05-19,11.8333
2003-05-20,11.8922
2003-05-21,11.9022
2003-05-22,12.01
2003-05-23,12.1333
2003-05-27,12.5678
2003-05-28,12.6222
2003-05-29,12.6389
2003-05-30,12.7856
2003-06-02,12.8778
2003-06-03,12.78
2003-06-04,12.9444
2003-06-05,12.9578
2003-06-06,13.0789
2003-06-09,12.9667
2003-06-10,13.1
2003-06-11,13.1111
2003-06-12,13.21
2003-06-13,13.2056
2003-06-16,13.3478
2003-06-17,13.6222
2003-06-18,13.5722
2003-06-19,13.5722
2003-06-20,13.5722
2003-06-23,13.2389
2003-06-24,13.1411
2003-06-25,13.25
2003-06-26,13.3933
2003-06-27,13.3311
2003-06-30,13.3222
2003-07-01,13.4667
2003-07-02,13.7833
2003-07-03,13.8222
2003-07-07,14.1644
2003-07-08,14.2044
2003-07-09,14.1711
2003-07-10,13.9222
2003-07-11,14.0389
2003-07-14,14.2856
2003-07-15,14.1056
2003-07-16,14.1167
2003-07-17,13.7478
2003-07-18,13.9311
2003-07-21,13.7467
2003-07-22,13.9111
2003-07-23,13.8222
2003-07-24,13.8889
2003-07-25,14.1167
2003-07-28,14.1944
2003-07-29,14.1144
2003-07-30,14.0111
2003-07-31,14.0778
2003-08-01,14.1089
2003-08-04,14.0467
2003-08-05,13.8956
2003-08-06,13.8333
2003-08-07,13.9344
2003-08-08,14.0278
2003-08-11,14.0889
2003-08-12,14.1444
2003-08-13,14.3444
2003-08-14,14.5333
2003-08-15,14.3889
2003-08-18,14.6956
2003-08-19,14.7678
2003-08-20,14.77
2003-08-21,15.0411
2003-08-22,15.1178
2003-08-25,15.0
2003-08-26,14.8167
2003-08-27,14.9889
2003-08-28,15.0933
2003-08-29,15.2022
2003-09-02,15.4278
2003-09-03,15.55
2003-09-04,15.6056
2003-09-05,15.5911
2003-09-08,15.8867
2003-09-09,15.6111
2003-09-10,15.3511
2003-09-11,15.3333
2003-09-12,15.4422
2003-09-15,15.2144
2003-09-16,15.5278
2003-09-17,15.4611
2003-09-18,15.6389
2003-09-19,15.5667
2003-09-22,15.3122
2003-09-23,15.35
2003-09-24,15.3778
2003-09-25,15.15
2003-09-26,15.0444
2003-09-29,15.1511
2003-09-30,15.1033
2003-10-01,15.5
2003-10-02,15.7222
2003-10-03,15.8778
2003-10-06,15.9389
2003-10-07,15.9222
2003-10-08,16.0411
2003-10-09,16.3111
2003-10-10,16.5111
2003-10-13,16.7611
2003-10-14,16.4411
2003-10-15,16.64
2003-10-16,16.6356
2003-10-17,16.5344
2003-10-20,16.6267
2003-10-21,16.71
2003-10-22,16.4644
2003-10-23,16.2222
2003-10-24,16.1367
2003-10-27,16.3222
2003-10-28,16.5456
2003-10-29,16.6833
2003-10-30,16.6233
2003-10-31,16.49
2003-11-03,16.8833
2003-11-04,16.93
2003-11-05,16.9522
2003-11-06,16.8311
2003-11-07,16.8489
2003-11-10,16.6167
2003-11-11,16.4033
2003-11-12,16.6956
2003-11-13,16.8244
2003-11-14,16.7389
2003-11-17,16.4122
2003-11-18,16.4444
2003-11-19,16.3378
2003-11-20,16.1267
2003-11-21,16.2667
2003-11-24,16.4433
2003-11-25,16.5
2003-11-26,16.6511
2003-11-28,16.8
2003-12-01,17.2811
2003-12-02,17.2044
2003-12-03,17.1444
2003-12-04,17.0267
2003-12-05,16.9944
2003-12-08,17.0278
2003-12-09,16.9567
2003-12-10,16.8889
2003-12-11,17.1967
2003-12-12,17.2756
2003-12-15,17.2889
2003-12-16,17.2167
2003-12-17,17.0167
2003-12-18,17.2911
2003-12-19,17.3333
2003-12-22,17.5
2003-12-23,17.5478
2003-12-24,17.6044
2003-12-26,17.6489
2003-12-29,17.9156
2003-12-30,18.0011
2003-12-31,18.2144
2004-01-02,18.62
2004-01-05,19.2733
2004-01-06,19.0556
2004-01-07,19.1
2004-01-08,19.1722
2004-01-09,19.1378
2004-01-12,19.1211
2004-01-13,19.0122
2004-01-14,19.0422
2004-01-15,18.6533
2004-01-16,18.7333
2004-01-20,19.2778
2004-01-21,19.3033
2004-01-22,19.2544
2004-01-23,19.2222
2004-01-26,19.35
2004-01-27,19.2522
2004-01-28,18.98
2004-01-29,18.6811
2004-01-30,18.6556
2004-02-02,18.66
2004-02-03,18.5556
2004-02-04,18.3889
2004-02-05,18.3833
2004-02-06,18.8022
2004-02-09,19.0733
2004-02-10,19.0567
2004-02-11,19.3522
2004-02-12,19.3422
2004-02-13,19.3556
2004-02-17,19.7444
2004-02-18,19.4756
2004-02-19,19.3056
2004-02-20,19.0889
2004-02-23,18.9222
2004-02-24,18.8222
2004-02-25,19.0278
2004-02-26,19.1222
2004-02-27,19.3933
2004-03-01,19.8356
2004-03-02,19.6778
2004-03-03,19.5556
2004-03-04,19.6889
2004-03-05,19.7611
2004-03-08,19.5722
2004-03-09,19.4444
2004-03-10,19.0
2004-03-11,18.5889
2004-03-12,18.7444
2004-03-15,18.3944
2004-03-16,18.6222
2004-03-17,18.8778
2004-03-18,18.9889
2004-03-19,18.7389
2004-03-22,18.4389
2004-03-23,18.6244
2004-03-24,18.6389
2004-03-25,18.8211
2004-03-26,18.7867
2004-03-29,19.0278
2004-03-30,19.2611
2004-03-31,19.5
2004-04-01,19.6589
2004-04-02,19.8556
2004-04-05,19.9944
2004-04-06,20.1056
2004-04-07,20.0333
2004-04-08,20.05
2004-04-12,20.2044
2004-04-13,19.9689
2004-04-14,19.6744
2004-04-15,19.5111
2004-04-16,19.6556
2004-04-19,19.6889
2004-04-20,19.5167
2004-04-21,19.3722
2004-04-22,19.3667
2004-04-23,19.5111
2004-04-26,19.2333
2004-04-27,19.1311
2004-04-28,18.5833
2004-04-29,17.9711
2004-04-30,17.5889
2004-05-03,17.7656
2004-05-04,18.1133
2004-05-05,18.1578
2004-05-06,17.7811
2004-05-07,17.3811
2004-05-10,16.5422
2004-05-11,17.0333
2004-05-12,17.0389
2004-05-13,16.9944
2004-05-14,16.5467
2004-05-17,15.8844
2004-05-18,16.3567
2004-05-19,16.8089
2004-05-20,16.7056
2004-05-21,16.98
2004-05-24,17.2444
2004-05-25,17.6244
2004-05-26,17.5556
2004-05-27,17.8333
2004-05-28,17.7944
2004-06-01,17.6711
2004-06-02,17.6711
2004-06-03,17.2789
2004-06-04,17.5333
2004-06-07,18.1389
2004-06-08,17.8867
2004-06-09,17.4822
2004-06-10,17.5022
2004-06-14,16.8278
2004-06-15,17.1533
2004-06-16,16.9233
2004-06-17,17.0078
2004-06-18,16.9111
2004-06-21,16.9889
2004-06-22,17.1689
2004-06-23,17.4744
2004-06-24,17.5444
2004-06-25,17.7222
2004-06-28,17.5711
2004-06-29,17.7056
2004-06-30,17.9589
2004-07-01,17.7344
2004-07-02,17.7333
2004-07-06,17.5433
2004-07-07,17.7722
2004-07-08,17.5189
2004-07-09,17.6122
2004-07-12,17.5667
2004-07-13,17.6467
2004-07-14,17.4778
2004-07-15,17.3867
2004-07-16,17.5778
2004-07-19,17.5511
2004-07-20,17.6256
2004-07-21,17.4222
2004-07-22,17.4222
2004-07-23,17.1222
2004-07-26,16.9633
2004-07-27,17.2867
2004-07-28,17.2811
2004-07-29,17.3889
2004-07-30,17.3056
2004-08-02,17.2189
2004-08-03,17.2389
2004-08-04,17.2556
2004-08-05,17.1444
2004-08-06,17.02
2004-08-09,17.1622
2004-08-10,17.3556
2004-08-11,17.1944
2004-08-12,17.0022
2004-08-13,17.0289
2004-08-16,17.2611
2004-08-17,17.3767
2004-08-18,17.5822
2004-08-19,17.6011
2004-08-20,17.6889
2004-08-23,17.7844
2004-08-24,17.7333
2004-08-25,17.9444
2004-08-26,17.9689
2004-08-27,17.9356
2004-08-30,17.8389
2004-08-31,17.9167
2004-09-01,18.0644
2004-09-02,18.2889
2004-09-03,18.0944
2004-09-07,18.2333
2004-09-08,18.2222
2004-09-09,18.2778
2004-09-10,18.4511
2004-09-13,18.62
2004-09-14,18.6133
2004-09-15,18.5311
2004-09-16,18.7633
2004-09-17,18.8889
2004-09-20,18.9078
2004-09-21,19.1056
2004-09-22,18.8167
2004-09-23,18.9
2004-09-24,18.8467
2004-09-27,18.7344
2004-09-28,18.9667
2004-09-29,19.0667
2004-09-30,19.1667
2004-10-01,19.5333
2004-10-04,19.8667
2004-10-05,19.72
2004-10-06,19.9478
2004-10-07,19.7778
2004-10-08,19.6333
2004-10-11,19.7356
2004-10-12,19.4244
2004-10-13,19.1611
2004-10-14,18.9
2004-10-15,19.1522
2004-10-18,19.3556
2004-10-19,19.2622
2004-10-20,19.1411
2004-10-21,19.4167
2004-10-22,19.2778
2004-10-25,19.33
2004-10-26,19.4
2004-10-27,19.7333
2004-10-28,19.6356
2004-10-29,19.7122
2004-11-01,19.8589
2004-11-02,19.9044
2004-11-03,20.1944
2004-11-04,20.5
2004-11-05,20.5778
2004-11-08,20.3456
2004-11-09,20.4767
2004-11-10,20.5
2004-11-11,20.7333
2004-11-12,21.0833
2004-11-15,21.1033
2004-11-16,20.8622
2004-11-17,21.3333
2004-11-18,21.3722
2004-11-19,21.0667
2004-11-22,21.1489
2004-11-23,21.1856
2004-11-24,21.4111
2004-11-26,21.7667
2004-11-29,21.6333
2004-11-30,21.6733
2004-12-01,21.8389
2004-12-02,21.8067
2004-12-03,21.9056
2004-12-06,21.8744
2004-12-07,21.5389
2004-12-08,21.4256
2004-12-09,21.0767
2004-12-10,21.0556
2004-12-13,21.3756
2004-12-14,21.5722
2004-12-15,21.8711
2004-12-16,21.7611
2004-12-17,21.7111
2004-12-20,21.9944
2004-12-21,22.2056
2004-12-22,22.2
2004-12-23,22.0811
2004-12-27,22.0644
2004-12-28,22.1789
2004-12-29,22.3011
2004-12-30,22.2444
2004-12-31,22.4278
2005-01-03,22.1944
2005-01-04,21.5111
2005-01-05,21.2478
2005-01-06,21.2333
2005-01-07,21.2744
2005-01-10,21.3011
2005-01-11,21.2611
2005-01-12,21.5222
2005-01-13,21.4333
2005-01-14,21.8167
2005-01-18,21.7778
2005-01-19,21.4778
2005-01-20,21.2111
2005-01-21,21.5
2005-01-24,21.4667
2005-01-25,21.6611
2005-01-26,21.9778
2005-01-27,21.9989
2005-01-28,22.0189
2005-01-31,22.3089
2005-02-01,22.5
2005-02-02,22.5711
2005-02-03,22.5478
2005-02-04,22.9
2005-02-07,22.9722
2005-02-08,23.0167
2005-02-09,22.9422
2005-02-10,23.0533
2005-02-11,23.2778
2005-02-14,23.4444
2005-02-15,23.5
2005-02-16,23.4278
2005-02-17,23.3889
2005-02-18,23.6767
2005-02-22,23.59
2005-02-23,23.6989
2005-02-24,24.0667
2005-02-25,24.51
2005-02-28,24.4689
2005-03-01,24.5378
2005-03-02,24.1333
2005-03-03,24.2
2005-03-04,24.4889
2005-03-07,24.65
2005-03-08,24.4622
2005-03-09,24.3222
2005-03-10,24.0889
2005-03-11,23.9533
2005-03-14,23.77
2005-03-15,23.1778
2005-03-16,22.9811
2005-03-17,23.4
2005-03-18,23.2944
2005-03-21,22.9578
2005-03-22,22.5333
2005-03-23,22.2478
2005-03-24,22.2233
2005-03-28,22.3767
2005-03-29,21.7978
2005-03-30,22.2944
2005-03-31,22.5333
2005-04-01,22.6667
2005-04-04,22.7167
2005-04-05,22.7111
2005-04-06,23.0222
2005-04-07,23.2544
2005-04-08,23.1444
2005-04-11,22.9222
2005-04-12,23.2111
2005-04-13,22.7489
2005-04-14,22.1667
2005-04-15,21.7
2005-04-18,21.9567
2005-04-19,22.3244
2005-04-20,21.7978
2005-04-21,22.4256
2005-04-22,22.1778
2005-04-25,22.5978
2005-04-26,22.3667
2005-04-27,22.1644
2005-04-28,21.8111
2005-04-29,22.2522
2005-05-02,22.4
2005-05-03,22.3789
2005-05-04,22.9889
2005-05-05,23.11
2005-05-06,23.1722
2005-05-09,23.1933
2005-05-10,22.6722
2005-05-11,22.7778
2005-05-12,22.3889
2005-05-13,22.1589
2005-05-16,22.4222
2005-05-17,22.4278
2005-05-18,22.8744
2005-05-19,22.9578
2005-05-20,22.9
2005-05-23,22.9756
2005-05-24,22.9089
2005-05-25,22.7444
2005-05-26,23.0
2005-05-27,23.1556
2005-05-31,22.9556
2005-06-01,23.2267
2005-06-02,23.4033
2005-06-03,23.2822
2005-06-06,23.5167
2005-06-07,23.4
2005-06-08,23.3111
2005-06-09,23.4333
2005-06-10,23.5
2005-06-13,23.5933
2005-06-14,23.69
2005-06-15,23.8667
2005-06-16,24.08
2005-06-17,24.37
2005-06-20,24.15
2005-06-21,24.0333
2005-06-22,24.26
2005-06-23,23.8333
2005-06-24,23.75
2005-06-27,23.9
2005-06-28,24.08
2005-06-29,23.94
2005-06-30,23.8667
2005-07-01,23.9533
2005-07-05,24.06
2005-07-06,23.9433
2005-07-07,24.0133
2005-07-08,24.2633
2005-07-11,24.6333
2005-07-12,24.9267
2005-07-13,24.91
2005-07-14,25.0533
2005-07-15,24.9167
2005-07-18,24.84
2005-07-19,25.1233
2005-07-20,25.1267
2005-07-21,25.4
2005-07-22,25.34
2005-07-25,25.12
2005-07-26,25.2633
2005-07-27,25.4
2005-07-28,25.7167
2005-07-29,25.7
2005-08-01,26.12
2005-08-02,26.5833
2005-08-03,26.5167
2005-08-04,26.2833
2005-08-05,25.8
2005-08-08,25.9767
2005-08-09,26.5
2005-08-10,26.7833
2005-08-11,26.6333
2005-08-12,26.35
2005-08-15,26.5333
2005-08-16,26.0733
2005-08-17,26.09
2005-08-18,25.61
2005-08-19,25.51
2005-08-22,25.8267
2005-08-23,25.5833
2005-08-24,25.25
2005-08-25,25.5333
2005-08-26,25.5
2005-08-29,25.78
2005-08-30,25.51
2005-08-31,26.04
2005-09-01,26.4
2005-09-02,26.6333
2005-09-06,26.9667
2005-09-07,27.0
2005-09-08,26.9567
2005-09-09,27.3533
2005-09-12,27.3133
2005-09-13,27.0067
2005-09-14,26.91
2005-09-15,27.0667
2005-09-16,27.4833
2005-09-19,27.4433
2005-09-20,27.5167
2005-09-21,27.7767
2005-09-22,27.5
2005-09-23,27.4767
2005-09-26,27.72
2005-09-27,27.5367
2005-09-28,27.85
2005-09-29,28.34
2005-09-30,28.2933
2005-10-03,28.4733
2005-10-04,28.2067
2005-10-05,27.35
2005-10-06,26.3933
2005-10-07,27.0467
2005-10-10,26.9567
2005-10-11,27.0733
2005-10-12,26.2433
2005-10-13,26.08
2005-10-14,25.98
2005-10-17,26.2667
2005-10-18,25.6
2005-10-19,26.1
2005-10-20,25.05
2005-10-21,25.7167
2005-10-24,26.41
2005-10-25,25.89
2005-10-26,25.9833
2005-10-27,25.3667
2005-10-28,26.0333
2005-10-31,26.5
2005-11-01,26.9667
2005-11-02,27.3833
2005-11-03,27.4133
2005-11-04,27.3567
2005-11-07,27.3767
2005-11-08,27.12
2005-11-09,27.5267
2005-11-10,27.57
2005-11-11,27.63
2005-11-14,27.5567
2005-11-15,27.4
2005-11-16,27.6333
2005-11-17,28.04
2005-11-18,28.1167
2005-11-21,28.1333
2005-11-22,28.12
2005-11-23,28.4167
2005-11-25,28.3967
2005-11-28,28.2167
2005-11-29,27.9667
2005-11-30,28.0333
2005-12-01,28.7667
2005-12-02,28.7333
2005-12-05,28.9667
2005-12-06,29.2333
2005-12-07,28.9567
2005-12-08,28.74
2005-12-09,29.0333
2005-12-12,29.2
2005-12-13,29.5833
2005-12-14,29.3867
2005-12-15,29.2667
2005-12-16,29.1667
2005-12-19,29.1
2005-12-20,29.35
2005-12-21,29.8267
2005-12-22,29.8333
2005-12-23,29.68
2005-12-27,29.35
2005-12-28,29.43
2005-12-29,29.4333
2005-12-30,29.4167
2006-01-03,30.5167
2006-01-04,30.7933
2006-01-05,30.95
2006-01-06,31.5967
2006-01-09,31.9067
2006-01-10,31.5233
2006-01-11,31.8933
2006-01-12,31.45
2006-01-13,31.4833
2006-01-17,30.9333
2006-01-18,30.9167
2006-01-19,31.9167
2006-01-20,30.9667
2006-01-23,31.8667
2006-01-24,32.3667
2006-01-25,32.3833
2006-01-26,33.15
2006-01-27,33.53
2006-01-30,33.3733
2006-01-31,33.5933
2006-02-01,33.5767
2006-02-02,32.7133
2006-02-03,32.2667
2006-02-06,33.0333
2006-02-07,32.1667
2006-02-08,32.2667
2006-02-09,32.35
2006-02-10,32.3
2006-02-13,31.5033
2006-02-14,32.3
2006-02-15,32.1333
2006-02-16,32.9667
2006-02-17,32.9233
2006-02-21,32.6333
2006-02-22,32.81
2006-02-23,32.8
2006-02-24,32.8633
2006-02-27,33.1633
2006-02-28,32.3
2006-03-01,33.1933
2006-03-02,33.22
2006-03-03,32.6667
2006-03-06,32.1667
2006-03-07,31.0333
2006-03-08,31.2167
2006-03-09,30.9
2006-03-10,31.55
2006-03-13,31.5167
2006-03-14,32.5
2006-03-15,32.8767
2006-03-16,32.5833
2006-03-17,32.8133
2006-03-20,33.0
2006-03-21,32.3333
2006-03-22,32.69
2006-03-23,32.3867
2006-03-24,32.6667
2006-03-27,32.8667
2006-03-28,32.2667
2006-03-29,32.8833
2006-03-30,33.05
2006-03-31,33.0
2006-04-03,33.9333
2006-04-04,34.1333
2006-04-05,34.4833
2006-04-06,34.3067
2006-04-07,33.7833
2006-04-10,33.6667
2006-04-11,33.38
2006-04-12,33.5733
2006-04-13,33.7333
2006-04-17,34.1333
2006-04-18,35.2667
2006-04-19,35.4833
2006-04-20,35.3567
2006-04-21,35.6333
2006-04-24,35.1667
2006-04-25,34.6833
2006-04-26,35.3667
2006-04-27,34.81
2006-04-28,35.15
2006-05-01,35.14
2006-05-02,35.76
2006-05-03,35.8
2006-05-04,36.15
2006-05-05,36.7333
2006-05-08,37.0
2006-05-09,37.0333
2006-05-10,36.6333
2006-05-11,35.7
2006-05-12,34.7667
2006-05-15,33.9333
2006-05-16,34.1033
2006-05-17,32.9333
2006-05-18,32.3
2006-05-19,32.9967
2006-05-22,31.4433
2006-05-23,31.1
2006-05-24,30.8833
2006-05-25,32.1967
2006-05-26,32.1
2006-05-30,30.7167
2006-05-31,31.2333
2006-06-01,31.8733
2006-06-02,32.2
2006-06-05,30.8333
2006-06-06,30.6067
2006-06-07,29.9333
2006-06-08,29.4
2006-06-09,29.0167
2006-06-12,27.9367
2006-06-13,27.3167
2006-06-14,28.1
2006-06-15,29.7367
2006-06-16,29.5667
2006-06-19,28.4667
2006-06-20,28.8167
2006-06-21,29.75
2006-06-22,29.2167
2006-06-23,29.1667
2006-06-26,29.1667
2006-06-27,28.6167
2006-06-28,29.5133
2006-06-29,31.2667
2006-06-30,31.3
2006-07-03,31.9933
2006-07-05,31.0
2006-07-06,31.6333
2006-07-07,31.0333
2006-07-10,31.2833
2006-07-11,31.4333
2006-07-12,30.7333
2006-07-13,29.5167
2006-07-14,29.6667
2006-07-17,29.2
2006-07-18,29.6067
2006-07-19,31.4333
2006-07-20,30.53
2006-07-21,29.9367
2006-07-24,31.2833
2006-07-25,31.3667
2006-07-26,31.2333
2006-07-27,31.6633
2006-07-28,32.3433
2006-07-31,32.0333
2006-08-01,31.5167
2006-08-02,31.9333
2006-08-03,31.9
2006-08-04,31.9667
2006-08-07,31.7667
2006-08-08,31.7667
2006-08-09,31.8867
2006-08-10,32.2133
2006-08-11,31.8233
2006-08-14,31.95
2006-08-15,32.7333
2006-08-16,33.0533
2006-08-17,33.1
2006-08-18,32.7867
2006-08-21,32.6167
2006-08-22,32.6067
2006-08-23,32.0167
2006-08-24,31.93
2006-08-25,32.02
2006-08-28,32.3833
2006-08-29,32.4933
2006-08-30,32.6333
2006-08-31,32.54
2006-09-01,32.9033
2006-09-05,33.0833
2006-09-06,32.1333
2006-09-07,31.7667
2006-09-08,32.0267
2006-09-11,31.3367
2006-09-12,31.8733
2006-09-13,32.35
2006-09-14,32.0833
2006-09-15,32.2733
2006-09-18,32.6367
2006-09-19,32.1333
2006-09-20,32.7933
2006-09-21,31.9933
2006-09-22,31.5867
2006-09-25,31.9533
2006-09-26,32.33
2006-09-27,32.2567
2006-09-28,32.5167
2006-09-29,32.2567
2006-10-02,32.2033
2006-10-03,31.7667
2006-10-04,32.6167
2006-10-05,33.05
2006-10-06,32.9667
2006-10-09,32.8433
2006-10-10,33.14
2006-10-11,32.9633
2006-10-12,33.7667
2006-10-13,33.9667
2006-10-16,34.06
2006-10-17,33.6133
2006-10-18,33.9433
2006-10-19,34.0933
2006-10-20,33.9333
2006-10-23,33.9033
2006-10-24,34.0967
2006-10-25,34.4933
2006-10-26,34.5767
2006-10-27,34.0
2006-10-30,33.8833
2006-10-31,34.5333
2006-11-01,34.1867
2006-11-02,34.2933
2006-11-03,34.4
2006-11-06,35.2167
2006-11-07,35.0667
2006-11-08,35.1567
2006-11-09,35.2767
2006-11-10,35.3267
2006-11-13,35.4467
2006-11-14,36.0
2006-11-15,36.0667
2006-11-16,35.7033
2006-11-17,35.6633
2006-11-20,35.5233
2006-11-21,36.09
2006-11-22,36.3433
2006-11-24,36.3367
2006-11-27,35.65
2006-11-28,35.8567
2006-11-29,36.4367
2006-11-30,36.6
2006-12-01,36.45
2006-12-04,37.21
2006-12-05,37.86
2006-12-06,37.6
2006-12-07,37.4667
2006-12-08,37.3
2006-12-11,37.3167
2006-12-12,36.8667
2006-12-13,37.0667
2006-12-14,37.7
2006-12-15,37.8667
2006-12-18,37.6033
2006-12-19,37.3667
2006-12-20,37.25
2006-12-21,37.1833
2006-12-22,37.3167
2006-12-26,37.6633
2006-12-27,38.2
2006-12-28,38.1267
2006-12-29,38.0567
2007-01-03,38.38
2007-01-04,37.85
2007-01-05,36.7433
2007-01-08,37.01
2007-01-09,36.1833
2007-01-10,36.1
2007-01-11,36.5567
2007-01-12,37.3
2007-01-16,37.4333
2007-01-17,37.2767
2007-01-18,36.8833
2007-01-19,37.5467
2007-01-22,37.5033
2007-01-23,38.3567
2007-01-24,38.69
2007-01-25,37.5
2007-01-26,37.73
2007-01-29,37.23
2007-01-30,37.8067
2007-01-31,38.1
2007-02-01,38.5667
2007-02-02,38.45
2007-02-05,38.4867
2007-02-06,38.8667
2007-02-07,38.7167
2007-02-08,38.51
2007-02-09,38.05
2007-02-12,37.79
2007-02-13,38.39
2007-02-14,39.2167
2007-02-15,39.24
2007-02-16,39.33
2007-02-20,39.4333
2007-02-21,39.55
2007-02-22,39.45
2007-02-23,39.1667
2007-02-26,39.15
2007-02-27,35.9667
2007-02-28,36.8667
2007-03-01,36.3367
2007-03-02,36.0
2007-03-05,35.0767
2007-03-06,36.6167
2007-03-07,36.3933
2007-03-08,37.3333
2007-03-09,37.4
2007-03-12,37.5833
2007-03-13,36.49
2007-03-14,36.79
2007-03-15,37.09
2007-03-16,36.7733
2007-03-19,37.58
2007-03-20,37.8267
2007-03-21,38.96
2007-03-22,38.7933
2007-03-23,38.9733
2007-03-26,38.95
2007-03-27,38.7767
2007-03-28,38.0833
2007-03-29,38.84
2007-03-30,38.8333
2007-04-02,39.1
2007-04-03,39.74
2007-04-04,39.99
2007-04-05,40.0267
2007-04-09,40.2567
2007-04-10,40.4467
2007-04-11,40.0733
2007-04-12,40.7433
2007-04-13,40.9433
2007-04-16,41.43
2007-04-17,41.2067
2007-04-18,40.9
2007-04-19,40.57
2007-04-20,41.0533
2007-04-23,40.89
2007-04-24,40.8833
2007-04-25,41.39
2007-04-26,41.28
2007-04-27,41.0733
2007-04-30,40.28
2007-05-01,40.44
2007-05-02,41.2433
2007-05-03,41.59
2007-05-04,41.5767
2007-05-07,41.8467
2007-05-08,41.3033
2007-05-09,41.97
2007-05-10,40.9433
2007-05-11,41.9833
2007-05-14,41.5667
2007-05-15,41.6167
2007-05-16,42.22
2007-05-17,42.0667
2007-05-18,42.2833
2007-05-21,42.36
2007-05-22,42.3667
2007-05-23,42.3
2007-05-24,41.2833
2007-05-25,41.9167
2007-05-29,41.7733
2007-05-30,42.2
2007-05-31,42.32
2007-06-01,43.3767
2007-06-04,43.1833
2007-06-05,43.0333
2007-06-06,41.95
2007-06-07,41.3033
2007-06-08,42.0333
2007-06-11,42.3933
2007-06-12,41.6567
2007-06-13,42.49
2007-06-14,43.1567
2007-06-15,44.14
2007-06-18,44.18
2007-06-19,44.23
2007-06-20,43.8533
2007-06-21,44.4
2007-06-22,43.8133
2007-06-25,43.48
2007-06-26,43.1
2007-06-27,43.7133
2007-06-28,43.7233
2007-06-29,43.8767
2007-07-02,44.7667
2007-07-03,45.1233
2007-07-05,45.3233
2007-07-06,46.1
2007-07-09,46.5467
2007-07-10,45.63
2007-07-11,46.0067
2007-07-12,47.0167
2007-07-13,47.6
2007-07-16,47.1333
2007-07-17,47.0967
2007-07-18,46.52
2007-07-19,46.9833
2007-07-20,46.66
2007-07-23,48.01
2007-07-24,46.3667
2007-07-25,46.6333
2007-07-26,44.2567
2007-07-27,43.6833
2007-07-30,45.1133
2007-07-31,44.19
2007-08-01,44.0167
2007-08-02,44.5033
2007-08-03,42.5833
2007-08-06,43.3433
2007-08-07,43.6667
2007-08-08,45.1333
2007-08-09,43.2667
2007-08-10,42.5167
2007-08-13,42.9367
2007-08-14,41.8267
2007-08-15,40.1833
2007-08-16,39.5
2007-08-17,40.75
2007-08-20,40.8333
2007-08-21,40.6833
2007-08-22,42.4333
2007-08-23,42.65
2007-08-24,43.6667
2007-08-27,43.8667
2007-08-28,42.0833
2007-08-29,43.75
2007-08-30,43.5267
2007-08-31,44.65
2007-09-04,45.4033
2007-09-05,44.7167
2007-09-06,45.0667
2007-09-07,44.05
2007-09-10,44.0833
2007-09-11,44.9733
2007-09-12,45.1333
2007-09-13,45.6333
2007-09-14,45.7233
2007-09-17,45.4333
2007-09-18,47.6333
2007-09-19,47.85
2007-09-20,47.7
2007-09-21,48.3333
2007-09-24,48.9333
2007-09-25,48.75
2007-09-26,49.4
2007-09-27,50.1333
2007-09-28,49.8167
2007-10-01,51.3833
2007-10-02,51.7333
2007-10-03,50.1667
2007-10-04,50.6667
2007-10-05,52.3567
2007-10-08,51.8
2007-10-09,52.6067
2007-10-10,52.6767
2007-10-11,52.2133
2007-10-12,53.1667
2007-10-15,52.5167
2007-10-16,51.5433
2007-10-17,52.7333
2007-10-18,53.0
2007-10-19,50.7333
2007-10-22,51.1
2007-10-23,52.5167
2007-10-24,52.1733
2007-10-25,52.8367
2007-10-26,54.3333
2007-10-29,55.5833
2007-10-30,54.5333
2007-10-31,55.73
2007-11-01,53.48
2007-11-02,53.7833
2007-11-05,51.9133
2007-11-06,53.8833
2007-11-07,52.1667
2007-11-08,52.4333
2007-11-09,51.2
2007-11-12,48.3667
2007-11-13,51.7833
2007-11-14,51.8333
2007-11-15,50.64
2007-11-16,51.2667
2007-11-19,48.9033
2007-11-20,50.2467
2007-11-21,47.7167
2007-11-23,49.1267
2007-11-26,47.1767
2007-11-27,48.9833
2007-11-28,51.6667
2007-11-29,51.0333
2007-11-30,51.4667
2007-12-03,51.02
2007-12-04,50.8867
2007-12-05,53.1467
2007-12-06,53.9833
2007-12-07,53.3433
2007-12-10,53.36
2007-12-11,51.1
2007-12-12,52.6333
2007-12-13,51.1867
2007-12-14,49.9667
2007-12-17,47.8367
2007-12-18,49.15
2007-12-19,49.47
2007-12-20,49.74
2007-12-21,51.24
2007-12-24,51.4467
2007-12-26,51.7133
2007-12-27,50.52
2007-12-28,50.71
2007-12-31,50.1
2008-01-02,49.2733
2008-01-03,49.7167
2008-01-04,48.2233
2008-01-07,48.5767
2008-01-08,48.2
2008-01-09,49.78
2008-01-10,50.3667
2008-01-11,48.95
2008-01-14,49.67
2008-01-15,47.4233
2008-01-16,45.45
2008-01-17,44.1267
2008-01-18,45.1333
2008-01-22,44.0
2008-01-23,44.28
2008-01-24,45.14
2008-01-25,44.4533
2008-01-28,45.5533
2008-01-29,45.33
2008-01-30,44.7333
2008-01-31,45.63
2008-02-01,46.54
2008-02-04,46.6833
2008-02-05,44.17
2008-02-06,43.4467
2008-02-07,44.1833
2008-02-08,44.1
2008-02-11,44.6467
2008-02-12,45.3667
2008-02-13,46.3867
2008-02-14,45.79
2008-02-15,46.1167
2008-02-19,46.72
2008-02-20,47.11
2008-02-21,46.45
2008-02-22,47.0733
2008-02-25,47.95
2008-02-26,48.5833
2008-02-27,48.9933
2008-02-28,48.4667
2008-02-29,46.54
2008-03-03,46.7933
2008-03-04,45.7067
2008-03-05,46.6667
2008-03-06,45.0667
2008-03-07,44.4433
2008-03-10,43.6633
2008-03-11,46.6
2008-03-12,45.7367
2008-03-13,45.32
2008-03-14,43.7133
2008-03-17,42.6333
2008-03-18,44.85
2008-03-19,42.1567
2008-03-20,42.8667
2008-03-24,44.51
2008-03-25,45.1933
2008-03-26,44.8267
2008-03-27,44.61
2008-03-28,44.53
2008-03-31,44.7933
2008-04-01,46.5133
2008-04-02,46.5467
2008-04-03,47.1133
2008-04-04,46.9233
2008-04-07,47.5467
2008-04-08,47.2867
2008-04-09,46.55
2008-04-10,47.2167
2008-04-11,46.4467
2008-04-14,46.3367
2008-04-15,46.88
2008-04-16,48.2667
2008-04-17,47.9167
2008-04-18,48.64
2008-04-21,48.8867
2008-04-22,48.4333
2008-04-23,49.13
2008-04-24,48.5
2008-04-25,48.8567
2008-04-28,48.7633
2008-04-29,47.9
2008-04-30,48.8867
2008-05-01,49.4067
2008-05-02,49.88
2008-05-05,49.8433
2008-05-06,50.4
2008-05-07,48.9
2008-05-08,49.4033
2008-05-09,49.0
2008-05-12,49.63
2008-05-13,49.8667
2008-05-14,49.9867
2008-05-15,51.05
2008-05-16,51.7
2008-05-19,51.71
2008-05-20,50.8133
2008-05-21,50.2967
2008-05-22,50.4433
2008-05-23,49.5633
2008-05-27,49.4833
2008-05-28,50.15
2008-05-29,50.26
2008-05-30,50.4333
2008-06-02,49.8333
2008-06-03,48.9333
2008-06-04,48.5067
2008-06-05,50.05
2008-06-06,48.2367
2008-06-09,48.1133
2008-06-10,47.0033
2008-06-11,46.3
2008-06-12,46.57
2008-06-13,47.0733
2008-06-16,47.2333
2008-06-17,47.4333
2008-06-18,47.2033
2008-06-19,47.2767
2008-06-20,45.7333
2008-06-23,45.8667
2008-06-24,45.6633
2008-06-25,46.05
2008-06-26,44.47
2008-06-27,44.9
2008-06-30,45.24
2008-07-01,44.4333
2008-07-02,43.1667
2008-07-03,43.0433
2008-07-07,42.89
2008-07-08,43.4167
2008-07-09,42.54
2008-07-10,43.31
2008-07-11,43.02
2008-07-14,42.9667
2008-07-15,42.25
2008-07-16,43.47
2008-07-17,43.6733
2008-07-18,43.2967
2008-07-21,43.8333
2008-07-22,43.86
2008-07-23,43.9233
2008-07-24,42.3
2008-07-25,42.59
2008-07-28,41.87
2008-07-29,44.19
2008-07-30,43.73
2008-07-31,42.75
2008-08-01,42.46
2008-08-04,41.16
2008-08-05,41.69
2008-08-06,42.52
2008-08-07,41.06
2008-08-08,41.16
2008-08-11,40.73
2008-08-12,40.39
2008-08-13,40.38
2008-08-14,40.91
2008-08-15,40.27
2008-08-18,39.59
2008-08-19,39.26
2008-08-20,40.26
2008-08-21,40.2
2008-08-22,40.17
2008-08-25,39.34
2008-08-26,39.41
2008-08-27,40.25
2008-08-28,40.53
2008-08-29,40.05
2008-09-02,38.84
2008-09-03,38.2
2008-09-04,36.44
2008-09-05,36.96
2008-09-08,37.42
2008-09-09,35.32
2008-09-10,35.89
2008-09-11,35.36
2008-09-12,36.54
2008-09-15,33.67
2008-09-16,33.96
2008-09-17,31.55
2008-09-18,34.21
2008-09-19,38.47
2008-09-22,35.96
2008-09-23,34.84
2008-09-24,35.24
2008-09-25,37.05
2008-09-26,35.79
2008-09-29,31.61
2008-09-30,34.17
2008-10-01,34.58
2008-10-02,31.55
2008-10-03,30.72
2008-10-06,28.41
2008-10-07,26.2
2008-10-08,26.2
2008-10-09,24.27
2008-10-10,24.55
2008-10-13,30.14
2008-10-14,28.64
2008-10-15,24.01
2008-10-16,25.19
2008-10-17,24.4
2008-10-20,26.11
2008-10-21,24.03
2008-10-22,21.5
2008-10-23,22.1
2008-10-24,19.82
2008-10-27,19.3
2008-10-28,23.34
2008-10-29,22.6
2008-10-30,25.65
2008-10-31,25.43
2008-11-03,25.2
2008-11-04,27.5
2008-11-05,24.0
2008-11-06,22.79
2008-11-07,24.64
2008-11-10,24.87
2008-11-11,23.32
2008-11-12,21.59
2008-11-13,24.58
2008-11-14,22.22
2008-11-17,21.85
2008-11-18,21.53
2008-11-19,19.67
2008-11-20,18.26
2008-11-21,20.89
2008-11-24,22.16
2008-11-25,21.74
2008-11-26,23.4
2008-11-28,22.95
2008-12-01,20.74
2008-12-02,22.05
2008-12-03,22.23
2008-12-04,21.28
2008-12-05,22.54
2008-12-08,23.98
2008-12-09,23.65
2008-12-10,25.06
2008-12-11,24.42
2008-12-12,24.76
2008-12-15,24.43
2008-12-16,26.38
2008-12-17,25.92
2008-12-18,25.35
2008-12-19,25.44
2008-12-22,24.49
2008-12-23,23.95
2008-12-24,24.12
2008-12-26,24.04
2008-12-29,24.0
2008-12-30,24.64
2008-12-31,24.97
2009-01-02,26.16
2009-01-05,26.5
2009-01-06,27.1
2009-01-07,25.54
2009-01-08,25.43
2009-01-09,24.88
2009-01-12,23.83
2009-01-13,23.9
2009-01-14,22.74
2009-01-15,23.0
2009-01-16,23.25
2009-01-20,21.52
2009-01-21,22.69
2009-01-22,21.94
2009-01-23,22.22
2009-01-26,22.48
2009-01-27,22.88
2009-01-28,24.04
2009-01-29,22.82
2009-01-30,22.65
2009-02-02,22.42
2009-02-03,23.09
2009-02-04,23.26
2009-02-05,23.75
2009-02-06,24.94
2009-02-09,24.81
2009-02-10,23.31
2009-02-11,24.01
2009-02-12,23.86
2009-02-13,23.98
2009-02-17,22.45
2009-02-18,22.29
2009-02-19,22.08
2009-02-20,21.52
2009-02-23,20.99
2009-02-24,22.14
2009-02-25,21.76
2009-02-26,21.57
2009-02-27,21.23
2009-03-02,19.94
2009-03-03,20.22
2009-03-04,21.64
2009-03-05,20.75
2009-03-06,21.1
2009-03-09,20.69
2009-03-10,22.37
2009-03-11,22.37
2009-03-12,23.23
2009-03-13,23.36
2009-03-16,23.38
2009-03-17,23.89
2009-03-18,24.39
2009-03-19,24.23
2009-03-20,23.9
2009-03-23,26.11
2009-03-24,25.3
2009-03-25,25.68
2009-03-26,26.38
2009-03-27,25.6
2009-03-30,24.28
2009-03-31,24.81
2009-04-01,25.63
2009-04-02,27.02
2009-04-03,27.35
2009-04-06,27.01
2009-04-07,26.39
2009-04-08,26.78
2009-04-09,27.95
2009-04-13,28.12
2009-04-14,27.67
2009-04-15,28.07
2009-04-16,28.31
2009-04-17,28.11
2009-04-20,26.74
2009-04-21,27.31
2009-04-22,27.08
2009-04-23,27.5
2009-04-24,28.02
2009-04-27,27.08
2009-04-28,26.99
2009-04-29,28.41
2009-04-30,28.67
2009-05-01,29.09
2009-05-04,31.1
2009-05-05,30.82
2009-05-06,31.35
2009-05-07,30.57
2009-05-08,31.59
2009-05-11,30.85
2009-05-12,31.07
2009-05-13,29.93
2009-05-14,30.36
2009-05-15,30.08
2009-05-18,31.75
2009-05-19,32.11
2009-05-20,32.21
2009-05-21,31.61
2009-05-22,31.75
2009-05-26,32.13
2009-05-27,31.76
2009-05-28,32.74
2009-05-29,33.24
2009-06-01,34.64
2009-06-02,34.14
2009-06-03,32.93
2009-06-04,33.54
2009-06-05,33.61
2009-06-08,33.09
2009-06-09,33.15
2009-06-10,33.57
2009-06-11,34.29
2009-06-12,33.74
2009-06-15,32.53
2009-06-16,32.04
2009-06-17,31.68
2009-06-18,31.59
2009-06-19,31.75
2009-06-22,30.6
2009-06-23,30.55
2009-06-24,31.22
2009-06-25,32.15
2009-06-26,32.32
2009-06-29,32.56
2009-06-30,32.23
2009-07-01,32.82
2009-07-02,31.92
2009-07-06,31.85
2009-07-07,31.1
2009-07-08,30.74
2009-07-09,31.29
2009-07-10,30.92
2009-07-13,31.14
2009-07-14,31.48
2009-07-15,33.17
2009-07-16,33.23
2009-07-17,33.57
2009-07-20,34.77
2009-07-21,34.67
2009-07-22,34.59
2009-07-23,35.57
2009-07-24,35.4
2009-07-27,35.71
2009-07-28,35.55
2009-07-29,34.75
2009-07-30,35.61
2009-07-31,35.78
2009-08-03,37.12
2009-08-04,36.78
2009-08-05,36.47
2009-08-06,36.17
2009-08-07,36.53
2009-08-10,36.12
2009-08-11,35.44
2009-08-12,35.76
2009-08-13,36.38
2009-08-14,35.72
2009-08-17,34.32
2009-08-18,35.07
2009-08-19,35.16
2009-08-20,35.77
2009-08-21,36.31
2009-08-24,36.47
2009-08-25,36.39
2009-08-26,36.28
2009-08-27,36.21
2009-08-28,36.02
2009-08-31,35.31
2009-09-01,34.64
2009-09-02,35.01
2009-09-03,35.71
2009-09-04,36.4
2009-09-08,37.15
2009-09-09,37.35
2009-09-10,37.84
2009-09-11,37.86
2009-09-14,37.72
2009-09-15,38.17
2009-09-16,39.13
2009-09-17,38.92
2009-09-18,39.03
2009-09-21,38.69
2009-09-22,39.28
2009-09-23,38.69
2009-09-24,37.93
2009-09-25,38.09
2009-09-28,38.58
2009-09-29,38.67
2009-09-30,38.91
2009-10-01,37.85
2009-10-02,37.86
2009-10-05,38.74
2009-10-06,39.38
2009-10-07,39.34
2009-10-08,39.82
2009-10-09,39.85
2009-10-12,40.18
2009-10-13,40.25
2009-10-14,41.55
2009-10-15,41.32
2009-10-16,40.75
2009-10-19,41.53
2009-10-20,40.98
2009-10-21,40.76
2009-10-22,41.1
2009-10-23,40.76
2009-10-26,40.25
2009-10-27,39.55
2009-10-28,37.74
2009-10-29,39.41
2009-10-30,37.57
2009-11-02,38.13
2009-11-03,38.19
2009-11-04,38.9
2009-11-05,39.7
2009-11-06,39.65
2009-11-09,41.11
2009-11-10,40.92
2009-11-11,41.27
2009-11-12,40.35
2009-11-13,41.04
2009-11-16,42.07
2009-11-17,41.92
2009-11-18,41.59
2009-11-19,40.82
2009-11-20,40.65
2009-11-23,41.5
2009-11-24,41.27
2009-11-25,41.75
2009-11-27,40.13
2009-11-30,40.52
2009-12-01,41.68
2009-12-02,41.85
2009-12-03,41.46
2009-12-04,41.84
2009-12-07,41.48
2009-12-08,40.71
2009-12-09,40.96
2009-12-10,41.2
2009-12-11,41.35
2009-12-14,41.63
2009-12-15,41.2
2009-12-16,41.44
2009-12-17,40.25
2009-12-18,40.36
2009-12-21,40.31
2009-12-22,40.39
2009-12-23,40.79
2009-12-24,41.2
2009-12-28,41.34
2009-12-29,41.18
2009-12-30,41.36
2009-12-31,41.5
2010-01-04,42.71
2010-01-05,43.02
2010-01-06,43.11
2010-01-07,42.86
2010-01-08,43.2
2010-01-11,43.11
2010-01-12,42.42
2010-01-13,42.55
2010-01-14,42.44
2010-01-15,41.95
2010-01-19,42.8
2010-01-20,41.77
2010-01-21,40.51
2010-01-22,39.61
2010-01-25,39.9
2010-01-26,39.07
2010-01-27,38.97
2010-01-28,38.7
2010-01-29,38.28
2010-02-01,39.31
2010-02-02,39.63
2010-02-03,39.4
2010-02-04,37.62
2010-02-05,37.2
2010-02-08,36.83
2010-02-09,38.03
2010-02-10,37.93
2010-02-11,38.93
2010-02-12,38.44
2010-02-16,39.43
2010-02-17,39.57
2010-02-18,39.72
2010-02-19,39.38
2010-02-22,39.43
2010-02-23,38.52
2010-02-24,38.89
2010-02-25,38.57
2010-02-26,38.96
2010-03-01,39.62
2010-03-02,40.07
2010-03-03,40.12
2010-03-04,39.91
2010-03-05,40.95
2010-03-08,40.98
2010-03-09,41.21
2010-03-10,41.5
2010-03-11,41.51
2010-03-12,41.37
2010-03-15,41.07
2010-03-16,41.6
2010-03-17,42.05
2010-03-18,41.73
2010-03-19,41.19
2010-03-22,41.34
2010-03-23,41.63
2010-03-24,41.01
2010-03-25,40.9
2010-03-26,41.1
2010-03-29,41.84
2010-03-30,42.0
2010-03-31,42.12
2010-04-01,43.22
2010-04-05,43.61
2010-04-06,43.74
2010-04-07,43.36
2010-04-08,43.51
2010-04-09,43.78
2010-04-12,43.43
2010-04-13,43.34
2010-04-14,43.98
2010-04-15,43.74
2010-04-16,42.46
2010-04-19,42.29
2010-04-20,42.79
2010-04-21,42.65
2010-04-22,42.83
2010-04-23,43.06
2010-04-26,43.06
2010-04-27,41.52
2010-04-28,41.87
2010-04-29,42.56
2010-04-30,42.05
2010-05-03,42.28
2010-05-04,40.34
2010-05-05,39.61
2010-05-06,37.99
2010-05-07,38.19
2010-05-10,40.94
2010-05-11,40.2
2010-05-12,40.7
2010-05-13,40.32
2010-05-14,39.49
2010-05-17,39.25
2010-05-18,38.43
2010-05-19,38.06
2010-05-20,36.17
2010-05-21,37.34
2010-05-24,36.95
2010-05-25,36.55
2010-05-26,36.53
2010-05-27,38.74
2010-05-28,38.1
2010-06-01,37.4
2010-06-02,38.71
2010-06-03,38.57
2010-06-04,37.2
2010-06-07,36.62
2010-06-08,37.46
2010-06-09,37.26
2010-06-10,38.56
2010-06-11,38.76
2010-06-14,38.77
2010-06-15,39.94
2010-06-16,39.94
2010-06-17,39.74
2010-06-18,39.92
2010-06-21,40.61
2010-06-22,39.83
2010-06-23,39.67
2010-06-24,38.97
2010-06-25,39.43
2010-06-28,39.16
2010-06-29,37.57
2010-06-30,37.32
2010-07-01,37.59
2010-07-02,37.75
2010-07-06,38.45
2010-07-07,39.3
2010-07-08,39.49
2010-07-09,39.97
2010-07-12,39.65
2010-07-13,40.11
2010-07-14,40.03
2010-07-15,39.84
2010-07-16,38.65
2010-07-19,39.16
2010-07-20,40.08
2010-07-21,39.67
2010-07-22,40.87
2010-07-23,41.15
2010-07-26,41.43
2010-07-27,41.36
2010-07-28,41.13
2010-07-29,41.2
2010-07-30,41.4
2010-08-02,42.47
2010-08-03,42.27
2010-08-04,42.33
2010-08-05,42.14
2010-08-06,42.08
2010-08-09,42.3
2010-08-10,41.72
2010-08-11,40.39
2010-08-12,40.46
2010-08-13,40.68
2010-08-16,41.06
2010-08-17,41.49
2010-08-18,41.46
2010-08-19,41.14
2010-08-20,41.02
2010-08-23,40.65
2010-08-24,40.13
2010-08-25,39.87
2010-08-26,39.62
2010-08-27,40.49
2010-08-30,39.82
2010-08-31,40.06
2010-09-01,41.47
2010-09-02,41.54
2010-09-03,42.03
2010-09-07,41.42
2010-09-08,41.87
2010-09-09,42.11
2010-09-10,42.26
2010-09-13,43.27
2010-09-14,43.25
2010-09-15,43.31
2010-09-16,43.09
2010-09-17,43.02
2010-09-20,43.7
2010-09-21,43.57
2010-09-22,43.6
2010-09-23,43.32
2010-09-24,44.12
2010-09-27,44.04
2010-09-28,44.36
2010-09-29,44.51
2010-09-30,44.77
2010-10-01,45.43
2010-10-04,45.29
2010-10-05,46.11
2010-10-06,46.09
2010-10-07,45.68
2010-10-08,46.23
2010-10-11,46.2
2010-10-12,46.01
2010-10-13,46.86
2010-10-14,46.78
2010-10-15,46.72
2010-10-18,46.74
2010-10-19,45.26
2010-10-20,45.98
2010-10-21,45.98
2010-10-22,46.03
2010-10-25,46.53
2010-10-26,46.49
2010-10-27,45.7
2010-10-28,45.99
2010-10-29,46.12
2010-11-01,46.63
2010-11-02,47.21
2010-11-03,47.5
2010-11-04,48.58
2010-11-05,48.49
2010-11-08,48.29
2010-11-09,47.68
2010-11-10,48.03
2010-11-11,47.56
2010-11-12,46.41
2010-11-15,46.39
2010-11-16,45.17
2010-11-17,45.4
2010-11-18,46.48
2010-11-19,46.51
2010-11-22,46.37
2010-11-23,44.9
2010-11-24,45.94
2010-11-26,44.8
2010-11-29,45.15
2010-11-30,44.78
2010-12-01,46.06
2010-12-02,46.97
2010-12-03,47.14
2010-12-06,47.06
2010-12-07,46.84
2010-12-08,46.54
2010-12-09,46.38
2010-12-10,46.59
2010-12-13,46.89
2010-12-14,46.96
2010-12-15,46.2
2010-12-16,46.33
2010-12-17,46.4
2010-12-20,46.19
2010-12-21,46.5
2010-12-22,46.66
2010-12-23,46.61
2010-12-27,46.46
2010-12-28,46.5
2010-12-29,47.07
2010-12-30,47.31
2010-12-31,47.64
2011-01-03,48.1
2011-01-04,48.32
2011-01-05,48.2
2011-01-06,47.69
2011-01-07,47.25
2011-01-10,46.76
2011-01-11,47.26
2011-01-12,48.21
2011-01-13,47.79
2011-01-14,47.93
2011-01-18,47.86
2011-01-19,47.49
2011-01-20,46.97
2011-01-21,46.48
2011-01-24,46.84
2011-01-25,46.56
2011-01-26,46.97
2011-01-27,46.81
2011-01-28,45.33
2011-01-31,45.81
2011-02-01,46.92
2011-02-02,46.57
2011-02-03,46.51
2011-02-04,46.5
2011-02-07,46.56
2011-02-08,46.58
2011-02-09,45.51
2011-02-10,45.08
2011-02-11,45.63
2011-02-14,45.4
2011-02-15,45.49
2011-02-16,45.87
2011-02-17,46.03
2011-02-18,46.31
2011-02-22,44.83
2011-02-23,44.87
2011-02-24,44.98
2011-02-25,45.52
2011-02-28,45.79
2011-03-01,45.32
2011-03-02,45.94
2011-03-03,46.85
2011-03-04,46.9
2011-03-07,46.24
2011-03-08,46.86
2011-03-09,46.95
2011-03-10,45.56
2011-03-11,46.03
2011-03-14,46.3
2011-03-15,45.53
2011-03-16,44.6
2011-03-17,45.15
2011-03-18,45.23
2011-03-21,46.1
2011-03-22,46.24
2011-03-23,46.85
2011-03-24,47.39
2011-03-25,47.34
2011-03-28,47.1
2011-03-29,47.64
2011-03-30,48.25
2011-03-31,48.67
2011-04-01,49.45
2011-04-04,49.87
2011-04-05,49.77
2011-04-06,50.04
2011-04-07,49.99
2011-04-08,50.04
2011-04-11,49.45
2011-04-12,48.52
2011-04-13,48.92
2011-04-14,49.07
2011-04-15,49.13
2011-04-18,47.9
2011-04-19,48.59
2011-04-20,49.74
2011-04-21,50.18
2011-04-25,49.77
2011-04-26,50.2
2011-04-27,50.11
2011-04-28,49.7
2011-04-29,50.0
2011-05-02,50.01
2011-05-03,48.9
2011-05-04,48.09
2011-05-05,47.63
2011-05-06,48.25
2011-05-09,48.34
2011-05-10,48.91
2011-05-11,47.83
2011-05-12,47.97
2011-05-13,46.92
2011-05-16,46.85
2011-05-17,47.0
2011-05-18,47.76
2011-05-19,47.45
2011-05-20,47.07
2011-05-23,46.09
2011-05-24,46.55
2011-05-25,46.65
2011-05-26,47.25
2011-05-27,47.75
2011-05-31,48.53
2011-06-01,47.66
2011-06-02,48.11
2011-06-03,47.87
2011-06-06,47.1
2011-06-07,47.47
2011-06-08,47.13
2011-06-09,47.5
2011-06-10,46.47
2011-06-13,46.39
2011-06-14,47.09
2011-06-15,46.08
2011-06-16,45.73
2011-06-17,45.79
2011-06-20,45.72
2011-06-21,46.56
2011-06-22,45.64
2011-06-23,45.58
2011-06-24,45.5
2011-06-27,46.03
2011-06-28,46.66
2011-06-29,47.09
2011-06-30,47.6
2011-07-01,48.16
2011-07-05,48.14
2011-07-06,47.82
2011-07-07,48.48
2011-07-08,47.93
2011-07-11,46.59
2011-07-12,46.12
2011-07-13,46.87
2011-07-14,46.37
2011-07-15,46.66
2011-07-18,46.12
2011-07-19,46.79
2011-07-20,46.93
2011-07-21,47.68
2011-07-22,47.65
2011-07-25,47.55
2011-07-26,47.71
2011-07-27,46.87
2011-07-28,46.91
2011-07-29,47.11
2011-08-01,47.07
2011-08-02,45.62
2011-08-03,45.46
2011-08-04,42.86
2011-08-05,42.58
2011-08-08,39.03
2011-08-09,41.32
2011-08-10,39.13
2011-08-11,41.29
2011-08-12,41.27
2011-08-15,42.23
2011-08-16,41.87
2011-08-17,42.17
2011-08-18,40.18
2011-08-19,39.68
2011-08-22,39.64
2011-08-23,41.03
2011-08-24,40.63
2011-08-25,39.84
2011-08-26,40.52
2011-08-29,41.83
2011-08-30,41.89
2011-08-31,42.75
2011-09-01,42.52
2011-09-02,41.56
2011-09-06,41.13
2011-09-07,42.35
2011-09-08,41.41
2011-09-09,40.01
2011-09-12,39.93
2011-09-13,39.99
2011-09-14,39.88
2011-09-15,40.46
2011-09-16,40.53
2011-09-19,39.33
2011-09-20,39.04
2011-09-21,37.59
2011-09-22,34.95
2011-09-23,35.88
2011-09-26,36.42
2011-09-27,37.58
2011-09-28,36.45
2011-09-29,36.95
2011-09-30,35.1
2011-10-03,34.36
2011-10-04,34.89
2011-10-05,35.7
2011-10-06,36.88
2011-10-07,36.44
2011-10-10,38.07
2011-10-11,38.09
2011-10-12,39.16
2011-10-13,38.81
2011-10-14,39.59
2011-10-17,38.25
2011-10-18,39.27
2011-10-19,38.52
2011-10-20,37.78
2011-10-21,38.86
2011-10-24,40.38
2011-10-25,39.58
2011-10-26,40.31
2011-10-27,42.76
2011-10-28,42.4
2011-10-31,40.81
2011-11-01,39.82
2011-11-02,41.04
2011-11-03,41.46
2011-11-04,41.19
2011-11-07,41.54
2011-11-08,42.03
2011-11-09,39.57
2011-11-10,39.83
2011-11-11,40.79
2011-11-14,40.23
2011-11-15,40.48
2011-11-16,39.39
2011-11-17,38.39
2011-11-18,38.54
2011-11-21,37.3
2011-11-22,37.43
2011-11-23,36.22
2011-11-25,36.1
2011-11-28,37.83
2011-11-29,37.66
2011-11-30,40.01
2011-12-01,39.89
2011-12-02,39.77
2011-12-05,40.42
2011-12-06,39.87
2011-12-07,40.03
2011-12-08,38.59
2011-12-09,39.37
2011-12-12,37.89
2011-12-13,37.54
2011-12-14,37.0
2011-12-15,37.24
2011-12-16,37.52
2011-12-19,36.55
2011-12-20,37.72
2011-12-21,37.84
2011-12-22,38.34
2011-12-23,38.49
2011-12-27,38.12
2011-12-28,37.48
2011-12-29,37.91
2011-12-30,37.94
2012-01-03,39.1
2012-01-04,38.88
2012-01-05,38.71
2012-01-06,38.22
2012-01-09,38.62
2012-01-10,39.46
2012-01-11,39.49
2012-01-12,39.65
2012-01-13,39.29
2012-01-17,40.04
2012-01-18,41.05
2012-01-19,41.41
2012-01-20,41.38
2012-01-23,41.78
2012-01-24,41.84
2012-01-25,42.31
2012-01-26,42.14
2012-01-27,42.36
2012-01-30,41.75
2012-01-31,42.11
2012-02-01,43.04
2012-02-02,43.16
2012-02-03,43.88
2012-02-06,43.51
2012-02-07,43.6
2012-02-08,43.91
2012-02-09,43.89
2012-02-10,42.92
2012-02-13,43.62
2012-02-14,43.26
2012-02-15,43.38
2012-02-16,43.85
2012-02-17,43.93
2012-02-21,43.75
2012-02-22,43.83
2012-02-23,43.75
2012-02-24,44.19
2012-02-27,43.75
2012-02-28,44.36
2012-02-29,44.33
2012-03-01,44.75
2012-03-02,44.64
2012-03-05,43.87
2012-03-06,42.4
2012-03-07,42.91
2012-03-08,43.81
2012-03-09,43.79
2012-03-12,43.31
2012-03-13,44.49
2012-03-14,43.79
2012-03-15,44.14
2012-03-16,44.09
2012-03-19,43.92
2012-03-20,43.16
2012-03-21,43.24
2012-03-22,42.58
2012-03-23,42.9
2012-03-26,43.65
2012-03-27,43.42
2012-03-28,42.69
2012-03-29,42.64
2012-03-30,42.95
2012-04-02,43.54
2012-04-03,43.29
2012-04-04,42.51
2012-04-05,42.74
2012-04-09,42.11
2012-04-10,41.29
2012-04-11,41.74
2012-04-12,42.81
2012-04-13,42.16
2012-04-16,41.95
2012-04-17,42.43
2012-04-18,42.23
2012-04-19,42.04
2012-04-20,42.33
2012-04-23,41.52
2012-04-24,41.61
2012-04-25,41.99
2012-04-26,42.25
2012-04-27,42.31
2012-04-30,42.22
2012-05-01,42.5
2012-05-02,42.42
2012-05-03,42.1
2012-05-04,41.36
2012-05-07,41.51
2012-05-08,40.85
2012-05-09,40.32
2012-05-10,40.49
2012-05-11,39.97
2012-05-14,39.06
2012-05-15,38.72
2012-05-16,38.17
2012-05-17,37.65
2012-05-18,37.29
2012-05-21,38.18
2012-05-22,37.78
2012-05-23,37.52
2012-05-24,37.33
2012-05-25,37.15
2012-05-29,38.2
2012-05-30,37.54
2012-05-31,37.7
2012-06-01,36.69
2012-06-04,36.85
2012-06-05,36.95
2012-06-06,38.03
2012-06-07,38.26
2012-06-08,37.93
2012-06-11,37.38
2012-06-12,38.16
2012-06-13,38.02
2012-06-14,38.29
2012-06-15,38.99
2012-06-18,39.07
2012-06-19,39.7
2012-06-20,39.57
2012-06-21,37.67
2012-06-22,37.79
2012-06-25,37.09
2012-06-26,37.41
2012-06-27,37.65
2012-06-28,37.47
2012-06-29,39.13
2012-07-02,39.13
2012-07-03,39.91
2012-07-05,39.49
2012-07-06,38.77
2012-07-09,38.63
2012-07-10,38.2
2012-07-11,38.4
2012-07-12,37.76
2012-07-13,38.49
2012-07-16,38.4
2012-07-17,38.91
2012-07-18,38.81
2012-07-19,39.17
2012-07-20,38.59
2012-07-23,37.58
2012-07-24,37.42
2012-07-25,37.6
2012-07-26,38.45
2012-07-27,39.53
2012-07-30,39.3
2012-07-31,39.12
2012-08-01,39.19
2012-08-02,38.73
2012-08-03,39.93
2012-08-06,40.18
2012-08-07,40.29
2012-08-08,40.37
2012-08-09,40.54
2012-08-10,40.73
2012-08-13,40.37
2012-08-14,40.36
2012-08-15,40.3
2012-08-16,40.67
2012-08-17,40.47
2012-08-20,40.45
2012-08-21,40.39
2012-08-22,40.41
2012-08-23,40.04
2012-08-24,40.05
2012-08-27,39.64
2012-08-28,39.56
2012-08-29,39.37
2012-08-30,38.91
2012-08-31,39.28
2012-09-04,39.06
2012-09-05,38.86
2012-09-06,39.72
2012-09-07,40.64
2012-09-10,40.12
2012-09-11,40.6
2012-09-12,40.78
2012-09-13,41.88
2012-09-14,42.37
2012-09-17,41.91
2012-09-18,41.93
2012-09-19,41.93
2012-09-20,41.68
2012-09-21,41.78
2012-09-24,41.74
2012-09-25,41.12
2012-09-26,40.93
2012-09-27,41.58
2012-09-28,41.33
2012-10-01,41.74
2012-10-02,41.8
2012-10-03,41.52
2012-10-04,41.95
2012-10-05,41.95
2012-10-08,41.58
2012-10-09,41.27
2012-10-10,41.02
2012-10-11,41.4
2012-10-12,41.27
2012-10-15,41.51
2012-10-16,41.94
2012-10-17,42.27
2012-10-18,42.15
2012-10-19,41.5
2012-10-22,41.9
2012-10-23,41.04
2012-10-24,41.08
2012-10-25,41.53
2012-10-26,41.21
2012-10-31,41.15
2012-11-01,41.82
2012-11-02,41.6
2012-11-05,41.8
2012-11-06,42.13
2012-11-07,41.44
2012-11-08,40.92
2012-11-09,41.0
2012-11-12,41.15
2012-11-13,40.78
2012-11-14,40.15
2012-11-15,40.29
2012-11-16,40.41
2012-11-19,41.12
2012-11-20,41.04
2012-11-21,40.96
2012-11-23,41.63
2012-11-26,41.63
2012-11-27,41.28
2012-11-28,41.51
2012-11-29,41.81
2012-11-30,41.79
2012-12-03,41.77
2012-12-04,41.89
2012-12-05,42.34
2012-12-06,42.66
2012-12-07,42.79
2012-12-10,43.03
2012-12-11,43.25
2012-12-12,43.38
2012-12-13,43.19
2012-12-14,43.38
2012-12-17,43.49
2012-12-18,43.53
2012-12-19,43.51
2012-12-20,43.77
2012-12-21,43.27
2012-12-24,43.18
2012-12-26,43.31
2012-12-27,43.54
2012-12-28,43.7
2012-12-31,44.35
2013-01-02,45.22
2013-01-03,44.9
2013-01-04,44.99
2013-01-07,44.65
2013-01-08,44.25
2013-01-09,44.44
2013-01-10,44.83
2013-01-11,44.47
2013-01-14,44.66
2013-01-15,44.47
2013-01-16,44.43
2013-01-17,44.68
2013-01-18,44.78
2013-01-22,44.71
2013-01-23,44.47
2013-01-24,44.31
2013-01-25,44.16
2013-01-28,43.85
2013-01-29,44.34
2013-01-30,44.13
2013-01-31,44.22
2013-02-01,44.51
2013-02-04,43.92
2013-02-05,43.97
2013-02-06,43.92
2013-02-07,43.53
2013-02-08,43.85
2013-02-11,43.83
2013-02-12,43.95
2013-02-13,44.17
2013-02-14,44.15
2013-02-15,43.99
2013-02-19,44.08
2013-02-20,43.69
2013-02-21,43.09
2013-02-22,43.28
2013-02-25,42.7
2013-02-26,42.94
2013-02-27,43.41
2013-02-28,43.21
2013-03-01,43.31
2013-03-04,42.9
2013-03-05,43.42
2013-03-06,43.63
2013-03-07,43.75
2013-03-08,44.13
2013-03-11,43.89
2013-03-12,43.39
2013-03-13,42.98
2013-03-14,43.16
2013-03-15,42.77
2013-03-18,42.29
2013-03-19,41.99
2013-03-20,42.23
2013-03-21,41.8
2013-03-22,41.96
2013-03-25,41.92
2013-03-26,42.52
2013-03-27,42.68
2013-03-28,42.77
2013-04-01,42.31
2013-04-02,42.33
2013-04-03,41.83
2013-04-04,41.71
2013-04-05,41.61
2013-04-08,41.68
2013-04-09,42.09
2013-04-10,42.49
2013-04-11,42.53
2013-04-12,41.88
2013-04-15,40.86
2013-04-16,41.7
2013-04-17,41.04
2013-04-18,41.04
2013-04-19,41.64
2013-04-22,41.84
2013-04-23,42.04
2013-04-24,42.29
2013-04-25,42.67
2013-04-26,42.24
2013-04-29,42.68
2013-04-30,43.29
2013-05-01,42.82
2013-05-02,43.16
2013-05-03,43.52
2013-05-06,43.58
2013-05-07,43.89
2013-05-08,44.23
2013-05-09,43.91
2013-05-10,43.57
2013-05-13,43.17
2013-05-14,43.37
2013-05-15,43.38
2013-05-16,43.23
2013-05-17,43.42
2013-05-20,43.53
2013-05-21,43.44
2013-05-22,42.96
2013-05-23,42.64
2013-05-24,42.27
2013-05-28,42.5
2013-05-29,41.96
2013-05-30,41.96
2013-05-31,41.2
2013-06-03,41.81
2013-06-04,41.3
2013-06-05,40.56
2013-06-06,40.9
2013-06-07,40.69
2013-06-10,40.14
2013-06-11,39.38
2013-06-12,39.11
2013-06-13,39.94
2013-06-14,39.31
2013-06-17,39.67
2013-06-18,39.84
2013-06-19,38.61
2013-06-20,36.88
2013-06-21,37.41
2013-06-24,36.65
2013-06-25,37.43
2013-06-26,38.02
2013-06-27,38.28
2013-06-28,38.5
2013-07-01,38.62
2013-07-02,37.93
2013-07-03,37.58
2013-07-05,37.34
2013-07-08,37.39
2013-07-09,37.88
2013-07-10,37.52
2013-07-11,39.36
2013-07-12,38.94
2013-07-15,39.34
2013-07-16,39.5
2013-07-17,39.86
2013-07-18,39.39
2013-07-19,39.28
2013-07-22,39.67
2013-07-23,40.1
2013-07-24,39.69
2013-07-25,39.92
2013-07-26,39.83
2013-07-29,39.33
2013-07-30,39.24
2013-07-31,39.01
2013-08-01,39.72
2013-08-02,39.71
2013-08-05,39.46
2013-08-06,38.96
2013-08-07,38.54
2013-08-08,39.28
2013-08-09,39.36
2013-08-12,39.73
2013-08-13,39.97
2013-08-14,40.1
2013-08-15,39.64
2013-08-16,39.3
2013-08-19,38.56
2013-08-20,38.49
2013-08-21,37.59
2013-08-22,38.2
2013-08-23,38.65
2013-08-26,38.23
2013-08-27,37.35
2013-08-28,37.43
2013-08-29,37.73
2013-08-30,38.02
2013-09-03,38.26
2013-09-04,38.94
2013-09-05,39.4
2013-09-06,39.98
2013-09-09,41.03
2013-09-10,41.34
2013-09-11,41.37
2013-09-12,40.89
2013-09-13,41.16
2013-09-16,41.62
2013-09-17,41.53
2013-09-18,43.27
2013-09-19,43.04
2013-09-20,42.08
2013-09-23,42.23
2013-09-24,41.87
2013-09-25,41.55
2013-09-26,41.72
2013-09-27,41.23
2013-09-30,40.76
2013-10-01,41.57
2013-10-02,41.73
2013-10-03,41.57
2013-10-04,42.11
2013-10-07,41.75
2013-10-08,41.35
2013-10-09,41.66
2013-10-10,42.64
2013-10-11,42.83
2013-10-14,43.08
2013-10-15,42.66
2013-10-16,43.0
2013-10-17,43.27
2013-10-18,43.31
2013-10-21,43.24
2013-10-22,43.66
2013-10-23,42.64
2013-10-24,42.55
2013-10-25,42.75
2013-10-28,43.0
2013-10-29,43.14
2013-10-30,42.9
2013-10-31,42.46
2013-11-01,42.48
2013-11-04,42.74
2013-11-05,41.88
2013-11-06,42.01
2013-11-07,41.25
2013-11-08,41.16
2013-11-11,40.95
2013-11-12,40.73
2013-11-13,40.8
2013-11-14,41.46
2013-11-15,42.25
2013-11-18,42.63
2013-11-19,42.37
2013-11-20,41.79
2013-11-21,41.75
2013-11-22,42.05
2013-11-25,41.51
2013-11-26,41.65
2013-11-27,41.92
2013-11-29,42.35
2013-12-02,41.46
2013-12-03,41.32
2013-12-04,41.27
2013-12-05,41.03
2013-12-06,41.94
2013-12-09,42.0
2013-12-10,42.02
2013-12-11,41.09
2013-12-12,40.85
2013-12-13,40.95
2013-12-16,41.22
2013-12-17,40.86
2013-12-18,41.3
2013-12-19,40.54
2013-12-20,40.48
2013-12-23,40.78
2013-12-24,41.02
2013-12-26,40.67
2013-12-27,41.3
2013-12-30,41.48
2013-12-31,41.8
2014-01-02,40.19
2014-01-03,40.12
2014-01-06,39.74
2014-01-07,39.91
2014-01-08,39.78
2014-01-09,39.57
2014-01-10,40.27
2014-01-13,39.79
2014-01-14,40.22
2014-01-15,40.21
2014-01-16,39.99
2014-01-17,39.79
2014-01-21,39.73
2014-01-22,40.26
2014-01-23,39.27
2014-01-24,38.24
2014-01-27,38.09
2014-01-28,38.33
2014-01-29,37.78
2014-01-30,38.13
2014-01-31,38.19
2014-02-03,37.11
2014-02-04,37.86
2014-02-05,37.72
2014-02-06,38.51
2014-02-07,38.73
2014-02-10,38.3
2014-02-11,39.13
2014-02-12,39.14
2014-02-13,39.18
2014-02-14,39.66
2014-02-18,39.29
2014-02-19,39.02
2014-02-20,39.16
2014-02-21,39.43
2014-02-24,39.43
2014-02-25,38.98
2014-02-26,39.01
2014-02-27,39.75
2014-02-28,39.48
2014-03-03,38.78
2014-03-04,39.44
2014-03-05,39.47
2014-03-06,40.03
2014-03-07,39.52
2014-03-10,39.25
2014-03-11,38.81
2014-03-12,38.89
2014-03-13,38.19
2014-03-14,38.4
2014-03-17,38.87
2014-03-18,39.41
2014-03-19,38.57
2014-03-20,38.74
2014-03-21,38.98
2014-03-24,39.36
2014-03-25,39.81
2014-03-26,39.9
2014-03-27,40.42
2014-03-28,40.74
2014-03-31,41.01
2014-04-01,41.49
2014-04-02,41.57
2014-04-03,41.41
2014-04-04,41.3
2014-04-07,41.48
2014-04-08,41.96
2014-04-09,42.28
2014-04-10,41.83
2014-04-11,41.83
2014-04-14,41.74
2014-04-15,41.11
2014-04-16,41.63
2014-04-17,42.01
2014-04-21,41.75
2014-04-22,41.64
2014-04-23,41.34
2014-04-24,41.38
2014-04-25,40.82
2014-04-28,41.02
2014-04-29,41.41
2014-04-30,41.33
2014-05-01,41.38
2014-05-02,41.61
2014-05-05,41.38
2014-05-06,41.57
2014-05-07,41.79
2014-05-08,41.69
2014-05-09,41.62
2014-05-12,42.32
2014-05-13,42.48
2014-05-14,42.78
2014-05-15,42.38
2014-05-16,42.94
2014-05-19,42.94
2014-05-20,42.59
2014-05-21,42.92
2014-05-22,43.22
2014-05-23,43.14
2014-05-27,42.77
2014-05-28,43.02
2014-05-29,43.14
2014-05-30,42.55
2014-06-02,42.68
2014-06-03,42.92
2014-06-04,42.68
2014-06-05,43.13
2014-06-06,43.56
2014-06-09,43.72
2014-06-10,43.95
2014-06-11,43.8
2014-06-12,43.59
2014-06-13,43.61
2014-06-16,43.41
2014-06-17,43.42
2014-06-18,43.9
2014-06-19,43.65
2014-06-20,43.56
2014-06-23,43.47
2014-06-24,43.45
2014-06-25,43.2
2014-06-26,43.25
2014-06-27,43.35
2014-06-30,43.23
2014-07-01,43.64
2014-07-02,43.9
2014-07-03,44.16
2014-07-07,44.13
2014-07-08,43.93
2014-07-09,44.18
2014-07-10,43.94
2014-07-11,43.89
2014-07-14,44.23
2014-07-15,44.2
2014-07-16,44.31
2014-07-17,43.48
2014-07-18,44.16
2014-07-21,44.31
2014-07-22,44.72
2014-07-23,44.76
2014-07-24,44.96
2014-07-25,44.78
2014-07-28,45.09
2014-07-29,44.82
2014-07-30,44.6
2014-07-31,43.82
2014-08-01,44.06
2014-08-04,44.47
2014-08-05,43.79
2014-08-06,43.49
2014-08-07,43.32
2014-08-08,43.71
2014-08-11,44.27
2014-08-12,44.32
2014-08-13,44.56
2014-08-14,44.63
2014-08-15,44.51
2014-08-18,44.94
2014-08-19,45.15
2014-08-20,45.06
2014-08-21,44.87
2014-08-22,44.75
2014-08-25,45.08
2014-08-26,45.35
2014-08-27,45.58
2014-08-28,45.13
2014-08-29,45.06
2014-09-02,44.99
2014-09-03,45.58
2014-09-04,45.46
2014-09-05,45.85
2014-09-08,45.31
2014-09-09,44.75
2014-09-10,44.56
2014-09-11,44.26
2014-09-12,43.79
2014-09-15,43.57
2014-09-16,44.14
2014-09-17,43.73
2014-09-18,43.79
2014-09-19,43.46
2014-09-22,42.8
2014-09-23,42.56
2014-09-24,43.17
2014-09-25,42.23
2014-09-26,42.42
2014-09-29,41.56
2014-09-30,41.56
2014-10-01,40.71
2014-10-02,40.93
2014-10-03,41.28
2014-10-06,41.82
2014-10-07,41.45
2014-10-08,42.07
2014-10-09,41.41
2014-10-10,40.51
2014-10-13,40.92
2014-10-14,41.16
2014-10-15,40.64
2014-10-16,40.27
2014-10-17,40.72
2014-10-20,40.84
2014-10-21,41.01
2014-10-22,40.74
2014-10-23,40.73
2014-10-24,41.02
2014-10-27,40.7
2014-10-28,41.52
2014-10-29,41.58
2014-10-30,41.97
2014-10-31,42.15
2014-11-03,41.8
2014-11-04,41.84
2014-11-05,41.47
2014-11-06,40.96
2014-11-07,41.22
2014-11-10,41.33
2014-11-11,41.29
2014-11-12,41.21
2014-11-13,41.1
2014-11-14,41.44
2014-11-17,41.0
2014-11-18,41.22
2014-11-19,41.2
2014-11-20,41.13
2014-11-21,42.44
2014-11-24,42.09
2014-11-25,41.82
2014-11-26,42.35
2014-11-28,41.5
2014-12-01,40.79
2014-12-02,40.78
2014-12-03,40.89
2014-12-04,40.96
2014-12-05,40.88
2014-12-08,40.28
2014-12-09,39.9
2014-12-10,39.31
2014-12-11,38.98
2014-12-12,38.34
2014-12-15,37.79
2014-12-16,37.73
2014-12-17,38.05
2014-12-18,38.57
2014-12-19,38.84
2014-12-22,39.38
2014-12-23,39.02
2014-12-24,39.11
2014-12-26,39.42
2014-12-29,39.18
2014-12-30,39.26
2014-12-31,39.29
2015-01-02,38.77
2015-01-05,38.08
2015-01-06,37.92
2015-01-07,38.74
2015-01-08,39.4
2015-01-09,39.27
2015-01-12,38.95
2015-01-13,39.29
2015-01-14,39.07
2015-01-15,39.16
2015-01-16,39.49
2015-01-20,39.43
2015-01-21,40.3
2015-01-22,41.07
2015-01-23,40.76
2015-01-26,40.78
2015-01-27,40.56
2015-01-28,40.12
2015-01-29,40.12
2015-01-30,39.02
2015-02-02,39.72
2015-02-03,40.47
2015-02-04,40.27
2015-02-05,40.51
2015-02-06,39.82
2015-02-09,39.76
2015-02-10,39.66
2015-02-11,39.37
2015-02-12,40.21
2015-02-13,40.67
2015-02-17,40.58
2015-02-18,40.57
2015-02-19,40.4
2015-02-20,40.67
2015-02-23,40.26
2015-02-24,40.84
2015-02-25,40.76
2015-02-26,40.77
2015-02-27,40.74
2015-03-02,40.68
2015-03-03,40.37
2015-03-04,39.93
2015-03-05,39.87
2015-03-06,39.26
2015-03-09,39.11
2015-03-10,38.24
2015-03-11,38.53
2015-03-12,38.77
2015-03-13,38.3
2015-03-16,38.76
2015-03-17,39.21
2015-03-18,40.17
2015-03-19,39.49
2015-03-20,40.08
2015-03-23,40.2
2015-03-24,40.36
2015-03-25,39.72
2015-03-26,39.35
2015-03-27,39.46
2015-03-30,40.22
2015-03-31,40.13
2015-04-01,40.63
2015-04-02,41.24
2015-04-06,41.77
2015-04-07,41.56
2015-04-08,42.43
2015-04-09,42.85
2015-04-10,42.88
2015-04-13,42.63
2015-04-14,42.82
2015-04-15,43.12
2015-04-16,43.46
2015-04-17,42.7
2015-04-20,42.66
2015-04-21,42.91
2015-04-22,43.37
2015-04-23,43.69
2015-04-24,43.85
2015-04-27,44.02
2015-04-28,44.09
2015-04-29,43.54
2015-04-30,42.88
2015-05-01,43.14
2015-05-04,43.39
2015-05-05,42.92
2015-05-06,42.39
2015-05-07,42.33
2015-05-08,42.87
2015-05-11,42.46
2015-05-12,42.32
2015-05-13,42.4
2015-05-14,42.82
2015-05-15,43.15
2015-05-18,42.71
2015-05-19,42.78
2015-05-20,42.75
2015-05-21,42.6
2015-05-22,42.74
2015-05-26,42.06
2015-05-27,42.07
2015-05-28,41.52
2015-05-29,41.12
2015-06-01,40.96
2015-06-02,41.12
2015-06-03,40.91
2015-06-04,40.29
2015-06-05,40.11
2015-06-08,40.1
2015-06-09,39.86
2015-06-10,40.44
2015-06-11,40.24
2015-06-12,40.24
2015-06-15,39.79
2015-06-16,39.8
2015-06-17,40.04
2015-06-18,40.41
2015-06-19,40.06
2015-06-22,40.64
2015-06-23,41.04
2015-06-24,40.75
2015-06-25,40.31
2015-06-26,39.93
2015-06-29,39.04
2015-06-30,39.62
2015-07-01,39.59
2015-07-02,39.78
2015-07-06,38.67
2015-07-07,38.09
2015-07-08,36.78
2015-07-09,37.49
2015-07-10,38.44
2015-07-13,38.7
2015-07-14,38.77
2015-07-15,38.33
2015-07-16,38.81
2015-07-17,38.76
2015-07-20,38.51
2015-07-21,38.52
2015-07-22,37.97
2015-07-23,37.6
2015-07-24,37.06
2015-07-27,36.36
2015-07-28,36.73
2015-07-29,37.09
2015-07-30,36.72
2015-07-31,37.12
2015-08-03,36.5
2015-08-04,36.63
2015-08-05,36.64
2015-08-06,36.32
2015-08-07,36.3
2015-08-10,36.91
2015-08-11,36.1
2015-08-12,35.54
2015-08-13,35.48
2015-08-14,35.53
2015-08-17,35.14
2015-08-18,34.76
2015-08-19,34.33
2015-08-20,33.79
2015-08-21,32.75
2015-08-24,31.32
2015-08-25,31.72
2015-08-26,32.77
2015-08-27,34.22
2015-08-28,33.78
2015-08-31,33.84
2015-09-01,32.53
2015-09-02,33.0
2015-09-03,33.13
2015-09-04,32.14
2015-09-08,33.16
2015-09-09,32.99
2015-09-10,33.33
2015-09-11,33.46
2015-09-14,33.41
2015-09-15,33.73
2015-09-16,34.55
2015-09-17,34.47
2015-09-18,33.83
2015-09-21,33.77
2015-09-22,33.14
2015-09-23,32.61
2015-09-24,32.47
2015-09-25,32.4
2015-09-28,31.71
2015-09-29,31.86
2015-09-30,32.78
2015-10-01,32.96
2015-10-02,33.84
2015-10-05,34.57
2015-10-06,34.51
2015-10-07,35.43
2015-10-08,35.81
2015-10-09,35.94
2015-10-12,35.67
2015-10-13,35.09
2015-10-14,35.36
2015-10-15,36.22
2015-10-16,36.25
2015-10-19,35.88
2015-10-20,35.87
2015-10-21,35.35
2015-10-22,36.08
2015-10-23,36.29
2015-10-26,35.96
2015-10-27,35.55
2015-10-28,35.14
2015-10-29,34.81
2015-10-30,34.87
2015-11-02,35.56
2015-11-03,36.03
2015-11-04,35.74
2015-11-05,35.8
2015-11-06,35.3
2015-11-09,34.42
2015-11-10,34.27
2015-11-11,34.34
2015-11-12,34.01
2015-11-13,33.54
2015-11-16,34.19
2015-11-17,34.09
2015-11-18,34.46
2015-11-19,34.77
2015-11-20,35.12
2015-11-23,34.79
2015-11-24,34.97
2015-11-25,34.7
2015-11-27,33.94
2015-11-30,33.99
2015-12-01,34.25
2015-12-02,33.84
2015-12-03,33.65
2015-12-04,33.88
2015-12-07,33.32
2015-12-08,32.95
2015-12-09,32.68
2015-12-10,32.46
2015-12-11,31.55
2015-12-14,32.06
2015-12-15,32.55
2015-12-16,33.19
2015-12-17,32.76
2015-12-18,32.65
2015-12-21,32.4
2015-12-22,32.66
2015-12-23,33.12
2015-12-24,33.0
2015-12-28,32.77
2015-12-29,32.8
2015-12-30,32.29
2015-12-31,32.19
2016-01-04,31.31
2016-01-05,31.38
2016-01-06,30.78
2016-01-07,29.83
2016-01-08,29.51
2016-01-11,29.5
2016-01-12,29.56
2016-01-13,29.25
2016-01-14,29.63
2016-01-15,28.46
2016-01-19,28.88
2016-01-20,28.25
2016-01-21,28.36
2016-01-22,29.33
2016-01-25,28.83
2016-01-26,29.25
2016-01-27,29.15
2016-01-28,29.61
2016-01-29,30.57
2016-02-01,30.28
2016-02-02,29.3
2016-02-03,30.13
2016-02-04,30.36
2016-02-05,30.01
2016-02-08,29.6
2016-02-09,29.19
2016-02-10,29.31
2016-02-11,28.82
2016-02-12,29.32
2016-02-16,29.97
2016-02-17,30.56
2016-02-18,30.38
2016-02-19,30.24
2016-02-22,30.99
2016-02-23,30.33
2016-02-24,30.26
2016-02-25,30.36
2016-02-26,30.06
2016-02-29,30.32
2016-03-01,31.4
2016-03-02,31.82
2016-03-03,32.18
2016-03-04,32.82
2016-03-07,32.77
2016-03-08,32.21
2016-03-09,32.41
2016-03-10,32.46
2016-03-11,33.14
2016-03-14,32.94
2016-03-15,32.47
2016-03-16,33.12
2016-03-17,33.85
2016-03-18,34.03
2016-03-21,34.1
2016-03-22,34.02
2016-03-23,33.44
2016-03-24,33.36
2016-03-28,33.47
2016-03-29,33.93
2016-03-30,34.28
2016-03-31,34.25
2016-04-01,34.15
2016-04-04,33.74
2016-04-05,33.08
2016-04-06,33.48
2016-04-07,32.81
2016-04-08,33.38
2016-04-11,33.81
2016-04-12,34.33
2016-04-13,34.94
2016-04-14,34.77
2016-04-15,34.57
2016-04-18,34.73
2016-04-19,35.26
2016-04-20,35.1
2016-04-21,34.75
2016-04-22,34.54
2016-04-25,34.32
2016-04-26,34.69
2016-04-27,34.9
2016-04-28,34.54
2016-04-29,34.39
2016-05-02,34.3
2016-05-03,33.33
2016-05-04,32.79
2016-05-05,32.78
2016-05-06,32.83
2016-05-09,32.41
2016-05-10,33.03
2016-05-11,32.95
2016-05-12,32.86
2016-05-13,32.27
2016-05-16,32.66
2016-05-17,32.51
2016-05-18,32.19
2016-05-19,31.89
2016-05-20,32.21
2016-05-23,32.15
2016-05-24,32.48
2016-05-25,32.87
2016-05-26,33.09
2016-05-27,33.08
2016-05-31,33.12
2016-06-01,33.1
2016-06-02,33.37
2016-06-03,33.88
2016-06-06,34.24
2016-06-07,34.55
2016-06-08,34.8
2016-06-09,34.4
2016-06-10,33.53
2016-06-13,33.06
2016-06-14,32.95
2016-06-15,33.3
2016-06-16,33.18
2016-06-17,33.27
2016-06-20,33.86
2016-06-21,34.12
2016-06-22,33.94
2016-06-23,34.76
2016-06-24,32.65
2016-06-27,32.23
2016-06-28,33.18
2016-06-29,34.02
2016-06-30,34.36
2016-07-01,34.69
2016-07-05,33.95
2016-07-06,33.86
2016-07-07,33.77
2016-07-08,34.5
2016-07-11,34.83
2016-07-12,35.32
2016-07-13,35.26
2016-07-14,35.77
2016-07-15,35.69
2016-07-18,36.01
2016-07-19,35.64
2016-07-20,35.82
2016-07-21,35.71
2016-07-22,35.97
2016-07-25,35.61
2016-07-26,35.89
2016-07-27,36.01
2016-07-28,36.02
2016-07-29,36.21
2016-08-01,36.14
2016-08-02,35.88
2016-08-03,36.0
2016-08-04,36.2
2016-08-05,36.62
2016-08-08,36.88
2016-08-09,37.13
2016-08-10,37.14
2016-08-11,37.62
2016-08-12,37.48
2016-08-15,37.87
2016-08-16,37.7
2016-08-17,37.46
2016-08-18,37.81
2016-08-19,37.6
2016-08-22,37.1
2016-08-23,36.95
2016-08-24,37.05
2016-08-25,37.08
2016-08-26,36.76
2016-08-29,37.04
2016-08-30,36.94
2016-08-31,36.53
2016-09-01,36.81
2016-09-02,37.41
2016-09-06,38.21
2016-09-07,38.09
2016-09-08,37.99
2016-09-09,36.71
2016-09-12,36.96
2016-09-13,36.03
2016-09-14,36.14
2016-09-15,36.76
2016-09-16,36.51
2016-09-19,36.8
2016-09-20,36.82
2016-09-21,37.85
2016-09-22,38.12
2016-09-23,37.63
2016-09-26,37.08
2016-09-27,37.61
2016-09-28,37.95
2016-09-29,37.29
2016-09-30,37.45
2016-10-03,37.71
2016-10-04,37.29
2016-10-05,37.83
2016-10-06,37.86
2016-10-07,37.69
2016-10-10,38.1
2016-10-11,37.22
2016-10-12,37.15
2016-10-13,36.82
2016-10-14,36.88
2016-10-17,36.84
2016-10-18,37.49
2016-10-19,37.72
2016-10-20,37.61
2016-10-21,37.6
2016-10-24,37.76
2016-10-25,37.8
2016-10-26,37.4
2016-10-27,37.08
2016-10-28,36.93
2016-10-31,37.14
2016-11-01,36.84
2016-11-02,36.4
2016-11-03,36.3
2016-11-04,35.93
2016-11-07,37.23
2016-11-08,37.47
2016-11-09,36.25
2016-11-10,35.22
2016-11-11,34.55
2016-11-14,34.3
2016-11-15,34.99
2016-11-16,34.7
2016-11-17,34.75
2016-11-18,34.59
2016-11-21,34.93
2016-11-22,35.46
2016-11-23,35.08
2016-11-25,35.25
2016-11-28,35.39
2016-11-29,35.44
2016-11-30,35.5
2016-12-01,35.08
2016-12-02,35.12
2016-12-05,35.41
2016-12-06,35.6
2016-12-07,36.2
2016-12-08,36.36
2016-12-09,36.17
2016-12-12,35.93
2016-12-13,36.33
2016-12-14,35.25
2016-12-15,35.31
2016-12-16,35.15
2016-12-19,34.91
2016-12-20,35.03
2016-12-21,34.49
2016-12-22,34.08
2016-12-23,34.28
2016-12-27,34.43
2016-12-28,34.69
2016-12-29,35.26
2016-12-30,35.01
2017-01-03,35.43
2017-01-04,35.7
2017-01-05,36.09
2017-01-06,35.94
2017-01-09,35.91
2017-01-10,36.12
2017-01-11,36.55
2017-01-12,36.71
2017-01-13,36.68
2017-01-17,36.66
2017-01-18,36.46
2017-01-19,36.35
2017-01-20,36.42
2017-01-23,36.96
2017-01-24,37.19
2017-01-25,37.6
2017-01-26,37.44
2017-01-27,37.47
2017-01-30,37.27
2017-01-31,37.34
2017-02-01,37.36
2017-02-02,37.52
2017-02-03,37.75
2017-02-06,37.66
2017-02-07,37.47
2017-02-08,37.7
2017-02-09,37.87
2017-02-10,38.22
2017-02-13,38.34
2017-02-14,38.38
2017-02-15,38.69
2017-02-16,38.55
2017-02-17,38.39
2017-02-21,38.81
2017-02-22,38.93
2017-02-23,38.94
2017-02-24,38.48
2017-02-27,38.36
2017-02-28,37.99
2017-03-01,38.58
2017-03-02,37.9
2017-03-03,38.19
2017-03-06,38.21
2017-03-07,38.25
2017-03-08,37.89
2017-03-09,37.59
2017-03-10,38.01
2017-03-13,38.54
2017-03-14,38.32
2017-03-15,39.32
2017-03-16,39.56
2017-03-17,39.49
2017-03-20,39.95
2017-03-21,39.51
2017-03-22,39.7
2017-03-23,39.71
2017-03-24,39.81
2017-03-27,39.7
2017-03-28,39.81
2017-03-29,39.88
2017-03-30,39.67
2017-03-31,39.39
2017-04-03,39.61
2017-04-04,39.63
2017-04-05,39.51
2017-04-06,39.44
2017-04-07,39.37
2017-04-10,39.21
2017-04-11,39.12
2017-04-12,39.31
2017-04-13,39.14
2017-04-17,39.55
2017-04-18,39.05
2017-04-19,38.81
2017-04-20,39.29
2017-04-21,39.29
2017-04-24,39.85
2017-04-25,40.2
2017-04-26,40.05
2017-04-27,40.0
2017-04-28,40.06
2017-05-01,40.29
2017-05-02,40.58
2017-05-03,40.31
2017-05-04,39.86
2017-05-05,40.19
2017-05-08,40.18
2017-05-09,40.69
2017-05-10,40.96
2017-05-11,41.05
2017-05-12,41.22
2017-05-15,41.64
2017-05-16,41.68
2017-05-17,40.97
2017-05-18,40.29
2017-05-19,41.15
2017-05-22,41.19
2017-05-23,41.23
2017-05-24,41.39
2017-05-25,41.59
2017-05-26,41.74
2017-05-30,41.52
2017-05-31,41.2
2017-06-01,41.55
2017-06-02,41.76
2017-06-05,41.71
2017-06-06,41.73
2017-06-07,41.68
2017-06-08,41.93
2017-06-09,41.61
2017-06-12,41.39
2017-06-13,41.59
2017-06-14,41.58
2017-06-15,41.15
2017-06-16,41.22
2017-06-19,41.63
2017-06-20,40.98
2017-06-21,41.07
2017-06-22,41.28
2017-06-23,41.5
2017-06-26,41.9
2017-06-27,41.41
2017-06-28,41.73
2017-06-29,41.2
2017-06-30,41.39
2017-07-03,41.63
2017-07-05,41.55
2017-07-06,41.05
2017-07-07,41.13
2017-07-10,41.52
2017-07-11,41.86
2017-07-12,42.67
2017-07-13,42.88
2017-07-14,43.42
2017-07-17,43.22
2017-07-18,43.35
2017-07-19,43.71
2017-07-20,43.66
2017-07-21,43.63
2017-07-24,43.76
2017-07-25,43.65
2017-07-26,44.01
2017-07-27,43.77
2017-07-28,43.75
2017-07-31,43.8
2017-08-01,43.93
2017-08-02,43.97
2017-08-03,43.79
2017-08-04,43.95
2017-08-07,44.25
2017-08-08,44.26
2017-08-09,43.86
2017-08-10,42.82
2017-08-11,42.92
2017-08-14,43.36
2017-08-15,43.41
2017-08-16,43.86
2017-08-17,43.3
2017-08-18,43.67
2017-08-21,43.83
2017-08-22,44.32
2017-08-23,44.53
2017-08-24,44.67
2017-08-25,44.93
2017-08-28,44.77
2017-08-29,44.69
2017-08-30,44.76
2017-08-31,44.83
2017-09-01,45.16
2017-09-05,44.57
2017-09-06,44.86
2017-09-07,45.19
2017-09-08,44.89
2017-09-11,45.49
2017-09-12,45.44
2017-09-13,45.2
2017-09-14,45.32
2017-09-15,45.59
2017-09-18,45.75
2017-09-19,45.85
2017-09-20,45.64
2017-09-21,45.64
2017-09-22,45.38
2017-09-25,44.61
2017-09-26,44.49
2017-09-27,44.33
2017-09-28,44.3
2017-09-29,44.81
2017-10-02,44.82
2017-10-03,45.53
2017-10-04,45.52
2017-10-05,45.86
2017-10-06,45.63
2017-10-09,45.6
2017-10-10,46.05
2017-10-11,46.26
2017-10-12,46.24
2017-10-13,46.66
2017-10-16,46.63
2017-10-17,46.39
2017-10-18,46.5
2017-10-19,46.09
2017-10-20,46.26
2017-10-23,45.89
2017-10-24,45.89
2017-10-25,45.79
2017-10-26,45.48
2017-10-27,46.14
2017-10-30,45.85
2017-10-31,46.28
2017-11-01,46.52
2017-11-02,46.58
2017-11-03,46.34
2017-11-06,46.86
2017-11-07,46.56
2017-11-08,46.78
2017-11-09,46.49
2017-11-10,46.29
2017-11-13,46.19
2017-11-14,45.88
2017-11-15,45.64
2017-11-16,46.59
2017-11-17,46.82
2017-11-20,47.06
2017-11-21,47.69
2017-11-22,47.81
2017-11-24,47.71
2017-11-27,47.01
2017-11-28,47.36
2017-11-29,46.61
2017-11-30,46.1
2017-12-01,45.84
2017-12-04,45.93
2017-12-05,45.9
2017-12-06,45.28
2017-12-07,45.41
2017-12-08,45.94
2017-12-11,46.17
2017-12-12,45.86
2017-12-13,46.41
2017-12-14,46.07
2017-12-15,46.17
2017-12-18,46.69
2017-12-19,45.75
2017-12-20,45.81
2017-12-21,46.11
2017-12-22,46.5
2017-12-26,46.46
2017-12-27,46.58
2017-12-28,46.9
2017-12-29,47.12
2018-01-02,48.01
2018-01-03,48.47
2018-01-04,48.71
2018-01-05,49.13
2018-01-08,49.13
2018-01-09,49.05
2018-01-10,48.74
2018-01-11,49.04
2018-01-12,49.51
2018-01-16,49.32
2018-01-17,49.97
2018-01-18,50.03
2018-01-19,50.44
2018-01-22,50.73
2018-01-23,50.97
2018-01-24,51.4
2018-01-25,51.37
2018-01-26,52.08
2018-01-29,51.29
2018-01-30,50.59
2018-01-31,51.03
2018-02-01,50.34
2018-02-02,49.05
2018-02-05,47.33
2018-02-06,48.87
2018-02-07,47.33
2018-02-08,45.69
2018-02-09,46.42
2018-02-12,47.15
2018-02-13,47.51
2018-02-14,48.7
2018-02-15,49.7
2018-02-16,49.54
2018-02-20,48.86
2018-02-21,48.82
2018-02-22,48.85
2018-02-23,49.72
2018-02-26,50.18
2018-02-27,48.72
2018-02-28,48.02
2018-03-01,47.93
2018-03-02,48.13
2018-03-05,48.2
2018-03-06,48.65
2018-03-07,48.7
2018-03-08,48.71
2018-03-09,49.75
2018-03-12,49.87
2018-03-13,49.42
2018-03-14,49.5
2018-03-15,49.32
2018-03-16,49.21
2018-03-19,48.68
2018-03-20,49.22
2018-03-21,49.51
2018-03-22,47.86
2018-03-23,46.89
2018-03-26,48.41
2018-03-27,47.53
2018-03-28,47.29
2018-03-29,48.28
2018-04-02,47.41
2018-04-03,47.88
2018-04-04,47.9
2018-04-05,48.02
2018-04-06,47.08
2018-04-09,47.13
2018-04-10,48.05
2018-04-11,48.07
2018-04-12,48.05
2018-04-13,47.57
2018-04-16,47.63
2018-04-17,47.73
2018-04-18,48.14
2018-04-19,47.86
2018-04-20,47.26
2018-04-23,46.88
2018-04-24,46.66
2018-04-25,46.3
2018-04-26,46.97
2018-04-27,47.26
2018-04-30,46.92
2018-05-01,46.69
2018-05-02,46.32
2018-05-03,46.22
2018-05-04,46.43
2018-05-07,46.16
2018-05-08,46.42
2018-05-09,46.51
2018-05-10,47.48
2018-05-11,47.4
2018-05-14,47.46
2018-05-15,46.48
2018-05-16,47.18
2018-05-17,46.46
2018-05-18,46.07
2018-05-21,46.35
2018-05-22,46.51
2018-05-23,46.49
2018-05-24,46.24
2018-05-25,46.43
2018-05-29,45.35
2018-05-30,45.71
2018-05-31,45.69
2018-06-01,46.33
2018-06-04,46.8
2018-06-05,46.44
2018-06-06,47.14
2018-06-07,46.42
2018-06-08,46.33
2018-06-11,46.33
2018-06-12,46.21
2018-06-13,45.9
2018-06-14,45.59
2018-06-15,45.23
2018-06-18,44.68
2018-06-19,43.9
2018-06-20,44.09
2018-06-21,43.47
2018-06-22,43.92
2018-06-25,43.33
2018-06-26,43.16
2018-06-27,42.33
2018-06-28,42.69
2018-06-29,43.33
2018-07-02,42.9
2018-07-03,42.93
2018-07-05,42.82
2018-07-06,43.41
2018-07-09,44.19
2018-07-10,44.09
2018-07-11,43.23
2018-07-12,43.82
2018-07-13,43.85
2018-07-16,43.61
2018-07-17,43.93
2018-07-18,43.88
2018-07-19,43.34
2018-07-20,43.96
2018-07-23,43.67
2018-07-24,44.31
2018-07-25,45.03
2018-07-26,44.53
2018-07-27,44.69
2018-07-30,44.62
2018-07-31,44.86
2018-08-01,44.46
2018-08-02,43.87
2018-08-03,44.21
2018-08-06,43.87
2018-08-07,44.32
2018-08-08,44.26
2018-08-09,44.13
2018-08-10,43.19
2018-08-13,42.48
2018-08-14,42.74
2018-08-15,41.51
2018-08-16,41.77
2018-08-17,42.21
2018-08-20,42.4
2018-08-21,42.94
2018-08-22,43.28
2018-08-23,42.58
2018-08-24,43.37
2018-08-27,43.99
2018-08-28,43.83
2018-08-29,44.1
2018-08-30,42.95
2018-08-31,43.17
2018-09-04,42.33
2018-09-05,41.72
2018-09-06,41.76
2018-09-07,41.55
2018-09-10,41.14
2018-09-11,41.23
2018-09-12,41.44
2018-09-13,42.0
2018-09-14,41.96
2018-09-17,41.58
2018-09-18,41.98
2018-09-19,42.56
2018-09-20,43.03
2018-09-21,43.23
2018-09-24,42.74
2018-09-25,42.91
2018-09-26,43.0
2018-09-27,43.21
2018-09-28,42.92
2018-10-01,42.93
2018-10-02,42.39
2018-10-03,42.04
2018-10-04,40.99
2018-10-05,40.84
2018-10-08,40.9
2018-10-09,40.75
2018-10-10,39.54
2018-10-11,39.14
2018-10-12,40.29
2018-10-15,39.86
2018-10-16,40.86
2018-10-17,40.36
2018-10-18,39.3
2018-10-19,39.67
2018-10-22,40.1
2018-10-23,39.66
2018-10-24,38.38
2018-10-25,39.12
2018-10-26,38.67
2018-10-29,38.0
2018-10-30,38.74
2018-10-31,39.16
2018-11-01,40.56
2018-11-02,40.82
2018-11-05,40.93
2018-11-06,40.86
2018-11-07,41.63
2018-11-08,40.55
2018-11-09,39.8
2018-11-12,39.24
2018-11-13,39.69
2018-11-14,39.93
2018-11-15,40.82
2018-11-16,40.9
2018-11-19,40.35
2018-11-20,39.48
2018-11-21,40.21
2018-11-23,39.74
2018-11-26,40.23
2018-11-27,40.51
2018-11-28,41.48
2018-11-29,41.12
2018-11-30,41.08
2018-12-03,41.91
2018-12-04,41.02
2018-12-06,40.64
2018-12-07,39.88
2018-12-10,39.46
2018-12-11,39.76
2018-12-12,40.41
2018-12-13,40.4
2018-12-14,39.83
2018-12-17,39.46
2018-12-18,39.14
2018-12-19,38.49
2018-12-20,38.79
2018-12-21,38.52
2018-12-24,38.16
2018-12-26,38.92
2018-12-27,38.87
2018-12-28,39.24
2018-12-31,39.06
2019-01-02,39.16
2019-01-03,38.45
2019-01-04,39.69
2019-01-07,39.78
2019-01-08,39.93
2019-01-09,40.64
2019-01-10,40.93
2019-01-11,40.73
2019-01-14,40.39
2019-01-15,40.67
2019-01-16,41.17
2019-01-17,41.35
2019-01-18,41.55
2019-01-22,40.83
2019-01-23,41.25
2019-01-24,41.65
2019-01-25,42.2
2019-01-28,41.76
2019-01-29,41.83
2019-01-30,42.74
2019-01-31,43.1
2019-02-01,42.76
2019-02-04,42.83
2019-02-05,43.42
2019-02-06,42.83
2019-02-07,42.4
2019-02-08,42.16
2019-02-11,42.02
2019-02-12,42.37
2019-02-13,42.07
2019-02-14,42.15
2019-02-15,42.09
2019-02-19,42.42
2019-02-20,42.66
2019-02-21,42.57
2019-02-22,43.04
2019-02-25,43.52
2019-02-26,43.37
2019-02-27,43.0
2019-02-28,42.44
2019-03-01,42.49
2019-03-04,42.55
2019-03-05,42.97
2019-03-06,42.73
2019-03-07,41.94
2019-03-08,41.64
2019-03-11,42.42
2019-03-12,42.64
2019-03-13,42.69
2019-03-14,42.46
2019-03-15,43.08
2019-03-18,43.56
2019-03-19,43.58
2019-03-20,43.65
2019-03-21,43.71
2019-03-22,42.43
2019-03-25,42.53
2019-03-26,42.66
2019-03-27,42.2
2019-03-28,42.48
2019-03-29,42.92
2019-04-01,43.63
2019-04-02,43.49
2019-04-03,43.79
2019-04-04,44.06
2019-04-05,44.4
2019-04-08,44.4
2019-04-09,44.31
2019-04-10,44.52
2019-04-11,44.04
2019-04-12,44.36
2019-04-15,44.13
2019-04-16,44.46
2019-04-17,44.59
2019-04-18,44.56
2019-04-22,44.27
2019-04-23,44.37
2019-04-24,43.77
2019-04-25,43.71
2019-04-26,43.88
2019-04-29,43.97
2019-04-30,43.93
2019-05-01,43.6
2019-05-02,43.7
2019-05-03,44.22
2019-05-06,43.31
2019-05-07,42.46
2019-05-08,42.4
2019-05-09,41.73
2019-05-10,41.98
2019-05-13,40.58
2019-05-14,41.15
2019-05-15,41.23
2019-05-16,41.03
2019-05-17,40.29
2019-05-20,40.12
2019-05-21,40.63
2019-05-22,40.43
2019-05-23,39.91
2019-05-24,39.95
2019-05-28,40.09
2019-05-29,40.35
2019-05-30,40.57
2019-05-31,40.71
2019-06-03,41.08
2019-06-04,41.17
2019-06-05,40.84
2019-06-06,40.86
2019-06-07,41.18
2019-06-10,41.61
2019-06-11,42.08
2019-06-12,41.63
2019-06-13,41.56
2019-06-14,41.1
2019-06-17,40.95
2019-06-18,41.94
2019-06-19,42.29
2019-06-20,42.91
2019-06-21,42.77
2019-06-24,42.71
2019-06-25,42.27
2019-06-26,42.67
2019-06-27,42.97
2019-06-28,42.91
2019-07-01,43.42
2019-07-02,43.31
2019-07-03,43.23
2019-07-05,42.93
2019-07-08,42.67
2019-07-09,42.54
2019-07-10,42.9
2019-07-11,42.82
2019-07-12,42.85
2019-07-15,43.01
2019-07-16,42.95
2019-07-17,42.82
2019-07-18,43.08
2019-07-19,42.86
2019-07-22,42.87
2019-07-23,42.92
2019-07-24,42.99
2019-07-25,42.61
2019-07-26,42.7
2019-07-29,42.62
2019-07-30,42.29
2019-07-31,41.77
2019-08-01,40.95
2019-08-02,40.55
2019-08-05,39.05
2019-08-06,39.61
2019-08-07,39.79
2019-08-08,40.28
2019-08-09,39.87
2019-08-12,39.39
2019-08-13,39.89
2019-08-14,38.74
2019-08-15,39.0
2019-08-16,39.54
2019-08-19,39.7
2019-08-20,39.78
2019-08-21,40.16
2019-08-22,39.64
2019-08-23,39.05
2019-08-26,39.26
2019-08-27,39.33
2019-08-28,39.44
2019-08-29,39.88
2019-08-30,40.19
2019-09-03,39.94
2019-09-04,40.61
2019-09-05,41.07
2019-09-06,41.25
2019-09-09,41.38
2019-09-10,41.41
2019-09-11,41.7
2019-09-12,42.0
2019-09-13,42.24
2019-09-16,41.91
2019-09-17,41.91
2019-09-18,41.74
2019-09-19,41.57
2019-09-20,41.61
2019-09-23,41.65
2019-09-24,41.21
2019-09-25,41.18
2019-09-26,41.17
2019-09-27,40.64
2019-09-30,40.87
2019-10-01,40.58
2019-10-02,40.27
2019-10-03,40.79
2019-10-04,40.97
2019-10-07,40.63
2019-10-08,40.34
2019-10-09,40.65
2019-10-10,41.07
2019-10-11,41.73
2019-10-14,41.55
2019-10-15,41.92
2019-10-16,42.04
2019-10-17,42.2
2019-10-18,41.98
2019-10-21,42.36
2019-10-22,42.39
2019-10-23,42.4
2019-10-24,42.4
2019-10-25,42.7
2019-10-28,42.95
2019-10-29,42.73
2019-10-30,42.92
2019-10-31,42.58
2019-11-01,43.22
2019-11-04,43.65
2019-11-05,43.9
2019-11-06,43.76
2019-11-07,44.08
2019-11-08,43.68
2019-11-11,43.37
2019-11-12,43.09
2019-11-13,42.76
2019-11-14,42.79
2019-11-15,43.13
2019-11-18,43.06
2019-11-19,43.15
2019-11-20,42.96
2019-11-21,42.87
2019-11-22,42.87
2019-11-25,43.3
2019-11-26,43.17
2019-11-27,43.22
2019-11-29,42.54
2019-12-02,42.53
2019-12-03,42.31
2019-12-04,42.63
2019-12-05,42.82
2019-12-06,43.07
2019-12-09,42.9
2019-12-10,43.05
2019-12-11,43.68
2019-12-12,44.44
2019-12-13,44.42
2019-12-16,43.86
2019-12-17,44.26
2019-12-18,44.5
2019-12-19,44.52
2019-12-20,44.61
2019-12-23,44.67
2019-12-24,44.57
2019-12-26,44.89
2019-12-27,45.07
2019-12-30,44.77
2019-12-31,44.87
2020-01-02,45.78
2020-01-03,44.93
2020-01-06,44.82
2020-01-07,44.79
2020-01-08,45.05
2020-01-09,45.35
2020-01-10,45.59
2020-01-13,46.3
2020-01-14,46.04
2020-01-15,45.68
2020-01-16,45.97
2020-01-17,46.23
2020-01-21,45.06
2020-01-22,45.43
2020-01-23,44.96
2020-01-24,44.6
2020-01-27,43.06
2020-01-28,43.42
2020-01-29,43.63
2020-01-30,42.98
2020-01-31,42.11
2020-02-03,42.58
2020-02-04,43.68
2020-02-05,43.93
2020-02-06,43.97
2020-02-07,43.36
2020-02-10,43.6
2020-02-11,44.17
2020-02-12,44.77
2020-02-13,44.18
2020-02-14,44.2
2020-02-18,43.91
2020-02-19,44.23
2020-02-20,43.54
2020-02-21,43.29
2020-02-24,41.67
2020-02-25,41.34
2020-02-26,41.67
2020-02-27,40.67
2020-02-28,40.52
2020-03-02,41.4
2020-03-03,41.12
2020-03-04,41.85
2020-03-05,40.97
2020-03-06,40.13
2020-03-09,37.39
2020-03-10,39.29
2020-03-11,37.46
2020-03-12,33.71
2020-03-13,36.14
2020-03-16,31.63
2020-03-17,33.81
2020-03-18,30.89
2020-03-19,31.13
2020-03-20,31.36
2020-03-23,30.61
2020-03-24,32.91
2020-03-25,34.07
2020-03-26,35.36
2020-03-27,33.35
2020-03-30,33.9
2020-03-31,34.13
2020-04-01,32.67
2020-04-02,33.77
2020-04-03,33.13
2020-04-06,34.94
2020-04-07,35.12
2020-04-08,35.48
2020-04-09,35.35
2020-04-13,35.4
2020-04-14,36.21
2020-04-15,35.28
2020-04-16,35.47
2020-04-17,36.26
2020-04-20,35.8
2020-04-21,34.81
2020-04-22,35.76
2020-04-23,35.63
2020-04-24,35.58
2020-04-27,36.3
2020-04-28,36.37
2020-04-29,37.43
2020-04-30,36.64
2020-05-01,35.32
2020-05-04,35.7
2020-05-05,35.9
2020-05-06,35.79
2020-05-07,36.08
2020-05-08,36.84
2020-05-11,36.6
2020-05-12,36.46
2020-05-13,36.39
2020-05-14,36.53
2020-05-15,36.03
2020-05-18,37.44
2020-05-19,37.14
2020-05-20,37.63
2020-05-21,37.2
2020-05-22,36.43
2020-05-26,37.23
2020-05-27,37.35
2020-05-28,37.09
2020-05-29,37.73
2020-06-01,38.6
2020-06-02,39.52
2020-06-03,40.44
2020-06-04,39.87
2020-06-05,40.92
2020-06-08,41.17
2020-06-09,40.89
2020-06-10,41.19
2020-06-11,39.04
2020-06-12,39.87
2020-06-15,39.28
2020-06-16,39.53
2020-06-17,39.91
2020-06-18,39.93
2020-06-19,39.92
2020-06-22,40.41
2020-06-23,40.8
2020-06-24,40.26
2020-06-25,40.43
2020-06-26,39.94
2020-06-29,40.12
2020-06-30,39.99
2020-07-01,40.44
2020-07-02,41.36
2020-07-06,43.14
2020-07-07,42.42
2020-07-08,43.52
2020-07-09,43.52
2020-07-10,43.24
2020-07-13,42.95
2020-07-14,43.01
2020-07-15,43.14
2020-07-16,42.53
2020-07-17,42.77
2020-07-20,43.32
2020-07-21,43.72
2020-07-22,43.53
2020-07-23,43.18
2020-07-24,43.14
2020-07-27,43.81
2020-07-28,43.45
2020-07-29,44.15
2020-07-30,43.59
2020-07-31,43.29
2020-08-03,43.59
2020-08-04,44.17
2020-08-05,44.65
2020-08-06,44.79
2020-08-07,43.87
2020-08-10,43.98
2020-08-11,43.86
2020-08-12,44.45
2020-08-13,44.32
2020-08-14,44.24
2020-08-17,44.8
2020-08-18,44.75
2020-08-19,44.2
2020-08-20,44.06
2020-08-21,44.28
2020-08-24,44.77
2020-08-25,45.22
2020-08-26,45.34
2020-08-27,44.96
2020-08-28,45.55
2020-08-31,44.54
2020-09-01,45.3
2020-09-02,45.18
2020-09-03,44.32
2020-09-04,44.34
2020-09-08,43.57
2020-09-09,44.22
2020-09-10,43.51
2020-09-11,43.93
2020-09-14,44.64
2020-09-15,45.11
2020-09-16,45.05
2020-09-17,44.87
2020-09-18,44.52
2020-09-21,44.11
2020-09-22,43.78
2020-09-23,43.1
2020-09-24,42.9
2020-09-25,42.94
2020-09-28,43.42
2020-09-29,43.39
2020-09-30,44.09
2020-10-01,44.5
2020-10-02,43.99
2020-10-05,44.58
2020-10-06,44.66
2020-10-07,45.15
2020-10-08,45.52
2020-10-09,45.83
2020-10-12,46.23
2020-10-13,46.04
2020-10-14,45.73
2020-10-15,45.4
2020-10-16,45.56
2020-10-19,45.43
2020-10-20,45.93
2020-10-21,46.06
2020-10-22,46.05
2020-10-23,46.32
2020-10-26,45.72
2020-10-27,45.92
2020-10-28,44.77
2020-10-29,45.22
2020-10-30,44.71
2020-11-02,45.28
2020-11-03,45.48
2020-11-04,46.91
2020-11-05,47.71
2020-11-06,47.93
2020-11-09,48.26
2020-11-10,47.71
2020-11-11,48.02
2020-11-12,47.66
2020-11-13,48.33
2020-11-16,48.93
2020-11-17,48.88
2020-11-18,48.71
2020-11-19,48.79
2020-11-20,49.06
2020-11-23,49.19
2020-11-24,49.85
2020-11-25,49.57
2020-11-27,50.04
2020-11-30,48.73
2020-12-01,49.69
2020-12-02,49.76
2020-12-03,50.33
2020-12-04,50.85
2020-12-07,50.85
2020-12-08,50.87
2020-12-09,50.43
2020-12-10,51.08
2020-12-11,50.72
2020-12-14,49.94
2020-12-15,50.48
2020-12-16,50.72
2020-12-17,51.05
2020-12-18,50.99
2020-12-21,50.24
2020-12-22,49.84
2020-12-23,50.35
2020-12-24,50.13
2020-12-28,50.27
2020-12-29,51.02
2020-12-30,51.7
2020-12-31,51.67
2021-01-04,52.0
2021-01-05,53.25
2021-01-06,52.8
2021-01-07,53.3
2021-01-08,54.71
2021-01-11,53.97
2021-01-12,54.5
2021-01-13,54.62
2021-01-14,55.13
2021-01-15,54.35
2021-01-19,55.25
2021-01-20,56.22
2021-01-21,56.32
2021-01-22,55.83
2021-01-25,56.25
2021-01-26,55.84
2021-01-27,54.29
2021-01-28,54.67
2021-01-29,53.31
2021-02-01,54.75
2021-02-02,55.46
2021-02-03,55.74
2021-02-04,55.76
2021-02-05,56.24
2021-02-08,56.34
2021-02-09,56.94
2021-02-10,57.14
2021-02-11,57.75
2021-02-12,57.8
2021-02-16,57.94
2021-02-17,57.96
2021-02-18,57.16
2021-02-19,57.53
2021-02-22,55.84
2021-02-23,56.09
2021-02-24,55.73
2021-02-25,54.46
2021-02-26,53.73
2021-03-01,55.17
2021-03-02,54.63
2021-03-03,54.52
2021-03-04,53.25
2021-03-05,53.83
2021-03-08,52.38
2021-03-09,53.53
2021-03-10,53.29
2021-03-11,54.97
2021-03-12,53.99
2021-03-15,54.12
2021-03-16,54.35
2021-03-17,54.42
2021-03-18,53.42
2021-03-19,54.08
2021-03-22,53.92
2021-03-23,52.89
2021-03-24,51.68
2021-03-25,51.92
2021-03-26,53.27
2021-03-29,52.9
2021-03-30,53.07
2021-03-31,53.34
2021-04-01,53.86
2021-04-05,54.07
2021-04-06,54.37
2021-04-07,53.57
2021-04-08,54.01
2021-04-09,53.55
2021-04-12,53.23
2021-04-13,53.45
2021-04-14,53.72
2021-04-15,54.21
2021-04-16,54.35
2021-04-19,54.15
2021-04-20,53.71
2021-04-21,54.04
2021-04-22,53.85
2021-04-23,54.63
2021-04-26,54.7
2021-04-27,54.67
2021-04-28,55.08
2021-04-29,54.95
2021-04-30,53.98
2021-05-03,53.98
2021-05-04,53.37
2021-05-05,53.62
2021-05-06,54.13
2021-05-07,54.69
2021-05-10,53.71
2021-05-11,53.56
2021-05-12,52.08
2021-05-13,52.01
2021-05-14,52.95
2021-05-17,52.9
2021-05-18,53.61
2021-05-19,53.45
2021-05-20,53.76
2021-05-21,53.14
2021-05-24,53.58
2021-05-25,54.11
2021-05-26,54.51
2021-05-27,54.52
2021-05-28,54.87
2021-06-01,56.0
2021-06-02,56.09
2021-06-03,55.49
2021-06-04,55.99
2021-06-07,55.71
2021-06-08,55.44
2021-06-09,55.28
2021-06-10,55.48
2021-06-11,55.29
2021-06-14,55.44
2021-06-15,55.06
2021-06-16,54.31
2021-06-17,54.61
2021-06-18,54.23
2021-06-21,54.46
2021-06-22,54.21
2021-06-23,54.54
2021-06-24,55.04
2021-06-25,55.5
2021-06-28,55.55
2021-06-29,55.51
2021-06-30,55.15
2021-07-01,54.84
2021-07-02,54.78
2021-07-06,53.82
2021-07-07,53.76
2021-07-08,52.64
2021-07-09,53.55
2021-07-12,53.6
2021-07-13,53.65
2021-07-14,53.88
2021-07-15,54.01
2021-07-16,53.59
2021-07-19,52.69
2021-07-20,52.86
2021-07-21,53.2
2021-07-22,53.3
2021-07-23,52.51
2021-07-26,51.51
2021-07-27,50.47
2021-07-28,51.84
2021-07-29,52.1
2021-07-30,51.6
2021-08-02,51.97
2021-08-03,52.19
2021-08-04,52.46
2021-08-05,52.38
2021-08-06,51.94
2021-08-09,52.11
2021-08-10,52.18
2021-08-11,52.32
2021-08-12,51.86
2021-08-13,51.73
2021-08-16,51.26
2021-08-17,50.32
2021-08-18,50.4
2021-08-19,49.54
2021-08-20,49.5
2021-08-23,50.25
2021-08-24,51.39
2021-08-25,51.45
2021-08-26,50.96
2021-08-27,51.59
2021-08-30,51.7
2021-08-31,52.41
2021-09-01,53.08
2021-09-02,52.84
2021-09-03,53.12
2021-09-07,53.43
2021-09-08,52.65
2021-09-09,52.55
2021-09-10,52.49
2021-09-13,52.63
2021-09-14,52.19
2021-09-15,52.18
2021-09-16,51.59
2021-09-17,51.37
2021-09-20,49.99
2021-09-21,50.36
2021-09-22,50.99
2021-09-23,51.39
2021-09-24,50.78
2021-09-27,51.11
2021-09-28,50.45
2021-09-29,49.98
2021-09-30,50.38
2021-10-01,50.33
2021-10-04,49.59
2021-10-05,49.94
2021-10-06,49.66
2021-10-07,50.63
2021-10-08,50.82
2021-10-11,50.72
2021-10-12,50.46
2021-10-13,51.16
2021-10-14,51.32
2021-10-15,51.94
2021-10-18,51.81
2021-10-19,52.5
2021-10-20,52.49
2021-10-21,52.15
2021-10-22,52.04
2021-10-25,52.31
2021-10-26,52.04
2021-10-27,51.62
2021-10-28,51.67
2021-10-29,50.92
2021-11-01,51.32
2021-11-02,50.86
2021-11-03,51.1
2021-11-04,50.98
2021-11-05,50.92
2021-11-08,51.39
2021-11-09,51.19
2021-11-10,50.98
2021-11-11,51.86
2021-11-12,52.0
2021-11-15,51.83
2021-11-16,51.9
2021-11-17,51.63
2021-11-18,51.0
2021-11-19,50.92
2021-11-22,50.51
2021-11-23,50.46
2021-11-24,50.39
2021-11-26,48.7
2021-11-29,48.89
2021-11-30,48.84
2021-12-01,49.02
2021-12-02,49.62
2021-12-03,48.92
2021-12-06,49.3
2021-12-07,50.08
2021-12-08,50.28
2021-12-09,50.04
2021-12-10,50.08
2021-12-13,48.59
2021-12-14,48.48
2021-12-15,48.34
2021-12-16,48.4
2021-12-17,48.16
2021-12-20,47.44
2021-12-21,48.24
2021-12-22,48.47
2021-12-23,48.72
2021-12-27,48.94
2021-12-28,48.78
2021-12-29,48.56
2021-12-30,49.09
2021-12-31,48.85
2022-01-03,49.2
2022-01-04,49.03
2022-01-05,48.23
2022-01-06,48.45
2022-01-07,48.89
2022-01-10,48.89
2022-01-11,50.02
2022-01-12,50.85
2022-01-13,50.13
2022-01-14,50.11
2022-01-18,49.22
2022-01-19,49.43
2022-01-20,49.72
2022-01-21,49.0
2022-01-24,48.31
2022-01-25,48.22
2022-01-26,47.61
2022-01-27,47.06
2022-01-28,47.29
2022-01-31,48.84
2022-02-01,49.14
2022-02-02,49.06
2022-02-03,48.54
2022-02-04,48.66
2022-02-07,48.56
2022-02-08,49.03
2022-02-09,49.8
2022-02-10,49.47
2022-02-11,48.72
2022-02-14,48.38
2022-02-15,49.43
2022-02-16,49.79
2022-02-17,49.21
2022-02-18,48.72
2022-02-22,48.03
2022-02-23,47.47
2022-02-24,46.49
2022-02-25,47.35
2022-02-28,46.73
2022-03-01,46.11
2022-03-02,46.19
2022-03-03,45.54
2022-03-04,44.62
2022-03-07,42.95
2022-03-08,43.09
2022-03-09,44.31
2022-03-10,43.48
2022-03-11,42.57
2022-03-14,41.54
2022-03-15,41.6
2022-03-16,44.95
2022-03-17,44.72
2022-03-18,45.36
2022-03-21,44.66
2022-03-22,45.47
2022-03-23,45.17
2022-03-24,45.41
2022-03-25,45.05
2022-03-28,45.2
2022-03-29,45.97
2022-03-30,45.84
2022-03-31,45.15
2022-04-01,45.9
2022-04-04,46.71
2022-04-05,45.85
2022-04-06,45.25
2022-04-07,44.89
2022-04-08,44.93
2022-04-11,44.37
2022-04-12,44.23
2022-04-13,44.81
2022-04-14,44.23
2022-04-18,44.08
2022-04-19,43.86
2022-04-20,43.6
2022-04-21,42.76
2022-04-22,42.38
2022-04-25,42.07
2022-04-26,41.15
2022-04-27,41.63
2022-04-28,42.23
2022-04-29,42.38
2022-05-02,42.32
2022-05-03,42.63
2022-05-04,43.09
2022-05-05,41.5
2022-05-06,40.93
2022-05-09,39.75
2022-05-10,39.94
2022-05-11,39.66
2022-05-12,39.4
2022-05-13,40.49
2022-05-16,40.33
2022-05-17,41.32
2022-05-18,40.33
2022-05-19,40.97
2022-05-20,41.14
2022-05-23,41.45
2022-05-24,40.73
2022-05-25,40.93
2022-05-26,41.57
2022-05-27,42.05
2022-05-31,42.64
2022-06-01,42.34
2022-06-02,43.07
2022-06-03,42.37
2022-06-06,42.6
2022-06-07,42.73
2022-06-08,42.96
2022-06-09,41.59
2022-06-10,41.13
2022-06-13,39.69
2022-06-14,40.24
2022-06-15,40.77
2022-06-16,39.52
2022-06-17,39.67
2022-06-21,40.31
2022-06-22,39.59
2022-06-23,39.71
2022-06-24,40.65
2022-06-27,40.7
2022-06-28,40.45
2022-06-29,40.29
2022-06-30,40.1
2022-07-01,39.85
2022-07-05,39.54
2022-07-06,39.3
2022-07-07,40.09
2022-07-08,40.09
2022-07-11,39.02
2022-07-12,38.87
2022-07-13,38.78
2022-07-14,38.43
2022-07-15,38.63
2022-07-18,38.9
2022-07-19,39.54
2022-07-20,39.37
2022-07-21,39.82
2022-07-22,39.42
2022-07-25,39.56
2022-07-26,39.25
2022-07-27,39.98
2022-07-28,40.15
2022-07-29,39.96
2022-08-01,39.62
2022-08-02,39.43
2022-08-03,39.74
2022-08-04,40.02
2022-08-05,40.06
2022-08-08,40.11
2022-08-09,39.96
2022-08-10,40.46
2022-08-11,40.62
2022-08-12,41.05
2022-08-15,40.86
2022-08-16,40.85
2022-08-17,40.68
2022-08-18,40.45
2022-08-19,39.9
2022-08-22,39.55
2022-08-23,39.76
2022-08-24,39.75
2022-08-25,40.61
2022-08-26,40.01
2022-08-29,39.76
2022-08-30,39.29
2022-08-31,39.43
2022-09-01,39.12
2022-09-02,38.76
2022-09-06,38.3
2022-09-07,38.64
2022-09-08,38.43
2022-09-09,39.0
2022-09-12,39.58
2022-09-13,38.36
2022-09-14,38.55
2022-09-15,38.14
2022-09-16,37.79
2022-09-19,37.91
2022-09-20,37.7
2022-09-21,37.07
2022-09-22,36.89
2022-09-23,35.98
2022-09-26,35.54
2022-09-27,35.5
2022-09-28,35.81
2022-09-29,35.01
2022-09-30,34.88
2022-10-03,35.45
2022-10-04,36.61
2022-10-05,36.63
2022-10-06,36.41
2022-10-07,35.65
2022-10-10,35.15
2022-10-11,34.59
2022-10-12,34.63
2022-10-13,34.73
2022-10-14,34.21
2022-10-17,35.15
2022-10-18,35.16
2022-10-19,34.52
2022-10-20,34.74
2022-10-21,35.27
2022-10-24,33.93
2022-10-25,34.21
2022-10-26,34.77
2022-10-27,34.5
2022-10-28,34.29
2022-10-31,34.19
2022-11-01,34.82
2022-11-02,34.53
2022-11-03,34.73
2022-11-04,36.2
2022-11-07,36.22
2022-11-08,36.48
2022-11-09,35.85
2022-11-10,37.15
2022-11-11,38.16
2022-11-14,37.93
2022-11-15,38.8
2022-11-16,38.18
2022-11-17,38.25
2022-11-18,38.03
2022-11-21,37.55
2022-11-22,37.64
2022-11-23,37.95
2022-11-25,37.77
2022-11-28,37.6
2022-11-29,38.41
2022-11-30,39.52
2022-12-01,39.39
2022-12-02,39.54
2022-12-05,39.09
2022-12-06,39.04
2022-12-07,38.81
2022-12-08,39.28
2022-12-09,39.02
2022-12-12,38.9
2022-12-13,38.59
2022-12-14,38.61
2022-12-15,37.72
2022-12-16,37.83
2022-12-19,37.86
2022-12-20,37.85
2022-12-21,38.19
2022-12-22,37.85
2022-12-23,37.8
2022-12-27,38.36
2022-12-28,37.8
2022-12-29,38.43
2022-12-30,37.9
2023-01-03,38.22
2023-01-04,39.37
2023-01-05,39.25
2023-01-06,40.07
2023-01-09,40.37
2023-01-10,40.66
2023-01-11,40.83
2023-01-12,41.03
2023-01-13,41.3
2023-01-17,41.07
2023-01-18,40.79
2023-01-19,41.1
2023-01-20,41.73
2023-01-23,42.03
2023-01-24,42.06
2023-01-25,42.1
2023-01-26,42.5
2023-01-27,42.3
2023-01-30,41.45
2023-01-31,41.36
2023-02-01,41.87
2023-02-02,41.62
2023-02-03,40.88
2023-02-06,40.28
2023-02-07,40.44
2023-02-08,40.39
2023-02-09,40.58
2023-02-10,40.19
2023-02-13,40.52
2023-02-14,40.45
2023-02-15,40.11
2023-02-16,40.12
2023-02-17,39.68
2023-02-21,39.18
2023-02-22,38.99
2023-02-23,39.18
2023-02-24,38.3
2023-02-27,38.5
2023-02-28,38.23
2023-03-01,39.05
2023-03-02,39.19
2023-03-03,39.54
2023-03-06,39.4
2023-03-07,38.74
2023-03-08,38.9
2023-03-09,38.04
2023-03-10,37.84
2023-03-13,37.9
2023-03-14,37.92
2023-03-15,37.27
2023-03-16,37.84
2023-03-17,37.61
2023-03-20,37.75
2023-03-21,38.09
2023-03-22,38.24
2023-03-23,38.77
2023-03-24,38.67
2023-03-27,38.46
2023-03-28,39.01
2023-03-29,39.12
2023-03-30,39.51
2023-03-31,39.46
2023-04-03,39.54
2023-04-04,39.54
2023-04-05,39.23
2023-04-06,39.39
2023-04-10,39.43
2023-04-11,39.67
2023-04-12,39.39
2023-04-13,39.93
2023-04-14,39.72
2023-04-17,39.89
2023-04-18,39.84
2023-04-19,39.44
2023-04-20,39.38
2023-04-21,39.01
2023-04-24,38.92
2023-04-25,38.19
2023-04-26,38.41
2023-04-27,38.93
2023-04-28,39.13
2023-05-01,39.0
2023-05-02,38.62
2023-05-03,38.56
2023-05-04,38.87
2023-05-05,39.39
2023-05-08,39.41
2023-05-09,39.17
2023-05-10,39.15
2023-05-11,39.01
2023-05-12,38.55
2023-05-15,39.26
2023-05-16,38.98
2023-05-17,39.16
2023-05-18,38.95
2023-05-19,38.98
2023-05-22,39.3
2023-05-23,38.69
2023-05-24,38.4
2023-05-25,38.32
2023-05-26,39.0
2023-05-30,38.55
2023-05-31,38.19
2023-06-01,38.87
2023-06-02,39.54
2023-06-05,39.53
2023-06-06,39.88
2023-06-07,39.4
2023-06-08,39.68
2023-06-09,39.86
2023-06-12,39.94
2023-06-13,40.34
2023-06-14,40.64
2023-06-15,41.02
2023-06-16,40.88
2023-06-20,40.08
2023-06-21,39.89
2023-06-22,39.75
2023-06-23,39.17
2023-06-26,39.3
2023-06-27,39.7
2023-06-28,39.46
2023-06-29,39.25
2023-06-30,39.56
2023-07-03,40.0
2023-07-05,39.76
2023-07-06,38.95
2023-07-07,39.39
2023-07-10,39.42
2023-07-11,39.82
2023-07-12,40.71
2023-07-13,41.24
2023-07-14,41.01
2023-07-17,41.06
2023-07-18,40.76
2023-07-19,40.68
2023-07-20,40.38
2023-07-21,40.32
2023-07-24,40.87
2023-07-25,41.21
2023-07-26,41.45
2023-07-27,40.94
2023-07-28,41.93
2023-07-31,41.95
2023-08-01,41.42
2023-08-02,40.43
2023-08-03,40.59
2023-08-04,40.54
2023-08-07,40.48
2023-08-08,39.99
2023-08-09,40.09
2023-08-10,40.15
2023-08-11,39.56
2023-08-14,39.37
2023-08-15,38.92
2023-08-16,38.57
2023-08-17,38.66
2023-08-18,38.4
2023-08-21,38.49
2023-08-22,38.41
2023-08-23,39.02
2023-08-24,38.87
2023-08-25,38.91
2023-08-28,39.29
2023-08-29,39.79
2023-08-30,39.66
2023-08-31,39.17
2023-09-01,39.63
2023-09-05,39.31
2023-09-06,39.09
2023-09-07,38.63
2023-09-08,38.71
2023-09-11,39.19
2023-09-12,39.07
2023-09-13,39.02
2023-09-14,39.28
2023-09-15,39.13
2023-09-18,39.08
2023-09-19,38.85
2023-09-20,38.69
2023-09-21,38.02
2023-09-22,38.47
2023-09-25,38.3
2023-09-26,37.76
2023-09-27,37.82
2023-09-28,37.92
2023-09-29,37.95
2023-10-02,37.76
2023-10-03,37.26
2023-10-04,37.15
2023-10-05,37.29
2023-10-06,37.83
2023-10-09,37.65
2023-10-10,38.19
2023-10-11,38.43
2023-10-12,38.0
2023-10-13,37.86
2023-10-16,38.14
2023-10-17,38.04
2023-10-18,37.46
2023-10-19,37.24
2023-10-20,36.79
2023-10-23,36.76
2023-10-24,37.23
2023-10-25,36.74
2023-10-26,36.56
2023-10-27,36.53
2023-10-30,36.91
2023-10-31,36.7
2023-11-01,37.04
2023-11-02,37.69
2023-11-03,38.46
2023-11-06,38.77
2023-11-07,38.7
2023-11-08,38.44
2023-11-09,38.08
2023-11-10,38.35
2023-11-13,38.34
2023-11-14,39.36
2023-11-15,39.69
2023-11-16,39.31
2023-11-17,39.36
2023-11-20,39.85
2023-11-21,39.6
2023-11-22,39.52
2023-11-24,39.54
2023-11-27,39.38
2023-11-28,39.71
2023-11-29,39.48
2023-11-30,39.56
2023-12-01,39.73
2023-12-04,39.28
2023-12-05,39.04
2023-12-06,38.99
2023-12-07,39.18
2023-12-08,39.01
2023-12-11,39.24
2023-12-12,39.25
2023-12-13,39.64
2023-12-14,40.22
2023-12-15,39.98
2023-12-18,39.96
2023-12-19,40.3
2023-12-20,38.84
2023-12-21,39.57
2023-12-22,39.38
2023-12-26,39.69
2023-12-27,39.92
2023-12-28,40.23
2023-12-29,40.21
2024-01-02,39.74
2024-01-03,39.52
2024-01-04,39.39
2024-01-05,39.44
2024-01-08,39.55
2024-01-09,38.99
2024-01-10,38.9
2024-01-11,39.06
2024-01-12,39.2
2024-01-16,38.25
2024-01-17,37.68
2024-01-18,37.99
2024-01-19,38.39
2024-01-22,38.05
2024-01-23,38.38
2024-01-24,38.81
2024-01-25,38.86
2024-01-26,38.89
2024-01-29,38.91
2024-01-30,38.6
2024-01-31,38.39
2024-02-01,38.76
2024-02-02,38.65
2024-02-05,38.7
2024-02-06,39.58
2024-02-07,39.63
2024-02-08,39.41
2024-02-09,39.58
2024-02-12,39.89
2024-02-13,39.14
2024-02-14,39.7
2024-02-15,39.89
2024-02-16,40.08
2024-02-20,40.14
2024-02-21,40.21
2024-02-22,40.62
2024-02-23,40.6
2024-02-26,40.42
2024-02-27,40.5
2024-02-28,39.97
2024-02-29,39.99
2024-03-01,40.48
2024-03-04,40.39
2024-03-05,40.03
2024-03-06,40.61
2024-03-07,40.86
2024-03-08,40.82
2024-03-11,40.91
2024-03-12,41.36
2024-03-13,41.23
2024-03-14,41.02
2024-03-15,40.77
2024-03-18,40.84
2024-03-19,40.64
2024-03-20,41.1
2024-03-21,41.15
2024-03-22,40.86
2024-03-25,40.89
2024-03-26,40.86
2024-03-27,40.93
2024-03-28,41.08
2024-04-01,41.15
2024-04-02,41.28
2024-04-03,41.31
2024-04-04,41.16
2024-04-05,41.25
2024-04-08,41.52
2024-04-09,41.8
2024-04-10,41.23
2024-04-11,41.48
2024-04-12,40.53
2024-04-15,40.27
2024-04-16,39.74
2024-04-17,39.71
2024-04-18,39.87
2024-04-19,39.71
2024-04-22,40.14
2024-04-23,40.47
2024-04-24,40.61
2024-04-25,40.7
2024-04-26,41.17
2024-04-29,41.57
2024-04-30,40.99
2024-05-01,41.03
2024-05-02,42.09
2024-05-03,42.47
2024-05-06,42.51
2024-05-07,42.27
2024-05-08,42.28
2024-05-09,42.41
2024-05-10,42.5
2024-05-13,42.82
2024-05-14,43.05
2024-05-15,43.51
2024-05-16,43.6
2024-05-17,43.79
2024-05-20,43.63
2024-05-21,43.36
2024-05-22,43.22
2024-05-23,42.9
2024-05-24,43.02
2024-05-28,42.96
2024-05-29,42.32
2024-05-30,42.2
2024-05-31,41.79
2024-06-03,42.23
2024-06-04,41.64
2024-06-05,42.31
2024-06-06,42.52
2024-06-07,42.04
2024-06-10,42.29
2024-06-11,41.86
2024-06-12,42.28
2024-06-13,42.18
2024-06-14,42.23
2024-06-17,42.5
2024-06-18,42.89
2024-06-20,42.82
2024-06-21,42.67
2024-06-24,42.67
2024-06-25,42.57
2024-06-26,42.48
2024-06-27,42.51
2024-06-28,42.59
2024-07-01,42.69
2024-07-02,42.82
2024-07-03,43.45
2024-07-05,43.63
2024-07-08,43.64
2024-07-09,43.82
2024-07-10,44.07
2024-07-11,44.33
2024-07-12,44.51
2024-07-15,44.04
2024-07-16,44.29
2024-07-17,43.57
2024-07-18,43.16
2024-07-19,42.74
2024-07-22,43.1
2024-07-23,42.72
2024-07-24,42.1
2024-07-25,41.93
2024-07-26,42.36
2024-07-29,42.22
2024-07-30,42.03
2024-07-31,42.95
2024-08-01,42.2
2024-08-02,41.6
2024-08-05,40.42
2024-08-06,40.65
2024-08-07,40.9
2024-08-08,41.83
2024-08-09,42.06
2024-08-12,42.2
2024-08-13,42.67
2024-08-14,42.44
2024-08-15,42.91
2024-08-16,43.41
2024-08-19,43.83
2024-08-20,43.49
2024-08-21,43.66
2024-08-22,43.12
2024-08-23,43.84
2024-08-26,43.47
2024-08-27,43.53
2024-08-28,43.26
2024-08-29,43.28
2024-08-30,43.37
2024-09-03,42.51
2024-09-04,42.5
2024-09-05,42.56
2024-09-06,41.78
2024-09-09,42.13
2024-09-10,41.97
2024-09-11,42.28
2024-09-12,42.63
2024-09-13,42.83
2024-09-16,42.97
2024-09-17,43.02
2024-09-18,42.87
2024-09-19,43.78
2024-09-20,43.69
2024-09-23,44.03
2024-09-24,45.53
2024-09-25,45.05
2024-09-26,46.7
2024-09-27,46.61
2024-09-30,45.86
2024-10-01,46.19
2024-10-02,47.1
2024-10-03,46.54
2024-10-04,46.97
2024-10-07,47.36
2024-10-08,46.19
2024-10-09,45.94
2024-10-10,46.03
2024-10-11,46.36
2024-10-14,46.17
2024-10-15,45.19
2024-10-16,45.54
2024-10-17,45.47
2024-10-18,45.92
2024-10-21,45.6
2024-10-22,45.5
2024-10-23,45.23
2024-10-24,45.16
2024-10-25,45.12
2024-10-28,45.32
2024-10-29,45.18
2024-10-30,44.74
2024-10-31,44.45
2024-11-01,44.49
2024-11-04,44.74
2024-11-05,45.35
2024-11-06,44.79
2024-11-07,45.78
2024-11-08,44.65
2024-11-11,44.31
2024-11-12,43.47
2024-11-13,43.19
2024-11-14,42.95
2024-11-15,42.95
2024-11-18,43.44
2024-11-19,43.41
2024-11-20,43.36
2024-11-21,43.27
2024-11-22,43.28
2024-11-25,43.31
2024-11-26,43.13
2024-11-27,43.19
2024-11-29,43.26
2024-12-02,43.43
2024-12-03,43.52
2024-12-04,43.63
2024-12-05,43.92
2024-12-06,43.85
2024-12-09,44.75
2024-12-10,44.03
2024-12-11,44.21
2024-12-12,43.99
2024-12-13,44.03
2024-12-16,43.79
2024-12-17,42.96
2024-12-18,41.96
2024-12-19,42.1
2024-12-20,42.27
2024-12-23,42.51
2024-12-24,42.64
2024-12-26,42.49
2024-12-27,42.3
2024-12-30,41.96
2024-12-31,41.82
2025-01-02,41.76
2025-01-03,42.15
2025-01-06,42.3
2025-01-07,42.0
2025-01-08,41.8
2025-01-10,41.09
2025-01-13,40.81
2025-01-14,41.27
2025-01-15,41.81
2025-01-16,41.76
2025-01-17,42.09
2025-01-21,42.54
2025-01-22,42.57
2025-01-23,42.67
2025-01-24,42.95
2025-01-27,42.17
2025-01-28,42.48
2025-01-29,42.49
2025-01-30,43.21
2025-01-31,42.72
2025-02-03,42.41
2025-02-04,43.17
2025-02-05,43.06
2025-02-06,43.24
2025-02-07,43.2
2025-02-10,43.72
2025-02-11,43.55
2025-02-12,43.79
2025-02-13,44.07
2025-02-14,44.41
2025-02-18,44.69
2025-02-19,44.62
2025-02-20,45.03
2025-02-21,44.9
2025-02-24,44.21
2025-02-25,44.24
2025-02-26,44.68
2025-02-27,43.81
2025-02-28,43.21
2025-03-03,42.83
2025-03-04,43.19
2025-03-05,44.48
2025-03-06,44.2
2025-03-07,44.42
2025-03-10,43.36
2025-03-11,43.72
2025-03-12,43.96
2025-03-13,43.78
2025-03-14,44.58
2025-03-17,45.34
2025-03-18,45.11
2025-03-19,45.22
2025-03-20,44.8
2025-03-21,44.58
2025-03-24,44.78
2025-03-25,44.65
2025-03-26,44.38
2025-03-27,44.6
2025-03-28,43.77
2025-03-31,43.7
2025-04-01,43.84
2025-04-02,43.9
2025-04-03,42.97
2025-04-04,40.58
2025-04-07,39.07
2025-04-08,38.52
2025-04-09,41.19
2025-04-10,40.48
2025-04-11,41.75
2025-04-14,42.13
2025-04-15,42.09
2025-04-16,41.6
2025-04-17,41.92
2025-04-21,41.91
2025-04-22,42.54
2025-04-23,43.03
2025-04-24,43.53
2025-04-25,43.45
2025-04-28,43.53
2025-04-29,43.65
2025-04-30,43.76
2025-05-01,43.75
2025-05-02,45.0
2025-05-05,45.34
2025-05-06,45.16
2025-05-07,44.64
2025-05-08,44.61
2025-05-09,44.91
2025-05-12,45.88
2025-05-13,45.96
2025-05-14,46.31
2025-05-15,46.29
2025-05-16,46.26
2025-05-19,46.36
2025-05-20,46.31
2025-05-21,46.19
2025-05-22,46.04
2025-05-23,46.23
2025-05-27,46.12
2025-05-28,45.91
2025-05-29,46.08
2025-05-30,45.52
2025-06-02,45.85
2025-06-03,45.96
2025-06-04,46.53
2025-06-05,46.77
2025-06-06,46.92
2025-06-09,47.32
2025-06-10,47.59
2025-06-11,47.79
2025-06-12,47.87
2025-06-13,47.11
2025-06-16,47.23
2025-06-17,46.61
2025-06-18,46.6
2025-06-20,46.33
2025-06-23,46.71
2025-06-24,47.92
2025-06-25,47.96
2025-06-26,48.28
2025-06-27,48.09
2025-06-30,48.24
2025-07-01,48.33
2025-07-02,48.54
2025-07-03,48.76
2025-07-07,48.07
2025-07-08,48.37
2025-07-09,48.29
2025-07-10,48.42
2025-07-11,48.26
2025-07-14,48.33
2025-07-15,48.68
2025-07-16,48.91
2025-07-17,49.19
2025-07-18,49.08
2025-07-21,49.4
2025-07-22,49.43
2025-07-23,49.93
2025-07-24,49.66
2025-07-25,49.51
2025-07-28,49.18
2025-07-29,49.2
2025-07-30,48.84
2025-07-31,48.56
2025-08-01,48.2
2025-08-04,48.7
2025-08-05,48.84
2025-08-06,49.07
2025-08-07,49.48
2025-08-08,49.44
2025-08-11,49.3
2025-08-12,49.9
2025-08-13,50.5
2025-08-14,49.88
2025-08-15,49.94
2025-08-18,50.23
2025-08-19,49.82
2025-08-20,49.75
2025-08-21,49.64
2025-08-22,50.63
2025-08-25,50.34
2025-08-26,50.21
2025-08-27,49.91
2025-08-28,50.1
2025-08-29,49.86
2025-09-02,49.82
2025-09-03,50.01
2025-09-04,49.85
2025-09-05,50.45
2025-09-08,50.91
2025-09-09,51.19
2025-09-10,51.54
2025-09-11,52.29
2025-09-12,52.26
2025-09-15,52.64
2025-09-16,53.03
2025-09-17,53.26
2025-09-18,53.13
2025-09-19,53.01
2025-09-22,53.27
2025-09-23,53.3
2025-09-24,53.12
2025-09-25,52.81
2025-09-26,52.71
2025-09-29,53.19
2025-09-30,53.4
2025-10-01,53.82
2025-10-02,54.07
2025-10-03,54.23
2025-10-06,54.48
2025-10-07,54.06
2025-10-08,54.49
2025-10-09,53.93
2025-10-10,51.94
2025-10-13,53.45
2025-10-14,52.97
2025-10-15,53.84
2025-10-16,54.19
2025-10-17,54.18
2025-10-20,54.92
2025-10-21,54.31
2025-10-22,54.26
2025-10-23,54.74
2025-10-24,55.1
2025-10-27,55.71
2025-10-28,55.69
2025-10-29,56.01
2025-10-30,55.43
2025-10-31,55.3
2025-11-03,55.65
2025-11-04,54.63
2025-11-05,55.12
2025-11-06,54.71
2025-11-07,54.55
2025-11-10,55.51
2025-11-11,55.57
2025-11-12,55.58
2025-11-13,54.93
2025-11-14,54.96
2025-11-17,54.31
2025-11-18,54.04
2025-11-19,53.85
2025-11-20,53.11
2025-11-21,53.1
2025-11-24,53.66
2025-11-25,53.85
2025-11-26,54.24
2025-11-28,54.32
2025-12-01,54.28
2025-12-02,54.3
2025-12-03,54.34
2025-12-04,54.33
2025-12-05,54.74
2025-12-08,54.62
2025-12-09,54.53
2025-12-10,55.14
2025-12-11,54.88
2025-12-12,54.24
2025-12-15,54.08
2025-12-16,52.98
2025-12-17,52.6
2025-12-18,53.2
2025-12-19,53.72
2025-12-22,54.01
2025-12-23,54.31
2025-12-24,54.42
2025-12-26,54.8
2025-12-29,54.66
2025-12-30,54.88
2025-12-31,54.71
2026-01-02,56.24
2026-01-05,56.86
2026-01-06,57.28
2026-01-07,56.85
2026-01-08,56.87
2026-01-09,57.14
2026-01-12,57.94
2026-01-13,57.51
2026-01-14,57.75
2026-01-15,58.09
2026-01-16,57.87
2026-01-20,57.31
2026-01-21,58.26
2026-01-22,58.7
2026-01-23,59.07
2026-01-26,59.17
2026-01-27,60.34
2026-01-28,60.75
2026-01-29,60.44
2026-01-30,59.1
2026-02-02,59.28
2026-02-03,59.6
2026-02-04,58.8
2026-02-05,58.53
2026-02-06,60.07
2026-02-09,60.51
2026-02-10,60.6
2026-02-11,61.56
2026-02-12,60.86
2026-02-13,61.12
2026-02-17,60.87
2026-02-18,61.19
2026-02-19,61.04
2026-02-20,62.34
2026-02-23,61.65
2026-02-24,62.62
2026-02-25,63.31
2026-02-26,62.71
2026-02-27,62.58
2026-03-02,61.5
2026-03-03,58.42
2026-03-04,59.05
2026-03-05,57.63
2026-03-06,57.32
2026-03-09,58.45
2026-03-10,58.68
2026-03-11,58.83
2026-03-12,56.95
2026-03-13,56.8
2026-03-16,58.38
2026-03-17,58.75
2026-03-18,57.56
2026-03-19,57.62
2026-03-20,55.64
2026-03-23,57.31
2026-03-24,56.52
2026-03-25,57.42
2026-03-26,55.47
2026-03-27,55.2
2026-03-30,54.75
2026-03-31,56.79
2026-04-01,57.23
2026-04-02,56.59
2026-04-06,57.11
2026-04-07,57.31
2026-04-08,60.44
2026-04-09,60.28
2026-04-10,60.56
2026-04-13,61.07
2026-04-14,62.24
2026-04-15,62.2
2026-04-16,62.45
2026-04-17,63.64
2026-04-20,63.18
2026-04-21,62.25
2026-04-22,63.38
2026-04-23,62.35
2026-04-24,63.74
2026-04-27,63.64
2026-04-28,62.99
2026-04-29,62.69
2026-04-30,63.99
2026-05-01,64.13
2026-05-04,64.1
2026-05-05,65.4
2026-05-06,67.49
2026-05-07,66.59
2026-05-08,67.94
2026-05-11,67.89
2026-05-12,65.82
2026-05-13,67.21
2026-05-14,67.38
2026-05-15,65.07
2026-05-18,64.97
2026-05-19,64.26
2026-05-20,65.46
2026-05-21,66.03
2026-05-22,65.88
2026-05-26,68.4
2026-05-27,68.39
2026-05-28,68.61
2026-05-29,68.6
2026-06-01,70.08
2026-06-02,70.8
2026-06-03,69.92
2026-06-04,69.1
2026-06-05,64.59
2026-06-08,65.75
2026-06-09,65.82
2026-06-10,64.66
2026-06-11,67.5
2026-06-12,67.88
2026-06-15,69.75
2026-06-16,68.64
2026-06-17,68.56
2026-06-18,70.79
2026-06-22,71.21
2026-06-23,67.17
2026-06-24,67.25
2026-06-25,67.96
2026-06-26,67.19
2026-06-29,67.43
2026-06-30,68.41
2026-07-01,66.48
2026-07-02,65.7
2026-07-06,67.57
2026-07-07,65.72
2026-07-08,66.23
2026-07-09,66.78
2026-07-10,66.9
2026-07-13,64.5
2026-07-14,65.67
2026-07-15,65.57
2026-07-16,64.19
2026-07-17,63.29
2026-07-20,63.56
2026-07-21,65.34
2026-07-22,64.99
2026-07-23,64.6
2026-07-24,63.33
2026-07-27,63.62
2026-07-28,62.36
2026-07-29,61.07
2026-07-30,63.59
2026-07-31,64.09
2026-08-03,64.32
2026-08-04,66.0
2026-08-05,65.72
2026-08-06,65.02
2026-08-07,65.64
