Date,Close
2002-07-30,101.37
2002-07-31,101.99
2002-08-01,102.99
2002-08-02,103.2
2002-08-05,102.95
2002-08-06,102.6
2002-08-07,102.89
2002-08-08,102.59
2002-08-09,103.0
2002-08-12,103.14
2002-08-13,103.99
2002-08-14,104.03
2002-08-15,103.72
2002-08-16,103.22
2002-08-19,103.8
2002-08-20,104.91
2002-08-21,105.05
2002-08-22,104.9
2002-08-23,105.2
2002-08-26,105.31
2002-08-27,105.05
2002-08-28,105.25
2002-08-29,105.64
2002-08-30,105.7
2002-09-03,105.65
2002-09-04,106.04
2002-09-05,106.34
2002-09-06,105.62
2002-09-09,105.69
2002-09-10,106.14
2002-09-11,106.0
2002-09-12,106.55
2002-09-13,106.73
2002-09-16,107.15
2002-09-17,107.23
2002-09-18,107.1
2002-09-19,107.1
2002-09-20,107.15
2002-09-23,106.82
2002-09-24,106.8
2002-09-25,106.58
2002-09-26,106.7
2002-09-27,107.55
2002-09-30,107.35
2002-10-01,106.83
2002-10-02,106.8
2002-10-03,106.75
2002-10-04,106.5
2002-10-07,106.0
2002-10-08,105.01
2002-10-09,104.62
2002-10-10,104.6
2002-10-11,104.9
2002-10-14,105.09
2002-10-15,103.85
2002-10-16,103.6
2002-10-17,102.82
2002-10-18,103.09
2002-10-21,102.48
2002-10-22,102.9
2002-10-23,103.1
2002-10-24,103.49
2002-10-25,104.2
2002-10-28,104.49
2002-10-29,105.1
2002-10-30,105.12
2002-10-31,106.25
2002-11-01,104.98
2002-11-04,105.2
2002-11-05,105.09
2002-11-06,105.41
2002-11-07,106.9
2002-11-08,107.04
2002-11-11,107.33
2002-11-12,106.44
2002-11-13,106.85
2002-11-14,106.14
2002-11-15,106.75
2002-11-18,107.49
2002-11-19,107.29
2002-11-20,106.94
2002-11-21,106.94
2002-11-22,106.5
2002-11-25,106.49
2002-11-26,107.09
2002-11-27,106.49
2002-11-29,106.49
2002-12-02,106.21
2002-12-03,106.4
2002-12-04,106.4
2002-12-05,106.64
2002-12-06,106.7
2002-12-09,106.7
2002-12-10,106.9
2002-12-11,107.35
2002-12-12,107.35
2002-12-13,106.8
2002-12-16,106.75
2002-12-17,107.15
2002-12-18,107.69
2002-12-19,108.38
2002-12-20,108.41
2002-12-23,108.43
2002-12-24,108.66
2002-12-26,109.02
2002-12-27,109.65
2002-12-30,109.98
2002-12-31,109.69
2003-01-02,107.33
2003-01-03,107.94
2003-01-06,107.89
2003-01-07,108.3
2003-01-08,108.41
2003-01-09,107.54
2003-01-10,107.82
2003-01-13,107.7
2003-01-14,108.0
2003-01-15,108.0
2003-01-16,107.75
2003-01-17,108.25
2003-01-21,108.32
2003-01-22,108.54
2003-01-23,108.59
2003-01-24,109.08
2003-01-27,108.44
2003-01-28,108.77
2003-01-29,108.13
2003-01-30,108.5
2003-01-31,108.8
2003-02-03,108.45
2003-02-04,108.66
2003-02-05,108.5
2003-02-06,108.69
2003-02-07,108.93
2003-02-10,108.26
2003-02-11,108.66
2003-02-12,108.51
2003-02-13,108.51
2003-02-14,108.46
2003-02-18,108.8
2003-02-19,109.15
2003-02-20,109.43
2003-02-21,109.13
2003-02-24,109.49
2003-02-25,109.69
2003-02-26,109.99
2003-02-27,110.45
2003-02-28,110.49
2003-03-03,110.7
2003-03-04,110.76
2003-03-05,110.7
2003-03-06,110.51
2003-03-07,110.54
2003-03-10,110.85
2003-03-11,110.6
2003-03-12,110.4
2003-03-13,109.7
2003-03-14,109.57
2003-03-17,109.0
2003-03-18,108.57
2003-03-19,108.0
2003-03-20,108.19
2003-03-21,107.64
2003-03-24,108.5
2003-03-25,108.62
2003-03-26,109.1
2003-03-27,109.25
2003-03-28,109.69
2003-03-31,110.2
2003-04-01,110.06
2003-04-02,109.74
2003-04-03,109.75
2003-04-04,109.48
2003-04-07,109.28
2003-04-08,109.68
2003-04-09,110.04
2003-04-10,109.64
2003-04-11,109.25
2003-04-14,109.31
2003-04-15,109.51
2003-04-16,110.25
2003-04-17,110.02
2003-04-21,110.25
2003-04-22,110.3
2003-04-23,110.94
2003-04-24,111.59
2003-04-25,111.6
2003-04-28,111.66
2003-04-29,111.26
2003-04-30,112.05
2003-05-01,111.83
2003-05-02,111.45
2003-05-05,111.95
2003-05-06,112.54
2003-05-07,113.29
2003-05-08,113.3
2003-05-09,113.1
2003-05-12,113.49
2003-05-13,113.5
2003-05-14,114.0
2003-05-15,113.96
2003-05-16,114.72
2003-05-19,114.25
2003-05-20,114.6
2003-05-21,114.6
2003-05-22,115.37
2003-05-23,115.53
2003-05-27,115.13
2003-05-28,114.67
2003-05-29,115.5
2003-05-30,115.55
2003-06-02,114.35
2003-06-03,115.4
2003-06-04,115.55
2003-06-05,115.36
2003-06-06,115.55
2003-06-09,115.8
2003-06-10,116.7
2003-06-11,116.57
2003-06-12,116.99
2003-06-13,117.48
2003-06-16,117.05
2003-06-17,116.68
2003-06-18,115.6
2003-06-19,115.8
2003-06-20,115.25
2003-06-23,115.83
2003-06-24,116.0
2003-06-25,115.41
2003-06-26,114.4
2003-06-27,114.1
2003-06-30,114.63
2003-07-01,113.35
2003-07-02,113.75
2003-07-03,113.05
2003-07-07,112.5
2003-07-08,112.6
2003-07-09,113.0
2003-07-10,113.23
2003-07-11,113.37
2003-07-14,113.07
2003-07-15,111.78
2003-07-16,111.74
2003-07-17,111.22
2003-07-18,111.69
2003-07-21,110.34
2003-07-22,110.25
2003-07-23,110.98
2003-07-24,110.5
2003-07-25,110.25
2003-07-28,109.15
2003-07-29,108.15
2003-07-30,108.7
2003-07-31,107.35
2003-08-01,106.95
2003-08-04,107.58
2003-08-05,107.09
2003-08-06,107.5
2003-08-07,108.09
2003-08-08,108.15
2003-08-11,107.73
2003-08-12,107.61
2003-08-13,106.4
2003-08-14,106.54
2003-08-15,106.75
2003-08-18,107.1
2003-08-19,108.05
2003-08-20,107.72
2003-08-21,107.2
2003-08-22,107.72
2003-08-25,107.24
2003-08-26,107.45
2003-08-27,107.43
2003-08-28,108.22
2003-08-29,108.18
2003-09-02,107.16
2003-09-03,107.47
2003-09-04,107.84
2003-09-05,108.66
2003-09-08,108.26
2003-09-09,108.6
2003-09-10,109.47
2003-09-11,108.9
2003-09-12,109.7
2003-09-15,109.74
2003-09-16,109.98
2003-09-17,110.65
2003-09-18,110.5
2003-09-19,110.61
2003-09-22,110.2
2003-09-23,110.36
2003-09-24,110.78
2003-09-25,111.16
2003-09-26,111.85
2003-09-29,111.55
2003-09-30,112.29
2003-10-01,111.88
2003-10-02,111.45
2003-10-03,109.9
2003-10-06,110.01
2003-10-07,109.64
2003-10-08,110.04
2003-10-09,109.66
2003-10-10,110.2
2003-10-13,110.13
2003-10-14,109.68
2003-10-15,109.69
2003-10-16,109.34
2003-10-17,109.94
2003-10-20,110.04
2003-10-21,110.08
2003-10-22,110.4
2003-10-23,109.8
2003-10-24,110.6
2003-10-27,110.35
2003-10-28,111.08
2003-10-29,110.3
2003-10-30,110.15
2003-10-31,110.15
2003-11-03,109.78
2003-11-04,109.95
2003-11-05,109.18
2003-11-06,108.58
2003-11-07,108.79
2003-11-10,108.47
2003-11-11,108.94
2003-11-12,109.0
2003-11-13,110.03
2003-11-14,110.63
2003-11-17,110.84
2003-11-18,111.33
2003-11-19,110.35
2003-11-20,110.88
2003-11-21,111.25
2003-11-24,110.5
2003-11-25,110.85
2003-11-26,110.61
2003-11-28,110.06
2003-12-01,109.39
2003-12-02,109.69
2003-12-03,109.5
2003-12-04,109.59
2003-12-05,110.73
2003-12-08,109.9
2003-12-09,109.55
2003-12-10,109.8
2003-12-11,110.3
2003-12-12,110.6
2003-12-15,110.35
2003-12-16,110.6
2003-12-17,110.85
2003-12-18,111.49
2003-12-19,111.56
2003-12-22,111.35
2003-12-23,110.71
2003-12-24,111.37
2003-12-26,111.4
2003-12-29,111.18
2003-12-30,110.75
2003-12-31,110.57
2004-01-02,109.78
2004-01-05,109.9
2004-01-06,110.89
2004-01-07,110.98
2004-01-08,111.16
2004-01-09,112.06
2004-01-12,112.25
2004-01-13,112.55
2004-01-14,112.79
2004-01-15,113.3
2004-01-16,112.8
2004-01-20,112.57
2004-01-21,112.83
2004-01-22,113.4
2004-01-23,112.5
2004-01-26,111.88
2004-01-27,112.56
2004-01-28,111.67
2004-01-29,111.65
2004-01-30,111.92
2004-02-02,111.45
2004-02-03,111.68
2004-02-04,111.59
2004-02-05,111.4
2004-02-06,111.73
2004-02-09,112.2
2004-02-10,111.87
2004-02-11,112.55
2004-02-12,112.35
2004-02-13,112.99
2004-02-17,112.66
2004-02-18,112.4
2004-02-19,112.8
2004-02-20,112.25
2004-02-23,112.56
2004-02-24,112.67
2004-02-25,112.75
2004-02-26,112.83
2004-02-27,113.16
2004-03-01,112.69
2004-03-02,112.47
2004-03-03,112.42
2004-03-04,112.6
2004-03-05,113.8
2004-03-08,114.12
2004-03-09,114.35
2004-03-10,114.72
2004-03-11,114.23
2004-03-12,114.1
2004-03-15,114.23
2004-03-16,114.75
2004-03-17,114.81
2004-03-18,114.33
2004-03-19,114.15
2004-03-22,114.59
2004-03-23,114.8
2004-03-24,114.69
2004-03-25,114.38
2004-03-26,113.53
2004-03-29,113.71
2004-03-30,113.43
2004-03-31,113.84
2004-04-01,113.36
2004-04-02,111.59
2004-04-05,111.03
2004-04-06,111.55
2004-04-07,111.58
2004-04-08,111.69
2004-04-12,111.01
2004-04-13,110.31
2004-04-14,110.16
2004-04-15,109.7
2004-04-16,110.33
2004-04-19,110.13
2004-04-20,109.41
2004-04-21,109.5
2004-04-22,110.1
2004-04-23,109.63
2004-04-26,109.64
2004-04-27,110.16
2004-04-28,109.49
2004-04-29,109.0
2004-04-30,109.0
2004-05-03,108.71
2004-05-04,108.35
2004-05-05,108.19
2004-05-06,107.7
2004-05-07,106.3
2004-05-10,105.51
2004-05-11,105.72
2004-05-12,105.76
2004-05-13,105.2
2004-05-14,105.84
2004-05-17,106.35
2004-05-18,106.5
2004-05-19,106.15
2004-05-20,106.74
2004-05-21,106.65
2004-05-24,107.08
2004-05-25,107.19
2004-05-26,107.67
2004-05-27,108.16
2004-05-28,108.0
2004-06-01,106.99
2004-06-02,106.71
2004-06-03,106.99
2004-06-04,106.61
2004-06-07,106.75
2004-06-08,106.76
2004-06-09,106.29
2004-06-10,106.35
2004-06-14,105.81
2004-06-15,107.01
2004-06-16,107.02
2004-06-17,107.23
2004-06-18,107.1
2004-06-21,107.29
2004-06-22,107.14
2004-06-23,107.07
2004-06-24,107.42
2004-06-25,107.5
2004-06-28,106.75
2004-06-29,107.5
2004-06-30,107.7
2004-07-01,107.8
2004-07-02,108.55
2004-07-06,108.3
2004-07-07,108.39
2004-07-08,108.45
2004-07-09,108.49
2004-07-12,108.71
2004-07-13,108.5
2004-07-14,108.55
2004-07-15,108.33
2004-07-16,109.38
2004-07-19,109.45
2004-07-20,108.7
2004-07-21,108.68
2004-07-22,108.43
2004-07-23,108.9
2004-07-26,108.84
2004-07-27,108.08
2004-07-28,107.76
2004-07-29,108.17
2004-07-30,108.94
2004-08-02,108.73
2004-08-03,108.61
2004-08-04,108.9
2004-08-05,109.1
2004-08-06,110.08
2004-08-09,110.1
2004-08-10,109.74
2004-08-11,109.66
2004-08-12,109.81
2004-08-13,110.25
2004-08-16,110.14
2004-08-17,110.74
2004-08-18,110.42
2004-08-19,110.81
2004-08-20,110.41
2004-08-23,110.2
2004-08-24,110.1
2004-08-25,110.62
2004-08-26,110.69
2004-08-27,110.95
2004-08-30,111.38
2004-08-31,111.85
2004-09-01,111.2
2004-09-02,110.73
2004-09-03,109.86
2004-09-07,110.48
2004-09-08,110.95
2004-09-09,111.18
2004-09-10,111.12
2004-09-13,111.5
2004-09-14,111.53
2004-09-15,111.53
2004-09-16,112.17
2004-09-17,111.75
2004-09-20,112.36
2004-09-21,112.4
2004-09-22,112.8
2004-09-23,112.35
2004-09-24,112.31
2004-09-27,112.7
2004-09-28,112.62
2004-09-29,112.09
2004-09-30,111.76
2004-10-01,110.84
2004-10-04,110.77
2004-10-05,111.23
2004-10-06,110.91
2004-10-07,110.67
2004-10-08,111.75
2004-10-11,111.85
2004-10-12,111.91
2004-10-13,112.34
2004-10-14,112.8
2004-10-15,112.3
2004-10-18,112.49
2004-10-19,112.47
2004-10-20,112.84
2004-10-21,112.74
2004-10-22,112.65
2004-10-25,112.9
2004-10-26,112.78
2004-10-27,112.1
2004-10-28,112.29
2004-10-29,112.65
2004-11-01,111.75
2004-11-02,111.92
2004-11-03,111.7
2004-11-04,112.18
2004-11-05,111.7
2004-11-08,111.23
2004-11-09,111.25
2004-11-10,111.15
2004-11-11,111.16
2004-11-12,111.72
2004-11-15,111.76
2004-11-16,111.7
2004-11-17,112.32
2004-11-18,112.5
2004-11-19,111.91
2004-11-22,111.86
2004-11-23,112.0
2004-11-24,111.99
2004-11-26,111.59
2004-11-29,110.71
2004-11-30,110.85
2004-12-01,110.36
2004-12-02,110.01
2004-12-03,110.63
2004-12-06,110.94
2004-12-07,111.2
2004-12-08,111.58
2004-12-09,111.84
2004-12-10,111.89
2004-12-13,112.11
2004-12-14,112.16
2004-12-15,112.76
2004-12-16,111.79
2004-12-17,111.91
2004-12-20,111.83
2004-12-21,111.88
2004-12-22,112.0
2004-12-23,112.2
2004-12-27,111.6
2004-12-28,111.72
2004-12-29,111.55
2004-12-30,111.95
2004-12-31,111.53
2005-01-03,112.25
2005-01-04,111.62
2005-01-05,111.71
2005-01-06,111.79
2005-01-07,111.74
2005-01-10,111.55
2005-01-11,111.81
2005-01-12,111.92
2005-01-13,112.22
2005-01-14,112.35
2005-01-18,112.41
2005-01-19,112.58
2005-01-20,112.38
2005-01-21,112.63
2005-01-24,112.83
2005-01-25,112.45
2005-01-26,112.49
2005-01-27,112.25
2005-01-28,112.9
2005-01-31,112.9
2005-02-01,112.45
2005-02-02,112.35
2005-02-03,112.49
2005-02-04,112.85
2005-02-07,112.89
2005-02-08,113.3
2005-02-09,113.7
2005-02-10,113.3
2005-02-11,112.97
2005-02-14,113.16
2005-02-15,112.99
2005-02-16,112.45
2005-02-17,112.2
2005-02-18,112.01
2005-02-22,111.91
2005-02-23,112.07
2005-02-24,111.85
2005-02-25,112.05
2005-02-28,111.42
2005-03-01,110.97
2005-03-02,111.01
2005-03-03,111.0
2005-03-04,111.36
2005-03-07,111.68
2005-03-08,111.18
2005-03-09,110.12
2005-03-10,110.27
2005-03-11,110.08
2005-03-14,110.07
2005-03-15,109.62
2005-03-16,110.0
2005-03-17,109.75
2005-03-18,109.42
2005-03-21,109.29
2005-03-22,108.35
2005-03-23,108.67
2005-03-24,108.9
2005-03-28,108.74
2005-03-29,108.93
2005-03-30,109.21
2005-03-31,109.59
2005-04-01,109.25
2005-04-04,108.58
2005-04-05,108.91
2005-04-06,108.85
2005-04-07,108.3
2005-04-08,108.65
2005-04-11,108.95
2005-04-12,109.39
2005-04-13,109.65
2005-04-14,109.25
2005-04-15,109.75
2005-04-18,109.77
2005-04-19,110.23
2005-04-20,110.29
2005-04-21,109.71
2005-04-22,110.23
2005-04-25,110.5
2005-04-26,110.32
2005-04-27,110.86
2005-04-28,111.32
2005-04-29,110.92
2005-05-02,110.53
2005-05-03,110.59
2005-05-04,110.34
2005-05-05,110.5
2005-05-06,109.9
2005-05-09,109.52
2005-05-10,109.5
2005-05-11,109.6
2005-05-12,109.25
2005-05-13,109.86
2005-05-16,109.69
2005-05-17,109.75
2005-05-18,110.14
2005-05-19,109.98
2005-05-20,109.95
2005-05-23,110.41
2005-05-24,110.65
2005-05-25,110.64
2005-05-26,110.71
2005-05-27,110.7
2005-05-31,111.18
2005-06-01,111.51
2005-06-02,111.94
2005-06-03,111.35
2005-06-06,111.66
2005-06-07,111.89
2005-06-08,111.66
2005-06-09,111.45
2005-06-10,110.95
2005-06-13,110.69
2005-06-14,110.57
2005-06-15,110.36
2005-06-16,110.47
2005-06-17,110.45
2005-06-20,110.32
2005-06-21,110.69
2005-06-22,111.48
2005-06-23,111.55
2005-06-24,111.83
2005-06-27,111.99
2005-06-28,111.64
2005-06-29,111.7
2005-06-30,112.1
2005-07-01,111.16
2005-07-05,110.8
2005-07-06,111.04
2005-07-07,111.33
2005-07-08,111.11
2005-07-11,110.5
2005-07-12,110.25
2005-07-13,110.5
2005-07-14,110.6
2005-07-15,110.65
2005-07-18,110.56
2005-07-19,110.65
2005-07-20,110.77
2005-07-21,110.2
2005-07-22,110.71
2005-07-25,110.7
2005-07-26,110.72
2005-07-27,110.58
2005-07-28,111.0
2005-07-29,110.75
2005-08-01,110.04
2005-08-02,109.84
2005-08-03,110.1
2005-08-04,110.1
2005-08-05,109.91
2005-08-08,109.41
2005-08-09,109.59
2005-08-10,109.68
2005-08-11,110.02
2005-08-12,110.55
2005-08-15,110.39
2005-08-16,110.68
2005-08-17,110.39
2005-08-18,110.7
2005-08-19,110.6
2005-08-22,110.55
2005-08-23,110.64
2005-08-24,110.6
2005-08-25,110.81
2005-08-26,110.99
2005-08-29,111.0
2005-08-30,111.18
2005-08-31,111.96
2005-09-01,111.19
2005-09-02,111.22
2005-09-06,110.99
2005-09-07,110.59
2005-09-08,110.62
2005-09-09,110.67
2005-09-12,110.39
2005-09-13,110.58
2005-09-14,110.31
2005-09-15,109.92
2005-09-16,109.62
2005-09-19,109.92
2005-09-20,109.75
2005-09-21,110.24
2005-09-22,110.18
2005-09-23,109.86
2005-09-26,109.51
2005-09-27,109.61
2005-09-28,109.84
2005-09-29,109.8
2005-09-30,109.43
2005-10-03,108.66
2005-10-04,108.8
2005-10-05,108.95
2005-10-06,108.71
2005-10-07,108.89
2005-10-10,108.82
2005-10-11,108.64
2005-10-12,108.18
2005-10-13,108.0
2005-10-14,107.78
2005-10-17,107.93
2005-10-18,108.07
2005-10-19,108.18
2005-10-20,107.91
2005-10-21,108.48
2005-10-24,108.07
2005-10-25,107.54
2005-10-26,107.22
2005-10-27,107.3
2005-10-28,107.3
2005-10-31,107.27
2005-11-01,106.82
2005-11-02,106.61
2005-11-03,106.24
2005-11-04,106.32
2005-11-07,106.43
2005-11-08,107.07
2005-11-09,106.5
2005-11-10,107.06
2005-11-11,107.15
2005-11-14,106.61
2005-11-15,106.89
2005-11-16,107.34
2005-11-17,107.52
2005-11-18,107.31
2005-11-21,107.66
2005-11-22,107.86
2005-11-23,107.76
2005-11-25,107.9
2005-11-28,108.26
2005-11-29,107.76
2005-11-30,107.56
2005-12-01,106.95
2005-12-02,106.98
2005-12-05,106.7
2005-12-06,106.92
2005-12-07,106.79
2005-12-08,107.01
2005-12-09,106.82
2005-12-12,106.59
2005-12-13,106.68
2005-12-14,107.23
2005-12-15,107.14
2005-12-16,107.59
2005-12-19,107.41
2005-12-20,107.5
2005-12-21,107.54
2005-12-22,107.55
2005-12-23,107.97
2005-12-27,108.46
2005-12-28,108.11
2005-12-29,107.82
2005-12-30,107.69
2006-01-03,108.28
2006-01-04,108.28
2006-01-05,108.37
2006-01-06,108.2
2006-01-09,108.22
2006-01-10,107.93
2006-01-11,107.75
2006-01-12,108.09
2006-01-13,108.41
2006-01-17,108.41
2006-01-18,108.38
2006-01-19,108.36
2006-01-20,108.45
2006-01-23,108.7
2006-01-24,108.46
2006-01-25,107.86
2006-01-26,107.7
2006-01-27,107.86
2006-01-30,107.46
2006-01-31,107.22
2006-02-01,106.84
2006-02-02,106.75
2006-02-03,106.92
2006-02-06,107.1
2006-02-07,106.83
2006-02-08,106.83
2006-02-09,107.0
2006-02-10,106.8
2006-02-13,106.96
2006-02-14,106.85
2006-02-15,106.92
2006-02-16,107.07
2006-02-17,107.42
2006-02-21,107.37
2006-02-22,107.77
2006-02-23,107.53
2006-02-24,107.48
2006-02-27,107.43
2006-02-28,107.54
2006-03-01,106.69
2006-03-02,106.2
2006-03-03,106.0
2006-03-06,105.45
2006-03-07,105.4
2006-03-08,105.45
2006-03-09,105.43
2006-03-10,105.7
2006-03-13,105.56
2006-03-14,106.24
2006-03-15,106.08
2006-03-16,106.66
2006-03-17,106.56
2006-03-20,106.68
2006-03-21,106.28
2006-03-22,106.26
2006-03-23,106.2
2006-03-24,106.46
2006-03-27,106.46
2006-03-28,105.96
2006-03-29,105.86
2006-03-30,105.54
2006-03-31,105.3
2006-04-03,104.95
2006-04-04,105.05
2006-04-05,105.4
2006-04-06,105.02
2006-04-07,104.61
2006-04-10,104.38
2006-04-11,104.68
2006-04-12,104.35
2006-04-13,104.15
2006-04-17,104.13
2006-04-18,104.55
2006-04-19,104.48
2006-04-20,104.43
2006-04-21,104.63
2006-04-24,104.84
2006-04-25,104.34
2006-04-26,104.22
2006-04-27,104.41
2006-04-28,104.65
2006-05-01,103.66
2006-05-02,103.82
2006-05-03,103.82
2006-05-04,103.78
2006-05-05,103.9
2006-05-08,104.03
2006-05-09,104.07
2006-05-10,104.14
2006-05-11,103.96
2006-05-12,103.7
2006-05-15,103.79
2006-05-16,104.17
2006-05-17,103.84
2006-05-18,104.5
2006-05-19,104.45
2006-05-22,104.51
2006-05-23,104.44
2006-05-24,104.55
2006-05-25,104.41
2006-05-26,104.42
2006-05-30,104.19
2006-05-31,103.99
2006-06-01,103.74
2006-06-02,104.39
2006-06-05,104.07
2006-06-06,104.3
2006-06-07,104.02
2006-06-08,104.36
2006-06-09,104.47
2006-06-12,104.19
2006-06-13,104.3
2006-06-14,103.85
2006-06-15,103.64
2006-06-16,103.5
2006-06-19,103.37
2006-06-20,103.29
2006-06-21,103.16
2006-06-22,102.92
2006-06-23,102.75
2006-06-26,102.75
2006-06-27,102.59
2006-06-28,102.36
2006-06-29,102.9
2006-06-30,103.47
2006-07-03,102.89
2006-07-05,102.24
2006-07-06,102.75
2006-07-07,103.14
2006-07-10,103.27
2006-07-11,103.43
2006-07-12,103.6
2006-07-13,103.59
2006-07-14,103.68
2006-07-17,103.79
2006-07-18,103.25
2006-07-19,103.72
2006-07-20,104.17
2006-07-21,104.09
2006-07-24,104.12
2006-07-25,104.04
2006-07-26,104.26
2006-07-27,104.1
2006-07-28,104.5
2006-07-31,104.52
2006-08-01,104.21
2006-08-02,104.39
2006-08-03,104.4
2006-08-04,104.81
2006-08-07,104.72
2006-08-08,104.78
2006-08-09,104.73
2006-08-10,104.72
2006-08-11,104.51
2006-08-14,104.38
2006-08-15,104.92
2006-08-16,105.36
2006-08-17,105.31
2006-08-18,105.52
2006-08-21,105.67
2006-08-22,105.74
2006-08-23,105.7
2006-08-24,105.7
2006-08-25,105.85
2006-08-28,105.88
2006-08-29,105.95
2006-08-30,106.02
2006-08-31,106.38
2006-09-01,105.78
2006-09-05,105.46
2006-09-06,105.46
2006-09-07,105.57
2006-09-08,105.68
2006-09-11,105.64
2006-09-12,105.8
2006-09-13,106.08
2006-09-14,105.81
2006-09-15,105.74
2006-09-18,105.76
2006-09-19,106.17
2006-09-20,106.34
2006-09-21,106.98
2006-09-22,107.04
2006-09-25,107.2
2006-09-26,106.9
2006-09-27,106.85
2006-09-28,106.88
2006-09-29,106.83
2006-10-02,106.53
2006-10-03,106.6
2006-10-04,107.11
2006-10-05,106.76
2006-10-06,106.16
2006-10-09,106.24
2006-10-10,105.77
2006-10-11,105.53
2006-10-12,105.78
2006-10-13,105.39
2006-10-16,105.65
2006-10-17,105.85
2006-10-18,106.07
2006-10-19,105.73
2006-10-20,105.77
2006-10-23,105.53
2006-10-24,105.71
2006-10-25,106.16
2006-10-26,106.5
2006-10-27,106.84
2006-10-30,106.94
2006-10-31,107.42
2006-11-01,107.31
2006-11-02,107.18
2006-11-03,106.43
2006-11-06,106.55
2006-11-07,106.93
2006-11-08,107.06
2006-11-09,107.17
2006-11-10,107.46
2006-11-13,107.39
2006-11-14,107.56
2006-11-15,107.28
2006-11-16,107.13
2006-11-17,107.48
2006-11-20,107.56
2006-11-21,107.71
2006-11-22,107.83
2006-11-24,108.0
2006-11-27,108.01
2006-11-28,108.21
2006-11-29,108.11
2006-11-30,108.52
2006-12-01,108.2
2006-12-04,108.45
2006-12-05,108.4
2006-12-06,108.13
2006-12-07,108.18
2006-12-08,107.78
2006-12-11,108.02
2006-12-12,108.25
2006-12-13,107.71
2006-12-14,107.61
2006-12-15,107.59
2006-12-18,107.6
2006-12-19,107.58
2006-12-20,107.66
2006-12-21,107.94
2006-12-22,107.6
2006-12-26,107.72
2006-12-27,106.95
2006-12-28,106.73
2006-12-29,106.68
2007-01-03,106.45
2007-01-04,107.25
2007-01-05,107.18
2007-01-08,107.15
2007-01-09,107.17
2007-01-10,107.03
2007-01-11,106.7
2007-01-12,106.59
2007-01-16,106.71
2007-01-17,106.56
2007-01-18,106.87
2007-01-19,106.81
2007-01-22,106.88
2007-01-23,106.59
2007-01-24,106.64
2007-01-25,106.3
2007-01-26,106.23
2007-01-29,106.18
2007-01-30,106.33
2007-01-31,106.78
2007-02-01,106.28
2007-02-02,106.38
2007-02-05,106.52
2007-02-06,106.8
2007-02-07,106.95
2007-02-08,107.07
2007-02-09,106.62
2007-02-12,106.64
2007-02-13,106.57
2007-02-14,107.18
2007-02-15,107.38
2007-02-16,107.49
2007-02-20,107.66
2007-02-21,107.59
2007-02-22,107.44
2007-02-23,107.79
2007-02-26,108.23
2007-02-27,108.65
2007-02-28,108.45
2007-03-01,108.02
2007-03-02,108.32
2007-03-05,108.16
2007-03-06,107.75
2007-03-07,107.85
2007-03-08,107.99
2007-03-09,107.71
2007-03-12,107.94
2007-03-13,108.0
2007-03-14,107.9
2007-03-15,107.92
2007-03-16,107.5
2007-03-19,107.3
2007-03-20,107.59
2007-03-21,107.91
2007-03-22,107.61
2007-03-23,107.33
2007-03-26,107.53
2007-03-27,107.51
2007-03-28,107.44
2007-03-29,107.31
2007-03-30,107.27
2007-04-02,106.84
2007-04-03,106.78
2007-04-04,106.87
2007-04-05,106.65
2007-04-09,106.3
2007-04-10,106.52
2007-04-11,106.32
2007-04-12,106.48
2007-04-13,106.3
2007-04-16,106.39
2007-04-17,106.97
2007-04-18,107.0
2007-04-19,107.07
2007-04-20,107.04
2007-04-23,107.35
2007-04-24,107.62
2007-04-25,107.47
2007-04-26,107.24
2007-04-27,107.21
2007-04-30,107.73
2007-05-01,107.19
2007-05-02,107.16
2007-05-03,107.01
2007-05-04,107.27
2007-05-07,107.4
2007-05-08,107.34
2007-05-09,107.17
2007-05-10,107.22
2007-05-11,107.11
2007-05-14,107.0
2007-05-15,106.76
2007-05-16,107.01
2007-05-17,106.69
2007-05-18,106.39
2007-05-21,106.53
2007-05-22,106.19
2007-05-23,106.09
2007-05-24,106.22
2007-05-25,106.15
2007-05-29,105.94
2007-05-30,106.02
2007-05-31,105.93
2007-06-01,105.03
2007-06-04,105.2
2007-06-05,104.86
2007-06-06,104.95
2007-06-07,103.83
2007-06-08,103.88
2007-06-11,103.56
2007-06-12,103.0
2007-06-13,103.45
2007-06-14,103.42
2007-06-15,103.83
2007-06-18,103.82
2007-06-19,104.49
2007-06-20,103.99
2007-06-21,103.72
2007-06-22,104.0
2007-06-25,104.12
2007-06-26,104.1
2007-06-27,104.1
2007-06-28,103.99
2007-06-29,104.58
2007-07-02,103.85
2007-07-03,103.87
2007-07-05,103.2
2007-07-06,103.0
2007-07-09,103.21
2007-07-10,103.92
2007-07-11,103.45
2007-07-12,103.04
2007-07-13,103.49
2007-07-16,103.76
2007-07-17,103.54
2007-07-18,103.84
2007-07-19,103.62
2007-07-20,103.91
2007-07-23,103.79
2007-07-24,103.66
2007-07-25,103.74
2007-07-26,103.52
2007-07-27,103.14
2007-07-30,103.3
2007-07-31,103.25
2007-08-01,103.09
2007-08-02,102.95
2007-08-03,103.46
2007-08-06,103.1
2007-08-07,103.38
2007-08-08,103.49
2007-08-09,103.4
2007-08-10,102.94
2007-08-13,103.3
2007-08-14,103.95
2007-08-15,103.67
2007-08-16,102.66
2007-08-17,102.84
2007-08-20,103.58
2007-08-21,103.79
2007-08-22,104.0
2007-08-23,104.05
2007-08-24,104.28
2007-08-27,104.0
2007-08-28,104.89
2007-08-29,104.41
2007-08-30,104.72
2007-08-31,105.21
2007-09-04,104.49
2007-09-05,104.9
2007-09-06,104.66
2007-09-07,105.23
2007-09-10,105.54
2007-09-11,104.93
2007-09-12,104.5
2007-09-13,104.35
2007-09-14,104.64
2007-09-17,104.6
2007-09-18,104.85
2007-09-19,104.27
2007-09-20,104.08
2007-09-21,104.57
2007-09-24,105.09
2007-09-25,105.03
2007-09-26,105.29
2007-09-27,105.56
2007-09-28,105.49
2007-10-01,104.33
2007-10-02,104.23
2007-10-03,104.7
2007-10-04,105.53
2007-10-05,105.1
2007-10-08,105.47
2007-10-09,105.01
2007-10-10,105.38
2007-10-11,105.6
2007-10-12,105.02
2007-10-15,105.35
2007-10-16,105.53
2007-10-17,106.03
2007-10-18,106.04
2007-10-19,106.73
2007-10-22,106.73
2007-10-23,106.1
2007-10-24,106.75
2007-10-25,106.5
2007-10-26,106.33
2007-10-29,106.58
2007-10-30,106.57
2007-10-31,106.02
2007-11-01,106.35
2007-11-02,105.69
2007-11-05,105.95
2007-11-06,105.3
2007-11-07,105.23
2007-11-08,105.4
2007-11-09,105.87
2007-11-12,105.83
2007-11-13,105.3
2007-11-14,104.85
2007-11-15,105.25
2007-11-16,105.26
2007-11-19,106.07
2007-11-20,105.4
2007-11-21,106.14
2007-11-23,105.61
2007-11-26,107.36
2007-11-27,106.44
2007-11-28,105.7
2007-11-29,106.1
2007-11-30,106.62
2007-12-03,106.2
2007-12-04,106.25
2007-12-05,105.85
2007-12-06,105.07
2007-12-07,104.17
2007-12-10,104.24
2007-12-11,105.25
2007-12-12,104.92
2007-12-13,104.32
2007-12-14,103.14
2007-12-17,104.14
2007-12-18,104.46
2007-12-19,105.28
2007-12-20,104.77
2007-12-21,104.66
2007-12-24,104.13
2007-12-26,104.16
2007-12-27,104.31
2007-12-28,104.64
2007-12-31,104.84
2008-01-02,106.08
2008-01-03,105.73
2008-01-04,106.6
2008-01-07,106.47
2008-01-08,106.27
2008-01-09,106.05
2008-01-10,105.74
2008-01-11,106.51
2008-01-14,106.07
2008-01-15,106.64
2008-01-16,106.48
2008-01-17,106.98
2008-01-18,106.8
2008-01-22,107.03
2008-01-23,107.17
2008-01-24,106.26
2008-01-25,107.41
2008-01-28,107.38
2008-01-29,107.2
2008-01-30,107.18
2008-01-31,107.53
2008-02-01,107.49
2008-02-04,107.2
2008-02-05,107.57
2008-02-06,106.99
2008-02-07,105.76
2008-02-08,106.16
2008-02-11,106.48
2008-02-12,106.33
2008-02-13,105.26
2008-02-14,105.03
2008-02-15,105.37
2008-02-19,104.33
2008-02-20,104.56
2008-02-21,105.28
2008-02-22,104.87
2008-02-25,104.2
2008-02-26,104.95
2008-02-27,104.85
2008-02-28,105.61
2008-02-29,106.28
2008-03-03,105.83
2008-03-04,105.21
2008-03-05,104.47
2008-03-06,104.33
2008-03-07,104.11
2008-03-10,104.09
2008-03-11,102.9
2008-03-12,104.14
2008-03-13,103.01
2008-03-14,102.95
2008-03-17,103.79
2008-03-18,103.6
2008-03-19,104.05
2008-03-20,104.6
2008-03-24,104.4
2008-03-25,104.87
2008-03-26,105.0
2008-03-27,104.36
2008-03-28,104.92
2008-03-31,105.2
2008-04-01,104.52
2008-04-02,104.7
2008-04-03,104.75
2008-04-04,106.02
2008-04-07,106.14
2008-04-08,105.76
2008-04-09,105.45
2008-04-10,105.55
2008-04-11,105.65
2008-04-14,105.0
2008-04-15,104.78
2008-04-16,104.18
2008-04-17,104.45
2008-04-18,104.91
2008-04-21,104.57
2008-04-22,104.34
2008-04-23,104.66
2008-04-24,104.52
2008-04-25,104.57
2008-04-28,105.07
2008-04-29,105.4
2008-04-30,105.99
2008-05-01,106.15
2008-05-02,105.53
2008-05-05,105.68
2008-05-06,105.0
2008-05-07,105.28
2008-05-08,105.75
2008-05-09,105.75
2008-05-12,105.65
2008-05-13,105.05
2008-05-14,105.11
2008-05-15,105.81
2008-05-16,105.67
2008-05-19,105.69
2008-05-20,105.73
2008-05-21,105.27
2008-05-22,104.11
2008-05-23,104.59
2008-05-27,103.96
2008-05-28,103.29
2008-05-29,102.79
2008-05-30,103.2
2008-06-02,103.08
2008-06-03,103.48
2008-06-04,103.16
2008-06-05,102.61
2008-06-06,103.12
2008-06-09,103.03
2008-06-10,102.44
2008-06-11,102.4
2008-06-12,101.53
2008-06-13,101.0
2008-06-16,101.36
2008-06-17,101.69
2008-06-18,102.2
2008-06-19,101.67
2008-06-20,101.73
2008-06-23,101.69
2008-06-24,101.63
2008-06-25,101.71
2008-06-26,101.79
2008-06-27,101.69
2008-06-30,101.4
2008-07-01,100.92
2008-07-02,100.85
2008-07-03,100.72
2008-07-07,101.19
2008-07-08,101.74
2008-07-09,101.81
2008-07-10,101.23
2008-07-11,100.45
2008-07-14,100.5
2008-07-15,100.48
2008-07-16,99.69
2008-07-17,99.35
2008-07-18,99.17
2008-07-21,99.28
2008-07-22,99.92
2008-07-23,99.57
2008-07-24,100.45
2008-07-25,99.92
2008-07-28,100.5
2008-07-29,100.25
2008-07-30,100.73
2008-07-31,101.36
2008-08-01,100.53
2008-08-04,100.54
2008-08-05,100.1
2008-08-06,100.25
2008-08-07,101.08
2008-08-08,101.18
2008-08-11,100.72
2008-08-12,101.33
2008-08-13,100.8
2008-08-14,101.09
2008-08-15,101.32
2008-08-18,101.36
2008-08-19,101.2
2008-08-20,101.21
2008-08-21,100.61
2008-08-22,100.65
2008-08-25,101.3
2008-08-26,101.42
2008-08-27,101.26
2008-08-28,101.24
2008-08-29,101.04
2008-09-02,100.98
2008-09-03,101.18
2008-09-04,101.21
2008-09-05,101.11
2008-09-08,101.28
2008-09-09,101.63
2008-09-10,101.59
2008-09-11,100.8
2008-09-12,100.03
2008-09-15,99.29
2008-09-16,92.99
2008-09-17,88.73
2008-09-18,89.94
2008-09-19,92.75
2008-09-22,93.3
2008-09-23,92.34
2008-09-24,92.1
2008-09-25,92.5
2008-09-26,90.0
2008-09-29,81.8
2008-09-30,89.79
2008-10-01,90.21
2008-10-02,88.9
2008-10-03,88.86
2008-10-06,87.83
2008-10-07,89.47
2008-10-08,88.83
2008-10-09,86.46
2008-10-10,81.7
2008-10-13,86.2
2008-10-14,84.85
2008-10-15,84.85
2008-10-16,85.74
2008-10-17,85.01
2008-10-20,87.6
2008-10-21,88.47
2008-10-22,87.45
2008-10-23,88.0
2008-10-24,88.35
2008-10-27,87.78
2008-10-28,87.2
2008-10-29,88.67
2008-10-30,88.01
2008-10-31,87.65
2008-11-03,87.93
2008-11-04,88.53
2008-11-05,90.25
2008-11-06,90.87
2008-11-07,90.23
2008-11-10,90.27
2008-11-11,90.56
2008-11-12,90.54
2008-11-13,89.92
2008-11-14,89.9
2008-11-17,90.55
2008-11-18,90.66
2008-11-19,90.8
2008-11-20,89.81
2008-11-21,90.85
2008-11-24,90.45
2008-11-25,90.88
2008-11-26,90.4
2008-11-28,90.14
2008-12-01,91.09
2008-12-02,91.78
2008-12-03,92.42
2008-12-04,92.51
2008-12-05,91.88
2008-12-08,92.83
2008-12-09,93.46
2008-12-10,93.68
2008-12-11,94.0
2008-12-12,94.51
2008-12-15,94.48
2008-12-16,96.42
2008-12-17,97.85
2008-12-18,100.22
2008-12-19,98.73
2008-12-22,99.92
2008-12-23,100.25
2008-12-24,100.5
2008-12-26,100.69
2008-12-29,100.58
2008-12-30,101.46
2008-12-31,101.65
2009-01-02,100.61
2009-01-05,101.3
2009-01-06,101.47
2009-01-07,100.62
2009-01-08,101.34
2009-01-09,102.6
2009-01-12,102.07
2009-01-13,101.85
2009-01-14,101.4
2009-01-15,101.6
2009-01-16,101.6
2009-01-20,100.1
2009-01-21,99.6
2009-01-22,99.23
2009-01-23,98.57
2009-01-26,97.69
2009-01-27,99.53
2009-01-28,100.32
2009-01-29,99.12
2009-01-30,99.82
2009-02-02,98.85
2009-02-03,98.52
2009-02-04,98.56
2009-02-05,97.7
2009-02-06,98.28
2009-02-09,98.46
2009-02-10,98.94
2009-02-11,99.28
2009-02-12,99.36
2009-02-13,98.6
2009-02-17,99.14
2009-02-18,98.65
2009-02-19,97.84
2009-02-20,97.43
2009-02-23,97.1
2009-02-24,96.75
2009-02-25,95.43
2009-02-26,94.82
2009-02-27,94.16
2009-03-02,93.69
2009-03-03,93.18
2009-03-04,93.15
2009-03-05,92.9
2009-03-06,93.1
2009-03-09,90.54
2009-03-10,91.85
2009-03-11,91.88
2009-03-12,91.8
2009-03-13,92.65
2009-03-16,92.78
2009-03-17,92.53
2009-03-18,94.5
2009-03-19,94.7
2009-03-20,93.74
2009-03-23,94.03
2009-03-24,93.1
2009-03-25,92.65
2009-03-26,93.13
2009-03-27,93.42
2009-03-30,93.35
2009-03-31,94.12
2009-04-01,93.46
2009-04-02,93.49
2009-04-03,92.91
2009-04-06,92.86
2009-04-07,92.82
2009-04-08,93.75
2009-04-09,94.38
2009-04-13,95.29
2009-04-14,95.54
2009-04-15,96.28
2009-04-16,96.69
2009-04-17,96.57
2009-04-20,96.04
2009-04-21,96.34
2009-04-22,96.1
2009-04-23,96.02
2009-04-24,96.23
2009-04-27,96.11
2009-04-28,95.8
2009-04-29,96.26
2009-04-30,96.2
2009-05-01,95.97
2009-05-04,96.2
2009-05-05,96.51
2009-05-06,96.94
2009-05-07,96.01
2009-05-08,96.62
2009-05-11,96.91
2009-05-12,97.18
2009-05-13,97.0
2009-05-14,97.22
2009-05-15,97.2
2009-05-18,97.06
2009-05-19,97.45
2009-05-20,98.01
2009-05-21,97.01
2009-05-22,96.88
2009-05-26,96.84
2009-05-27,96.17
2009-05-28,96.53
2009-05-29,97.95
2009-06-01,97.43
2009-06-02,98.15
2009-06-03,98.65
2009-06-04,98.22
2009-06-05,97.7
2009-06-08,97.5
2009-06-09,98.24
2009-06-10,97.95
2009-06-11,98.29
2009-06-12,99.02
2009-06-15,99.05
2009-06-16,98.99
2009-06-17,99.11
2009-06-18,97.85
2009-06-19,98.59
2009-06-22,98.95
2009-06-23,99.75
2009-06-24,99.59
2009-06-25,100.37
2009-06-26,100.42
2009-06-29,100.31
2009-06-30,100.28
2009-07-01,99.7
2009-07-02,99.71
2009-07-06,99.95
2009-07-07,99.55
2009-07-08,100.46
2009-07-09,100.5
2009-07-10,100.9
2009-07-13,100.84
2009-07-14,100.62
2009-07-15,99.69
2009-07-16,100.38
2009-07-17,100.07
2009-07-20,100.48
2009-07-21,101.9
2009-07-22,101.63
2009-07-23,101.46
2009-07-24,101.74
2009-07-27,101.51
2009-07-28,101.9
2009-07-29,102.54
2009-07-30,103.1
2009-07-31,104.46
2009-08-03,103.0
2009-08-04,102.48
2009-08-05,102.5
2009-08-06,102.22
2009-08-07,102.2
2009-08-10,102.52
2009-08-11,103.05
2009-08-12,102.15
2009-08-13,103.14
2009-08-14,103.12
2009-08-17,103.29
2009-08-18,103.03
2009-08-19,103.36
2009-08-20,103.85
2009-08-21,103.38
2009-08-24,103.91
2009-08-25,104.09
2009-08-26,104.78
2009-08-27,104.3
2009-08-28,104.82
2009-08-31,105.33
2009-09-01,104.31
2009-09-02,104.62
2009-09-03,104.8
2009-09-04,104.87
2009-09-08,104.6
2009-09-09,104.57
2009-09-10,105.26
2009-09-11,106.21
2009-09-14,105.67
2009-09-15,105.61
2009-09-16,105.94
2009-09-17,106.46
2009-09-18,105.79
2009-09-21,106.04
2009-09-22,106.29
2009-09-23,106.34
2009-09-24,106.51
2009-09-25,106.92
2009-09-28,107.19
2009-09-29,106.77
2009-09-30,106.68
2009-10-01,105.12
2009-10-02,104.44
2009-10-05,105.0
2009-10-06,104.78
2009-10-07,105.45
2009-10-08,104.86
2009-10-09,103.94
2009-10-12,104.3
2009-10-13,104.5
2009-10-14,104.0
2009-10-15,103.98
2009-10-16,104.06
2009-10-19,104.59
2009-10-20,105.26
2009-10-21,104.82
2009-10-22,105.44
2009-10-23,104.86
2009-10-26,104.42
2009-10-27,105.32
2009-10-28,104.61
2009-10-29,104.74
2009-10-30,105.68
2009-11-02,105.04
2009-11-03,104.56
2009-11-04,104.97
2009-11-05,105.04
2009-11-06,105.32
2009-11-09,105.38
2009-11-10,105.31
2009-11-11,105.7
2009-11-12,105.7
2009-11-13,106.01
2009-11-16,106.51
2009-11-17,106.67
2009-11-18,106.32
2009-11-19,106.45
2009-11-20,105.95
2009-11-23,105.95
2009-11-24,106.36
2009-11-25,106.75
2009-11-27,106.72
2009-11-30,107.25
2009-12-01,106.26
2009-12-02,106.28
2009-12-03,106.25
2009-12-04,105.81
2009-12-07,105.76
2009-12-08,106.21
2009-12-09,105.6
2009-12-10,105.69
2009-12-11,105.19
2009-12-14,105.77
2009-12-15,105.01
2009-12-16,105.41
2009-12-17,105.86
2009-12-18,105.69
2009-12-21,105.18
2009-12-22,104.74
2009-12-23,105.07
2009-12-24,104.58
2009-12-28,104.3
2009-12-29,104.18
2009-12-30,104.3
2009-12-31,104.15
2010-01-04,104.7
2010-01-05,105.2
2010-01-06,104.89
2010-01-07,105.02
2010-01-08,105.25
2010-01-11,105.36
2010-01-12,105.56
2010-01-13,105.12
2010-01-14,105.5
2010-01-15,105.46
2010-01-19,105.55
2010-01-20,105.48
2010-01-21,105.76
2010-01-22,105.6
2010-01-25,105.59
2010-01-26,105.31
2010-01-27,104.93
2010-01-28,104.78
2010-01-29,105.45
2010-02-01,104.53
2010-02-02,104.86
2010-02-03,104.75
2010-02-04,104.74
2010-02-05,104.42
2010-02-08,104.52
2010-02-09,104.28
2010-02-10,103.47
2010-02-11,103.71
2010-02-12,103.83
2010-02-16,104.24
2010-02-17,103.89
2010-02-18,103.82
2010-02-19,104.19
2010-02-22,104.25
2010-02-23,104.5
2010-02-24,104.95
2010-02-25,104.84
2010-02-26,105.53
2010-03-01,105.22
2010-03-02,105.44
2010-03-03,105.66
2010-03-04,105.71
2010-03-05,105.58
2010-03-08,105.75
2010-03-09,105.65
2010-03-10,105.75
2010-03-11,105.71
2010-03-12,105.93
2010-03-15,105.91
2010-03-16,106.4
2010-03-17,106.79
2010-03-18,106.58
2010-03-19,106.5
2010-03-22,106.67
2010-03-23,106.6
2010-03-24,105.81
2010-03-25,105.43
2010-03-26,105.75
2010-03-29,105.66
2010-03-30,105.72
2010-03-31,105.77
2010-04-01,105.53
2010-04-05,104.56
2010-04-06,104.81
2010-04-07,105.34
2010-04-08,105.14
2010-04-09,105.21
2010-04-12,105.51
2010-04-13,105.89
2010-04-14,105.8
2010-04-15,105.98
2010-04-16,106.23
2010-04-19,105.96
2010-04-20,106.19
2010-04-21,106.56
2010-04-22,106.32
2010-04-23,106.3
2010-04-26,106.35
2010-04-27,106.42
2010-04-28,106.6
2010-04-29,106.87
2010-04-30,107.31
2010-05-03,106.89
2010-05-04,107.02
2010-05-05,106.56
2010-05-06,104.8
2010-05-07,105.14
2010-05-10,105.8
2010-05-11,105.91
2010-05-12,105.87
2010-05-13,106.18
2010-05-14,106.15
2010-05-17,106.33
2010-05-18,106.67
2010-05-19,106.73
2010-05-20,106.49
2010-05-21,106.31
2010-05-24,106.59
2010-05-25,106.08
2010-05-26,106.15
2010-05-27,105.6
2010-05-28,105.46
2010-06-01,104.93
2010-06-02,105.3
2010-06-03,104.96
2010-06-04,105.6
2010-06-07,106.04
2010-06-08,106.04
2010-06-09,106.08
2010-06-10,105.64
2010-06-11,106.03
2010-06-14,105.83
2010-06-15,105.7
2010-06-16,105.81
2010-06-17,106.51
2010-06-18,106.5
2010-06-21,106.77
2010-06-22,107.29
2010-06-23,107.74
2010-06-24,107.31
2010-06-25,107.49
2010-06-28,108.08
2010-06-29,108.03
2010-06-30,108.46
2010-07-01,108.14
2010-07-02,107.83
2010-07-06,108.28
2010-07-07,108.35
2010-07-08,108.08
2010-07-09,107.95
2010-07-12,108.08
2010-07-13,108.14
2010-07-14,108.62
2010-07-15,108.81
2010-07-16,109.0
2010-07-19,108.98
2010-07-20,109.1
2010-07-21,109.63
2010-07-22,109.49
2010-07-23,109.63
2010-07-26,109.73
2010-07-27,109.36
2010-07-28,109.75
2010-07-29,109.79
2010-07-30,110.3
2010-08-02,109.63
2010-08-03,109.9
2010-08-04,109.56
2010-08-05,109.76
2010-08-06,110.39
2010-08-09,110.75
2010-08-10,110.61
2010-08-11,110.6
2010-08-12,110.21
2010-08-13,110.64
2010-08-16,111.86
2010-08-17,111.68
2010-08-18,111.78
2010-08-19,111.9
2010-08-20,112.1
2010-08-23,112.34
2010-08-24,112.6
2010-08-25,112.81
2010-08-26,112.91
2010-08-27,111.89
2010-08-30,112.62
2010-08-31,113.0
2010-09-01,111.73
2010-09-02,111.59
2010-09-03,110.75
2010-09-07,111.57
2010-09-08,111.35
2010-09-09,110.77
2010-09-10,110.85
2010-09-13,111.0
2010-09-14,111.52
2010-09-15,111.34
2010-09-16,110.99
2010-09-17,111.35
2010-09-20,111.49
2010-09-21,112.34
2010-09-22,112.27
2010-09-23,112.35
2010-09-24,112.1
2010-09-27,112.68
2010-09-28,112.88
2010-09-29,112.77
2010-09-30,113.09
2010-10-01,112.11
2010-10-04,112.29
2010-10-05,112.52
2010-10-06,113.25
2010-10-07,113.22
2010-10-08,113.11
2010-10-11,113.21
2010-10-12,113.04
2010-10-13,112.98
2010-10-14,112.07
2010-10-15,111.36
2010-10-18,112.13
2010-10-19,112.14
2010-10-20,112.34
2010-10-21,112.04
2010-10-22,112.18
2010-10-25,112.58
2010-10-26,111.98
2010-10-27,111.69
2010-10-28,112.14
2010-10-29,112.36
2010-11-01,111.89
2010-11-02,112.41
2010-11-03,112.04
2010-11-04,113.1
2010-11-05,112.74
2010-11-08,112.8
2010-11-09,111.96
2010-11-10,111.72
2010-11-11,111.23
2010-11-12,110.45
2010-11-15,109.24
2010-11-16,109.82
2010-11-17,109.82
2010-11-18,109.9
2010-11-19,110.28
2010-11-22,110.89
2010-11-23,110.95
2010-11-24,110.04
2010-11-26,110.18
2010-11-29,110.29
2010-11-30,110.12
2010-12-01,109.45
2010-12-02,109.21
2010-12-03,108.9
2010-12-06,109.66
2010-12-07,108.64
2010-12-08,107.94
2010-12-09,108.2
2010-12-10,107.7
2010-12-13,108.1
2010-12-14,107.44
2010-12-15,106.77
2010-12-16,107.29
2010-12-17,108.27
2010-12-20,108.2
2010-12-21,108.43
2010-12-22,108.34
2010-12-23,108.39
2010-12-27,108.6
2010-12-28,107.31
2010-12-29,108.12
2010-12-30,108.17
2010-12-31,108.44
2011-01-03,108.86
2011-01-04,109.0
2011-01-05,108.2
2011-01-06,108.36
2011-01-07,108.91
2011-01-10,109.1
2011-01-11,109.05
2011-01-12,108.98
2011-01-13,109.45
2011-01-14,108.93
2011-01-18,108.87
2011-01-19,108.79
2011-01-20,108.32
2011-01-21,108.48
2011-01-24,108.53
2011-01-25,109.07
2011-01-26,108.46
2011-01-27,108.64
2011-01-28,108.78
2011-01-31,108.48
2011-02-01,107.91
2011-02-02,107.7
2011-02-03,107.44
2011-02-04,107.11
2011-02-07,107.23
2011-02-08,106.84
2011-02-09,107.53
2011-02-10,107.0
2011-02-11,107.59
2011-02-14,107.66
2011-02-15,107.9
2011-02-16,107.77
2011-02-17,107.97
2011-02-18,108.13
2011-02-22,108.43
2011-02-23,108.3
2011-02-24,108.42
2011-02-25,108.93
2011-02-28,109.22
2011-03-01,108.79
2011-03-02,108.21
2011-03-03,107.75
2011-03-04,108.16
2011-03-07,107.89
2011-03-08,107.75
2011-03-09,108.31
2011-03-10,108.75
2011-03-11,108.65
2011-03-14,108.77
2011-03-15,108.76
2011-03-16,109.41
2011-03-17,109.34
2011-03-18,109.41
2011-03-21,109.06
2011-03-22,109.26
2011-03-23,109.19
2011-03-24,108.83
2011-03-25,108.67
2011-03-28,108.71
2011-03-29,108.18
2011-03-30,108.55
2011-03-31,108.2
2011-04-01,108.28
2011-04-04,108.53
2011-04-05,108.59
2011-04-06,108.24
2011-04-07,108.08
2011-04-08,108.02
2011-04-11,108.03
2011-04-12,108.41
2011-04-13,108.6
2011-04-14,108.33
2011-04-15,108.9
2011-04-18,109.05
2011-04-19,109.28
2011-04-20,109.33
2011-04-21,109.43
2011-04-25,109.54
2011-04-26,110.05
2011-04-27,109.91
2011-04-28,110.26
2011-04-29,110.47
2011-05-02,110.3
2011-05-03,110.25
2011-05-04,110.41
2011-05-05,110.79
2011-05-06,110.79
2011-05-09,110.9
2011-05-10,110.45
2011-05-11,110.63
2011-05-12,110.37
2011-05-13,110.7
2011-05-16,111.02
2011-05-17,111.17
2011-05-18,110.89
2011-05-19,111.08
2011-05-20,111.0
2011-05-23,110.93
2011-05-24,111.07
2011-05-25,110.85
2011-05-26,111.33
2011-05-27,111.45
2011-05-31,111.44
2011-06-01,111.57
2011-06-02,110.56
2011-06-03,110.8
2011-06-06,110.61
2011-06-07,110.99
2011-06-08,111.06
2011-06-09,110.76
2011-06-10,110.63
2011-06-13,110.75
2011-06-14,110.42
2011-06-15,111.03
2011-06-16,110.82
2011-06-17,110.86
2011-06-20,110.88
2011-06-21,110.85
2011-06-22,111.0
2011-06-23,111.29
2011-06-24,111.35
2011-06-27,110.99
2011-06-28,110.22
2011-06-29,109.97
2011-06-30,110.13
2011-07-01,109.71
2011-07-05,110.1
2011-07-06,110.33
2011-07-07,110.36
2011-07-08,111.07
2011-07-11,111.44
2011-07-12,111.53
2011-07-13,111.81
2011-07-14,111.12
2011-07-15,111.37
2011-07-18,110.94
2011-07-19,111.48
2011-07-20,111.22
2011-07-21,111.05
2011-07-22,111.5
2011-07-25,110.97
2011-07-26,111.46
2011-07-27,111.13
2011-07-28,111.37
2011-07-29,112.37
2011-08-01,112.28
2011-08-02,113.22
2011-08-03,113.18
2011-08-04,114.0
2011-08-05,112.59
2011-08-08,111.52
2011-08-09,112.52
2011-08-10,113.53
2011-08-11,111.2
2011-08-12,112.47
2011-08-15,112.68
2011-08-16,113.09
2011-08-17,113.4
2011-08-18,113.55
2011-08-19,113.41
2011-08-22,112.99
2011-08-23,111.7
2011-08-24,110.38
2011-08-25,110.99
2011-08-26,111.04
2011-08-29,111.4
2011-08-30,111.99
2011-08-31,112.33
2011-09-01,112.0
2011-09-02,112.69
2011-09-06,113.35
2011-09-07,113.57
2011-09-08,113.47
2011-09-09,113.59
2011-09-12,112.9
2011-09-13,112.88
2011-09-14,112.83
2011-09-15,112.44
2011-09-16,112.44
2011-09-19,113.06
2011-09-20,113.11
2011-09-21,113.37
2011-09-22,113.59
2011-09-23,112.89
2011-09-26,112.68
2011-09-27,112.32
2011-09-28,111.87
2011-09-29,111.75
2011-09-30,112.31
2011-10-03,112.1
2011-10-04,111.12
2011-10-05,111.58
2011-10-06,111.13
2011-10-07,111.03
2011-10-10,111.24
2011-10-11,111.54
2011-10-12,111.71
2011-10-13,111.81
2011-10-14,111.74
2011-10-17,111.66
2011-10-18,112.05
2011-10-19,112.34
2011-10-20,112.59
2011-10-21,112.96
2011-10-24,113.54
2011-10-25,114.1
2011-10-26,114.02
2011-10-27,114.0
2011-10-28,114.44
2011-10-31,114.7
2011-11-01,114.87
2011-11-02,115.29
2011-11-03,115.35
2011-11-04,115.58
2011-11-07,115.12
2011-11-08,114.41
2011-11-09,114.11
2011-11-10,113.54
2011-11-11,113.34
2011-11-14,113.33
2011-11-15,113.22
2011-11-16,112.86
2011-11-17,111.97
2011-11-18,112.15
2011-11-21,111.69
2011-11-22,111.4
2011-11-23,110.83
2011-11-25,110.39
2011-11-28,110.44
2011-11-29,110.19
2011-11-30,110.69
2011-12-01,110.56
2011-12-02,111.5
2011-12-05,112.33
2011-12-06,111.73
2011-12-07,112.43
2011-12-08,112.05
2011-12-09,111.62
2011-12-12,111.63
2011-12-13,112.01
2011-12-14,112.2
2011-12-15,112.38
2011-12-16,113.01
2011-12-19,113.41
2011-12-20,113.33
2011-12-21,112.85
2011-12-22,113.44
2011-12-23,113.09
2011-12-27,113.13
2011-12-28,113.34
2011-12-29,113.28
2011-12-30,113.76
2012-01-03,113.67
2012-01-04,113.76
2012-01-05,113.27
2012-01-06,113.71
2012-01-09,113.54
2012-01-10,113.86
2012-01-11,113.84
2012-01-12,114.1
2012-01-13,114.51
2012-01-17,114.86
2012-01-18,114.63
2012-01-19,114.6
2012-01-20,114.31
2012-01-23,114.14
2012-01-24,114.55
2012-01-25,114.94
2012-01-26,115.84
2012-01-27,116.01
2012-01-30,115.86
2012-01-31,116.2
2012-02-01,116.27
2012-02-02,116.51
2012-02-03,116.34
2012-02-06,116.64
2012-02-07,116.42
2012-02-08,116.54
2012-02-09,116.17
2012-02-10,116.06
2012-02-13,116.46
2012-02-14,116.55
2012-02-15,116.39
2012-02-16,116.19
2012-02-17,116.01
2012-02-21,115.82
2012-02-22,116.54
2012-02-23,116.7
2012-02-24,116.79
2012-02-27,117.22
2012-02-28,117.59
2012-02-29,117.7
2012-03-01,117.02
2012-03-02,117.06
2012-03-05,116.85
2012-03-06,116.67
2012-03-07,116.62
2012-03-08,116.64
2012-03-09,116.58
2012-03-12,116.35
2012-03-13,116.03
2012-03-14,114.65
2012-03-15,114.4
2012-03-16,114.57
2012-03-19,114.41
2012-03-20,114.34
2012-03-21,114.86
2012-03-22,114.67
2012-03-23,114.76
2012-03-26,115.01
2012-03-27,115.9
2012-03-28,115.68
2012-03-29,115.91
2012-03-30,115.63
2012-04-02,115.53
2012-04-03,114.43
2012-04-04,114.65
2012-04-05,114.84
2012-04-09,115.59
2012-04-10,115.52
2012-04-11,115.4
2012-04-12,115.45
2012-04-13,116.0
2012-04-16,116.0
2012-04-17,116.15
2012-04-18,116.13
2012-04-19,116.21
2012-04-20,116.18
2012-04-23,116.2
2012-04-24,115.99
2012-04-25,116.19
2012-04-26,116.38
2012-04-27,116.55
2012-04-30,116.48
2012-05-01,115.87
2012-05-02,116.25
2012-05-03,116.32
2012-05-04,116.45
2012-05-07,116.65
2012-05-08,116.94
2012-05-09,116.74
2012-05-10,116.5
2012-05-11,116.85
2012-05-14,116.88
2012-05-15,116.73
2012-05-16,116.79
2012-05-17,115.92
2012-05-18,115.47
2012-05-21,115.6
2012-05-22,115.29
2012-05-23,115.57
2012-05-24,115.59
2012-05-25,115.88
2012-05-29,116.05
2012-05-30,116.15
2012-05-31,116.97
2012-06-01,117.29
2012-06-04,116.4
2012-06-05,116.15
2012-06-06,115.81
2012-06-07,116.05
2012-06-08,116.48
2012-06-11,116.46
2012-06-12,116.12
2012-06-13,116.54
2012-06-14,116.4
2012-06-15,116.88
2012-06-18,116.83
2012-06-19,116.72
2012-06-20,116.77
2012-06-21,116.95
2012-06-22,116.86
2012-06-25,117.16
2012-06-26,117.28
2012-06-27,117.44
2012-06-28,117.62
2012-06-29,117.59
2012-07-02,117.82
2012-07-03,117.92
2012-07-05,118.22
2012-07-06,118.52
2012-07-09,118.6
2012-07-10,118.57
2012-07-11,118.77
2012-07-12,119.37
2012-07-13,119.41
2012-07-16,119.74
2012-07-17,119.74
2012-07-18,120.4
2012-07-19,120.61
2012-07-20,120.7
2012-07-23,120.31
2012-07-24,120.5
2012-07-25,120.73
2012-07-26,120.92
2012-07-27,120.35
2012-07-30,120.66
2012-07-31,121.28
2012-08-01,120.76
2012-08-02,120.84
2012-08-03,120.55
2012-08-06,120.71
2012-08-07,120.08
2012-08-08,119.74
2012-08-09,119.66
2012-08-10,120.0
2012-08-13,119.75
2012-08-14,119.21
2012-08-15,118.65
2012-08-16,118.3
2012-08-17,118.46
2012-08-20,118.79
2012-08-21,118.99
2012-08-22,119.67
2012-08-23,119.76
2012-08-24,119.89
2012-08-27,120.04
2012-08-28,120.21
2012-08-29,119.96
2012-08-30,120.0
2012-08-31,120.83
2012-09-04,120.16
2012-09-05,120.21
2012-09-06,119.68
2012-09-07,119.93
2012-09-10,119.92
2012-09-11,120.02
2012-09-12,119.78
2012-09-13,120.42
2012-09-14,119.7
2012-09-17,120.11
2012-09-18,120.48
2012-09-19,120.68
2012-09-20,120.58
2012-09-21,120.8
2012-09-24,120.98
2012-09-25,121.22
2012-09-26,121.56
2012-09-27,121.5
2012-09-28,121.77
2012-10-01,121.71
2012-10-02,121.75
2012-10-03,121.83
2012-10-04,121.73
2012-10-05,121.54
2012-10-08,121.86
2012-10-09,121.99
2012-10-10,122.21
2012-10-11,122.61
2012-10-12,122.75
2012-10-15,123.13
2012-10-16,123.05
2012-10-17,122.81
2012-10-18,122.58
2012-10-19,122.8
2012-10-22,122.51
2012-10-23,122.72
2012-10-24,122.39
2012-10-25,122.04
2012-10-26,122.64
2012-10-31,123.02
2012-11-01,122.48
2012-11-02,122.24
2012-11-05,122.3
2012-11-06,121.71
2012-11-07,121.96
2012-11-08,121.84
2012-11-09,121.54
2012-11-12,121.56
2012-11-13,121.61
2012-11-14,121.86
2012-11-15,121.62
2012-11-16,121.66
2012-11-19,122.04
2012-11-20,121.66
2012-11-21,121.75
2012-11-23,121.8
2012-11-26,122.0
2012-11-27,122.07
2012-11-28,122.05
2012-11-29,122.14
2012-11-30,122.13
2012-12-03,121.89
2012-12-04,122.0
2012-12-05,122.25
2012-12-06,122.23
2012-12-07,121.94
2012-12-10,122.05
2012-12-11,121.6
2012-12-12,121.23
2012-12-13,121.04
2012-12-14,121.13
2012-12-17,120.74
2012-12-18,120.44
2012-12-19,120.91
2012-12-20,121.03
2012-12-21,121.24
2012-12-24,121.16
2012-12-26,120.97
2012-12-27,121.36
2012-12-28,121.63
2012-12-31,120.99
2013-01-02,121.27
2013-01-03,120.61
2013-01-04,120.55
2013-01-07,120.75
2013-01-08,120.86
2013-01-09,120.82
2013-01-10,120.88
2013-01-11,121.1
2013-01-14,120.86
2013-01-15,120.76
2013-01-16,120.76
2013-01-17,120.55
2013-01-18,120.67
2013-01-22,120.67
2013-01-23,120.82
2013-01-24,120.65
2013-01-25,120.1
2013-01-28,120.0
2013-01-29,119.73
2013-01-30,119.33
2013-01-31,119.42
2013-02-01,118.74
2013-02-04,119.14
2013-02-05,118.9
2013-02-06,119.21
2013-02-07,119.25
2013-02-08,119.51
2013-02-11,119.45
2013-02-12,119.33
2013-02-13,119.05
2013-02-14,119.38
2013-02-15,119.33
2013-02-19,119.3
2013-02-20,119.5
2013-02-21,119.69
2013-02-22,119.77
2013-02-25,120.48
2013-02-26,120.33
2013-02-27,120.29
2013-02-28,120.33
2013-03-01,120.23
2013-03-04,120.14
2013-03-05,119.94
2013-03-06,119.59
2013-03-07,119.2
2013-03-08,118.78
2013-03-11,118.86
2013-03-12,119.1
2013-03-13,118.99
2013-03-14,119.04
2013-03-15,119.2
2013-03-18,119.49
2013-03-19,119.69
2013-03-20,119.34
2013-03-21,119.46
2013-03-22,119.47
2013-03-25,119.47
2013-03-26,119.55
2013-03-27,119.97
2013-03-28,119.9
2013-04-01,119.36
2013-04-02,119.35
2013-04-03,119.83
2013-04-04,120.47
2013-04-05,120.84
2013-04-08,120.95
2013-04-09,121.07
2013-04-10,120.75
2013-04-11,120.83
2013-04-12,121.43
2013-04-15,121.47
2013-04-16,121.25
2013-04-17,121.42
2013-04-18,121.53
2013-04-19,121.71
2013-04-22,121.75
2013-04-23,121.91
2013-04-24,121.96
2013-04-25,121.89
2013-04-26,122.33
2013-04-29,122.34
2013-04-30,122.13
2013-05-01,122.31
2013-05-02,122.31
2013-05-03,121.16
2013-05-06,121.14
2013-05-07,121.05
2013-05-08,121.16
2013-05-09,120.9
2013-05-10,120.27
2013-05-13,119.96
2013-05-14,119.64
2013-05-15,120.06
2013-05-16,120.61
2013-05-17,120.09
2013-05-20,119.95
2013-05-21,120.4
2013-05-22,119.45
2013-05-23,119.57
2013-05-24,119.49
2013-05-28,118.34
2013-05-29,118.29
2013-05-30,118.44
2013-05-31,117.85
2013-06-03,117.18
2013-06-04,116.72
2013-06-05,116.55
2013-06-06,117.05
2013-06-07,116.59
2013-06-10,116.23
2013-06-11,116.01
2013-06-12,115.61
2013-06-13,116.85
2013-06-14,116.77
2013-06-17,116.6
2013-06-18,116.37
2013-06-19,114.72
2013-06-20,113.14
2013-06-21,112.21
2013-06-24,111.48
2013-06-25,111.85
2013-06-26,112.7
2013-06-27,113.72
2013-06-28,113.65
2013-07-01,113.58
2013-07-02,113.94
2013-07-03,113.61
2013-07-05,112.17
2013-07-08,113.09
2013-07-09,113.19
2013-07-10,112.86
2013-07-11,114.19
2013-07-12,113.87
2013-07-15,114.6
2013-07-16,114.43
2013-07-17,114.86
2013-07-18,114.56
2013-07-19,115.19
2013-07-22,115.45
2013-07-23,115.27
2013-07-24,114.71
2013-07-25,114.57
2013-07-26,114.69
2013-07-29,114.5
2013-07-30,114.53
2013-07-31,114.54
2013-08-01,113.28
2013-08-02,113.84
2013-08-05,113.41
2013-08-06,113.48
2013-08-07,113.73
2013-08-08,113.97
2013-08-09,113.97
2013-08-12,113.91
2013-08-13,113.1
2013-08-14,112.91
2013-08-15,112.11
2013-08-16,111.55
2013-08-19,110.94
2013-08-20,111.62
2013-08-21,110.95
2013-08-22,111.46
2013-08-23,112.21
2013-08-26,112.44
2013-08-27,112.92
2013-08-28,112.94
2013-08-29,113.05
2013-08-30,113.05
2013-09-03,112.24
2013-09-04,111.83
2013-09-05,110.91
2013-09-06,111.07
2013-09-09,111.36
2013-09-10,110.87
2013-09-11,111.39
2013-09-12,111.31
2013-09-13,111.38
2013-09-16,111.51
2013-09-17,111.81
2013-09-18,113.45
2013-09-19,112.73
2013-09-20,112.83
2013-09-23,113.5
2013-09-24,113.79
2013-09-25,114.14
2013-09-26,113.86
2013-09-27,113.77
2013-09-30,113.52
2013-10-01,113.04
2013-10-02,113.38
2013-10-03,113.44
2013-10-04,113.33
2013-10-07,113.53
2013-10-08,113.51
2013-10-09,113.27
2013-10-10,113.43
2013-10-11,113.58
2013-10-14,113.23
2013-10-15,113.25
2013-10-16,114.09
2013-10-17,114.93
2013-10-18,115.08
2013-10-21,114.78
2013-10-22,115.48
2013-10-23,115.45
2013-10-24,115.33
2013-10-25,115.32
2013-10-28,115.43
2013-10-29,115.59
2013-10-30,115.36
2013-10-31,115.2
2013-11-01,114.51
2013-11-04,114.54
2013-11-05,114.05
2013-11-06,114.18
2013-11-07,114.41
2013-11-08,113.29
2013-11-11,113.1
2013-11-12,113.18
2013-11-13,113.44
2013-11-14,114.06
2013-11-15,114.06
2013-11-18,114.57
2013-11-19,114.17
2013-11-20,113.68
2013-11-21,113.9
2013-11-22,114.3
2013-11-25,114.5
2013-11-26,114.73
2013-11-27,114.75
2013-11-29,114.66
2013-12-02,113.75
2013-12-03,114.04
2013-12-04,113.67
2013-12-05,113.42
2013-12-06,113.66
2013-12-09,113.83
2013-12-10,114.29
2013-12-11,113.97
2013-12-12,113.78
2013-12-13,114.09
2013-12-16,114.18
2013-12-17,114.52
2013-12-18,114.52
2013-12-19,114.35
2013-12-20,114.88
2013-12-23,114.7
2013-12-24,114.67
2013-12-26,114.24
2013-12-27,114.14
2013-12-30,114.48
2013-12-31,114.19
2014-01-02,114.41
2014-01-03,114.58
2014-01-06,114.83
2014-01-07,114.74
2014-01-08,114.25
2014-01-09,114.51
2014-01-10,115.13
2014-01-13,115.35
2014-01-14,115.01
2014-01-15,115.04
2014-01-16,115.31
2014-01-17,115.44
2014-01-21,115.28
2014-01-22,115.0
2014-01-23,115.44
2014-01-24,115.36
2014-01-27,115.14
2014-01-28,115.7
2014-01-29,115.93
2014-01-30,115.99
2014-01-31,116.34
2014-02-03,116.74
2014-02-04,116.18
2014-02-05,115.81
2014-02-06,115.7
2014-02-07,116.06
2014-02-10,116.11
2014-02-11,115.87
2014-02-12,115.52
2014-02-13,116.0
2014-02-14,116.22
2014-02-18,116.46
2014-02-19,116.33
2014-02-20,116.18
2014-02-21,116.3
2014-02-24,116.36
2014-02-25,116.81
2014-02-26,117.19
2014-02-27,117.39
2014-02-28,117.32
2014-03-03,117.28
2014-03-04,116.65
2014-03-05,116.59
2014-03-06,116.24
2014-03-07,115.82
2014-03-10,115.64
2014-03-11,115.68
2014-03-12,116.09
2014-03-13,116.5
2014-03-14,116.37
2014-03-17,116.22
2014-03-18,116.58
2014-03-19,115.74
2014-03-20,115.9
2014-03-21,116.3
2014-03-24,116.52
2014-03-25,116.56
2014-03-26,117.01
2014-03-27,117.04
2014-03-28,116.95
2014-03-31,116.94
2014-04-01,116.31
2014-04-02,116.15
2014-04-03,116.37
2014-04-04,116.83
2014-04-07,117.11
2014-04-08,117.42
2014-04-09,117.52
2014-04-10,117.68
2014-04-11,117.76
2014-04-14,117.84
2014-04-15,118.09
2014-04-16,118.14
2014-04-17,117.46
2014-04-21,117.62
2014-04-22,117.68
2014-04-23,117.94
2014-04-24,117.96
2014-04-25,117.94
2014-04-28,117.8
2014-04-29,117.82
2014-04-30,118.15
2014-05-01,118.3
2014-05-02,118.55
2014-05-05,118.25
2014-05-06,118.45
2014-05-07,118.47
2014-05-08,118.5
2014-05-09,118.37
2014-05-12,118.07
2014-05-13,118.51
2014-05-14,119.1
2014-05-15,119.31
2014-05-16,119.17
2014-05-19,119.06
2014-05-20,119.06
2014-05-21,118.84
2014-05-22,118.8
2014-05-23,118.93
2014-05-27,119.35
2014-05-28,119.92
2014-05-29,119.57
2014-05-30,119.59
2014-06-02,118.59
2014-06-03,118.05
2014-06-04,117.99
2014-06-05,118.24
2014-06-06,118.49
2014-06-09,118.25
2014-06-10,118.03
2014-06-11,118.12
2014-06-12,118.5
2014-06-13,118.48
2014-06-16,118.47
2014-06-17,118.07
2014-06-18,118.75
2014-06-19,118.33
2014-06-20,118.56
2014-06-23,118.55
2014-06-24,119.05
2014-06-25,119.17
2014-06-26,119.39
2014-06-27,119.37
2014-06-30,119.26
2014-07-01,118.47
2014-07-02,118.05
2014-07-03,117.93
2014-07-07,118.14
2014-07-08,118.58
2014-07-09,118.77
2014-07-10,118.68
2014-07-11,119.05
2014-07-14,118.8
2014-07-15,118.67
2014-07-16,118.95
2014-07-17,119.4
2014-07-18,119.24
2014-07-21,119.24
2014-07-22,119.33
2014-07-23,119.47
2014-07-24,119.0
2014-07-25,119.46
2014-07-28,119.32
2014-07-29,119.43
2014-07-30,118.88
2014-07-31,118.55
2014-08-01,118.82
2014-08-04,118.85
2014-08-05,118.97
2014-08-06,118.76
2014-08-07,119.07
2014-08-08,119.04
2014-08-11,119.09
2014-08-12,119.03
2014-08-13,119.27
2014-08-14,119.4
2014-08-15,119.82
2014-08-18,119.55
2014-08-19,119.47
2014-08-20,119.2
2014-08-21,119.61
2014-08-22,119.76
2014-08-25,119.95
2014-08-26,120.03
2014-08-27,120.23
2014-08-28,120.49
2014-08-29,120.58
2014-09-02,119.67
2014-09-03,119.83
2014-09-04,118.98
2014-09-05,119.0
2014-09-08,118.8
2014-09-09,118.48
2014-09-10,118.29
2014-09-11,118.2
2014-09-12,117.63
2014-09-15,117.66
2014-09-16,117.64
2014-09-17,117.32
2014-09-18,117.53
2014-09-19,117.99
2014-09-22,118.1
2014-09-23,118.29
2014-09-24,118.01
2014-09-25,118.36
2014-09-26,118.1
2014-09-29,118.05
2014-09-30,118.22
2014-10-01,118.6
2014-10-02,118.59
2014-10-03,118.93
2014-10-06,118.99
2014-10-07,119.42
2014-10-08,120.03
2014-10-09,119.53
2014-10-10,119.63
2014-10-13,119.94
2014-10-14,120.21
2014-10-15,120.3
2014-10-16,120.03
2014-10-17,119.98
2014-10-20,120.2
2014-10-21,120.13
2014-10-22,119.93
2014-10-23,119.7
2014-10-24,119.75
2014-10-27,119.9
2014-10-28,119.5
2014-10-29,119.28
2014-10-30,119.36
2014-10-31,119.34
2014-11-03,118.77
2014-11-04,118.94
2014-11-05,118.72
2014-11-06,118.36
2014-11-07,119.11
2014-11-10,118.51
2014-11-11,118.5
2014-11-12,118.49
2014-11-13,118.36
2014-11-14,118.51
2014-11-17,118.23
2014-11-18,118.33
2014-11-19,117.7
2014-11-20,118.15
2014-11-21,118.66
2014-11-24,118.85
2014-11-25,119.36
2014-11-26,119.77
2014-11-28,120.09
2014-12-01,119.34
2014-12-02,118.54
2014-12-03,118.66
2014-12-04,118.85
2014-12-05,118.36
2014-12-08,118.92
2014-12-09,119.02
2014-12-10,118.98
2014-12-11,118.86
2014-12-12,119.05
2014-12-15,119.33
2014-12-16,119.29
2014-12-17,119.32
2014-12-18,119.44
2014-12-19,119.38
2014-12-22,119.76
2014-12-23,118.85
2014-12-24,118.91
2014-12-26,119.0
2014-12-29,119.23
2014-12-30,119.33
2014-12-31,119.41
2015-01-02,119.83
2015-01-05,120.32
2015-01-06,120.81
2015-01-07,120.97
2015-01-08,120.58
2015-01-09,120.9
2015-01-12,121.13
2015-01-13,121.24
2015-01-14,121.45
2015-01-15,122.08
2015-01-16,121.4
2015-01-20,121.68
2015-01-21,121.63
2015-01-22,121.57
2015-01-23,122.28
2015-01-26,122.25
2015-01-27,122.34
2015-01-28,123.17
2015-01-29,122.88
2015-01-30,123.89
2015-02-02,123.67
2015-02-03,122.67
2015-02-04,122.84
2015-02-05,122.45
2015-02-06,121.17
2015-02-09,121.25
2015-02-10,120.92
2015-02-11,121.0
2015-02-12,121.31
2015-02-13,120.83
2015-02-17,120.27
2015-02-18,120.7
2015-02-19,120.68
2015-02-20,120.86
2015-02-23,121.27
2015-02-24,122.06
2015-02-25,122.17
2015-02-26,121.51
2015-02-27,121.8
2015-03-02,120.42
2015-03-03,120.35
2015-03-04,120.27
2015-03-05,120.43
2015-03-06,119.15
2015-03-09,119.63
2015-03-10,119.82
2015-03-11,120.43
2015-03-12,120.31
2015-03-13,119.97
2015-03-16,120.09
2015-03-17,120.29
2015-03-18,121.77
2015-03-19,121.15
2015-03-20,121.49
2015-03-23,121.77
2015-03-24,121.95
2015-03-25,121.55
2015-03-26,120.8
2015-03-27,121.28
2015-03-30,121.49
2015-03-31,121.71
2015-04-01,121.73
2015-04-02,121.53
2015-04-06,121.69
2015-04-07,122.13
2015-04-08,122.09
2015-04-09,121.47
2015-04-10,121.64
2015-04-13,121.6
2015-04-14,121.88
2015-04-15,121.96
2015-04-16,121.89
2015-04-17,122.22
2015-04-20,121.93
2015-04-21,121.9
2015-04-22,121.11
2015-04-23,121.42
2015-04-24,121.65
2015-04-27,121.56
2015-04-28,120.84
2015-04-29,119.84
2015-04-30,119.94
2015-05-01,118.95
2015-05-04,118.57
2015-05-05,118.37
2015-05-06,117.86
2015-05-07,118.33
2015-05-08,119.01
2015-05-11,117.81
2015-05-12,117.64
2015-05-13,117.53
2015-05-14,117.93
2015-05-15,118.75
2015-05-18,117.84
2015-05-19,117.21
2015-05-20,117.35
2015-05-21,117.91
2015-05-22,117.83
2015-05-26,118.35
2015-05-27,118.47
2015-05-28,118.22
2015-05-29,118.27
2015-06-01,117.28
2015-06-02,116.68
2015-06-03,115.93
2015-06-04,116.53
2015-06-05,115.94
2015-06-08,115.86
2015-06-09,115.34
2015-06-10,115.03
2015-06-11,116.05
2015-06-12,115.85
2015-06-15,115.83
2015-06-16,116.12
2015-06-17,116.11
2015-06-18,115.9
2015-06-19,116.52
2015-06-22,115.6
2015-06-23,115.34
2015-06-24,115.66
2015-06-25,115.47
2015-06-26,114.94
2015-06-29,115.94
2015-06-30,115.72
2015-07-01,115.02
2015-07-02,115.46
2015-07-06,115.92
2015-07-07,116.4
2015-07-08,116.56
2015-07-09,115.79
2015-07-10,115.05
2015-07-13,114.8
2015-07-14,114.9
2015-07-15,115.2
2015-07-16,115.38
2015-07-17,115.46
2015-07-20,115.19
2015-07-21,115.43
2015-07-22,115.58
2015-07-23,115.92
2015-07-24,115.87
2015-07-27,115.88
2015-07-28,115.79
2015-07-29,115.69
2015-07-30,115.75
2015-07-31,116.35
2015-08-03,116.29
2015-08-04,115.7
2015-08-05,115.25
2015-08-06,115.47
2015-08-07,115.87
2015-08-10,115.41
2015-08-11,115.89
2015-08-12,115.71
2015-08-13,115.31
2015-08-14,115.42
2015-08-17,115.79
2015-08-18,115.35
2015-08-19,115.91
2015-08-20,115.98
2015-08-21,116.01
2015-08-24,115.69
2015-08-25,115.1
2015-08-26,115.03
2015-08-27,115.14
2015-08-28,115.35
2015-08-31,115.06
2015-09-01,115.42
2015-09-02,115.25
2015-09-03,115.8
2015-09-04,116.06
2015-09-08,115.52
2015-09-09,115.77
2015-09-10,115.54
2015-09-11,115.62
2015-09-14,115.61
2015-09-15,114.74
2015-09-16,114.95
2015-09-17,115.9
2015-09-18,116.25
2015-09-21,115.66
2015-09-22,116.16
2015-09-23,116.09
2015-09-24,116.11
2015-09-25,115.76
2015-09-28,115.96
2015-09-29,116.11
2015-09-30,116.09
2015-10-01,115.73
2015-10-02,116.24
2015-10-05,115.93
2015-10-06,116.16
2015-10-07,116.57
2015-10-08,116.11
2015-10-09,116.16
2015-10-12,116.63
2015-10-13,116.54
2015-10-14,117.0
2015-10-15,116.95
2015-10-16,116.99
2015-10-19,116.98
2015-10-20,116.76
2015-10-21,117.34
2015-10-22,117.59
2015-10-23,117.16
2015-10-26,117.37
2015-10-27,117.4
2015-10-28,116.94
2015-10-29,116.12
2015-10-30,116.42
2015-11-02,115.59
2015-11-03,115.6
2015-11-04,115.47
2015-11-05,115.5
2015-11-06,114.75
2015-11-09,114.56
2015-11-10,114.85
2015-11-11,114.84
2015-11-12,114.8
2015-11-13,115.14
2015-11-16,115.16
2015-11-17,115.28
2015-11-18,115.31
2015-11-19,115.65
2015-11-20,115.63
2015-11-23,115.67
2015-11-24,115.71
2015-11-25,115.82
2015-11-27,115.86
2015-11-30,115.91
2015-12-01,116.45
2015-12-02,116.17
2015-12-03,114.63
2015-12-04,115.25
2015-12-07,115.45
2015-12-08,115.3
2015-12-09,115.27
2015-12-10,115.0
2015-12-11,115.2
2015-12-14,114.35
2015-12-15,114.36
2015-12-16,114.34
2015-12-17,114.47
2015-12-18,114.47
2015-12-21,114.55
2015-12-22,114.4
2015-12-23,114.5
2015-12-24,114.55
2015-12-28,114.41
2015-12-29,113.82
2015-12-30,113.82
2015-12-31,114.01
2016-01-04,113.95
2016-01-05,114.01
2016-01-06,114.46
2016-01-07,114.55
2016-01-08,114.64
2016-01-11,114.27
2016-01-12,114.53
2016-01-13,114.88
2016-01-14,114.31
2016-01-15,114.14
2016-01-19,113.63
2016-01-20,113.8
2016-01-21,113.47
2016-01-22,113.54
2016-01-25,113.42
2016-01-26,113.74
2016-01-27,113.43
2016-01-28,113.56
2016-01-29,114.15
2016-02-01,113.45
2016-02-02,113.66
2016-02-03,113.38
2016-02-04,113.43
2016-02-05,113.41
2016-02-08,114.0
2016-02-09,113.61
2016-02-10,113.75
2016-02-11,114.13
2016-02-12,113.49
2016-02-16,112.95
2016-02-17,112.92
2016-02-18,113.84
2016-02-19,113.76
2016-02-22,113.99
2016-02-23,114.22
2016-02-24,114.33
2016-02-25,114.97
2016-02-26,114.93
2016-02-29,115.01
2016-03-01,114.05
2016-03-02,114.28
2016-03-03,114.82
2016-03-04,114.8
2016-03-07,114.93
2016-03-08,115.54
2016-03-09,115.41
2016-03-10,115.89
2016-03-11,116.22
2016-03-14,116.56
2016-03-15,116.52
2016-03-16,117.08
2016-03-17,117.44
2016-03-18,117.71
2016-03-21,117.57
2016-03-22,117.35
2016-03-23,117.94
2016-03-24,117.89
2016-03-28,117.96
2016-03-29,118.49
2016-03-30,118.35
2016-03-31,118.82
2016-04-01,118.87
2016-04-04,118.88
2016-04-05,119.26
2016-04-06,119.16
2016-04-07,119.48
2016-04-08,119.21
2016-04-11,119.2
2016-04-12,118.73
2016-04-13,119.14
2016-04-14,119.06
2016-04-15,119.56
2016-04-18,119.69
2016-04-19,119.91
2016-04-20,119.58
2016-04-21,119.53
2016-04-22,119.66
2016-04-25,119.38
2016-04-26,119.33
2016-04-27,120.09
2016-04-28,120.2
2016-04-29,120.33
2016-05-02,119.85
2016-05-03,120.06
2016-05-04,119.86
2016-05-05,120.1
2016-05-06,119.84
2016-05-09,119.72
2016-05-10,119.92
2016-05-11,120.05
2016-05-12,119.8
2016-05-13,120.02
2016-05-16,119.62
2016-05-17,119.58
2016-05-18,118.56
2016-05-19,118.84
2016-05-20,118.92
2016-05-23,118.92
2016-05-24,118.72
2016-05-25,118.93
2016-05-26,119.27
2016-05-27,119.18
2016-05-31,119.39
2016-06-01,119.14
2016-06-02,119.38
2016-06-03,120.34
2016-06-06,120.05
2016-06-07,120.23
2016-06-08,120.63
2016-06-09,120.8
2016-06-10,120.94
2016-06-13,120.76
2016-06-14,120.49
2016-06-15,120.94
2016-06-16,121.12
2016-06-17,120.76
2016-06-20,120.61
2016-06-21,120.5
2016-06-22,120.72
2016-06-23,120.6
2016-06-24,121.17
2016-06-27,121.68
2016-06-28,122.35
2016-06-29,122.31
2016-06-30,122.74
2016-07-01,123.05
2016-07-05,123.47
2016-07-06,123.69
2016-07-07,123.71
2016-07-08,124.4
2016-07-11,124.08
2016-07-12,123.38
2016-07-13,123.86
2016-07-14,123.56
2016-07-15,123.09
2016-07-18,123.09
2016-07-19,123.31
2016-07-20,123.27
2016-07-21,123.41
2016-07-22,123.34
2016-07-25,123.27
2016-07-26,123.15
2016-07-27,123.66
2016-07-28,123.54
2016-07-29,123.99
2016-08-01,122.97
2016-08-02,122.28
2016-08-03,122.44
2016-08-04,122.96
2016-08-05,122.46
2016-08-08,122.54
2016-08-09,123.26
2016-08-10,123.61
2016-08-11,123.2
2016-08-12,123.76
2016-08-15,123.38
2016-08-16,123.16
2016-08-17,123.5
2016-08-18,123.8
2016-08-19,123.43
2016-08-22,123.85
2016-08-23,123.99
2016-08-24,123.91
2016-08-25,123.79
2016-08-26,123.4
2016-08-29,124.1
2016-08-30,123.94
2016-08-31,123.89
2016-09-01,123.57
2016-09-02,123.35
2016-09-06,123.78
2016-09-07,123.61
2016-09-08,122.74
2016-09-09,121.82
2016-09-12,121.83
2016-09-13,121.43
2016-09-14,121.51
2016-09-15,121.59
2016-09-16,121.73
2016-09-19,121.69
2016-09-20,121.85
2016-09-21,122.47
2016-09-22,122.97
2016-09-23,122.88
2016-09-26,123.07
2016-09-27,123.37
2016-09-28,123.45
2016-09-29,123.4
2016-09-30,123.18
2016-10-03,122.51
2016-10-04,121.94
2016-10-05,121.81
2016-10-06,121.82
2016-10-07,122.11
2016-10-10,122.11
2016-10-11,121.73
2016-10-12,121.89
2016-10-13,122.19
2016-10-14,121.62
2016-10-17,122.02
2016-10-18,122.32
2016-10-19,122.48
2016-10-20,122.44
2016-10-21,122.51
2016-10-24,122.16
2016-10-25,122.07
2016-10-26,121.56
2016-10-27,121.01
2016-10-28,120.87
2016-10-31,120.98
2016-11-01,120.51
2016-11-02,120.69
2016-11-03,120.45
2016-11-04,120.81
2016-11-07,120.73
2016-11-08,120.46
2016-11-09,118.69
2016-11-10,118.59
2016-11-11,118.08
2016-11-14,117.47
2016-11-15,117.83
2016-11-16,118.0
2016-11-17,117.25
2016-11-18,116.59
2016-11-21,116.71
2016-11-22,117.01
2016-11-23,116.58
2016-11-25,116.59
2016-11-28,117.12
2016-11-29,117.28
2016-11-30,116.84
2016-12-01,115.87
2016-12-02,116.4
2016-12-05,116.65
2016-12-06,116.64
2016-12-07,117.13
2016-12-08,116.65
2016-12-09,116.2
2016-12-12,116.09
2016-12-13,116.35
2016-12-14,115.61
2016-12-15,115.69
2016-12-16,115.6
2016-12-19,116.16
2016-12-20,116.09
2016-12-21,116.46
2016-12-22,116.15
2016-12-23,116.33
2016-12-27,116.12
2016-12-28,116.55
2016-12-29,117.0
2016-12-30,117.18
2017-01-03,117.28
2017-01-04,117.68
2017-01-05,118.31
2017-01-06,117.69
2017-01-09,117.92
2017-01-10,117.85
2017-01-11,118.03
2017-01-12,118.02
2017-01-13,117.78
2017-01-17,118.29
2017-01-18,117.51
2017-01-19,117.11
2017-01-20,117.32
2017-01-23,117.86
2017-01-24,117.51
2017-01-25,117.06
2017-01-26,117.2
2017-01-27,117.34
2017-01-30,117.14
2017-01-31,117.35
2017-02-01,116.89
2017-02-02,116.92
2017-02-03,117.05
2017-02-06,117.42
2017-02-07,117.62
2017-02-08,118.03
2017-02-09,117.56
2017-02-10,117.53
2017-02-13,117.48
2017-02-14,117.2
2017-02-15,117.11
2017-02-16,117.44
2017-02-17,117.74
2017-02-21,117.79
2017-02-22,117.88
2017-02-23,118.18
2017-02-24,118.78
2017-02-27,118.5
2017-02-28,118.58
2017-03-01,117.56
2017-03-02,117.38
2017-03-03,117.5
2017-03-06,117.29
2017-03-07,116.71
2017-03-08,116.35
2017-03-09,115.72
2017-03-10,116.01
2017-03-13,115.62
2017-03-14,115.72
2017-03-15,116.72
2017-03-16,116.55
2017-03-17,116.82
2017-03-20,117.09
2017-03-21,117.38
2017-03-22,117.68
2017-03-23,117.6
2017-03-24,117.72
2017-03-27,117.97
2017-03-28,117.72
2017-03-29,118.1
2017-03-30,117.79
2017-03-31,117.91
2017-04-03,118.12
2017-04-04,117.81
2017-04-05,117.96
2017-04-06,118.07
2017-04-07,117.78
2017-04-10,118.0
2017-04-11,118.55
2017-04-12,118.94
2017-04-13,119.14
2017-04-17,118.91
2017-04-18,119.61
2017-04-19,119.25
2017-04-20,119.08
2017-04-21,119.08
2017-04-24,118.92
2017-04-25,118.45
2017-04-26,118.74
2017-04-27,118.85
2017-04-28,118.99
2017-05-01,118.3
2017-05-02,118.65
2017-05-03,118.59
2017-05-04,118.36
2017-05-05,118.4
2017-05-08,118.19
2017-05-09,118.21
2017-05-10,118.37
2017-05-11,118.43
2017-05-12,119.03
2017-05-15,119.02
2017-05-16,119.19
2017-05-17,119.92
2017-05-18,119.9
2017-05-19,119.97
2017-05-22,119.87
2017-05-23,119.5
2017-05-24,119.69
2017-05-25,119.74
2017-05-26,119.83
2017-05-30,120.11
2017-05-31,120.25
2017-06-01,119.96
2017-06-02,120.52
2017-06-05,120.18
2017-06-06,120.53
2017-06-07,120.38
2017-06-08,120.17
2017-06-09,120.05
2017-06-12,120.08
2017-06-13,120.21
2017-06-14,121.03
2017-06-15,120.74
2017-06-16,120.84
2017-06-19,120.69
2017-06-20,120.96
2017-06-21,121.02
2017-06-22,121.12
2017-06-23,121.18
2017-06-26,121.4
2017-06-27,120.85
2017-06-28,120.98
2017-06-29,120.61
2017-06-30,120.51
2017-07-03,119.93
2017-07-05,120.13
2017-07-06,119.82
2017-07-07,119.72
2017-07-10,119.92
2017-07-11,119.97
2017-07-12,120.5
2017-07-13,120.29
2017-07-14,120.57
2017-07-17,120.68
2017-07-18,121.2
2017-07-19,121.16
2017-07-20,121.27
2017-07-21,121.55
2017-07-24,121.41
2017-07-25,120.69
2017-07-26,121.09
2017-07-27,120.79
2017-07-28,121.11
2017-07-31,121.11
2017-08-01,121.23
2017-08-02,121.04
2017-08-03,121.21
2017-08-04,120.74
2017-08-07,120.77
2017-08-08,120.19
2017-08-09,120.31
2017-08-10,120.27
2017-08-11,120.49
2017-08-14,120.41
2017-08-15,120.27
2017-08-16,120.61
2017-08-17,120.73
2017-08-18,120.65
2017-08-21,120.82
2017-08-22,120.7
2017-08-23,121.16
2017-08-24,120.93
2017-08-25,121.21
2017-08-28,121.21
2017-08-29,121.3
2017-08-30,121.4
2017-08-31,121.61
2017-09-01,120.81
2017-09-05,121.56
2017-09-06,121.13
2017-09-07,121.6
2017-09-08,121.24
2017-09-11,120.87
2017-09-12,120.74
2017-09-13,120.62
2017-09-14,120.92
2017-09-15,121.02
2017-09-18,120.9
2017-09-19,120.97
2017-09-20,120.82
2017-09-21,120.82
2017-09-22,120.98
2017-09-25,121.43
2017-09-26,121.41
2017-09-27,120.94
2017-09-28,121.12
2017-09-29,121.23
2017-10-02,121.02
2017-10-03,121.29
2017-10-04,121.22
2017-10-05,121.05
2017-10-06,120.95
2017-10-09,121.05
2017-10-10,121.13
2017-10-11,121.07
2017-10-12,121.1
2017-10-13,121.58
2017-10-16,121.41
2017-10-17,121.39
2017-10-18,121.21
2017-10-19,121.39
2017-10-20,121.06
2017-10-23,121.18
2017-10-24,120.88
2017-10-25,120.56
2017-10-26,120.55
2017-10-27,120.91
2017-10-30,121.31
2017-10-31,121.14
2017-11-01,121.01
2017-11-02,120.99
2017-11-03,121.13
2017-11-06,121.16
2017-11-07,121.06
2017-11-08,120.9
2017-11-09,120.58
2017-11-10,119.89
2017-11-13,119.91
2017-11-14,119.94
2017-11-15,120.45
2017-11-16,120.31
2017-11-17,120.46
2017-11-20,120.46
2017-11-21,120.86
2017-11-22,121.33
2017-11-24,121.19
2017-11-27,121.12
2017-11-28,121.29
2017-11-29,120.81
2017-11-30,120.67
2017-12-01,120.72
2017-12-04,120.91
2017-12-05,121.14
2017-12-06,121.37
2017-12-07,121.13
2017-12-08,120.98
2017-12-11,121.07
2017-12-12,120.98
2017-12-13,121.4
2017-12-14,121.62
2017-12-15,121.79
2017-12-18,121.43
2017-12-19,120.81
2017-12-20,120.49
2017-12-21,120.56
2017-12-22,120.65
2017-12-26,120.81
2017-12-27,121.48
2017-12-28,121.4
2017-12-29,121.56
2018-01-02,120.75
2018-01-03,120.97
2018-01-04,120.93
2018-01-05,120.89
2018-01-08,120.88
2018-01-09,120.44
2018-01-10,120.52
2018-01-11,120.81
2018-01-12,120.83
2018-01-16,120.94
2018-01-17,120.61
2018-01-18,120.14
2018-01-19,119.77
2018-01-22,119.66
2018-01-23,120.18
2018-01-24,120.1
2018-01-25,120.71
2018-01-26,120.55
2018-01-29,120.23
2018-01-30,119.82
2018-01-31,120.07
2018-02-01,119.22
2018-02-02,118.61
2018-02-05,118.68
2018-02-06,118.44
2018-02-07,118.11
2018-02-08,117.6
2018-02-09,117.22
2018-02-12,117.22
2018-02-13,117.18
2018-02-14,116.75
2018-02-15,117.3
2018-02-16,117.65
2018-02-20,117.15
2018-02-21,116.51
2018-02-22,116.67
2018-02-23,117.21
2018-02-26,117.36
2018-02-27,116.85
2018-02-28,117.07
2018-03-01,116.62
2018-03-02,116.25
2018-03-05,116.21
2018-03-06,116.31
2018-03-07,116.27
2018-03-08,116.5
2018-03-09,116.09
2018-03-12,116.24
2018-03-13,116.25
2018-03-14,116.51
2018-03-15,116.63
2018-03-16,116.76
2018-03-19,116.37
2018-03-20,115.96
2018-03-21,115.89
2018-03-22,116.09
2018-03-23,115.72
2018-03-26,116.13
2018-03-27,116.55
2018-03-28,116.86
2018-03-29,117.39
2018-04-02,116.99
2018-04-03,116.68
2018-04-04,116.68
2018-04-05,116.72
2018-04-06,117.07
2018-04-09,117.13
2018-04-10,117.16
2018-04-11,117.24
2018-04-12,116.92
2018-04-13,116.96
2018-04-16,116.97
2018-04-17,116.98
2018-04-18,116.38
2018-04-19,115.94
2018-04-20,115.47
2018-04-23,115.42
2018-04-24,115.08
2018-04-25,114.72
2018-04-26,115.06
2018-04-27,115.32
2018-04-30,115.22
2018-05-01,114.58
2018-05-02,114.49
2018-05-03,114.51
2018-05-04,114.67
2018-05-07,114.54
2018-05-08,114.5
2018-05-09,114.48
2018-05-10,115.06
2018-05-11,115.26
2018-05-14,115.05
2018-05-15,114.18
2018-05-16,114.03
2018-05-17,113.81
2018-05-18,114.28
2018-05-21,114.35
2018-05-22,114.23
2018-05-23,114.72
2018-05-24,115.04
2018-05-25,115.38
2018-05-29,115.99
2018-05-30,115.54
2018-05-31,115.49
2018-06-01,114.91
2018-06-04,114.65
2018-06-05,114.73
2018-06-06,114.31
2018-06-07,114.69
2018-06-08,114.5
2018-06-11,114.39
2018-06-12,114.4
2018-06-13,114.29
2018-06-14,114.81
2018-06-15,114.65
2018-06-18,114.53
2018-06-19,114.59
2018-06-20,113.95
2018-06-21,113.86
2018-06-22,114.0
2018-06-25,113.89
2018-06-26,114.27
2018-06-27,114.66
2018-06-28,114.51
2018-06-29,114.57
2018-07-02,114.24
2018-07-03,114.66
2018-07-05,115.02
2018-07-06,115.18
2018-07-09,115.26
2018-07-10,115.13
2018-07-11,115.36
2018-07-12,115.61
2018-07-13,115.7
2018-07-16,115.51
2018-07-17,115.43
2018-07-18,115.41
2018-07-19,115.59
2018-07-20,115.25
2018-07-23,114.79
2018-07-24,115.15
2018-07-25,115.3
2018-07-26,115.41
2018-07-27,115.56
2018-07-30,115.4
2018-07-31,115.76
2018-08-01,115.01
2018-08-02,115.15
2018-08-03,115.51
2018-08-06,115.62
2018-08-07,115.26
2018-08-08,115.08
2018-08-09,115.17
2018-08-10,115.36
2018-08-13,115.33
2018-08-14,115.48
2018-08-15,115.72
2018-08-16,115.87
2018-08-17,115.97
2018-08-20,116.27
2018-08-21,115.98
2018-08-22,115.97
2018-08-23,116.01
2018-08-24,116.24
2018-08-27,116.06
2018-08-28,115.62
2018-08-29,115.5
2018-08-30,115.61
2018-08-31,115.44
2018-09-04,114.88
2018-09-05,114.81
2018-09-06,115.13
2018-09-07,114.65
2018-09-10,115.03
2018-09-11,114.77
2018-09-12,115.0
2018-09-13,115.24
2018-09-14,115.1
2018-09-17,115.03
2018-09-18,114.56
2018-09-19,114.39
2018-09-20,114.69
2018-09-21,114.71
2018-09-24,114.45
2018-09-25,114.45
2018-09-26,114.86
2018-09-27,115.01
2018-09-28,114.93
2018-10-01,114.42
2018-10-02,114.52
2018-10-03,113.85
2018-10-04,113.38
2018-10-05,112.94
2018-10-08,112.82
2018-10-09,113.14
2018-10-10,112.83
2018-10-11,113.3
2018-10-12,113.32
2018-10-15,113.11
2018-10-16,113.4
2018-10-17,112.84
2018-10-18,112.84
2018-10-19,112.7
2018-10-22,112.56
2018-10-23,112.72
2018-10-24,112.88
2018-10-25,112.74
2018-10-26,112.93
2018-10-29,112.8
2018-10-30,112.55
2018-10-31,112.23
2018-11-01,112.2
2018-11-02,111.75
2018-11-05,111.95
2018-11-06,112.14
2018-11-07,112.43
2018-11-08,112.1
2018-11-09,112.18
2018-11-12,112.17
2018-11-13,112.02
2018-11-14,111.72
2018-11-15,111.51
2018-11-16,111.73
2018-11-19,111.62
2018-11-20,111.35
2018-11-21,111.59
2018-11-23,111.64
2018-11-26,111.69
2018-11-27,111.55
2018-11-28,111.85
2018-11-29,111.53
2018-11-30,111.46
2018-12-03,111.52
2018-12-04,111.54
2018-12-06,111.88
2018-12-07,111.89
2018-12-10,112.23
2018-12-11,112.43
2018-12-12,112.55
2018-12-13,112.85
2018-12-14,112.73
2018-12-17,112.85
2018-12-18,112.9
2018-12-19,112.81
2018-12-20,112.44
2018-12-21,112.33
2018-12-24,112.07
2018-12-26,111.98
2018-12-27,111.98
2018-12-28,112.51
2018-12-31,112.82
2019-01-02,113.17
2019-01-03,113.22
2019-01-04,113.15
2019-01-07,113.16
2019-01-08,113.41
2019-01-09,113.84
2019-01-10,113.54
2019-01-11,113.75
2019-01-14,113.45
2019-01-15,113.52
2019-01-16,113.74
2019-01-17,113.97
2019-01-18,114.17
2019-01-22,114.36
2019-01-23,114.65
2019-01-24,114.95
2019-01-25,115.05
2019-01-28,115.03
2019-01-29,115.28
2019-01-30,115.81
2019-01-31,116.62
2019-02-01,115.99
2019-02-04,115.83
2019-02-05,116.3
2019-02-06,116.08
2019-02-07,116.06
2019-02-08,116.35
2019-02-11,116.09
2019-02-12,116.25
2019-02-13,115.95
2019-02-14,116.08
2019-02-15,116.22
2019-02-19,116.29
2019-02-20,116.19
2019-02-21,115.86
2019-02-22,116.38
2019-02-25,116.34
2019-02-26,116.52
2019-02-27,116.19
2019-02-28,116.03
2019-03-01,115.47
2019-03-04,115.73
2019-03-05,115.77
2019-03-06,115.88
2019-03-07,116.26
2019-03-08,116.41
2019-03-11,116.54
2019-03-12,116.86
2019-03-13,116.67
2019-03-14,116.44
2019-03-15,116.86
2019-03-18,116.8
2019-03-19,116.82
2019-03-20,117.61
2019-03-21,117.83
2019-03-22,118.55
2019-03-25,118.79
2019-03-26,118.84
2019-03-27,119.0
2019-03-28,119.15
2019-03-29,119.06
2019-04-01,118.26
2019-04-02,118.42
2019-04-03,118.17
2019-04-04,118.36
2019-04-05,118.55
2019-04-08,118.38
2019-04-09,118.63
2019-04-10,119.21
2019-04-11,119.09
2019-04-12,119.02
2019-04-15,118.83
2019-04-16,118.5
2019-04-17,118.48
2019-04-18,118.58
2019-04-22,118.39
2019-04-23,118.88
2019-04-24,119.28
2019-04-25,119.22
2019-04-26,119.64
2019-04-29,119.17
2019-04-30,119.22
2019-05-01,118.83
2019-05-02,118.4
2019-05-03,118.93
2019-05-06,119.09
2019-05-07,119.08
2019-05-08,118.68
2019-05-09,118.79
2019-05-10,118.86
2019-05-13,118.93
2019-05-14,119.1
2019-05-15,119.43
2019-05-16,119.24
2019-05-17,119.25
2019-05-20,118.97
2019-05-21,119.07
2019-05-22,119.22
2019-05-23,119.48
2019-05-24,119.73
2019-05-28,119.81
2019-05-29,119.86
2019-05-30,120.55
2019-05-31,120.83
2019-06-03,120.83
2019-06-04,120.87
2019-06-05,120.79
2019-06-06,121.02
2019-06-07,121.56
2019-06-10,121.12
2019-06-11,121.23
2019-06-12,121.41
2019-06-13,121.72
2019-06-14,121.77
2019-06-17,121.83
2019-06-18,122.64
2019-06-19,123.42
2019-06-20,124.09
2019-06-21,123.64
2019-06-24,123.95
2019-06-25,123.58
2019-06-26,123.33
2019-06-27,124.05
2019-06-28,124.37
2019-07-01,124.25
2019-07-02,124.59
2019-07-03,124.93
2019-07-05,123.83
2019-07-08,123.66
2019-07-09,123.4
2019-07-10,123.68
2019-07-11,122.95
2019-07-12,123.07
2019-07-15,123.28
2019-07-16,123.02
2019-07-17,123.67
2019-07-18,123.96
2019-07-19,123.77
2019-07-22,124.15
2019-07-23,124.22
2019-07-24,124.57
2019-07-25,124.17
2019-07-26,124.34
2019-07-29,124.26
2019-07-30,124.22
2019-07-31,124.33
2019-08-01,124.99
2019-08-02,125.12
2019-08-05,125.21
2019-08-06,125.99
2019-08-07,125.97
2019-08-08,126.31
2019-08-09,125.94
2019-08-12,126.73
2019-08-13,126.63
2019-08-14,127.0
2019-08-15,127.62
2019-08-16,127.85
2019-08-19,127.43
2019-08-20,128.17
2019-08-21,128.4
2019-08-22,127.93
2019-08-23,128.4
2019-08-26,128.41
2019-08-27,129.1
2019-08-28,129.1
2019-08-29,128.82
2019-08-30,128.8
2019-09-03,128.33
2019-09-04,128.57
2019-09-05,127.63
2019-09-06,128.09
2019-09-09,127.15
2019-09-10,126.08
2019-09-11,125.98
2019-09-12,125.81
2019-09-13,124.68
2019-09-16,125.31
2019-09-17,125.63
2019-09-18,125.94
2019-09-19,126.3
2019-09-20,127.17
2019-09-23,127.08
2019-09-24,127.48
2019-09-25,126.76
2019-09-26,127.03
2019-09-27,127.06
2019-09-30,127.48
2019-10-01,127.29
2019-10-02,127.24
2019-10-03,127.74
2019-10-04,128.27
2019-10-07,127.62
2019-10-08,127.51
2019-10-09,127.56
2019-10-10,126.81
2019-10-11,126.58
2019-10-14,127.0
2019-10-15,126.66
2019-10-16,126.8
2019-10-17,126.98
2019-10-18,127.14
2019-10-21,126.85
2019-10-22,127.07
2019-10-23,127.14
2019-10-24,127.42
2019-10-25,127.2
2019-10-28,126.82
2019-10-29,126.49
2019-10-30,126.94
2019-10-31,127.71
2019-11-01,127.49
2019-11-04,126.89
2019-11-05,126.16
2019-11-06,126.87
2019-11-07,125.88
2019-11-08,125.71
2019-11-11,125.75
2019-11-12,125.87
2019-11-13,126.17
2019-11-14,126.83
2019-11-15,126.85
2019-11-18,126.99
2019-11-19,127.24
2019-11-20,127.42
2019-11-21,127.12
2019-11-22,127.47
2019-11-25,127.91
2019-11-26,128.24
2019-11-27,128.23
2019-11-29,127.97
2019-12-02,127.07
2019-12-03,128.05
2019-12-04,127.88
2019-12-05,127.74
2019-12-06,127.67
2019-12-09,127.65
2019-12-10,127.65
2019-12-11,128.15
2019-12-12,127.56
2019-12-13,128.39
2019-12-16,128.1
2019-12-17,128.0
2019-12-18,127.91
2019-12-19,127.7
2019-12-20,127.66
2019-12-23,127.72
2019-12-24,127.85
2019-12-26,128.08
2019-12-27,128.26
2019-12-30,128.49
2019-12-31,127.96
2020-01-02,128.23
2020-01-03,128.67
2020-01-06,128.24
2020-01-07,127.91
2020-01-08,127.73
2020-01-09,128.34
2020-01-10,128.7
2020-01-13,128.39
2020-01-14,128.55
2020-01-15,128.83
2020-01-16,129.01
2020-01-17,128.99
2020-01-21,129.61
2020-01-22,129.68
2020-01-23,129.85
2020-01-24,130.07
2020-01-27,130.32
2020-01-28,130.25
2020-01-29,130.67
2020-01-30,130.75
2020-01-31,131.09
2020-02-03,130.65
2020-02-04,130.33
2020-02-05,130.25
2020-02-06,130.19
2020-02-07,130.69
2020-02-10,131.0
2020-02-11,130.81
2020-02-12,130.75
2020-02-13,130.66
2020-02-14,130.98
2020-02-18,131.23
2020-02-19,131.05
2020-02-20,131.49
2020-02-21,131.75
2020-02-24,131.77
2020-02-25,131.9
2020-02-26,131.41
2020-02-27,130.71
2020-02-28,132.18
2020-03-02,131.7
2020-03-03,133.2
2020-03-04,133.39
2020-03-05,133.34
2020-03-06,134.27
2020-03-09,131.01
2020-03-10,128.06
2020-03-11,123.85
2020-03-12,117.94
2020-03-13,123.05
2020-03-16,121.3
2020-03-17,116.33
2020-03-18,110.51
2020-03-19,105.05
2020-03-20,106.74
2020-03-23,114.63
2020-03-24,116.98
2020-03-25,122.58
2020-03-26,122.68
2020-03-27,122.43
2020-03-30,123.92
2020-03-31,123.51
2020-04-01,121.41
2020-04-02,121.73
2020-04-03,121.1
2020-04-06,123.49
2020-04-07,123.68
2020-04-08,125.91
2020-04-09,131.83
2020-04-13,130.55
2020-04-14,129.91
2020-04-15,130.78
2020-04-16,130.13
2020-04-17,130.56
2020-04-20,129.82
2020-04-21,129.36
2020-04-22,129.44
2020-04-23,129.99
2020-04-24,129.9
2020-04-27,128.85
2020-04-28,129.2
2020-04-29,130.05
2020-04-30,129.17
2020-05-01,128.34
2020-05-04,128.54
2020-05-05,128.37
2020-05-06,126.93
2020-05-07,127.27
2020-05-08,126.66
2020-05-11,125.55
2020-05-12,126.76
2020-05-13,127.05
2020-05-14,128.1
2020-05-15,128.55
2020-05-18,129.28
2020-05-19,129.38
2020-05-20,130.8
2020-05-21,130.7
2020-05-22,130.7
2020-05-26,130.52
2020-05-27,131.06
2020-05-28,131.17
2020-05-29,132.02
2020-06-01,131.64
2020-06-02,132.06
2020-06-03,131.98
2020-06-04,131.58
2020-06-05,132.26
2020-06-08,132.7
2020-06-09,132.42
2020-06-10,133.29
2020-06-11,131.7
2020-06-12,132.34
2020-06-15,134.22
2020-06-16,133.85
2020-06-17,133.59
2020-06-18,133.89
2020-06-19,133.99
2020-06-22,133.86
2020-06-23,133.61
2020-06-24,133.24
2020-06-25,133.38
2020-06-26,133.5
2020-06-29,134.12
2020-06-30,134.5
2020-07-01,134.72
2020-07-02,135.05
2020-07-06,135.4
2020-07-07,135.58
2020-07-08,135.36
2020-07-09,136.12
2020-07-10,135.87
2020-07-13,135.51
2020-07-14,136.3
2020-07-15,136.57
2020-07-16,136.95
2020-07-17,137.32
2020-07-20,137.7
2020-07-21,137.88
2020-07-22,138.33
2020-07-23,138.43
2020-07-24,138.12
2020-07-27,137.7
2020-07-28,137.56
2020-07-29,138.31
2020-07-30,138.16
2020-07-31,138.35
2020-08-03,138.24
2020-08-04,138.75
2020-08-05,138.56
2020-08-06,139.15
2020-08-07,138.76
2020-08-10,138.46
2020-08-11,137.59
2020-08-12,137.25
2020-08-13,136.01
2020-08-14,135.41
2020-08-17,135.69
2020-08-18,136.08
2020-08-19,135.72
2020-08-20,136.2
2020-08-21,136.45
2020-08-24,136.21
2020-08-25,135.62
2020-08-26,135.67
2020-08-27,134.59
2020-08-28,135.0
2020-08-31,135.6
2020-09-01,136.16
2020-09-02,136.7
2020-09-03,136.4
2020-09-04,134.95
2020-09-08,135.08
2020-09-09,135.17
2020-09-10,135.27
2020-09-11,135.37
2020-09-14,135.71
2020-09-15,135.86
2020-09-16,135.95
2020-09-17,135.98
2020-09-18,135.73
2020-09-21,135.6
2020-09-22,135.68
2020-09-23,134.7
2020-09-24,134.36
2020-09-25,134.22
2020-09-28,134.9
2020-09-29,134.73
2020-09-30,134.71
2020-10-01,134.79
2020-10-02,134.81
2020-10-05,134.36
2020-10-06,134.25
2020-10-07,134.29
2020-10-08,134.62
2020-10-09,134.93
2020-10-12,135.71
2020-10-13,135.58
2020-10-14,135.71
2020-10-15,135.57
2020-10-16,135.34
2020-10-19,135.08
2020-10-20,134.8
2020-10-21,134.58
2020-10-22,134.28
2020-10-23,134.62
2020-10-26,134.9
2020-10-27,135.45
2020-10-28,134.78
2020-10-29,134.43
2020-10-30,133.73
2020-11-02,133.97
2020-11-03,134.1
2020-11-04,136.11
2020-11-05,136.62
2020-11-06,136.19
2020-11-09,135.16
2020-11-10,134.81
2020-11-11,135.06
2020-11-12,135.6
2020-11-13,135.76
2020-11-16,136.2
2020-11-17,136.64
2020-11-18,136.93
2020-11-19,137.69
2020-11-20,137.57
2020-11-23,137.74
2020-11-24,137.43
2020-11-25,137.51
2020-11-27,138.0
2020-11-30,138.48
2020-12-01,137.68
2020-12-02,137.22
2020-12-03,137.76
2020-12-04,137.0
2020-12-07,137.12
2020-12-08,136.96
2020-12-09,136.46
2020-12-10,137.14
2020-12-11,137.28
2020-12-14,137.18
2020-12-15,137.45
2020-12-16,137.34
2020-12-17,137.26
2020-12-18,137.16
2020-12-21,136.89
2020-12-22,137.27
2020-12-23,137.3
2020-12-24,137.77
2020-12-28,137.86
2020-12-29,137.92
2020-12-30,138.1
2020-12-31,138.13
2021-01-04,137.43
2021-01-05,136.99
2021-01-06,135.88
2021-01-07,135.86
2021-01-08,135.76
2021-01-11,135.18
2021-01-12,135.47
2021-01-13,136.52
2021-01-14,135.93
2021-01-15,136.14
2021-01-19,136.38
2021-01-20,136.34
2021-01-21,135.8
2021-01-22,135.7
2021-01-25,136.28
2021-01-26,136.27
2021-01-27,136.03
2021-01-28,135.81
2021-01-29,135.6
2021-02-01,135.6
2021-02-02,135.24
2021-02-03,134.92
2021-02-04,135.15
2021-02-05,134.79
2021-02-08,135.37
2021-02-09,135.16
2021-02-10,135.48
2021-02-11,135.12
2021-02-12,134.68
2021-02-16,133.73
2021-02-17,134.4
2021-02-18,134.14
2021-02-19,133.17
2021-02-22,132.34
2021-02-23,132.44
2021-02-24,132.64
2021-02-25,130.54
2021-02-26,132.27
2021-03-01,132.13
2021-03-02,131.98
2021-03-03,131.0
2021-03-04,129.93
2021-03-05,129.76
2021-03-08,128.55
2021-03-09,129.52
2021-03-10,130.13
2021-03-11,130.21
2021-03-12,128.71
2021-03-15,129.15
2021-03-16,129.06
2021-03-17,129.18
2021-03-18,128.44
2021-03-19,128.63
2021-03-22,129.09
2021-03-23,129.47
2021-03-24,129.86
2021-03-25,129.71
2021-03-26,129.62
2021-03-29,129.31
2021-03-30,129.71
2021-03-31,130.05
2021-04-01,130.61
2021-04-05,129.97
2021-04-06,130.84
2021-04-07,130.58
2021-04-08,131.06
2021-04-09,130.79
2021-04-12,130.76
2021-04-13,131.34
2021-04-14,131.16
2021-04-15,131.97
2021-04-16,131.07
2021-04-19,130.73
2021-04-20,130.98
2021-04-21,131.43
2021-04-22,131.56
2021-04-23,131.67
2021-04-26,131.61
2021-04-27,131.02
2021-04-28,131.04
2021-04-29,130.88
2021-04-30,131.15
2021-05-03,131.21
2021-05-04,131.29
2021-05-05,131.45
2021-05-06,131.7
2021-05-07,131.75
2021-05-10,131.04
2021-05-11,130.56
2021-05-12,129.85
2021-05-13,130.34
2021-05-14,131.05
2021-05-17,130.9
2021-05-18,130.47
2021-05-19,130.24
2021-05-20,131.13
2021-05-21,131.22
2021-05-24,131.58
2021-05-25,132.07
2021-05-26,132.0
2021-05-27,131.6
2021-05-28,131.71
2021-06-01,131.47
2021-06-02,131.68
2021-06-03,131.16
2021-06-04,132.09
2021-06-07,131.98
2021-06-08,132.48
2021-06-09,132.96
2021-06-10,133.56
2021-06-11,133.67
2021-06-14,133.18
2021-06-15,133.28
2021-06-16,132.9
2021-06-17,133.64
2021-06-18,134.34
2021-06-21,133.56
2021-06-22,133.78
2021-06-23,133.57
2021-06-24,133.83
2021-06-25,133.48
2021-06-28,134.05
2021-06-29,134.21
2021-06-30,134.36
2021-07-01,133.99
2021-07-02,134.37
2021-07-06,134.86
2021-07-07,135.32
2021-07-08,135.39
2021-07-09,134.82
2021-07-12,134.75
2021-07-13,134.25
2021-07-14,134.87
2021-07-15,135.16
2021-07-16,134.97
2021-07-19,135.94
2021-07-20,135.75
2021-07-21,135.27
2021-07-22,135.83
2021-07-23,135.77
2021-07-26,135.47
2021-07-27,136.05
2021-07-28,136.29
2021-07-29,135.9
2021-07-30,136.01
2021-08-02,136.16
2021-08-03,136.3
2021-08-04,136.33
2021-08-05,135.77
2021-08-06,134.66
2021-08-09,134.08
2021-08-10,133.78
2021-08-11,133.99
2021-08-12,134.18
2021-08-13,135.08
2021-08-16,135.16
2021-08-17,134.92
2021-08-18,134.83
2021-08-19,135.14
2021-08-20,135.23
2021-08-23,135.33
2021-08-24,135.02
2021-08-25,134.67
2021-08-26,134.63
2021-08-27,135.38
2021-08-30,135.61
2021-08-31,135.3
2021-09-01,135.24
2021-09-02,135.48
2021-09-03,134.99
2021-09-07,134.35
2021-09-08,134.78
2021-09-09,135.66
2021-09-10,135.27
2021-09-13,135.6
2021-09-14,136.01
2021-09-15,135.85
2021-09-16,135.66
2021-09-17,135.36
2021-09-20,135.78
2021-09-21,135.77
2021-09-22,136.15
2021-09-23,135.21
2021-09-24,134.92
2021-09-27,134.85
2021-09-28,133.41
2021-09-29,133.38
2021-09-30,133.03
2021-10-01,133.74
2021-10-04,133.52
2021-10-05,132.97
2021-10-06,133.01
2021-10-07,132.42
2021-10-08,131.81
2021-10-11,131.56
2021-10-12,132.4
2021-10-13,133.07
2021-10-14,133.7
2021-10-15,133.22
2021-10-18,133.11
2021-10-19,132.38
2021-10-20,132.06
2021-10-21,131.78
2021-10-22,132.31
2021-10-25,132.37
2021-10-26,132.94
2021-10-27,133.75
2021-10-28,133.55
2021-10-29,133.48
2021-11-01,132.98
2021-11-02,133.49
2021-11-03,133.15
2021-11-04,133.85
2021-11-05,134.83
2021-11-08,134.52
2021-11-09,134.88
2021-11-10,133.5
2021-11-11,133.12
2021-11-12,132.98
2021-11-15,131.97
2021-11-16,131.75
2021-11-17,132.28
2021-11-18,132.58
2021-11-19,133.08
2021-11-22,131.92
2021-11-23,130.98
2021-11-24,131.61
2021-11-26,132.68
2021-11-29,132.77
2021-11-30,133.06
2021-12-01,132.84
2021-12-02,133.15
2021-12-03,134.26
2021-12-06,133.58
2021-12-07,133.64
2021-12-08,132.75
2021-12-09,132.64
2021-12-10,132.79
2021-12-13,133.39
2021-12-14,132.79
2021-12-15,132.96
2021-12-16,132.7
2021-12-17,133.01
2021-12-20,132.43
2021-12-21,132.69
2021-12-22,132.9
2021-12-23,132.7
2021-12-27,133.09
2021-12-28,132.92
2021-12-29,132.19
2021-12-30,132.72
2021-12-31,132.52
2022-01-03,131.11
2022-01-04,131.22
2022-01-05,130.45
2022-01-06,130.28
2022-01-07,129.72
2022-01-10,129.6
2022-01-11,129.99
2022-01-12,129.9
2022-01-13,130.31
2022-01-14,129.16
2022-01-18,127.93
2022-01-19,128.13
2022-01-20,128.06
2022-01-21,128.9
2022-01-24,128.5
2022-01-25,128.14
2022-01-26,127.27
2022-01-27,127.56
2022-01-28,127.7
2022-01-31,127.76
2022-02-01,127.73
2022-02-02,127.74
2022-02-03,126.71
2022-02-04,125.45
2022-02-07,125.68
2022-02-08,125.21
2022-02-09,125.63
2022-02-10,123.92
2022-02-11,124.84
2022-02-14,123.73
2022-02-15,123.11
2022-02-16,123.29
2022-02-17,123.38
2022-02-18,123.68
2022-02-22,123.52
2022-02-23,122.4
2022-02-24,122.98
2022-02-25,123.48
2022-02-28,124.8
2022-03-01,124.97
2022-03-02,123.07
2022-03-03,123.52
2022-03-04,123.64
2022-03-07,122.14
2022-03-08,121.41
2022-03-09,121.62
2022-03-10,120.23
2022-03-11,120.18
2022-03-14,118.44
2022-03-15,119.37
2022-03-16,120.39
2022-03-17,121.57
2022-03-18,121.81
2022-03-21,120.12
2022-03-22,119.83
2022-03-23,120.17
2022-03-24,120.22
2022-03-25,119.27
2022-03-28,119.93
2022-03-29,120.94
2022-03-30,121.22
2022-03-31,120.94
2022-04-01,121.09
2022-04-04,121.51
2022-04-05,119.38
2022-04-06,118.68
2022-04-07,118.13
2022-04-08,117.2
2022-04-11,116.06
2022-04-12,116.14
2022-04-13,116.74
2022-04-14,115.38
2022-04-18,114.5
2022-04-19,113.59
2022-04-20,114.77
2022-04-21,113.55
2022-04-22,113.42
2022-04-25,114.68
2022-04-26,114.62
2022-04-27,113.52
2022-04-28,113.86
2022-04-29,112.6
2022-05-02,111.68
2022-05-03,112.4
2022-05-04,113.5
2022-05-05,111.76
2022-05-06,110.81
2022-05-09,111.2
2022-05-10,111.67
2022-05-11,112.19
2022-05-12,112.24
2022-05-13,111.65
2022-05-16,111.8
2022-05-17,111.16
2022-05-18,111.57
2022-05-19,111.87
2022-05-20,112.42
2022-05-23,112.02
2022-05-24,113.49
2022-05-25,114.66
2022-05-26,114.69
2022-05-27,115.29
2022-05-31,114.44
2022-06-01,113.5
2022-06-02,113.55
2022-06-03,113.19
2022-06-06,112.39
2022-06-07,112.99
2022-06-08,112.34
2022-06-09,111.6
2022-06-10,110.52
2022-06-13,107.97
2022-06-14,107.41
2022-06-15,109.09
2022-06-16,109.21
2022-06-17,109.43
2022-06-21,108.33
2022-06-22,109.12
2022-06-23,109.96
2022-06-24,110.09
2022-06-27,109.08
2022-06-28,109.05
2022-06-29,109.7
2022-06-30,110.03
2022-07-01,111.12
2022-07-05,111.09
2022-07-06,110.54
2022-07-07,110.53
2022-07-08,110.35
2022-07-11,110.66
2022-07-12,110.82
2022-07-13,111.65
2022-07-14,110.94
2022-07-15,111.83
2022-07-18,111.05
2022-07-19,111.36
2022-07-20,111.24
2022-07-21,112.76
2022-07-22,113.63
2022-07-25,112.67
2022-07-26,112.65
2022-07-27,113.4
2022-07-28,114.34
2022-07-29,114.61
2022-08-01,114.56
2022-08-02,113.16
2022-08-03,114.39
2022-08-04,114.57
2022-08-05,113.02
2022-08-08,113.47
2022-08-09,112.96
2022-08-10,114.03
2022-08-11,112.93
2022-08-12,114.24
2022-08-15,114.16
2022-08-16,113.72
2022-08-17,112.65
2022-08-18,112.94
2022-08-19,111.6
2022-08-22,110.85
2022-08-23,110.97
2022-08-24,110.64
2022-08-25,111.78
2022-08-26,111.11
2022-08-29,110.29
2022-08-30,110.43
2022-08-31,109.27
2022-09-01,108.31
2022-09-02,108.39
2022-09-06,106.92
2022-09-07,108.38
2022-09-08,108.13
2022-09-09,108.38
2022-09-12,108.14
2022-09-13,107.36
2022-09-14,107.87
2022-09-15,107.35
2022-09-16,107.1
2022-09-19,107.28
2022-09-20,106.21
2022-09-21,106.61
2022-09-22,105.11
2022-09-23,104.81
2022-09-26,102.99
2022-09-27,101.44
2022-09-28,103.48
2022-09-29,102.71
2022-09-30,102.45
2022-10-03,104.0
2022-10-04,104.48
2022-10-05,103.69
2022-10-06,103.45
2022-10-07,102.42
2022-10-10,101.5
2022-10-11,101.29
2022-10-12,101.17
2022-10-13,101.35
2022-10-14,100.38
2022-10-17,100.86
2022-10-18,101.46
2022-10-19,100.07
2022-10-20,99.2
2022-10-21,99.48
2022-10-24,99.43
2022-10-25,100.76
2022-10-26,101.22
2022-10-27,101.69
2022-10-28,101.9
2022-10-31,101.35
2022-11-01,101.77
2022-11-02,101.28
2022-11-03,100.92
2022-11-04,101.12
2022-11-07,100.75
2022-11-08,101.17
2022-11-09,100.91
2022-11-10,104.29
2022-11-11,104.57
2022-11-14,104.04
2022-11-15,105.49
2022-11-16,106.39
2022-11-17,105.82
2022-11-18,105.81
2022-11-21,105.65
2022-11-22,106.59
2022-11-23,107.66
2022-11-25,107.77
2022-11-28,106.99
2022-11-29,106.46
2022-11-30,107.76
2022-12-01,108.76
2022-12-02,109.42
2022-12-05,108.49
2022-12-06,108.82
2022-12-07,110.03
2022-12-08,109.68
2022-12-09,108.86
2022-12-12,108.72
2022-12-13,109.67
2022-12-14,109.77
2022-12-15,109.53
2022-12-16,109.06
2022-12-19,107.96
2022-12-20,106.69
2022-12-21,107.42
2022-12-22,107.39
2022-12-23,107.06
2022-12-27,105.68
2022-12-28,105.35
2022-12-29,106.1
2022-12-30,105.43
2023-01-03,106.16
2023-01-04,106.93
2023-01-05,106.85
2023-01-06,108.6
2023-01-09,109.03
2023-01-10,108.66
2023-01-11,109.59
2023-01-12,110.83
2023-01-13,110.47
2023-01-17,110.07
2023-01-18,111.36
2023-01-19,111.13
2023-01-20,110.55
2023-01-23,110.23
2023-01-24,110.81
2023-01-25,110.86
2023-01-26,110.82
2023-01-27,110.5
2023-01-30,110.08
2023-01-31,110.87
2023-02-01,111.65
2023-02-02,111.81
2023-02-03,110.54
2023-02-06,109.69
2023-02-07,109.33
2023-02-08,109.44
2023-02-09,108.52
2023-02-10,107.76
2023-02-13,108.16
2023-02-14,107.89
2023-02-15,107.48
2023-02-16,106.62
2023-02-17,107.04
2023-02-21,105.52
2023-02-22,105.82
2023-02-23,106.65
2023-02-24,105.85
2023-02-27,105.88
2023-02-28,105.92
2023-03-01,104.89
2023-03-02,104.98
2023-03-03,106.17
2023-03-06,105.88
2023-03-07,105.58
2023-03-08,105.41
2023-03-09,105.31
2023-03-10,106.82
2023-03-13,106.91
2023-03-14,106.59
2023-03-15,107.61
2023-03-16,107.45
2023-03-17,107.99
2023-03-20,107.67
2023-03-21,108.19
2023-03-22,108.82
2023-03-23,109.13
2023-03-24,109.47
2023-03-27,108.16
2023-03-28,107.98
2023-03-29,108.48
2023-03-30,108.63
2023-03-31,109.61
2023-04-03,109.93
2023-04-04,110.07
2023-04-05,110.43
2023-04-06,110.33
2023-04-10,109.82
2023-04-11,109.79
2023-04-12,109.56
2023-04-13,109.75
2023-04-14,109.39
2023-04-17,108.7
2023-04-18,109.06
2023-04-19,108.52
2023-04-20,108.93
2023-04-21,109.0
2023-04-24,109.48
2023-04-25,109.96
2023-04-26,109.48
2023-04-27,109.08
2023-04-28,109.93
2023-05-01,107.79
2023-05-02,109.09
2023-05-03,109.27
2023-05-04,108.97
2023-05-05,108.54
2023-05-08,107.76
2023-05-09,107.72
2023-05-10,108.57
2023-05-11,108.99
2023-05-12,108.32
2023-05-15,107.74
2023-05-16,107.2
2023-05-17,107.19
2023-05-18,106.74
2023-05-19,106.61
2023-05-22,106.57
2023-05-23,106.79
2023-05-24,106.37
2023-05-25,106.02
2023-05-26,106.47
2023-05-30,107.27
2023-05-31,107.62
2023-06-01,107.6
2023-06-02,107.31
2023-06-05,107.08
2023-06-06,107.29
2023-06-07,106.33
2023-06-08,107.04
2023-06-09,106.76
2023-06-12,107.1
2023-06-13,106.62
2023-06-14,106.95
2023-06-15,107.88
2023-06-16,107.69
2023-06-20,108.08
2023-06-21,107.96
2023-06-22,107.4
2023-06-23,107.7
2023-06-26,107.82
2023-06-27,107.7
2023-06-28,108.17
2023-06-29,107.35
2023-06-30,108.14
2023-07-03,107.49
2023-07-05,106.72
2023-07-06,105.64
2023-07-07,105.54
2023-07-10,106.09
2023-07-11,106.59
2023-07-12,107.53
2023-07-13,108.29
2023-07-14,107.45
2023-07-17,107.63
2023-07-18,107.9
2023-07-19,108.51
2023-07-20,107.78
2023-07-21,107.97
2023-07-24,107.84
2023-07-25,107.67
2023-07-26,108.17
2023-07-27,106.85
2023-07-28,107.55
2023-07-31,107.85
2023-08-01,106.41
2023-08-02,105.76
2023-08-03,104.81
2023-08-04,105.9
2023-08-07,105.64
2023-08-08,106.06
2023-08-09,106.16
2023-08-10,105.41
2023-08-11,105.05
2023-08-14,105.01
2023-08-15,104.46
2023-08-16,103.99
2023-08-17,103.71
2023-08-18,104.1
2023-08-21,103.48
2023-08-22,103.8
2023-08-23,105.26
2023-08-24,104.9
2023-08-25,104.96
2023-08-28,105.29
2023-08-29,106.13
2023-08-30,105.98
2023-08-31,106.16
2023-09-01,105.03
2023-09-05,104.28
2023-09-06,104.18
2023-09-07,104.64
2023-09-08,104.72
2023-09-11,104.52
2023-09-12,104.49
2023-09-13,104.72
2023-09-14,104.53
2023-09-15,104.37
2023-09-18,104.57
2023-09-19,104.22
2023-09-20,104.26
2023-09-21,103.21
2023-09-22,103.84
2023-09-25,102.83
2023-09-26,102.54
2023-09-27,102.06
2023-09-28,102.24
2023-09-29,102.02
2023-10-02,100.69
2023-10-03,99.53
2023-10-04,100.4
2023-10-05,100.28
2023-10-06,99.98
2023-10-09,101.22
2023-10-10,101.26
2023-10-11,101.88
2023-10-12,100.82
2023-10-13,101.38
2023-10-16,100.68
2023-10-17,99.88
2023-10-18,99.08
2023-10-19,98.28
2023-10-20,98.67
2023-10-23,99.44
2023-10-24,100.0
2023-10-25,99.09
2023-10-26,99.81
2023-10-27,99.61
2023-10-30,99.31
2023-10-31,99.17
2023-11-01,100.22
2023-11-02,101.41
2023-11-03,101.91
2023-11-06,101.37
2023-11-07,102.18
2023-11-08,102.7
2023-11-09,101.66
2023-11-10,102.17
2023-11-13,102.18
2023-11-14,103.78
2023-11-15,103.24
2023-11-16,104.09
2023-11-17,104.39
2023-11-20,104.81
2023-11-21,104.84
2023-11-22,105.26
2023-11-24,104.72
2023-11-27,105.57
2023-11-28,105.99
2023-11-29,106.85
2023-11-30,106.29
2023-12-01,107.17
2023-12-04,106.68
2023-12-05,107.53
2023-12-06,107.93
2023-12-07,107.94
2023-12-08,107.36
2023-12-11,107.33
2023-12-12,107.94
2023-12-13,109.75
2023-12-14,110.52
2023-12-15,110.36
2023-12-18,109.9
2023-12-19,110.04
2023-12-20,110.33
2023-12-21,110.29
2023-12-22,110.1
2023-12-26,110.33
2023-12-27,111.36
2023-12-28,111.07
2023-12-29,110.66
2024-01-02,109.91
2024-01-03,109.66
2024-01-04,109.05
2024-01-05,108.66
2024-01-08,109.49
2024-01-09,109.68
2024-01-10,109.54
2024-01-11,110.2
2024-01-12,110.44
2024-01-16,109.32
2024-01-17,109.09
2024-01-18,108.88
2024-01-19,108.99
2024-01-22,109.29
2024-01-23,108.89
2024-01-24,108.68
2024-01-25,109.4
2024-01-26,109.09
2024-01-29,109.54
2024-01-30,109.89
2024-01-31,110.17
2024-02-01,110.63
2024-02-02,109.62
2024-02-05,108.57
2024-02-06,109.18
2024-02-07,108.86
2024-02-08,108.3
2024-02-09,108.16
2024-02-12,108.17
2024-02-13,106.98
2024-02-14,107.48
2024-02-15,107.87
2024-02-16,107.48
2024-02-20,107.84
2024-02-21,107.57
2024-02-22,107.74
2024-02-23,108.06
2024-02-26,107.72
2024-02-27,107.57
2024-02-28,107.56
2024-02-29,107.66
2024-03-01,107.92
2024-03-04,107.72
2024-03-05,108.31
2024-03-06,108.6
2024-03-07,108.87
2024-03-08,109.02
2024-03-11,109.04
2024-03-12,108.69
2024-03-13,108.58
2024-03-14,107.78
2024-03-15,107.81
2024-03-18,107.63
2024-03-19,107.94
2024-03-20,108.14
2024-03-21,108.3
2024-03-22,108.67
2024-03-25,108.3
2024-03-26,108.27
2024-03-27,109.02
2024-03-28,108.92
2024-04-01,107.47
2024-04-02,107.31
2024-04-03,107.38
2024-04-04,107.5
2024-04-05,107.03
2024-04-08,107.02
2024-04-09,107.57
2024-04-10,106.04
2024-04-11,105.82
2024-04-12,106.06
2024-04-15,104.89
2024-04-16,104.54
2024-04-17,105.11
2024-04-18,104.9
2024-04-19,105.01
2024-04-22,105.27
2024-04-23,105.45
2024-04-24,105.04
2024-04-25,104.73
2024-04-26,105.13
2024-04-29,105.57
2024-04-30,104.99
2024-05-01,105.01
2024-05-02,105.66
2024-05-03,106.4
2024-05-06,106.7
2024-05-07,106.75
2024-05-08,106.48
2024-05-09,106.65
2024-05-10,106.31
2024-05-13,106.35
2024-05-14,106.66
2024-05-15,107.61
2024-05-16,107.44
2024-05-17,107.19
2024-05-20,107.14
2024-05-21,107.32
2024-05-22,107.16
2024-05-23,106.69
2024-05-24,106.98
2024-05-28,106.34
2024-05-29,105.77
2024-05-30,106.42
2024-05-31,106.89
2024-06-03,107.22
2024-06-04,107.64
2024-06-05,108.0
2024-06-06,107.93
2024-06-07,106.96
2024-06-10,106.74
2024-06-11,107.2
2024-06-12,107.86
2024-06-13,108.37
2024-06-14,108.46
2024-06-17,107.95
2024-06-18,108.45
2024-06-20,108.09
2024-06-21,108.12
2024-06-24,108.23
2024-06-25,108.19
2024-06-26,107.6
2024-06-27,107.81
2024-06-28,107.12
2024-07-01,106.11
2024-07-02,106.79
2024-07-03,107.58
2024-07-05,108.14
2024-07-08,108.13
2024-07-09,107.93
2024-07-10,108.19
2024-07-11,108.77
2024-07-12,109.17
2024-07-15,108.57
2024-07-16,109.2
2024-07-17,109.25
2024-07-18,108.78
2024-07-19,108.38
2024-07-22,108.32
2024-07-23,108.24
2024-07-24,107.58
2024-07-25,108.01
2024-07-26,108.61
2024-07-29,108.84
2024-07-30,108.93
2024-07-31,109.56
2024-08-01,109.53
2024-08-02,110.6
2024-08-05,110.32
2024-08-06,109.6
2024-08-07,109.1
2024-08-08,109.15
2024-08-09,109.71
2024-08-12,109.94
2024-08-13,110.71
2024-08-14,111.2
2024-08-15,110.86
2024-08-16,111.19
2024-08-19,111.45
2024-08-20,111.74
2024-08-21,111.99
2024-08-22,111.53
2024-08-23,112.17
2024-08-26,112.03
2024-08-27,111.94
2024-08-28,111.71
2024-08-29,111.52
2024-08-30,111.21
2024-09-03,111.14
2024-09-04,111.83
2024-09-05,112.38
2024-09-06,112.33
2024-09-09,112.58
2024-09-10,112.89
2024-09-11,112.94
2024-09-12,112.86
2024-09-13,113.21
2024-09-16,113.71
2024-09-17,113.72
2024-09-18,113.25
2024-09-19,113.35
2024-09-20,113.45
2024-09-23,113.29
2024-09-24,113.48
2024-09-25,112.81
2024-09-26,112.81
2024-09-27,113.26
2024-09-30,112.98
2024-10-01,113.11
2024-10-02,112.86
2024-10-03,112.13
2024-10-04,111.52
2024-10-07,110.95
2024-10-08,111.17
2024-10-09,110.95
2024-10-10,110.83
2024-10-11,110.81
2024-10-14,110.82
2024-10-15,111.36
2024-10-16,111.71
2024-10-17,110.88
2024-10-18,110.75
2024-10-21,109.62
2024-10-22,109.61
2024-10-23,109.24
2024-10-24,109.57
2024-10-25,109.31
2024-10-28,109.22
2024-10-29,109.35
2024-10-30,109.21
2024-10-31,108.99
2024-11-01,108.01
2024-11-04,108.81
2024-11-05,109.33
2024-11-06,108.19
2024-11-07,109.47
2024-11-08,109.85
2024-11-11,109.64
2024-11-12,108.65
2024-11-13,108.24
2024-11-14,108.21
2024-11-15,108.26
2024-11-18,108.46
2024-11-19,108.69
2024-11-20,108.43
2024-11-21,108.3
2024-11-22,108.4
2024-11-25,109.75
2024-11-26,109.47
2024-11-27,109.87
2024-11-29,110.55
2024-12-02,110.34
2024-12-03,109.95
2024-12-04,110.48
2024-12-05,110.45
2024-12-06,110.7
2024-12-09,110.42
2024-12-10,110.25
2024-12-11,109.95
2024-12-12,109.33
2024-12-13,108.72
2024-12-16,108.86
2024-12-17,108.87
2024-12-18,107.14
2024-12-19,106.56
2024-12-20,106.98
2024-12-23,106.67
2024-12-24,107.0
2024-12-26,107.1
2024-12-27,106.65
2024-12-30,107.11
2024-12-31,106.84
2025-01-02,106.85
2025-01-03,106.6
2025-01-06,106.33
2025-01-07,105.84
2025-01-08,106.01
2025-01-10,105.4
2025-01-13,105.1
2025-01-14,105.22
2025-01-15,106.48
2025-01-16,106.69
2025-01-17,106.78
2025-01-21,107.4
2025-01-22,107.06
2025-01-23,106.91
2025-01-24,107.12
2025-01-27,107.86
2025-01-28,107.71
2025-01-29,107.57
2025-01-30,107.81
2025-01-31,107.46
2025-02-03,107.24
2025-02-04,107.45
2025-02-05,108.2
2025-02-06,108.0
2025-02-07,107.53
2025-02-10,107.56
2025-02-11,107.32
2025-02-12,106.74
2025-02-13,107.57
2025-02-14,107.99
2025-02-18,107.55
2025-02-19,107.61
2025-02-20,107.87
2025-02-21,108.25
2025-02-24,108.53
2025-02-25,109.36
2025-02-26,109.59
2025-02-27,109.13
2025-02-28,109.61
2025-03-03,109.54
2025-03-04,109.18
2025-03-05,108.83
2025-03-06,108.49
2025-03-07,108.32
2025-03-10,108.69
2025-03-11,107.98
2025-03-12,107.66
2025-03-13,108.0
2025-03-14,107.95
2025-03-17,108.17
2025-03-18,108.43
2025-03-19,109.07
2025-03-20,108.91
2025-03-21,108.76
2025-03-24,108.29
2025-03-25,108.4
2025-03-26,107.96
2025-03-27,107.83
2025-03-28,108.48
2025-03-31,108.69
2025-04-01,108.66
2025-04-02,108.91
2025-04-03,108.9
2025-04-04,108.78
2025-04-07,106.66
2025-04-08,105.31
2025-04-09,107.07
2025-04-10,105.25
2025-04-11,105.23
2025-04-14,105.88
2025-04-15,106.45
2025-04-16,106.9
2025-04-17,106.75
2025-04-21,105.6
2025-04-22,105.86
2025-04-23,106.33
2025-04-24,107.42
2025-04-25,107.99
2025-04-28,108.24
2025-04-29,108.49
2025-04-30,107.98
2025-05-01,107.17
2025-05-02,106.91
2025-05-05,106.76
2025-05-06,106.97
2025-05-07,107.19
2025-05-08,106.65
2025-05-09,106.61
2025-05-12,106.59
2025-05-13,106.68
2025-05-14,106.14
2025-05-15,106.9
2025-05-16,107.1
2025-05-19,107.11
2025-05-20,106.85
2025-05-21,105.66
2025-05-22,106.2
2025-05-23,106.28
2025-05-27,107.24
2025-05-28,106.98
2025-05-29,107.46
2025-05-30,107.77
2025-06-02,107.07
2025-06-03,107.12
2025-06-04,107.9
2025-06-05,107.57
2025-06-06,106.92
2025-06-09,107.24
2025-06-10,107.5
2025-06-11,107.84
2025-06-12,108.44
2025-06-13,107.79
2025-06-16,107.6
2025-06-17,107.97
2025-06-18,108.05
2025-06-20,108.14
2025-06-23,108.41
2025-06-24,108.92
2025-06-25,108.79
2025-06-26,109.19
2025-06-27,109.01
2025-06-30,109.61
2025-07-01,109.34
2025-07-02,109.32
2025-07-03,109.06
2025-07-07,108.41
2025-07-08,108.1
2025-07-09,108.72
2025-07-10,108.74
2025-07-11,108.08
2025-07-14,108.05
2025-07-15,107.66
2025-07-16,107.83
2025-07-17,108.09
2025-07-18,108.29
2025-07-21,108.71
2025-07-22,108.97
2025-07-23,108.8
2025-07-24,108.64
2025-07-25,108.99
2025-07-28,108.77
2025-07-29,109.49
2025-07-30,109.08
2025-07-31,109.11
2025-08-01,109.63
2025-08-04,109.82
2025-08-05,109.9
2025-08-06,109.87
2025-08-07,109.76
2025-08-08,109.41
2025-08-11,109.58
2025-08-12,109.68
2025-08-13,110.26
2025-08-14,109.88
2025-08-15,109.74
2025-08-18,109.54
2025-08-19,109.71
2025-08-20,109.76
2025-08-21,109.34
2025-08-22,110.2
2025-08-25,109.91
2025-08-26,109.99
2025-08-27,110.03
2025-08-28,110.2
2025-08-29,109.8
2025-09-02,109.05
2025-09-03,109.7
2025-09-04,110.45
2025-09-05,111.17
2025-09-08,111.56
2025-09-09,111.36
2025-09-10,111.69
2025-09-11,112.21
2025-09-12,112.01
2025-09-15,112.36
2025-09-16,112.26
2025-09-17,112.06
2025-09-18,111.83
2025-09-19,111.74
2025-09-22,111.49
2025-09-23,111.71
2025-09-24,111.26
2025-09-25,111.06
2025-09-26,111.21
2025-09-29,111.58
2025-09-30,111.47
2025-10-01,111.51
2025-10-02,111.69
2025-10-03,111.55
2025-10-06,111.19
2025-10-07,111.4
2025-10-08,111.26
2025-10-09,111.04
2025-10-10,111.35
2025-10-13,111.73
2025-10-14,112.1
2025-10-15,112.1
2025-10-16,112.42
2025-10-17,112.2
2025-10-20,112.54
2025-10-21,112.56
2025-10-22,112.67
2025-10-23,112.53
2025-10-24,112.72
2025-10-27,112.91
2025-10-28,112.92
2025-10-29,112.28
2025-10-30,111.68
2025-10-31,111.23
2025-11-03,110.53
2025-11-04,110.68
2025-11-05,110.35
2025-11-06,110.93
2025-11-07,110.71
2025-11-10,110.77
2025-11-11,111.21
2025-11-12,111.1
2025-11-13,110.55
2025-11-14,110.25
2025-11-17,110.32
2025-11-18,110.37
2025-11-19,110.38
2025-11-20,110.53
2025-11-21,110.92
2025-11-24,111.36
2025-11-25,111.67
2025-11-26,112.05
2025-11-28,111.86
2025-12-01,110.85
2025-12-02,110.92
2025-12-03,111.17
2025-12-04,110.97
2025-12-05,110.86
2025-12-08,110.63
2025-12-09,110.49
2025-12-10,111.0
2025-12-11,110.84
2025-12-12,110.17
2025-12-15,110.3
2025-12-16,110.55
2025-12-17,110.43
2025-12-18,110.85
2025-12-19,110.13
2025-12-22,110.11
2025-12-23,110.22
2025-12-24,110.65
2025-12-26,110.64
2025-12-29,110.79
2025-12-30,110.66
2025-12-31,110.19
2026-01-02,110.16
2026-01-05,110.47
2026-01-06,110.47
2026-01-07,110.55
2026-01-08,110.24
2026-01-09,110.64
2026-01-12,110.51
2026-01-13,110.75
2026-01-14,111.03
2026-01-15,110.89
2026-01-16,110.57
2026-01-20,109.9
2026-01-21,110.56
2026-01-22,110.77
2026-01-23,110.84
2026-01-26,110.93
2026-01-27,110.81
2026-01-28,110.65
2026-01-29,110.68
2026-01-30,110.57
2026-02-02,110.06
2026-02-03,110.11
2026-02-04,109.97
2026-02-05,110.5
2026-02-06,110.56
2026-02-09,110.56
2026-02-10,110.82
2026-02-11,110.7
2026-02-12,111.22
2026-02-13,111.59
2026-02-17,111.7
2026-02-18,111.59
2026-02-19,111.68
2026-02-20,111.59
2026-02-23,111.71
2026-02-24,111.68
2026-02-25,111.65
2026-02-26,111.72
2026-02-27,111.68
2026-03-02,110.92
2026-03-03,110.87
2026-03-04,110.97
2026-03-05,110.53
2026-03-06,110.16
2026-03-09,110.82
2026-03-10,110.06
2026-03-11,109.16
2026-03-12,108.57
2026-03-13,108.17
2026-03-16,108.69
2026-03-17,109.3
2026-03-18,108.71
2026-03-19,109.19
2026-03-20,107.85
2026-03-23,108.56
2026-03-24,108.34
2026-03-25,108.73
2026-03-26,107.88
2026-03-27,107.62
2026-03-30,108.31
2026-03-31,108.99
2026-04-01,108.66
2026-04-02,109.12
2026-04-06,108.95
2026-04-07,109.07
2026-04-08,109.49
2026-04-09,109.49
2026-04-10,109.2
2026-04-13,109.62
2026-04-14,109.98
2026-04-15,109.94
2026-04-16,109.43
2026-04-17,110.04
2026-04-20,110.03
2026-04-21,109.61
2026-04-22,109.82
2026-04-23,109.52
2026-04-24,109.6
2026-04-27,109.29
2026-04-28,109.34
2026-04-29,108.73
2026-04-30,108.85
2026-05-01,108.6
2026-05-04,108.25
2026-05-05,108.65
2026-05-06,109.19
2026-05-07,108.74
2026-05-08,109.2
2026-05-11,108.93
2026-05-12,108.56
2026-05-13,108.62
2026-05-14,108.55
2026-05-15,107.86
2026-05-18,107.66
2026-05-19,107.12
2026-05-20,107.95
2026-05-21,108.17
2026-05-22,108.37
2026-05-26,108.78
2026-05-27,108.93
2026-05-28,109.26
2026-05-29,109.36
2026-06-01,108.93
2026-06-02,108.92
2026-06-03,108.62
2026-06-04,108.85
2026-06-05,108.17
2026-06-08,108.06
2026-06-09,108.41
2026-06-10,108.16
2026-06-11,109.08
2026-06-12,109.01
2026-06-15,108.99
2026-06-16,109.12
2026-06-17,108.77
2026-06-18,109.07
2026-06-22,108.78
2026-06-23,108.91
2026-06-24,109.41
2026-06-25,109.5
2026-06-26,109.5
2026-06-29,109.7
2026-06-30,109.07
2026-07-01,108.46
2026-07-02,108.64
2026-07-06,108.67
2026-07-07,107.88
2026-07-08,107.67
2026-07-09,107.71
2026-07-10,107.46
2026-07-13,106.96
2026-07-14,107.21
2026-07-15,107.58
2026-07-16,107.5
2026-07-17,107.56
2026-07-20,107.15
2026-07-21,106.85
2026-07-22,106.67
2026-07-23,106.26
2026-07-24,106.23
2026-07-27,106.51
2026-07-28,106.83
2026-07-29,106.22
2026-07-30,106.41
2026-07-31,106.25
2026-08-03,106.11
2026-08-04,106.76
2026-08-05,106.74
2026-08-06,106.36
2026-08-07,106.55
2026-08-10,105.96
2026-08-11,105.99
2026-08-12,106.12
2026-08-13,106.55
2026-08-14,106.12
2026-08-17,105.7
2026-08-18,105.84
