Date,Close
2003-05-01,25.495
2003-05-02,25.97
2003-05-05,26.025
2003-05-06,26.2325
2003-05-07,26.13
2003-05-08,25.8475
2003-05-09,26.2125
2003-05-12,26.7
2003-05-13,26.6375
2003-05-14,26.7
2003-05-15,26.9775
2003-05-16,27.025
2003-05-19,26.3225
2003-05-20,26.29
2003-05-21,26.395
2003-05-22,26.77
2003-05-23,26.92
2003-05-27,27.5
2003-05-28,27.5725
2003-05-29,27.475
2003-05-30,28.0125
2003-06-02,28.1675
2003-06-03,28.1575
2003-06-04,28.7475
2003-06-05,28.95
2003-06-06,28.8
2003-06-09,28.3325
2003-06-10,28.5375
2003-06-11,29.0275
2003-06-12,29.1475
2003-06-13,28.7
2003-06-16,29.28
2003-06-17,29.3325
2003-06-18,29.195
2003-06-19,28.815
2003-06-20,28.7875
2003-06-23,28.3825
2003-06-24,28.3
2003-06-25,28.15
2003-06-26,28.3925
2003-06-27,28.235
2003-06-30,28.255
2003-07-01,28.35
2003-07-02,28.71
2003-07-03,28.5525
2003-07-07,29.0325
2003-07-08,29.3025
2003-07-09,29.32
2003-07-10,28.7725
2003-07-11,28.9475
2003-07-14,29.37
2003-07-15,29.0
2003-07-16,28.7475
2003-07-17,28.325
2003-07-18,28.71
2003-07-21,28.335
2003-07-22,28.69
2003-07-23,28.455
2003-07-24,28.575
2003-07-25,29.0125
2003-07-28,29.07
2003-07-29,28.85
2003-07-30,28.79
2003-07-31,28.92
2003-08-01,28.735
2003-08-04,28.685
2003-08-05,28.165
2003-08-06,28.2375
2003-08-07,28.335
2003-08-08,28.44
2003-08-11,28.555
2003-08-12,28.8275
2003-08-13,28.775
2003-08-14,29.0775
2003-08-15,29.14
2003-08-18,29.475
2003-08-19,29.66
2003-08-20,29.6725
2003-08-21,29.9175
2003-08-22,29.5875
2003-08-25,29.53
2003-08-26,29.6425
2003-08-27,29.7375
2003-08-28,29.9925
2003-08-29,30.1675
2003-09-02,30.61
2003-09-03,30.6875
2003-09-04,30.7125
2003-09-05,30.59
2003-09-08,30.8375
2003-09-09,30.57
2003-09-10,30.025
2003-09-11,30.2325
2003-09-12,30.3175
2003-09-15,30.2325
2003-09-16,30.6625
2003-09-17,30.6
2003-09-18,30.9625
2003-09-19,30.8025
2003-09-22,30.385
2003-09-23,30.6075
2003-09-24,30.105
2003-09-25,29.77
2003-09-26,29.53
2003-09-29,29.71
2003-09-30,29.5725
2003-10-01,30.095
2003-10-02,30.25
2003-10-03,30.605
2003-10-06,30.7925
2003-10-07,30.9425
2003-10-08,30.8575
2003-10-09,31.05
2003-10-10,31.025
2003-10-13,31.3375
2003-10-14,31.45
2003-10-15,31.3575
2003-10-16,31.4075
2003-10-17,31.035
2003-10-20,31.15
2003-10-21,31.2075
2003-10-22,30.75
2003-10-23,30.775
2003-10-24,30.625
2003-10-27,30.825
2003-10-28,31.3375
2003-10-29,31.4575
2003-10-30,31.6125
2003-10-31,31.62
2003-11-03,31.89
2003-11-04,31.75
2003-11-05,31.795
2003-11-06,31.9875
2003-11-07,31.935
2003-11-10,31.605
2003-11-11,31.5975
2003-11-12,32.04
2003-11-13,32.1125
2003-11-14,31.7875
2003-11-17,31.4825
2003-11-18,31.165
2003-11-19,31.3525
2003-11-20,31.1375
2003-11-21,31.2725
2003-11-24,31.8625
2003-11-25,32.065
2003-11-26,32.2075
2003-11-28,32.2875
2003-12-01,32.67
2003-12-02,32.55
2003-12-03,32.5125
2003-12-04,32.49
2003-12-05,32.2625
2003-12-08,32.5
2003-12-09,32.21
2003-12-10,31.96
2003-12-11,32.525
2003-12-12,32.65
2003-12-15,32.3875
2003-12-16,32.495
2003-12-17,32.5925
2003-12-18,33.07
2003-12-19,33.0075
2003-12-22,33.1425
2003-12-23,33.36
2003-12-24,33.2975
2003-12-26,33.3775
2003-12-29,33.775
2003-12-30,33.82
2003-12-31,33.8625
2004-01-02,33.7025
2004-01-05,34.125
2004-01-06,34.195
2004-01-07,34.215
2004-01-08,34.475
2004-01-09,34.2925
2004-01-12,34.5
2004-01-13,34.31
2004-01-14,34.62
2004-01-15,34.715
2004-01-16,35.0375
2004-01-20,35.1075
2004-01-21,35.2575
2004-01-22,35.1225
2004-01-23,35.0375
2004-01-26,35.35
2004-01-27,35.0775
2004-01-28,34.6125
2004-01-29,34.62
2004-01-30,34.665
2004-02-02,34.7025
2004-02-03,34.7125
2004-02-04,34.3425
2004-02-05,34.435
2004-02-06,34.9575
2004-02-09,34.9875
2004-02-10,35.1425
2004-02-11,35.5675
2004-02-12,35.4625
2004-02-13,35.225
2004-02-17,35.6175
2004-02-18,35.4925
2004-02-19,35.2725
2004-02-20,35.1225
2004-02-23,34.9
2004-02-24,34.8075
2004-02-25,35.0575
2004-02-26,35.205
2004-02-27,35.325
2004-03-01,35.7675
2004-03-02,35.625
2004-03-03,35.64
2004-03-04,35.775
2004-03-05,35.91
2004-03-08,35.5
2004-03-09,35.2125
2004-03-10,34.6675
2004-03-11,34.09
2004-03-12,34.6
2004-03-15,34.0625
2004-03-16,34.2325
2004-03-17,34.7625
2004-03-18,34.75
2004-03-19,34.35
2004-03-22,33.795
2004-03-23,33.7975
2004-03-24,33.705
2004-03-25,34.275
2004-03-26,34.345
2004-03-29,34.68
2004-03-30,34.945
2004-03-31,35.0
2004-04-01,35.215
2004-04-02,35.6125
2004-04-05,35.82
2004-04-06,35.7475
2004-04-07,35.5625
2004-04-08,35.525
2004-04-12,35.64
2004-04-13,35.095
2004-04-14,34.875
2004-04-15,34.9475
2004-04-16,35.175
2004-04-19,35.175
2004-04-20,34.66
2004-04-21,34.875
2004-04-22,35.535
2004-04-23,35.445
2004-04-26,35.21
2004-04-27,35.265
2004-04-28,34.7375
2004-04-29,34.3375
2004-04-30,34.175
2004-05-03,34.4
2004-05-04,34.5
2004-05-05,34.6025
2004-05-06,34.2625
2004-05-07,33.6525
2004-05-10,33.15
2004-05-11,33.525
2004-05-12,33.54
2004-05-13,33.665
2004-05-14,33.5825
2004-05-17,33.16
2004-05-18,33.4825
2004-05-19,33.415
2004-05-20,33.4625
2004-05-21,33.54
2004-05-24,33.8125
2004-05-25,34.42
2004-05-26,34.4875
2004-05-27,34.655
2004-05-28,34.7725
2004-06-01,34.7325
2004-06-02,34.85
2004-06-03,34.5
2004-06-04,34.715
2004-06-07,35.375
2004-06-08,35.36
2004-06-09,34.985
2004-06-10,35.135
2004-06-14,34.725
2004-06-15,35.0175
2004-06-16,35.0925
2004-06-17,35.0625
2004-06-18,35.065
2004-06-21,34.9625
2004-06-22,35.1625
2004-06-23,35.5925
2004-06-24,35.5075
2004-06-25,35.5375
2004-06-28,35.405
2004-06-29,35.495
2004-06-30,35.7375
2004-07-01,35.25
2004-07-02,35.13
2004-07-06,34.73
2004-07-07,34.785
2004-07-08,34.4075
2004-07-09,34.515
2004-07-12,34.475
2004-07-13,34.53
2004-07-14,34.395
2004-07-15,34.4825
2004-07-16,34.2175
2004-07-19,34.2
2004-07-20,34.5
2004-07-21,33.965
2004-07-22,33.925
2004-07-23,33.63
2004-07-26,33.4675
2004-07-27,33.77
2004-07-28,33.73
2004-07-29,34.05
2004-07-30,34.1025
2004-08-02,34.235
2004-08-03,33.9125
2004-08-04,33.845
2004-08-05,33.2325
2004-08-06,32.635
2004-08-09,32.815
2004-08-10,33.19
2004-08-11,33.07
2004-08-12,32.7
2004-08-13,32.65
2004-08-16,33.2625
2004-08-17,33.35
2004-08-18,33.7675
2004-08-19,33.6425
2004-08-20,33.9775
2004-08-23,33.8125
2004-08-24,33.8125
2004-08-25,34.1625
2004-08-26,34.125
2004-08-27,34.1875
2004-08-30,33.9325
2004-08-31,34.0675
2004-09-01,34.1825
2004-09-02,34.6275
2004-09-03,34.43
2004-09-07,34.7175
2004-09-08,34.515
2004-09-09,34.6125
2004-09-10,34.8625
2004-09-13,34.9175
2004-09-14,34.995
2004-09-15,34.745
2004-09-16,34.945
2004-09-17,34.9825
2004-09-20,34.87
2004-09-21,35.1
2004-09-22,34.6625
2004-09-23,34.5625
2004-09-24,34.555
2004-09-27,34.325
2004-09-28,34.5175
2004-09-29,34.6625
2004-09-30,34.855
2004-10-01,35.4275
2004-10-04,35.6
2004-10-05,35.54
2004-10-06,35.77
2004-10-07,35.435
2004-10-08,35.1175
2004-10-11,35.0925
2004-10-12,35.0075
2004-10-13,34.7225
2004-10-14,34.4675
2004-10-15,34.5975
2004-10-18,34.7175
2004-10-19,34.42
2004-10-20,34.4575
2004-10-21,34.7325
2004-10-22,34.46
2004-10-25,34.505
2004-10-26,35.0025
2004-10-27,35.5175
2004-10-28,35.495
2004-10-29,35.6825
2004-11-01,35.73
2004-11-02,35.6875
2004-11-03,36.1025
2004-11-04,36.74
2004-11-05,36.995
2004-11-08,36.925
2004-11-09,36.95
2004-11-10,36.975
2004-11-11,37.34
2004-11-12,37.655
2004-11-15,37.6925
2004-11-16,37.475
2004-11-17,37.7025
2004-11-18,37.82
2004-11-19,37.3725
2004-11-22,37.6375
2004-11-23,37.6775
2004-11-24,37.96
2004-11-26,38.045
2004-11-29,37.8475
2004-11-30,37.75
2004-12-01,38.27
2004-12-02,38.1975
2004-12-03,38.25
2004-12-06,38.23
2004-12-07,37.75
2004-12-08,37.84
2004-12-09,38.04
2004-12-10,38.0775
2004-12-13,38.39
2004-12-14,38.6375
2004-12-15,38.7825
2004-12-16,38.5875
2004-12-17,38.4
2004-12-20,38.3
2004-12-21,38.665
2004-12-22,38.8
2004-12-23,38.82
2004-12-27,38.6
2004-12-28,38.92
2004-12-29,38.98
2004-12-30,39.055
2004-12-31,39.04
2005-01-03,38.5
2005-01-04,37.9625
2005-01-05,37.67
2005-01-06,37.7825
2005-01-07,37.6825
2005-01-10,37.7575
2005-01-11,37.5625
2005-01-12,37.75
2005-01-13,37.4925
2005-01-14,37.8175
2005-01-18,38.185
2005-01-19,37.85
2005-01-20,37.5575
2005-01-21,37.34
2005-01-24,37.125
2005-01-25,37.175
2005-01-26,37.4475
2005-01-27,37.5675
2005-01-28,37.4175
2005-01-31,37.8375
2005-02-01,38.1175
2005-02-02,38.27
2005-02-03,38.1875
2005-02-04,38.64
2005-02-07,38.57
2005-02-08,38.525
2005-02-09,38.1775
2005-02-10,38.3275
2005-02-11,38.735
2005-02-14,38.6975
2005-02-15,38.8425
2005-02-16,38.8275
2005-02-17,38.555
2005-02-18,38.5525
2005-02-22,37.92
2005-02-23,38.1275
2005-02-24,38.45
2005-02-25,38.8525
2005-02-28,38.6425
2005-03-01,38.91
2005-03-02,38.855
2005-03-03,38.93
2005-03-04,39.3275
2005-03-07,39.45
2005-03-08,39.2375
2005-03-09,38.8225
2005-03-10,38.8
2005-03-11,38.68
2005-03-14,38.9
2005-03-15,38.64
2005-03-16,38.25
2005-03-17,38.365
2005-03-18,38.185
2005-03-21,38.1275
2005-03-22,37.765
2005-03-23,37.7625
2005-03-24,37.7875
2005-03-28,37.82
2005-03-29,37.4075
2005-03-30,37.9675
2005-03-31,38.0275
2005-04-01,37.9
2005-04-04,37.9
2005-04-05,38.05
2005-04-06,38.105
2005-04-07,38.365
2005-04-08,38.07
2005-04-11,38.05
2005-04-12,38.245
2005-04-13,37.705
2005-04-14,37.15
2005-04-15,36.4
2005-04-18,36.575
2005-04-19,36.9375
2005-04-20,36.4375
2005-04-21,37.1325
2005-04-22,36.775
2005-04-25,37.17
2005-04-26,36.8125
2005-04-27,36.89
2005-04-28,36.43
2005-04-29,36.8125
2005-05-02,37.0175
2005-05-03,37.0275
2005-05-04,37.5325
2005-05-05,37.4575
2005-05-06,37.525
2005-05-09,37.7625
2005-05-10,37.35
2005-05-11,37.5
2005-05-12,37.125
2005-05-13,36.925
2005-05-16,37.3325
2005-05-17,37.6175
2005-05-18,38.13
2005-05-19,38.285
2005-05-20,38.34
2005-05-23,38.49
2005-05-24,38.42
2005-05-25,38.29
2005-05-26,38.565
2005-05-27,38.6475
2005-05-31,38.4675
2005-06-01,38.8575
2005-06-02,38.9675
2005-06-03,38.775
2005-06-06,38.7875
2005-06-07,38.83
2005-06-08,38.73
2005-06-09,38.9625
2005-06-10,38.915
2005-06-13,39.0575
2005-06-14,39.2125
2005-06-15,39.315
2005-06-16,39.515
2005-06-17,39.58
2005-06-20,39.5
2005-06-21,39.485
2005-06-22,39.52
2005-06-23,39.09
2005-06-24,38.76
2005-06-27,38.765
2005-06-28,39.195
2005-06-29,39.15
2005-06-30,38.965
2005-07-01,39.0875
2005-07-05,39.4925
2005-07-06,39.2175
2005-07-07,39.3275
2005-07-08,39.82
2005-07-11,40.1
2005-07-12,40.175
2005-07-13,40.2
2005-07-14,40.3
2005-07-15,40.3375
2005-07-18,40.3025
2005-07-19,40.56
2005-07-20,40.8025
2005-07-21,40.45
2005-07-22,40.7975
2005-07-25,40.575
2005-07-26,40.7275
2005-07-27,40.9125
2005-07-28,41.1775
2005-07-29,40.955
2005-08-01,40.9575
2005-08-02,41.1625
2005-08-03,41.2075
2005-08-04,40.875
2005-08-05,40.5
2005-08-08,40.34
2005-08-09,40.58
2005-08-10,40.5625
2005-08-11,40.745
2005-08-12,40.615
2005-08-15,40.8875
2005-08-16,40.245
2005-08-17,40.3125
2005-08-18,40.16
2005-08-19,40.3
2005-08-22,40.3275
2005-08-23,40.245
2005-08-24,40.025
2005-08-25,40.1775
2005-08-26,39.9625
2005-08-29,40.25
2005-08-30,39.9275
2005-08-31,40.5975
2005-09-01,40.5
2005-09-02,40.3975
2005-09-06,40.8725
2005-09-07,40.9875
2005-09-08,40.7725
2005-09-09,41.2125
2005-09-12,41.2375
2005-09-13,40.96
2005-09-14,40.855
2005-09-15,40.7425
2005-09-16,40.9325
2005-09-19,40.61
2005-09-20,40.2425
2005-09-21,39.7275
2005-09-22,39.8875
2005-09-23,40.0275
2005-09-26,40.0825
2005-09-27,40.11
2005-09-28,40.185
2005-09-29,40.5
2005-09-30,40.6925
2005-10-03,40.725
2005-10-04,40.255
2005-10-05,39.55
2005-10-06,39.34
2005-10-07,39.4875
2005-10-10,39.02
2005-10-11,38.8225
2005-10-12,38.425
2005-10-13,38.4475
2005-10-14,38.8825
2005-10-17,39.015
2005-10-18,38.5975
2005-10-19,39.1475
2005-10-20,38.5975
2005-10-21,38.7775
2005-10-24,39.425
2005-10-25,39.2775
2005-10-26,39.125
2005-10-27,38.605
2005-10-28,39.2125
2005-10-31,39.6025
2005-11-01,39.56
2005-11-02,40.0825
2005-11-03,40.185
2005-11-04,40.21
2005-11-07,40.31
2005-11-08,40.1675
2005-11-09,40.2225
2005-11-10,40.575
2005-11-11,40.675
2005-11-14,40.6525
2005-11-15,40.4625
2005-11-16,40.565
2005-11-17,41.0725
2005-11-18,41.175
2005-11-21,41.4225
2005-11-22,41.615
2005-11-23,41.7775
2005-11-25,41.8125
2005-11-28,41.465
2005-11-29,41.59
2005-11-30,41.405
2005-12-01,42.0275
2005-12-02,42.075
2005-12-05,41.9125
2005-12-06,41.9675
2005-12-07,41.75
2005-12-08,41.785
2005-12-09,41.965
2005-12-12,42.0375
2005-12-13,42.2475
2005-12-14,42.4225
2005-12-15,42.295
2005-12-16,42.105
2005-12-19,41.7075
2005-12-20,41.735
2005-12-21,41.9125
2005-12-22,42.125
2005-12-23,42.1725
2005-12-27,41.77
2005-12-28,41.92
2005-12-29,41.75
2005-12-30,41.4825
2006-01-03,42.195
2006-01-04,42.4375
2006-01-05,42.4375
2006-01-06,42.855
2006-01-09,43.1475
2006-01-10,43.1575
2006-01-11,43.25
2006-01-12,42.99
2006-01-13,43.03
2006-01-17,42.82
2006-01-18,42.78
2006-01-19,43.12
2006-01-20,42.4375
2006-01-23,42.55
2006-01-24,42.8125
2006-01-25,42.825
2006-01-26,43.1325
2006-01-27,43.39
2006-01-30,43.415
2006-01-31,43.1525
2006-02-01,43.345
2006-02-02,42.9675
2006-02-03,42.645
2006-02-06,42.88
2006-02-07,42.5175
2006-02-08,42.7775
2006-02-09,42.7175
2006-02-10,42.735
2006-02-13,42.6
2006-02-14,42.99
2006-02-15,43.23
2006-02-16,43.5375
2006-02-17,43.5
2006-02-21,43.3775
2006-02-22,43.6575
2006-02-23,43.615
2006-02-24,43.66
2006-02-27,43.8275
2006-02-28,43.2975
2006-03-01,43.715
2006-03-02,43.7
2006-03-03,43.59
2006-03-06,43.1725
2006-03-07,43.01
2006-03-08,43.0225
2006-03-09,42.925
2006-03-10,43.275
2006-03-13,43.375
2006-03-14,43.85
2006-03-15,44.1425
2006-03-16,44.2975
2006-03-17,44.275
2006-03-20,44.1275
2006-03-21,43.7775
2006-03-22,44.0675
2006-03-23,44.085
2006-03-24,44.135
2006-03-27,44.11
2006-03-28,43.8975
2006-03-29,44.2875
2006-03-30,44.1175
2006-03-31,44.1
2006-04-03,44.06
2006-04-04,44.3
2006-04-05,44.4825
2006-04-06,44.4975
2006-04-07,44.0925
2006-04-10,44.0675
2006-04-11,43.55
2006-04-12,43.6625
2006-04-13,43.7525
2006-04-17,43.6225
2006-04-18,44.4425
2006-04-19,44.6475
2006-04-20,44.635
2006-04-21,44.525
2006-04-24,44.4925
2006-04-25,44.315
2006-04-26,44.43
2006-04-27,44.44
2006-04-28,44.48
2006-05-01,44.25
2006-05-02,44.51
2006-05-03,44.41
2006-05-04,44.62
2006-05-05,45.08
2006-05-08,45.14
2006-05-09,45.12
2006-05-10,45.09
2006-05-11,44.42
2006-05-12,43.9
2006-05-15,43.91
2006-05-16,43.7
2006-05-17,43.01
2006-05-18,42.74
2006-05-19,43.02
2006-05-22,42.75
2006-05-23,42.5
2006-05-24,42.62
2006-05-25,43.08
2006-05-26,43.37
2006-05-30,42.62
2006-05-31,43.16
2006-06-01,43.66
2006-06-02,43.71
2006-06-05,42.99
2006-06-06,42.73
2006-06-07,42.48
2006-06-08,42.43
2006-06-09,42.42
2006-06-12,41.74
2006-06-13,41.26
2006-06-14,41.46
2006-06-15,42.52
2006-06-16,42.0
2006-06-19,41.7
2006-06-20,41.69
2006-06-21,42.2
2006-06-22,41.94
2006-06-23,42.05
2006-06-26,42.2
2006-06-27,41.79
2006-06-28,41.9
2006-06-29,42.95
2006-06-30,42.91
2006-07-03,43.2
2006-07-05,42.77
2006-07-06,42.78
2006-07-07,42.53
2006-07-10,42.44
2006-07-11,42.66
2006-07-12,42.28
2006-07-13,41.58
2006-07-14,41.22
2006-07-17,41.19
2006-07-18,41.18
2006-07-19,41.9
2006-07-20,41.47
2006-07-21,41.02
2006-07-24,41.76
2006-07-25,41.97
2006-07-26,42.1
2006-07-27,41.85
2006-07-28,42.28
2006-07-31,42.34
2006-08-01,42.07
2006-08-02,42.31
2006-08-03,42.52
2006-08-04,42.43
2006-08-07,42.3
2006-08-08,42.11
2006-08-09,41.81
2006-08-10,42.09
2006-08-11,41.87
2006-08-14,41.97
2006-08-15,42.63
2006-08-16,43.12
2006-08-17,43.29
2006-08-18,43.33
2006-08-21,43.13
2006-08-22,43.17
2006-08-23,42.9
2006-08-24,42.82
2006-08-25,42.87
2006-08-28,43.16
2006-08-29,43.36
2006-08-30,43.43
2006-08-31,43.5
2006-09-01,43.68
2006-09-05,43.75
2006-09-06,43.24
2006-09-07,43.04
2006-09-08,43.32
2006-09-11,43.38
2006-09-12,43.97
2006-09-13,44.18
2006-09-14,44.08
2006-09-15,44.13
2006-09-18,44.11
2006-09-19,44.03
2006-09-20,44.25
2006-09-21,43.93
2006-09-22,43.83
2006-09-25,44.25
2006-09-26,44.54
2006-09-27,44.55
2006-09-28,44.59
2006-09-29,44.42
2006-10-02,44.36
2006-10-03,44.25
2006-10-04,44.85
2006-10-05,45.09
2006-10-06,44.95
2006-10-09,45.03
2006-10-10,45.14
2006-10-11,45.09
2006-10-12,45.54
2006-10-13,45.64
2006-10-16,45.81
2006-10-17,45.66
2006-10-18,45.64
2006-10-19,45.7
2006-10-20,45.51
2006-10-23,45.84
2006-10-24,45.96
2006-10-25,46.06
2006-10-26,46.26
2006-10-27,45.97
2006-10-30,46.1
2006-10-31,46.09
2006-11-01,45.7
2006-11-02,45.7
2006-11-03,45.58
2006-11-06,46.04
2006-11-07,46.18
2006-11-08,46.34
2006-11-09,46.14
2006-11-10,46.3
2006-11-13,46.46
2006-11-14,46.76
2006-11-15,47.03
2006-11-16,47.11
2006-11-17,47.09
2006-11-20,47.04
2006-11-21,47.3
2006-11-22,47.4
2006-11-24,47.31
2006-11-27,46.54
2006-11-28,46.63
2006-11-29,47.1
2006-11-30,47.24
2006-12-01,47.05
2006-12-04,47.58
2006-12-05,47.73
2006-12-06,47.8
2006-12-07,47.56
2006-12-08,47.63
2006-12-11,47.65
2006-12-12,47.58
2006-12-13,47.66
2006-12-14,48.01
2006-12-15,47.8
2006-12-18,47.53
2006-12-19,47.59
2006-12-20,47.62
2006-12-21,47.37
2006-12-22,47.14
2006-12-26,47.36
2006-12-27,47.66
2006-12-28,47.52
2006-12-29,47.34
2007-01-03,47.32
2007-01-04,47.39
2007-01-05,47.07
2007-01-08,47.17
2007-01-09,47.23
2007-01-10,47.37
2007-01-11,47.69
2007-01-12,47.91
2007-01-16,47.95
2007-01-17,47.94
2007-01-18,47.65
2007-01-19,47.97
2007-01-22,47.7
2007-01-23,47.97
2007-01-24,48.33
2007-01-25,47.83
2007-01-26,47.85
2007-01-29,47.88
2007-01-30,48.17
2007-01-31,48.48
2007-02-01,48.83
2007-02-02,48.96
2007-02-05,48.96
2007-02-06,49.06
2007-02-07,49.21
2007-02-08,49.54
2007-02-09,48.92
2007-02-12,48.72
2007-02-13,49.11
2007-02-14,49.55
2007-02-15,49.67
2007-02-16,49.65
2007-02-20,49.87
2007-02-21,49.93
2007-02-22,49.9
2007-02-23,49.85
2007-02-26,49.78
2007-02-27,47.9
2007-02-28,48.25
2007-03-01,48.1
2007-03-02,47.42
2007-03-05,46.92
2007-03-06,47.59
2007-03-07,47.63
2007-03-08,48.04
2007-03-09,48.11
2007-03-12,48.23
2007-03-13,47.27
2007-03-14,47.52
2007-03-15,47.81
2007-03-16,47.53
2007-03-19,48.08
2007-03-20,48.3
2007-03-21,49.02
2007-03-22,49.05
2007-03-23,49.15
2007-03-26,49.15
2007-03-27,48.84
2007-03-28,48.45
2007-03-29,48.56
2007-03-30,48.55
2007-04-02,48.78
2007-04-03,49.25
2007-04-04,49.24
2007-04-05,49.42
2007-04-09,49.49
2007-04-10,49.55
2007-04-11,49.24
2007-04-12,49.58
2007-04-13,49.72
2007-04-16,50.23
2007-04-17,50.29
2007-04-18,50.42
2007-04-19,50.37
2007-04-20,50.69
2007-04-23,50.77
2007-04-24,50.77
2007-04-25,51.28
2007-04-26,51.33
2007-04-27,51.22
2007-04-30,50.69
2007-05-01,50.8
2007-05-02,51.2
2007-05-03,51.4
2007-05-04,51.44
2007-05-07,51.53
2007-05-08,51.5
2007-05-09,51.72
2007-05-10,51.1
2007-05-11,51.46
2007-05-14,51.33
2007-05-15,51.26
2007-05-16,51.57
2007-05-17,51.61
2007-05-18,51.87
2007-05-21,51.99
2007-05-22,51.95
2007-05-23,51.9
2007-05-24,51.32
2007-05-25,51.58
2007-05-29,51.73
2007-05-30,52.15
2007-05-31,52.33
2007-06-01,52.54
2007-06-04,52.67
2007-06-05,52.4
2007-06-06,51.9
2007-06-07,50.82
2007-06-08,51.51
2007-06-11,51.52
2007-06-12,50.95
2007-06-13,51.79
2007-06-14,51.97
2007-06-15,52.0
2007-06-18,52.09
2007-06-19,52.16
2007-06-20,51.52
2007-06-21,51.79
2007-06-22,51.4
2007-06-25,50.9
2007-06-26,50.82
2007-06-27,51.21
2007-06-28,51.3
2007-06-29,51.2
2007-07-02,51.76
2007-07-03,51.84
2007-07-05,51.97
2007-07-06,52.21
2007-07-09,52.18
2007-07-10,51.46
2007-07-11,51.6
2007-07-12,52.47
2007-07-13,52.6
2007-07-16,52.39
2007-07-17,52.46
2007-07-18,52.37
2007-07-19,52.65
2007-07-20,51.94
2007-07-23,52.0
2007-07-24,51.08
2007-07-25,50.99
2007-07-26,49.64
2007-07-27,48.71
2007-07-30,49.45
2007-07-31,48.89
2007-08-01,49.08
2007-08-02,49.4
2007-08-03,48.02
2007-08-06,48.83
2007-08-07,49.1
2007-08-08,49.75
2007-08-09,48.51
2007-08-10,48.51
2007-08-13,48.64
2007-08-14,47.54
2007-08-15,46.83
2007-08-16,46.93
2007-08-17,48.07
2007-08-20,48.05
2007-08-21,48.05
2007-08-22,48.82
2007-08-23,48.7
2007-08-24,49.32
2007-08-27,48.57
2007-08-28,47.67
2007-08-29,48.58
2007-08-30,48.37
2007-08-31,48.93
2007-09-04,49.58
2007-09-05,48.64
2007-09-06,49.03
2007-09-07,48.27
2007-09-10,47.9
2007-09-11,48.53
2007-09-12,48.45
2007-09-13,48.77
2007-09-14,48.94
2007-09-17,48.65
2007-09-18,50.14
2007-09-19,50.49
2007-09-20,50.03
2007-09-21,49.98
2007-09-24,49.72
2007-09-25,49.67
2007-09-26,49.94
2007-09-27,50.12
2007-09-28,49.99
2007-10-01,50.67
2007-10-02,50.77
2007-10-03,50.7
2007-10-04,50.69
2007-10-05,51.35
2007-10-08,51.14
2007-10-09,51.5
2007-10-10,51.43
2007-10-11,51.08
2007-10-12,51.26
2007-10-15,50.78
2007-10-16,50.39
2007-10-17,50.47
2007-10-18,50.34
2007-10-19,48.97
2007-10-22,49.4
2007-10-23,49.8
2007-10-24,49.55
2007-10-25,49.56
2007-10-26,50.23
2007-10-29,50.28
2007-10-30,50.03
2007-10-31,50.55
2007-11-01,49.17
2007-11-02,49.24
2007-11-05,49.07
2007-11-06,49.51
2007-11-07,48.27
2007-11-08,48.17
2007-11-09,47.7
2007-11-12,47.16
2007-11-13,48.42
2007-11-14,48.03
2007-11-15,47.58
2007-11-16,47.56
2007-11-19,46.67
2007-11-20,46.6
2007-11-21,46.01
2007-11-23,46.76
2007-11-26,45.7
2007-11-27,46.39
2007-11-28,47.72
2007-11-29,47.63
2007-11-30,48.2
2007-12-03,47.94
2007-12-04,47.67
2007-12-05,48.35
2007-12-06,49.08
2007-12-07,49.13
2007-12-10,49.6
2007-12-11,48.05
2007-12-12,48.37
2007-12-13,48.31
2007-12-14,47.58
2007-12-17,46.92
2007-12-18,47.14
2007-12-19,47.14
2007-12-20,47.33
2007-12-21,47.86
2007-12-24,48.31
2007-12-26,48.22
2007-12-27,47.55
2007-12-28,47.47
2007-12-31,47.18
2008-01-02,46.46
2008-01-03,46.25
2008-01-04,44.94
2008-01-07,45.06
2008-01-08,43.9
2008-01-09,44.37
2008-01-10,44.99
2008-01-11,44.38
2008-01-14,44.83
2008-01-15,43.68
2008-01-16,43.76
2008-01-17,42.47
2008-01-18,42.16
2008-01-22,42.17
2008-01-23,43.51
2008-01-24,43.7
2008-01-25,43.24
2008-01-28,44.16
2008-01-29,44.54
2008-01-30,44.05
2008-01-31,45.15
2008-02-01,46.08
2008-02-04,45.49
2008-02-05,44.19
2008-02-06,43.84
2008-02-07,44.23
2008-02-08,43.87
2008-02-11,44.33
2008-02-12,44.59
2008-02-13,45.15
2008-02-14,44.46
2008-02-15,44.45
2008-02-19,44.5
2008-02-20,44.92
2008-02-21,44.24
2008-02-22,44.6
2008-02-25,45.38
2008-02-26,45.79
2008-02-27,45.46
2008-02-28,45.07
2008-02-29,43.79
2008-03-03,43.71
2008-03-04,43.59
2008-03-05,43.84
2008-03-06,42.57
2008-03-07,42.38
2008-03-10,41.67
2008-03-11,43.23
2008-03-12,42.77
2008-03-13,43.06
2008-03-14,42.25
2008-03-17,41.48
2008-03-18,43.2
2008-03-19,42.27
2008-03-20,43.0
2008-03-24,44.08
2008-03-25,44.29
2008-03-26,43.61
2008-03-27,43.19
2008-03-28,42.73
2008-03-31,42.81
2008-04-01,44.73
2008-04-02,44.85
2008-04-03,44.88
2008-04-04,45.0
2008-04-07,44.86
2008-04-08,44.72
2008-04-09,44.17
2008-04-10,44.27
2008-04-11,43.52
2008-04-14,43.32
2008-04-15,43.48
2008-04-16,44.66
2008-04-17,44.63
2008-04-18,45.35
2008-04-21,45.28
2008-04-22,44.71
2008-04-23,44.84
2008-04-24,45.18
2008-04-25,45.69
2008-04-28,45.74
2008-04-29,45.67
2008-04-30,45.26
2008-05-01,46.26
2008-05-02,46.39
2008-05-05,46.13
2008-05-06,46.52
2008-05-07,45.77
2008-05-08,45.77
2008-05-09,45.56
2008-05-12,46.28
2008-05-13,46.34
2008-05-14,46.58
2008-05-15,47.17
2008-05-16,47.17
2008-05-19,47.1
2008-05-20,46.75
2008-05-21,45.89
2008-05-22,46.0
2008-05-23,45.38
2008-05-27,45.82
2008-05-28,46.11
2008-05-29,46.36
2008-05-30,46.46
2008-06-02,45.95
2008-06-03,45.79
2008-06-04,45.77
2008-06-05,46.56
2008-06-06,44.99
2008-06-09,45.0
2008-06-10,44.82
2008-06-11,43.93
2008-06-12,44.13
2008-06-13,44.93
2008-06-16,45.0
2008-06-17,44.56
2008-06-18,44.09
2008-06-19,44.38
2008-06-20,43.39
2008-06-23,43.11
2008-06-24,42.99
2008-06-25,43.3
2008-06-26,42.0
2008-06-27,41.95
2008-06-30,41.74
2008-07-01,41.83
2008-07-02,40.97
2008-07-03,40.72
2008-07-07,40.44
2008-07-08,41.43
2008-07-09,40.39
2008-07-10,40.39
2008-07-11,40.08
2008-07-14,39.36
2008-07-15,39.07
2008-07-16,40.44
2008-07-17,41.27
2008-07-18,41.24
2008-07-21,41.2
2008-07-22,41.89
2008-07-23,42.27
2008-07-24,40.99
2008-07-25,41.03
2008-07-28,40.27
2008-07-29,41.45
2008-07-30,42.04
2008-07-31,41.53
2008-08-01,41.28
2008-08-04,41.01
2008-08-05,42.25
2008-08-06,42.41
2008-08-07,41.62
2008-08-08,42.78
2008-08-11,43.34
2008-08-12,42.69
2008-08-13,42.5
2008-08-14,43.0
2008-08-15,43.32
2008-08-18,42.59
2008-08-19,41.94
2008-08-20,42.05
2008-08-21,41.85
2008-08-22,42.66
2008-08-25,41.8
2008-08-26,41.87
2008-08-27,42.35
2008-08-28,43.12
2008-08-29,42.76
2008-09-02,42.8
2008-09-03,42.56
2008-09-04,41.41
2008-09-05,41.79
2008-09-08,42.66
2008-09-09,41.14
2008-09-10,41.3
2008-09-11,41.83
2008-09-12,42.02
2008-09-15,40.27
2008-09-16,40.63
2008-09-17,38.78
2008-09-18,40.46
2008-09-19,41.8
2008-09-22,40.19
2008-09-23,39.57
2008-09-24,40.09
2008-09-25,40.05
2008-09-26,40.0
2008-09-29,36.9
2008-09-30,37.93
2008-10-01,37.87
2008-10-02,36.2
2008-10-03,35.28
2008-10-06,34.04
2008-10-07,31.75
2008-10-08,31.48
2008-10-09,29.2
2008-10-10,28.81
2008-10-13,32.0
2008-10-14,31.71
2008-10-15,28.88
2008-10-16,29.77
2008-10-17,29.3
2008-10-20,31.1
2008-10-21,30.03
2008-10-22,28.11
2008-10-23,27.93
2008-10-24,26.81
2008-10-27,25.5
2008-10-28,28.55
2008-10-29,28.44
2008-10-30,29.38
2008-10-31,30.0
2008-11-03,29.94
2008-11-04,31.12
2008-11-05,29.45
2008-11-06,27.92
2008-11-07,28.71
2008-11-10,28.18
2008-11-11,27.32
2008-11-12,25.94
2008-11-13,27.72
2008-11-14,26.45
2008-11-17,25.66
2008-11-18,25.61
2008-11-19,23.95
2008-11-20,22.32
2008-11-21,23.58
2008-11-24,25.28
2008-11-25,25.65
2008-11-26,26.83
2008-11-28,27.11
2008-12-01,24.65
2008-12-02,25.58
2008-12-03,26.28
2008-12-04,25.46
2008-12-05,26.44
2008-12-08,27.4
2008-12-09,27.06
2008-12-10,27.4
2008-12-11,26.67
2008-12-12,26.88
2008-12-15,26.38
2008-12-16,27.98
2008-12-17,27.83
2008-12-18,27.34
2008-12-19,27.35
2008-12-22,26.51
2008-12-23,26.12
2008-12-24,26.27
2008-12-26,26.61
2008-12-29,26.3
2008-12-30,27.13
2008-12-31,27.8
2009-01-02,28.75
2009-01-05,28.9
2009-01-06,29.57
2009-01-07,28.59
2009-01-08,28.82
2009-01-09,28.06
2009-01-12,27.15
2009-01-13,27.16
2009-01-14,26.13
2009-01-15,26.31
2009-01-16,26.67
2009-01-20,24.96
2009-01-21,26.17
2009-01-22,25.61
2009-01-23,25.86
2009-01-26,25.96
2009-01-27,26.31
2009-01-28,27.38
2009-01-29,26.31
2009-01-30,25.48
2009-02-02,25.42
2009-02-03,25.84
2009-02-04,25.7
2009-02-05,26.21
2009-02-06,27.01
2009-02-09,27.06
2009-02-10,25.62
2009-02-11,25.85
2009-02-12,25.97
2009-02-13,25.71
2009-02-17,24.38
2009-02-18,24.2
2009-02-19,23.87
2009-02-20,23.66
2009-02-23,22.74
2009-02-24,23.77
2009-02-25,23.49
2009-02-26,23.04
2009-02-27,22.62
2009-03-02,21.39
2009-03-03,21.17
2009-03-04,21.83
2009-03-05,20.83
2009-03-06,20.74
2009-03-09,20.59
2009-03-10,22.03
2009-03-11,22.15
2009-03-12,23.04
2009-03-13,23.3
2009-03-16,23.14
2009-03-17,23.94
2009-03-18,24.81
2009-03-19,24.58
2009-03-20,23.67
2009-03-23,25.64
2009-03-24,25.09
2009-03-25,25.37
2009-03-26,26.18
2009-03-27,25.63
2009-03-30,24.45
2009-03-31,24.77
2009-04-01,25.3
2009-04-02,26.41
2009-04-03,26.92
2009-04-06,26.53
2009-04-07,25.73
2009-04-08,26.26
2009-04-09,27.85
2009-04-13,27.93
2009-04-14,27.21
2009-04-15,27.71
2009-04-16,28.35
2009-04-17,28.8
2009-04-20,27.15
2009-04-21,27.95
2009-04-22,28.01
2009-04-23,28.33
2009-04-24,29.01
2009-04-27,28.48
2009-04-28,28.36
2009-04-29,29.25
2009-04-30,29.4
2009-05-01,29.55
2009-05-04,30.93
2009-05-05,30.89
2009-05-06,31.49
2009-05-07,30.77
2009-05-08,32.05
2009-05-11,31.11
2009-05-12,30.65
2009-05-13,29.3
2009-05-14,29.85
2009-05-15,29.43
2009-05-18,30.69
2009-05-19,30.75
2009-05-20,30.54
2009-05-21,29.93
2009-05-22,29.87
2009-05-26,30.82
2009-05-27,30.2
2009-05-28,30.63
2009-05-29,31.3
2009-06-01,32.43
2009-06-02,32.43
2009-06-03,31.72
2009-06-04,32.37
2009-06-05,32.36
2009-06-08,31.97
2009-06-09,32.29
2009-06-10,32.64
2009-06-11,32.33
2009-06-12,32.31
2009-06-15,31.35
2009-06-16,30.83
2009-06-17,30.67
2009-06-18,30.77
2009-06-19,30.88
2009-06-22,29.78
2009-06-23,29.77
2009-06-24,30.11
2009-06-25,30.87
2009-06-26,30.76
2009-06-29,31.08
2009-06-30,30.81
2009-07-01,31.01
2009-07-02,30.02
2009-07-06,29.93
2009-07-07,29.23
2009-07-08,29.12
2009-07-09,29.35
2009-07-10,29.25
2009-07-13,29.93
2009-07-14,30.25
2009-07-15,31.21
2009-07-16,31.56
2009-07-17,31.49
2009-07-20,32.0
2009-07-21,31.98
2009-07-22,32.08
2009-07-23,32.98
2009-07-24,33.23
2009-07-27,33.45
2009-07-28,33.33
2009-07-29,33.11
2009-07-30,33.63
2009-07-31,33.64
2009-08-03,34.35
2009-08-04,34.56
2009-08-05,34.5
2009-08-06,34.32
2009-08-07,35.11
2009-08-10,34.92
2009-08-11,34.45
2009-08-12,34.93
2009-08-13,35.28
2009-08-14,34.82
2009-08-17,33.84
2009-08-18,34.24
2009-08-19,34.48
2009-08-20,34.88
2009-08-21,35.62
2009-08-24,35.52
2009-08-25,35.72
2009-08-26,35.83
2009-08-27,35.89
2009-08-28,36.02
2009-08-31,35.54
2009-09-01,34.57
2009-09-02,34.4
2009-09-03,34.89
2009-09-04,35.3
2009-09-08,35.71
2009-09-09,36.19
2009-09-10,36.67
2009-09-11,36.7
2009-09-14,37.02
2009-09-15,37.36
2009-09-16,38.09
2009-09-17,37.86
2009-09-18,37.79
2009-09-21,37.69
2009-09-22,37.95
2009-09-23,37.53
2009-09-24,36.91
2009-09-25,36.63
2009-09-28,37.39
2009-09-29,37.42
2009-09-30,37.3
2009-10-01,36.11
2009-10-02,35.91
2009-10-05,36.53
2009-10-06,37.05
2009-10-07,37.12
2009-10-08,37.57
2009-10-09,37.76
2009-10-12,37.92
2009-10-13,37.84
2009-10-14,38.54
2009-10-15,38.67
2009-10-16,38.34
2009-10-19,38.73
2009-10-20,38.45
2009-10-21,38.05
2009-10-22,38.57
2009-10-23,37.97
2009-10-26,37.48
2009-10-27,37.16
2009-10-28,36.14
2009-10-29,37.03
2009-10-30,35.92
2009-11-02,36.14
2009-11-03,36.46
2009-11-04,36.4
2009-11-05,37.22
2009-11-06,37.27
2009-11-09,38.26
2009-11-10,38.11
2009-11-11,38.34
2009-11-12,37.87
2009-11-13,38.11
2009-11-16,38.73
2009-11-17,38.74
2009-11-18,38.63
2009-11-19,38.02
2009-11-20,37.83
2009-11-23,38.25
2009-11-24,38.24
2009-11-25,38.55
2009-11-27,37.78
2009-11-30,37.91
2009-12-01,38.39
2009-12-02,38.61
2009-12-03,38.22
2009-12-04,38.61
2009-12-07,38.58
2009-12-08,38.25
2009-12-09,38.32
2009-12-10,38.6
2009-12-11,38.83
2009-12-14,39.32
2009-12-15,39.16
2009-12-16,39.33
2009-12-17,38.85
2009-12-18,38.89
2009-12-21,39.4
2009-12-22,39.6
2009-12-23,39.85
2009-12-24,40.05
2009-12-28,40.06
2009-12-29,39.96
2009-12-30,39.97
2009-12-31,39.53
2010-01-04,40.18
2010-01-05,40.41
2010-01-06,40.56
2010-01-07,40.76
2010-01-08,40.9
2010-01-11,40.93
2010-01-12,40.46
2010-01-13,40.89
2010-01-14,40.95
2010-01-15,40.47
2010-01-19,41.04
2010-01-20,40.55
2010-01-21,39.87
2010-01-22,38.9
2010-01-25,39.14
2010-01-26,39.0
2010-01-27,39.11
2010-01-28,38.7
2010-01-29,38.22
2010-02-01,38.87
2010-02-02,39.46
2010-02-03,39.2
2010-02-04,37.89
2010-02-05,37.99
2010-02-08,37.7
2010-02-09,38.28
2010-02-10,38.19
2010-02-11,38.61
2010-02-12,38.58
2010-02-16,39.28
2010-02-17,39.53
2010-02-18,39.8
2010-02-19,39.98
2010-02-22,39.95
2010-02-23,39.38
2010-02-24,39.78
2010-02-25,39.85
2010-02-26,39.82
2010-03-01,40.48
2010-03-02,40.59
2010-03-03,40.72
2010-03-04,40.76
2010-03-05,41.45
2010-03-08,41.53
2010-03-09,41.53
2010-03-10,41.81
2010-03-11,41.92
2010-03-12,41.94
2010-03-15,41.92
2010-03-16,42.35
2010-03-17,42.69
2010-03-18,42.5
2010-03-19,42.16
2010-03-22,42.44
2010-03-23,42.77
2010-03-24,42.45
2010-03-25,42.27
2010-03-26,42.34
2010-03-29,42.68
2010-03-30,42.71
2010-03-31,42.57
2010-04-01,42.92
2010-04-05,43.48
2010-04-06,43.57
2010-04-07,43.3
2010-04-08,43.36
2010-04-09,43.68
2010-04-12,43.75
2010-04-13,43.82
2010-04-14,44.39
2010-04-15,44.39
2010-04-16,43.66
2010-04-19,43.67
2010-04-20,44.26
2010-04-21,44.35
2010-04-22,44.71
2010-04-23,45.08
2010-04-26,44.92
2010-04-27,43.71
2010-04-28,43.95
2010-04-29,44.56
2010-04-30,43.7
2010-05-03,44.34
2010-05-04,43.14
2010-05-05,42.82
2010-05-06,41.25
2010-05-07,40.59
2010-05-10,42.69
2010-05-11,42.54
2010-05-12,43.32
2010-05-13,42.79
2010-05-14,41.88
2010-05-17,41.92
2010-05-18,41.37
2010-05-19,41.0
2010-05-20,39.37
2010-05-21,40.02
2010-05-24,39.51
2010-05-25,39.62
2010-05-26,39.5
2010-05-27,40.97
2010-05-28,40.48
2010-06-01,39.5
2010-06-02,40.67
2010-06-03,40.91
2010-06-04,39.25
2010-06-07,38.61
2010-06-08,38.97
2010-06-09,38.93
2010-06-10,40.26
2010-06-11,40.53
2010-06-14,40.53
2010-06-15,41.56
2010-06-16,41.52
2010-06-17,41.52
2010-06-18,41.38
2010-06-21,41.19
2010-06-22,40.42
2010-06-23,40.31
2010-06-24,39.56
2010-06-25,39.79
2010-06-28,39.67
2010-06-29,38.24
2010-06-30,37.8
2010-07-01,37.72
2010-07-02,37.49
2010-07-06,37.59
2010-07-07,38.86
2010-07-08,39.26
2010-07-09,39.62
2010-07-12,39.54
2010-07-13,40.3
2010-07-14,40.22
2010-07-15,40.29
2010-07-16,39.02
2010-07-19,39.33
2010-07-20,39.91
2010-07-21,39.3
2010-07-22,40.29
2010-07-23,40.78
2010-07-26,41.34
2010-07-27,41.11
2010-07-28,40.74
2010-07-29,40.54
2010-07-30,40.58
2010-08-02,41.49
2010-08-03,41.15
2010-08-04,41.51
2010-08-05,41.45
2010-08-06,41.26
2010-08-09,41.55
2010-08-10,41.22
2010-08-11,39.93
2010-08-12,39.69
2010-08-13,39.55
2010-08-16,39.52
2010-08-17,40.17
2010-08-18,40.25
2010-08-19,39.55
2010-08-20,39.47
2010-08-23,39.27
2010-08-24,38.69
2010-08-25,38.84
2010-08-26,38.59
2010-08-27,39.29
2010-08-30,38.66
2010-08-31,38.65
2010-09-01,39.86
2010-09-02,40.38
2010-09-03,40.95
2010-09-07,40.43
2010-09-08,40.7
2010-09-09,40.84
2010-09-10,41.06
2010-09-13,41.55
2010-09-14,41.56
2010-09-15,41.7
2010-09-16,41.61
2010-09-17,41.46
2010-09-20,42.22
2010-09-21,42.0
2010-09-22,41.72
2010-09-23,41.4
2010-09-24,42.36
2010-09-27,42.2
2010-09-28,42.5
2010-09-29,42.45
2010-09-30,42.38
2010-10-01,42.5
2010-10-04,42.16
2010-10-05,43.06
2010-10-06,42.91
2010-10-07,42.89
2010-10-08,43.22
2010-10-11,43.34
2010-10-12,43.49
2010-10-13,43.84
2010-10-14,43.62
2010-10-15,43.66
2010-10-18,43.81
2010-10-19,43.17
2010-10-20,43.6
2010-10-21,43.63
2010-10-22,43.79
2010-10-25,43.95
2010-10-26,43.87
2010-10-27,43.76
2010-10-28,43.73
2010-10-29,43.89
2010-11-01,43.82
2010-11-02,44.24
2010-11-03,44.35
2010-11-04,45.25
2010-11-05,45.48
2010-11-08,45.43
2010-11-09,44.98
2010-11-10,45.17
2010-11-11,45.15
2010-11-12,44.55
2010-11-15,44.48
2010-11-16,43.72
2010-11-17,43.82
2010-11-18,44.45
2010-11-19,44.66
2010-11-22,44.73
2010-11-23,44.11
2010-11-24,44.87
2010-11-26,44.54
2010-11-29,44.43
2010-11-30,44.25
2010-12-01,45.24
2010-12-02,45.9
2010-12-03,46.08
2010-12-06,46.05
2010-12-07,46.06
2010-12-08,46.18
2010-12-09,46.38
2010-12-10,46.68
2010-12-13,46.61
2010-12-14,46.61
2010-12-15,46.42
2010-12-16,46.75
2010-12-17,46.79
2010-12-20,46.94
2010-12-21,47.27
2010-12-22,47.38
2010-12-23,47.27
2010-12-27,47.3
2010-12-28,47.3
2010-12-29,47.32
2010-12-30,47.34
2010-12-31,47.31
2011-01-03,47.79
2011-01-04,47.56
2011-01-05,47.81
2011-01-06,47.71
2011-01-07,47.62
2011-01-10,47.6
2011-01-11,47.83
2011-01-12,48.27
2011-01-13,48.21
2011-01-14,48.49
2011-01-18,48.7
2011-01-19,48.06
2011-01-20,47.96
2011-01-21,47.97
2011-01-24,48.28
2011-01-25,48.25
2011-01-26,48.61
2011-01-27,48.84
2011-01-28,47.87
2011-01-31,48.31
2011-02-01,49.0
2011-02-02,48.91
2011-02-03,49.17
2011-02-04,49.4
2011-02-07,49.72
2011-02-08,49.93
2011-02-09,49.81
2011-02-10,49.95
2011-02-11,50.34
2011-02-14,50.42
2011-02-15,50.24
2011-02-16,50.65
2011-02-17,50.89
2011-02-18,50.95
2011-02-22,49.75
2011-02-23,49.3
2011-02-24,49.32
2011-02-25,50.01
2011-02-28,50.25
2011-03-01,49.37
2011-03-02,49.52
2011-03-03,50.42
2011-03-04,50.09
2011-03-07,49.6
2011-03-08,50.06
2011-03-09,49.97
2011-03-10,49.01
2011-03-11,49.47
2011-03-14,49.16
2011-03-15,48.71
2011-03-16,47.9
2011-03-17,48.42
2011-03-18,48.51
2011-03-21,49.22
2011-03-22,48.99
2011-03-23,49.18
2011-03-24,49.71
2011-03-25,49.89
2011-03-28,49.69
2011-03-29,50.03
2011-03-30,50.5
2011-03-31,50.46
2011-04-01,50.72
2011-04-04,50.73
2011-04-05,50.86
2011-04-06,50.97
2011-04-07,50.86
2011-04-08,50.55
2011-04-11,50.35
2011-04-12,50.02
2011-04-13,50.07
2011-04-14,50.13
2011-04-15,50.46
2011-04-18,49.83
2011-04-19,50.09
2011-04-20,50.88
2011-04-21,51.16
2011-04-25,51.09
2011-04-26,51.5
2011-04-27,51.76
2011-04-28,51.94
2011-04-29,52.04
2011-05-02,51.94
2011-05-03,51.65
2011-05-04,51.28
2011-05-05,51.02
2011-05-06,51.23
2011-05-09,51.5
2011-05-10,52.07
2011-05-11,51.52
2011-05-12,51.86
2011-05-13,51.43
2011-05-16,51.13
2011-05-17,51.04
2011-05-18,51.57
2011-05-19,51.7
2011-05-20,51.34
2011-05-23,50.66
2011-05-24,50.58
2011-05-25,50.75
2011-05-26,51.03
2011-05-27,51.28
2011-05-31,51.72
2011-06-01,50.5
2011-06-02,50.45
2011-06-03,49.82
2011-06-06,49.18
2011-06-07,49.3
2011-06-08,48.94
2011-06-09,49.3
2011-06-10,48.57
2011-06-13,48.54
2011-06-14,49.32
2011-06-15,48.44
2011-06-16,48.44
2011-06-17,48.49
2011-06-20,48.82
2011-06-21,49.6
2011-06-22,49.32
2011-06-23,49.22
2011-06-24,48.68
2011-06-27,49.01
2011-06-28,49.71
2011-06-29,50.15
2011-06-30,50.62
2011-07-01,51.39
2011-07-05,51.27
2011-07-06,51.3
2011-07-07,51.92
2011-07-08,51.46
2011-07-11,50.37
2011-07-12,50.16
2011-07-13,50.27
2011-07-14,49.76
2011-07-15,50.04
2011-07-18,49.44
2011-07-19,50.31
2011-07-20,50.29
2011-07-21,50.95
2011-07-22,51.0
2011-07-25,50.68
2011-07-26,50.45
2011-07-27,49.25
2011-07-28,49.03
2011-07-29,48.79
2011-08-01,48.42
2011-08-02,46.95
2011-08-03,47.24
2011-08-04,44.74
2011-08-05,44.57
2011-08-08,41.3
2011-08-09,43.39
2011-08-10,41.53
2011-08-11,43.66
2011-08-12,43.9
2011-08-15,44.97
2011-08-16,44.44
2011-08-17,44.36
2011-08-18,42.21
2011-08-19,41.51
2011-08-22,41.57
2011-08-23,43.08
2011-08-24,43.73
2011-08-25,42.9
2011-08-26,43.67
2011-08-29,45.18
2011-08-30,45.37
2011-08-31,45.69
2011-09-01,45.06
2011-09-02,43.75
2011-09-06,43.46
2011-09-07,44.91
2011-09-08,44.31
2011-09-09,43.1
2011-09-12,43.37
2011-09-13,43.89
2011-09-14,44.57
2011-09-15,45.31
2011-09-16,45.33
2011-09-19,44.74
2011-09-20,44.55
2011-09-21,42.97
2011-09-22,41.54
2011-09-23,41.83
2011-09-26,42.87
2011-09-27,43.45
2011-09-28,42.25
2011-09-29,42.6
2011-09-30,41.4
2011-10-03,39.89
2011-10-04,41.06
2011-10-05,41.99
2011-10-06,42.96
2011-10-07,42.48
2011-10-10,43.96
2011-10-11,44.02
2011-10-12,44.49
2011-10-13,44.36
2011-10-14,45.13
2011-10-17,44.1
2011-10-18,45.15
2011-10-19,44.58
2011-10-20,44.79
2011-10-21,45.87
2011-10-24,46.73
2011-10-25,45.67
2011-10-26,46.17
2011-10-27,48.04
2011-10-28,48.07
2011-10-31,46.81
2011-11-01,45.36
2011-11-02,46.22
2011-11-03,47.14
2011-11-04,46.96
2011-11-07,47.18
2011-11-08,47.71
2011-11-09,45.75
2011-11-10,46.16
2011-11-11,47.18
2011-11-14,46.75
2011-11-15,46.95
2011-11-16,46.14
2011-11-17,45.27
2011-11-18,45.18
2011-11-21,44.35
2011-11-22,44.1
2011-11-23,43.05
2011-11-25,42.96
2011-11-28,44.31
2011-11-29,44.4
2011-11-30,46.4
2011-12-01,46.37
2011-12-02,46.32
2011-12-05,46.87
2011-12-06,46.84
2011-12-07,46.9
2011-12-08,45.72
2011-12-09,46.58
2011-12-12,45.85
2011-12-13,45.16
2011-12-14,44.64
2011-12-15,44.85
2011-12-16,44.78
2011-12-19,44.16
2011-12-20,45.62
2011-12-21,45.79
2011-12-22,46.31
2011-12-23,46.68
2011-12-27,46.66
2011-12-28,46.0
2011-12-29,46.49
2011-12-30,46.28
2012-01-03,46.99
2012-01-04,46.95
2012-01-05,47.14
2012-01-06,47.08
2012-01-09,47.21
2012-01-10,47.82
2012-01-11,47.89
2012-01-12,48.09
2012-01-13,47.8
2012-01-17,47.9
2012-01-18,48.6
2012-01-19,48.97
2012-01-20,48.91
2012-01-23,48.94
2012-01-24,49.02
2012-01-25,49.51
2012-01-26,49.18
2012-01-27,49.2
2012-01-30,48.92
2012-01-31,48.91
2012-02-01,49.55
2012-02-02,49.62
2012-02-03,50.44
2012-02-06,50.36
2012-02-07,50.46
2012-02-08,50.62
2012-02-09,50.68
2012-02-10,50.29
2012-02-13,50.59
2012-02-14,50.51
2012-02-15,50.36
2012-02-16,50.99
2012-02-17,51.13
2012-02-21,50.98
2012-02-22,50.75
2012-02-23,51.05
2012-02-24,51.11
2012-02-27,51.17
2012-02-28,51.22
2012-02-29,50.87
2012-03-01,51.18
2012-03-02,50.94
2012-03-05,50.62
2012-03-06,49.74
2012-03-07,50.15
2012-03-08,50.75
2012-03-09,51.09
2012-03-12,50.96
2012-03-13,51.92
2012-03-14,51.79
2012-03-15,52.21
2012-03-16,52.09
2012-03-19,52.23
2012-03-20,51.97
2012-03-21,51.91
2012-03-22,51.46
2012-03-23,51.67
2012-03-26,52.32
2012-03-27,52.2
2012-03-28,51.77
2012-03-29,51.72
2012-03-30,51.87
2012-04-02,52.27
2012-04-03,52.08
2012-04-04,51.48
2012-04-05,51.33
2012-04-09,50.66
2012-04-10,49.73
2012-04-11,50.19
2012-04-12,51.01
2012-04-13,50.41
2012-04-16,50.42
2012-04-17,51.13
2012-04-18,50.92
2012-04-19,50.71
2012-04-20,50.8
2012-04-23,50.26
2012-04-24,50.45
2012-04-25,51.07
2012-04-26,51.48
2012-04-27,51.63
2012-04-30,51.48
2012-05-01,51.81
2012-05-02,51.67
2012-05-03,51.15
2012-05-04,50.34
2012-05-07,50.29
2012-05-08,50.0
2012-05-09,49.79
2012-05-10,49.82
2012-05-11,49.76
2012-05-14,49.17
2012-05-15,48.82
2012-05-16,48.5
2012-05-17,47.55
2012-05-18,47.1
2012-05-21,48.04
2012-05-22,48.13
2012-05-23,48.29
2012-05-24,48.34
2012-05-25,48.34
2012-05-29,48.93
2012-05-30,48.04
2012-05-31,47.88
2012-06-01,46.55
2012-06-04,46.45
2012-06-05,46.91
2012-06-06,48.03
2012-06-07,47.98
2012-06-08,48.35
2012-06-11,47.61
2012-06-12,48.17
2012-06-13,47.74
2012-06-14,48.22
2012-06-15,48.57
2012-06-18,48.7
2012-06-19,49.29
2012-06-20,49.23
2012-06-21,47.96
2012-06-22,48.32
2012-06-25,47.46
2012-06-26,47.72
2012-06-27,48.17
2012-06-28,48.19
2012-06-29,49.52
2012-07-02,49.64
2012-07-03,50.09
2012-07-05,49.88
2012-07-06,49.33
2012-07-09,49.05
2012-07-10,48.53
2012-07-11,48.54
2012-07-12,48.26
2012-07-13,49.03
2012-07-16,48.84
2012-07-17,49.19
2012-07-18,49.62
2012-07-19,49.78
2012-07-20,49.23
2012-07-23,48.64
2012-07-24,48.11
2012-07-25,48.13
2012-07-26,48.97
2012-07-27,49.99
2012-07-30,49.94
2012-07-31,49.58
2012-08-01,49.4
2012-08-02,49.02
2012-08-03,50.05
2012-08-06,50.29
2012-08-07,50.79
2012-08-08,50.93
2012-08-09,51.01
2012-08-10,51.08
2012-08-13,51.02
2012-08-14,50.92
2012-08-15,51.11
2012-08-16,51.55
2012-08-17,51.65
2012-08-20,51.6
2012-08-21,51.55
2012-08-22,51.48
2012-08-23,51.01
2012-08-24,51.28
2012-08-27,51.18
2012-08-28,51.15
2012-08-29,51.27
2012-08-30,50.87
2012-08-31,51.1
2012-09-04,51.06
2012-09-05,51.01
2012-09-06,52.11
2012-09-07,52.47
2012-09-10,52.2
2012-09-11,52.49
2012-09-12,52.69
2012-09-13,53.46
2012-09-14,53.87
2012-09-17,53.48
2012-09-18,53.31
2012-09-19,53.43
2012-09-20,53.29
2012-09-21,53.06
2012-09-24,52.89
2012-09-25,52.21
2012-09-26,51.88
2012-09-27,52.35
2012-09-28,52.18
2012-10-01,52.25
2012-10-02,52.35
2012-10-03,52.46
2012-10-04,52.93
2012-10-05,52.97
2012-10-08,52.85
2012-10-09,52.35
2012-10-10,51.99
2012-10-11,52.21
2012-10-12,51.96
2012-10-15,52.34
2012-10-16,52.95
2012-10-17,53.24
2012-10-18,53.26
2012-10-19,52.41
2012-10-22,52.37
2012-10-23,51.75
2012-10-24,51.5
2012-10-25,51.7
2012-10-26,51.65
2012-10-31,51.75
2012-11-01,52.49
2012-11-02,51.98
2012-11-05,52.17
2012-11-06,52.63
2012-11-07,51.56
2012-11-08,50.88
2012-11-09,50.91
2012-11-12,50.95
2012-11-13,50.79
2012-11-14,50.1
2012-11-15,50.1
2012-11-16,50.39
2012-11-19,51.3
2012-11-20,51.33
2012-11-21,51.45
2012-11-23,52.07
2012-11-26,51.92
2012-11-27,51.72
2012-11-28,52.18
2012-11-29,52.35
2012-11-30,52.41
2012-12-03,52.19
2012-12-04,52.14
2012-12-05,52.35
2012-12-06,52.5
2012-12-07,52.76
2012-12-10,52.88
2012-12-11,53.18
2012-12-12,53.21
2012-12-13,52.94
2012-12-14,52.84
2012-12-17,53.47
2012-12-18,54.14
2012-12-19,53.88
2012-12-20,54.14
2012-12-21,53.45
2012-12-24,53.27
2012-12-26,52.97
2012-12-27,52.86
2012-12-28,52.32
2012-12-31,53.32
2013-01-02,54.6
2013-01-03,54.57
2013-01-04,55.01
2013-01-07,54.8
2013-01-08,54.57
2013-01-09,54.76
2013-01-10,55.09
2013-01-11,55.11
2013-01-14,55.14
2013-01-15,55.37
2013-01-16,55.29
2013-01-17,55.78
2013-01-18,55.94
2013-01-22,56.35
2013-01-23,56.29
2013-01-24,56.54
2013-01-25,56.95
2013-01-28,56.82
2013-01-29,56.98
2013-01-30,56.81
2013-01-31,56.79
2013-02-01,57.31
2013-02-04,56.74
2013-02-05,57.22
2013-02-06,57.41
2013-02-07,57.29
2013-02-08,57.57
2013-02-11,57.59
2013-02-12,57.78
2013-02-13,57.79
2013-02-14,57.93
2013-02-15,57.88
2013-02-19,58.28
2013-02-20,57.35
2013-02-21,56.82
2013-02-22,57.38
2013-02-25,56.24
2013-02-26,56.62
2013-02-27,57.41
2013-02-28,57.34
2013-03-01,57.58
2013-03-04,57.8
2013-03-05,58.41
2013-03-06,58.47
2013-03-07,58.64
2013-03-08,59.02
2013-03-11,59.2
2013-03-12,59.19
2013-03-13,59.34
2013-03-14,59.68
2013-03-15,59.4
2013-03-18,59.01
2013-03-19,58.77
2013-03-20,59.27
2013-03-21,58.74
2013-03-22,59.04
2013-03-25,58.92
2013-03-26,59.35
2013-03-27,59.35
2013-03-28,59.64
2013-04-01,59.33
2013-04-02,59.33
2013-04-03,58.66
2013-04-04,58.97
2013-04-05,58.76
2013-04-08,59.27
2013-04-09,59.49
2013-04-10,60.2
2013-04-11,60.5
2013-04-12,60.25
2013-04-15,58.65
2013-04-16,59.53
2013-04-17,58.55
2013-04-18,58.27
2013-04-19,58.8
2013-04-22,59.06
2013-04-23,59.67
2013-04-24,59.95
2013-04-25,60.28
2013-04-26,60.08
2013-04-29,60.42
2013-04-30,60.65
2013-05-01,60.03
2013-05-02,60.65
2013-05-03,61.37
2013-05-06,61.58
2013-05-07,61.97
2013-05-08,62.27
2013-05-09,62.09
2013-05-10,62.48
2013-05-13,62.4
2013-05-14,63.13
2013-05-15,63.54
2013-05-16,63.14
2013-05-17,63.87
2013-05-20,63.9
2013-05-21,63.96
2013-05-22,63.17
2013-05-23,63.08
2013-05-24,62.87
2013-05-28,63.31
2013-05-29,62.86
2013-05-30,63.16
2013-05-31,62.28
2013-06-03,62.43
2013-06-04,62.14
2013-06-05,61.23
2013-06-06,61.8
2013-06-07,62.68
2013-06-10,62.65
2013-06-11,61.96
2013-06-12,61.35
2013-06-13,62.45
2013-06-14,62.12
2013-06-17,62.64
2013-06-18,63.13
2013-06-19,62.21
2013-06-20,60.63
2013-06-21,60.5
2013-06-24,59.75
2013-06-25,60.44
2013-06-26,60.98
2013-06-27,61.56
2013-06-28,61.27
2013-07-01,61.81
2013-07-02,61.65
2013-07-03,61.6
2013-07-05,62.3
2013-07-08,62.58
2013-07-09,63.11
2013-07-10,63.2
2013-07-11,64.12
2013-07-12,64.28
2013-07-15,64.43
2013-07-16,64.11
2013-07-17,64.26
2013-07-18,64.73
2013-07-19,64.85
2013-07-22,64.99
2013-07-23,64.84
2013-07-24,64.38
2013-07-25,64.72
2013-07-26,64.7
2013-07-29,64.47
2013-07-30,64.6
2013-07-31,64.72
2013-08-01,65.67
2013-08-02,65.77
2013-08-05,65.72
2013-08-06,65.31
2013-08-07,64.98
2013-08-08,65.36
2013-08-09,65.28
2013-08-12,65.23
2013-08-13,65.31
2013-08-14,64.97
2013-08-15,63.98
2013-08-16,63.79
2013-08-19,63.27
2013-08-20,63.78
2013-08-21,63.34
2013-08-22,64.0
2013-08-23,64.22
2013-08-26,64.01
2013-08-27,62.81
2013-08-28,62.98
2013-08-29,63.16
2013-08-30,62.83
2013-09-03,63.2
2013-09-04,63.79
2013-09-05,63.96
2013-09-06,64.02
2013-09-09,64.77
2013-09-10,65.33
2013-09-11,65.52
2013-09-12,65.24
2013-09-13,65.45
2013-09-16,65.91
2013-09-17,66.22
2013-09-18,67.03
2013-09-19,66.87
2013-09-20,66.09
2013-09-23,65.75
2013-09-24,65.75
2013-09-25,65.58
2013-09-26,65.8
2013-09-27,65.4
2013-09-30,65.2
2013-10-01,65.73
2013-10-02,65.71
2013-10-03,65.12
2013-10-04,65.63
2013-10-07,65.05
2013-10-08,64.19
2013-10-09,64.2
2013-10-10,65.65
2013-10-11,66.08
2013-10-14,66.29
2013-10-15,65.7
2013-10-16,66.63
2013-10-17,67.2
2013-10-18,67.51
2013-10-21,67.54
2013-10-22,68.01
2013-10-23,67.63
2013-10-24,67.82
2013-10-25,68.16
2013-10-28,68.17
2013-10-29,68.62
2013-10-30,68.12
2013-10-31,67.99
2013-11-01,68.2
2013-11-04,68.56
2013-11-05,68.3
2013-11-06,68.43
2013-11-07,67.46
2013-11-08,68.33
2013-11-11,68.44
2013-11-12,68.24
2013-11-13,68.9
2013-11-14,69.26
2013-11-15,69.55
2013-11-18,69.17
2013-11-19,68.86
2013-11-20,68.67
2013-11-21,69.27
2013-11-22,69.55
2013-11-25,69.4
2013-11-26,69.46
2013-11-27,69.61
2013-11-29,69.5
2013-12-02,69.35
2013-12-03,69.11
2013-12-04,69.0
2013-12-05,68.76
2013-12-06,69.54
2013-12-09,69.61
2013-12-10,69.45
2013-12-11,68.55
2013-12-12,68.41
2013-12-13,68.48
2013-12-16,68.98
2013-12-17,68.9
2013-12-18,69.92
2013-12-19,69.81
2013-12-20,70.12
2013-12-23,70.46
2013-12-24,70.68
2013-12-26,70.92
2013-12-27,70.94
2013-12-30,71.07
2013-12-31,71.25
2014-01-02,70.6
2014-01-03,70.54
2014-01-06,70.32
2014-01-07,70.74
2014-01-08,70.85
2014-01-09,70.93
2014-01-10,71.24
2014-01-13,70.22
2014-01-14,71.03
2014-01-15,71.29
2014-01-16,71.22
2014-01-17,70.98
2014-01-21,71.2
2014-01-22,71.37
2014-01-23,70.67
2014-01-24,69.04
2014-01-27,68.71
2014-01-28,69.33
2014-01-29,68.7
2014-01-30,69.47
2014-01-31,69.14
2014-02-03,67.44
2014-02-04,68.0
2014-02-05,67.88
2014-02-06,68.86
2014-02-07,69.71
2014-02-10,69.83
2014-02-11,70.54
2014-02-12,70.63
2014-02-13,71.07
2014-02-14,71.43
2014-02-18,71.69
2014-02-19,71.37
2014-02-20,71.88
2014-02-21,71.92
2014-02-24,72.3
2014-02-25,72.24
2014-02-26,72.33
2014-02-27,72.63
2014-02-28,72.83
2014-03-03,72.32
2014-03-04,73.4
2014-03-05,73.36
2014-03-06,73.55
2014-03-07,73.55
2014-03-10,73.38
2014-03-11,73.0
2014-03-12,73.03
2014-03-13,72.2
2014-03-14,72.16
2014-03-17,72.76
2014-03-18,73.32
2014-03-19,72.92
2014-03-20,73.23
2014-03-21,72.84
2014-03-24,72.32
2014-03-25,72.56
2014-03-26,72.0
2014-03-27,71.86
2014-03-28,72.33
2014-03-31,72.99
2014-04-01,73.6
2014-04-02,73.89
2014-04-03,73.8
2014-04-04,72.96
2014-04-07,71.99
2014-04-08,72.38
2014-04-09,73.08
2014-04-10,71.55
2014-04-11,70.74
2014-04-14,71.37
2014-04-15,71.82
2014-04-16,72.56
2014-04-17,72.69
2014-04-21,72.88
2014-04-22,73.21
2014-04-23,73.15
2014-04-24,73.25
2014-04-25,72.58
2014-04-28,72.56
2014-04-29,72.88
2014-04-30,73.27
2014-05-01,73.3
2014-05-02,73.25
2014-05-05,73.35
2014-05-06,72.73
2014-05-07,73.17
2014-05-08,73.07
2014-05-09,73.18
2014-05-12,73.99
2014-05-13,73.96
2014-05-14,73.53
2014-05-15,72.9
2014-05-16,73.2
2014-05-19,73.47
2014-05-20,72.83
2014-05-21,73.36
2014-05-22,73.58
2014-05-23,73.96
2014-05-27,74.39
2014-05-28,74.31
2014-05-29,74.75
2014-05-30,74.85
2014-06-02,74.98
2014-06-03,74.96
2014-06-04,75.19
2014-06-05,75.7
2014-06-06,76.1
2014-06-09,76.21
2014-06-10,76.07
2014-06-11,75.8
2014-06-12,75.36
2014-06-13,75.62
2014-06-16,75.75
2014-06-17,76.1
2014-06-18,76.67
2014-06-19,76.78
2014-06-20,76.73
2014-06-23,76.66
2014-06-24,76.11
2014-06-25,76.47
2014-06-26,76.48
2014-06-27,76.68
2014-06-30,76.71
2014-07-01,77.11
2014-07-02,77.06
2014-07-03,77.5
2014-07-07,77.0
2014-07-08,76.6
2014-07-09,76.91
2014-07-10,76.55
2014-07-11,76.57
2014-07-14,76.84
2014-07-15,76.65
2014-07-16,76.91
2014-07-17,75.98
2014-07-18,76.72
2014-07-21,76.56
2014-07-22,76.9
2014-07-23,76.93
2014-07-24,77.09
2014-07-25,76.74
2014-07-28,76.75
2014-07-29,76.39
2014-07-30,76.38
2014-07-31,74.92
2014-08-01,74.76
2014-08-04,75.28
2014-08-05,74.59
2014-08-06,74.6
2014-08-07,74.18
2014-08-08,75.17
2014-08-11,75.39
2014-08-12,75.23
2014-08-13,75.73
2014-08-14,76.09
2014-08-15,76.06
2014-08-18,76.73
2014-08-19,77.14
2014-08-20,77.41
2014-08-21,77.54
2014-08-22,77.41
2014-08-25,77.79
2014-08-26,77.86
2014-08-27,77.82
2014-08-28,77.79
2014-08-29,78.07
2014-09-02,78.01
2014-09-03,78.07
2014-09-04,77.97
2014-09-05,78.32
2014-09-08,78.09
2014-09-09,77.53
2014-09-10,77.69
2014-09-11,77.83
2014-09-12,77.27
2014-09-15,77.1
2014-09-16,77.63
2014-09-17,77.7
2014-09-18,77.99
2014-09-19,77.55
2014-09-22,76.83
2014-09-23,76.29
2014-09-24,76.89
2014-09-25,75.75
2014-09-26,76.28
2014-09-29,76.14
2014-09-30,75.79
2014-10-01,74.78
2014-10-02,74.86
2014-10-03,75.6
2014-10-06,75.48
2014-10-07,74.26
2014-10-08,75.5
2014-10-09,73.82
2014-10-10,72.92
2014-10-13,71.68
2014-10-14,72.07
2014-10-15,71.79
2014-10-16,72.02
2014-10-17,72.82
2014-10-20,73.59
2014-10-21,75.12
2014-10-22,74.49
2014-10-23,75.38
2014-10-24,75.92
2014-10-27,75.79
2014-10-28,76.75
2014-10-29,76.59
2014-10-30,77.14
2014-10-31,78.08
2014-11-03,78.1
2014-11-04,77.71
2014-11-05,78.31
2014-11-06,78.66
2014-11-07,78.76
2014-11-10,78.96
2014-11-11,78.98
2014-11-12,78.99
2014-11-13,78.84
2014-11-14,78.88
2014-11-17,78.99
2014-11-18,79.49
2014-11-19,79.32
2014-11-20,79.6
2014-11-21,80.08
2014-11-24,80.36
2014-11-25,80.3
2014-11-26,80.35
2014-11-28,80.16
2014-12-01,79.53
2014-12-02,79.96
2014-12-03,80.44
2014-12-04,80.27
2014-12-05,80.42
2014-12-08,79.82
2014-12-09,79.9
2014-12-10,78.59
2014-12-11,78.99
2014-12-12,77.76
2014-12-15,77.37
2014-12-16,76.89
2014-12-17,78.47
2014-12-18,80.2
2014-12-19,80.24
2014-12-22,80.57
2014-12-23,80.84
2014-12-24,80.85
2014-12-26,81.05
2014-12-29,81.27
2014-12-30,80.79
2014-12-31,80.05
2015-01-02,80.03
2015-01-05,78.44
2015-01-06,77.59
2015-01-07,78.52
2015-01-08,79.9
2015-01-09,79.25
2015-01-12,78.46
2015-01-13,78.26
2015-01-14,77.85
2015-01-15,77.13
2015-01-16,78.19
2015-01-20,78.23
2015-01-21,78.77
2015-01-22,79.87
2015-01-23,79.44
2015-01-26,79.83
2015-01-27,79.19
2015-01-28,77.98
2015-01-29,78.7
2015-01-30,77.71
2015-02-02,78.55
2015-02-03,80.16
2015-02-04,79.71
2015-02-05,80.65
2015-02-06,80.31
2015-02-09,80.03
2015-02-10,80.81
2015-02-11,80.73
2015-02-12,81.59
2015-02-13,81.91
2015-02-17,82.12
2015-02-18,82.2
2015-02-19,82.16
2015-02-20,82.61
2015-02-23,82.51
2015-02-24,82.66
2015-02-25,82.65
2015-02-26,82.31
2015-02-27,82.16
2015-03-02,82.56
2015-03-03,82.25
2015-03-04,81.86
2015-03-05,82.01
2015-03-06,80.78
2015-03-09,80.98
2015-03-10,79.75
2015-03-11,79.75
2015-03-12,80.77
2015-03-13,80.21
2015-03-16,81.31
2015-03-17,81.01
2015-03-18,82.16
2015-03-19,81.68
2015-03-20,82.15
2015-03-23,82.1
2015-03-24,81.61
2015-03-25,80.52
2015-03-26,80.31
2015-03-27,80.66
2015-03-30,81.61
2015-03-31,81.05
2015-04-01,80.84
2015-04-02,81.2
2015-04-06,81.83
2015-04-07,81.53
2015-04-08,81.8
2015-04-09,82.12
2015-04-10,82.34
2015-04-13,81.93
2015-04-14,82.15
2015-04-15,82.66
2015-04-16,82.5
2015-04-17,81.57
2015-04-20,82.21
2015-04-21,82.11
2015-04-22,82.39
2015-04-23,82.65
2015-04-24,82.55
2015-04-27,82.1
2015-04-28,82.33
2015-04-29,81.99
2015-04-30,81.38
2015-05-01,82.21
2015-05-04,82.5
2015-05-05,81.49
2015-05-06,81.21
2015-05-07,81.4
2015-05-08,82.4
2015-05-11,82.07
2015-05-12,81.83
2015-05-13,81.83
2015-05-14,82.5
2015-05-15,82.68
2015-05-18,82.99
2015-05-19,82.81
2015-05-20,82.81
2015-05-21,83.03
2015-05-22,82.89
2015-05-26,81.94
2015-05-27,82.61
2015-05-28,82.46
2015-05-29,81.97
2015-06-01,82.1
2015-06-02,82.11
2015-06-03,82.26
2015-06-04,81.52
2015-06-05,81.51
2015-06-08,80.99
2015-06-09,80.94
2015-06-10,81.86
2015-06-11,82.03
2015-06-12,81.52
2015-06-15,81.14
2015-06-16,81.57
2015-06-17,81.76
2015-06-18,82.5
2015-06-19,81.78
2015-06-22,82.27
2015-06-23,82.21
2015-06-24,81.58
2015-06-25,81.26
2015-06-26,81.35
2015-06-29,79.6
2015-06-30,79.8
2015-07-01,80.3
2015-07-02,80.27
2015-07-06,79.91
2015-07-07,80.57
2015-07-08,79.14
2015-07-09,79.33
2015-07-10,80.19
2015-07-13,81.0
2015-07-14,81.24
2015-07-15,80.96
2015-07-16,81.46
2015-07-17,81.05
2015-07-20,80.89
2015-07-21,80.59
2015-07-22,80.61
2015-07-23,80.23
2015-07-24,79.34
2015-07-27,78.86
2015-07-28,79.85
2015-07-29,80.52
2015-07-30,80.56
2015-07-31,80.57
2015-08-03,80.26
2015-08-04,80.17
2015-08-05,80.45
2015-08-06,79.91
2015-08-07,79.77
2015-08-10,80.9
2015-08-11,80.23
2015-08-12,80.37
2015-08-13,80.24
2015-08-14,80.56
2015-08-17,80.97
2015-08-18,80.8
2015-08-19,80.18
2015-08-20,78.52
2015-08-21,76.38
2015-08-24,73.33
2015-08-25,72.27
2015-08-26,74.64
2015-08-27,76.56
2015-08-28,76.73
2015-08-31,76.17
2015-09-01,74.0
2015-09-02,75.18
2015-09-03,75.5
2015-09-04,74.35
2015-09-08,76.23
2015-09-09,75.26
2015-09-10,75.53
2015-09-11,75.82
2015-09-14,75.5
2015-09-15,76.4
2015-09-16,77.18
2015-09-17,77.04
2015-09-18,75.37
2015-09-21,75.69
2015-09-22,74.55
2015-09-23,74.24
2015-09-24,73.96
2015-09-25,74.01
2015-09-28,71.96
2015-09-29,72.02
2015-09-30,73.56
2015-10-01,73.4
2015-10-02,74.62
2015-10-05,76.15
2015-10-06,75.93
2015-10-07,76.71
2015-10-08,77.63
2015-10-09,77.61
2015-10-12,77.49
2015-10-13,76.86
2015-10-14,76.59
2015-10-15,77.59
2015-10-16,77.7
2015-10-19,77.59
2015-10-20,77.7
2015-10-21,77.09
2015-10-22,78.28
2015-10-23,78.59
2015-10-26,78.3
2015-10-27,77.92
2015-10-28,78.84
2015-10-29,78.74
2015-10-30,78.7
2015-11-02,79.73
2015-11-03,79.86
2015-11-04,79.59
2015-11-05,79.47
2015-11-06,79.33
2015-11-09,78.57
2015-11-10,78.83
2015-11-11,78.36
2015-11-12,77.17
2015-11-13,76.34
2015-11-16,77.53
2015-11-17,77.36
2015-11-18,78.59
2015-11-19,78.51
2015-11-20,78.79
2015-11-23,78.79
2015-11-24,79.05
2015-11-25,79.1
2015-11-27,79.08
2015-11-30,78.94
2015-12-01,79.67
2015-12-02,78.62
2015-12-03,77.5
2015-12-04,78.73
2015-12-07,78.1
2015-12-08,77.55
2015-12-09,77.01
2015-12-10,77.12
2015-12-11,75.62
2015-12-14,75.73
2015-12-15,76.52
2015-12-16,77.62
2015-12-17,76.31
2015-12-18,74.81
2015-12-21,75.4
2015-12-22,76.23
2015-12-23,77.55
2015-12-24,77.41
2015-12-28,77.05
2015-12-29,77.86
2015-12-30,77.23
2015-12-31,76.64
2016-01-04,75.79
2016-01-05,75.97
2016-01-06,74.58
2016-01-07,72.89
2016-01-08,72.0
2016-01-11,71.77
2016-01-12,72.11
2016-01-13,70.3
2016-01-14,71.26
2016-01-15,69.9
2016-01-19,69.69
2016-01-20,68.95
2016-01-21,69.58
2016-01-22,70.95
2016-01-25,69.6
2016-01-26,70.88
2016-01-27,70.34
2016-01-28,70.39
2016-01-29,72.38
2016-02-01,72.35
2016-02-02,70.85
2016-02-03,71.54
2016-02-04,71.95
2016-02-05,70.73
2016-02-08,69.24
2016-02-09,69.03
2016-02-10,69.07
2016-02-11,68.09
2016-02-12,69.57
2016-02-16,70.96
2016-02-17,72.27
2016-02-18,72.12
2016-02-19,71.9
2016-02-22,73.16
2016-02-23,72.29
2016-02-24,72.72
2016-02-25,73.53
2016-02-26,73.66
2016-02-29,73.1
2016-03-01,74.79
2016-03-02,75.33
2016-03-03,76.02
2016-03-04,76.41
2016-03-07,76.78
2016-03-08,75.52
2016-03-09,75.92
2016-03-10,76.03
2016-03-11,77.46
2016-03-14,77.35
2016-03-15,76.91
2016-03-16,77.64
2016-03-17,78.36
2016-03-18,78.32
2016-03-21,78.34
2016-03-22,78.28
2016-03-23,77.48
2016-03-24,77.39
2016-03-28,77.5
2016-03-29,78.29
2016-03-30,78.53
2016-03-31,78.53
2016-04-01,78.84
2016-04-04,78.33
2016-04-05,77.45
2016-04-06,78.27
2016-04-07,77.29
2016-04-08,77.63
2016-04-11,77.54
2016-04-12,78.38
2016-04-13,79.37
2016-04-14,79.21
2016-04-15,79.19
2016-04-18,79.76
2016-04-19,80.11
2016-04-20,80.26
2016-04-21,79.72
2016-04-22,80.22
2016-04-25,79.88
2016-04-26,80.44
2016-04-27,80.96
2016-04-28,80.0
2016-04-29,79.51
2016-05-02,79.98
2016-05-03,79.08
2016-05-04,78.57
2016-05-05,78.55
2016-05-06,78.8
2016-05-09,78.77
2016-05-10,79.74
2016-05-11,78.94
2016-05-12,78.92
2016-05-13,78.16
2016-05-16,78.96
2016-05-17,78.42
2016-05-18,78.23
2016-05-19,78.0
2016-05-20,78.58
2016-05-23,78.53
2016-05-24,79.54
2016-05-25,80.16
2016-05-26,80.1
2016-05-27,80.56
2016-05-31,80.59
2016-06-01,80.76
2016-06-02,81.11
2016-06-03,80.83
2016-06-06,81.38
2016-06-07,81.68
2016-06-08,81.91
2016-06-09,81.7
2016-06-10,80.61
2016-06-13,79.89
2016-06-14,79.64
2016-06-15,79.65
2016-06-16,79.74
2016-06-17,79.69
2016-06-20,80.35
2016-06-21,80.4
2016-06-22,80.32
2016-06-23,81.49
2016-06-24,78.12
2016-06-27,76.14
2016-06-28,77.63
2016-06-29,79.12
2016-06-30,80.35
2016-07-01,80.6
2016-07-05,79.63
2016-07-06,80.11
2016-07-07,80.1
2016-07-08,81.6
2016-07-11,81.92
2016-07-12,82.89
2016-07-13,82.84
2016-07-14,83.19
2016-07-15,83.14
2016-07-18,83.29
2016-07-19,83.07
2016-07-20,83.48
2016-07-21,83.17
2016-07-22,83.7
2016-07-25,83.51
2016-07-26,83.88
2016-07-27,83.44
2016-07-28,83.6
2016-07-29,83.68
2016-08-01,83.37
2016-08-02,82.52
2016-08-03,82.99
2016-08-04,83.04
2016-08-05,83.73
2016-08-08,83.79
2016-08-09,83.66
2016-08-10,83.44
2016-08-11,84.06
2016-08-12,83.98
2016-08-15,84.38
2016-08-16,83.9
2016-08-17,83.96
2016-08-18,84.41
2016-08-19,84.44
2016-08-22,84.34
2016-08-23,84.71
2016-08-24,84.12
2016-08-25,84.11
2016-08-26,83.85
2016-08-29,84.32
2016-08-30,84.19
2016-08-31,83.81
2016-09-01,83.79
2016-09-02,84.21
2016-09-06,84.35
2016-09-07,84.59
2016-09-08,84.45
2016-09-09,82.17
2016-09-12,83.33
2016-09-13,81.93
2016-09-14,81.81
2016-09-15,82.63
2016-09-16,81.97
2016-09-19,82.16
2016-09-20,81.96
2016-09-21,83.07
2016-09-22,83.72
2016-09-23,83.3
2016-09-26,82.66
2016-09-27,83.03
2016-09-28,83.61
2016-09-29,82.91
2016-09-30,83.59
2016-10-03,83.24
2016-10-04,82.73
2016-10-05,83.22
2016-10-06,83.26
2016-10-07,82.81
2016-10-10,83.18
2016-10-11,81.94
2016-10-12,82.05
2016-10-13,81.75
2016-10-14,81.69
2016-10-17,81.41
2016-10-18,81.97
2016-10-19,82.37
2016-10-20,82.21
2016-10-21,82.16
2016-10-24,82.42
2016-10-25,81.95
2016-10-26,81.91
2016-10-27,81.43
2016-10-28,81.42
2016-10-31,81.55
2016-11-01,80.88
2016-11-02,80.3
2016-11-03,80.04
2016-11-04,80.05
2016-11-07,81.78
2016-11-08,82.09
2016-11-09,83.06
2016-11-10,83.67
2016-11-11,83.67
2016-11-14,84.37
2016-11-15,84.99
2016-11-16,84.62
2016-11-17,85.07
2016-11-18,84.87
2016-11-21,85.54
2016-11-22,85.8
2016-11-23,86.01
2016-11-25,86.32
2016-11-28,85.74
2016-11-29,85.8
2016-11-30,85.82
2016-12-01,85.56
2016-12-02,85.58
2016-12-05,86.22
2016-12-06,86.66
2016-12-07,87.9
2016-12-08,88.26
2016-12-09,88.51
2016-12-12,88.05
2016-12-13,88.42
2016-12-14,87.5
2016-12-15,87.81
2016-12-16,87.42
2016-12-19,87.55
2016-12-20,87.84
2016-12-21,87.64
2016-12-22,87.29
2016-12-23,87.47
2016-12-27,87.76
2016-12-28,86.86
2016-12-29,86.89
2016-12-30,86.64
2017-01-03,87.33
2017-01-04,88.18
2017-01-05,87.94
2017-01-06,88.18
2017-01-09,87.7
2017-01-10,87.78
2017-01-11,88.01
2017-01-12,87.87
2017-01-13,88.05
2017-01-17,87.82
2017-01-18,88.08
2017-01-19,87.64
2017-01-20,87.97
2017-01-23,87.71
2017-01-24,88.58
2017-01-25,89.25
2017-01-26,89.01
2017-01-27,88.74
2017-01-30,88.24
2017-01-31,88.38
2017-02-01,88.16
2017-02-02,88.35
2017-02-03,88.96
2017-02-06,88.72
2017-02-07,88.63
2017-02-08,88.82
2017-02-09,89.37
2017-02-10,89.87
2017-02-13,90.27
2017-02-14,90.51
2017-02-15,90.95
2017-02-16,90.72
2017-02-17,90.9
2017-02-21,91.54
2017-02-22,91.32
2017-02-23,91.16
2017-02-24,91.41
2017-02-27,91.62
2017-02-28,91.15
2017-03-01,92.27
2017-03-02,91.67
2017-03-03,91.66
2017-03-06,91.25
2017-03-07,90.84
2017-03-08,90.63
2017-03-09,90.55
2017-03-10,90.91
2017-03-13,91.09
2017-03-14,90.66
2017-03-15,91.65
2017-03-16,91.44
2017-03-17,91.06
2017-03-20,90.8
2017-03-21,89.61
2017-03-22,89.77
2017-03-23,89.81
2017-03-24,89.81
2017-03-27,89.65
2017-03-28,90.39
2017-03-29,90.7
2017-03-30,90.88
2017-03-31,90.82
2017-04-03,90.46
2017-04-04,90.35
2017-04-05,90.1
2017-04-06,90.58
2017-04-07,90.5
2017-04-10,90.71
2017-04-11,90.74
2017-04-12,90.18
2017-04-13,89.55
2017-04-17,90.28
2017-04-18,90.02
2017-04-19,90.05
2017-04-20,90.79
2017-04-21,90.5
2017-04-24,91.39
2017-04-25,91.87
2017-04-26,91.89
2017-04-27,91.85
2017-04-28,91.42
2017-05-01,91.38
2017-05-02,91.46
2017-05-03,91.17
2017-05-04,91.25
2017-05-05,91.85
2017-05-08,91.64
2017-05-09,91.58
2017-05-10,91.93
2017-05-11,91.55
2017-05-12,91.14
2017-05-15,91.69
2017-05-16,91.45
2017-05-17,90.04
2017-05-18,90.24
2017-05-19,90.97
2017-05-22,91.44
2017-05-23,91.46
2017-05-24,91.66
2017-05-25,92.03
2017-05-26,92.01
2017-05-30,91.84
2017-05-31,91.93
2017-06-01,92.88
2017-06-02,93.01
2017-06-05,92.81
2017-06-06,92.44
2017-06-07,92.53
2017-06-08,92.6
2017-06-09,92.88
2017-06-12,93.0
2017-06-13,93.59
2017-06-14,93.38
2017-06-15,93.18
2017-06-16,92.88
2017-06-19,93.46
2017-06-20,92.7
2017-06-21,92.44
2017-06-22,92.47
2017-06-23,92.68
2017-06-26,92.95
2017-06-27,92.33
2017-06-28,93.05
2017-06-29,92.39
2017-06-30,92.68
2017-07-03,93.07
2017-07-05,92.93
2017-07-06,91.91
2017-07-07,92.5
2017-07-10,92.52
2017-07-11,92.44
2017-07-12,93.08
2017-07-13,93.35
2017-07-14,93.76
2017-07-17,93.87
2017-07-18,93.67
2017-07-19,94.34
2017-07-20,94.29
2017-07-21,94.31
2017-07-24,94.24
2017-07-25,94.61
2017-07-26,94.42
2017-07-27,94.32
2017-07-28,94.2
2017-07-31,94.16
2017-08-01,94.26
2017-08-02,93.96
2017-08-03,93.72
2017-08-04,93.86
2017-08-07,93.96
2017-08-08,93.73
2017-08-09,93.6
2017-08-10,92.26
2017-08-11,92.28
2017-08-14,93.15
2017-08-15,92.98
2017-08-16,93.22
2017-08-17,91.79
2017-08-18,91.58
2017-08-21,91.66
2017-08-22,92.53
2017-08-23,92.26
2017-08-24,92.14
2017-08-25,92.46
2017-08-28,92.35
2017-08-29,92.26
2017-08-30,92.7
2017-08-31,93.22
2017-09-01,93.6
2017-09-05,92.96
2017-09-06,93.29
2017-09-07,93.25
2017-09-08,93.33
2017-09-11,94.27
2017-09-12,94.64
2017-09-13,94.65
2017-09-14,94.64
2017-09-15,94.37
2017-09-18,94.52
2017-09-19,94.39
2017-09-20,94.55
2017-09-21,94.35
2017-09-22,94.55
2017-09-25,94.66
2017-09-26,94.77
2017-09-27,95.15
2017-09-28,95.21
2017-09-29,95.54
2017-10-02,95.95
2017-10-03,96.11
2017-10-04,96.31
2017-10-05,96.69
2017-10-06,96.49
2017-10-09,96.15
2017-10-10,96.39
2017-10-11,96.41
2017-10-12,96.44
2017-10-13,96.54
2017-10-16,96.57
2017-10-17,96.56
2017-10-18,96.64
2017-10-19,96.76
2017-10-20,97.41
2017-10-23,97.08
2017-10-24,97.18
2017-10-25,96.53
2017-10-26,96.72
2017-10-27,96.87
2017-10-30,96.4
2017-10-31,96.58
2017-11-01,96.61
2017-11-02,96.59
2017-11-03,96.73
2017-11-06,97.13
2017-11-07,96.98
2017-11-08,97.1
2017-11-09,96.84
2017-11-10,96.9
2017-11-13,97.05
2017-11-14,97.0
2017-11-15,96.47
2017-11-16,97.3
2017-11-17,97.47
2017-11-20,97.62
2017-11-21,97.98
2017-11-22,97.94
2017-11-24,97.99
2017-11-27,97.89
2017-11-28,99.02
2017-11-29,99.48
2017-11-30,100.25
2017-12-01,100.05
2017-12-04,100.26
2017-12-05,99.62
2017-12-06,99.44
2017-12-07,99.89
2017-12-08,100.51
2017-12-11,100.6
2017-12-12,100.61
2017-12-13,100.52
2017-12-14,99.91
2017-12-15,100.34
2017-12-18,101.1
2017-12-19,100.76
2017-12-20,100.77
2017-12-21,100.97
2017-12-22,101.07
2017-12-26,101.19
2017-12-27,101.19
2017-12-28,101.44
2017-12-29,101.03
2018-01-02,101.78
2018-01-03,102.3
2018-01-04,102.65
2018-01-05,103.14
2018-01-08,103.48
2018-01-09,103.53
2018-01-10,103.22
2018-01-11,104.21
2018-01-12,104.88
2018-01-16,104.17
2018-01-17,105.04
2018-01-18,104.75
2018-01-19,105.44
2018-01-22,106.19
2018-01-23,106.48
2018-01-24,106.53
2018-01-25,106.44
2018-01-26,107.43
2018-01-29,106.66
2018-01-30,105.48
2018-01-31,105.46
2018-02-01,105.21
2018-02-02,103.05
2018-02-05,99.23
2018-02-06,100.59
2018-02-07,100.32
2018-02-08,96.79
2018-02-09,98.12
2018-02-12,99.33
2018-02-13,99.57
2018-02-14,101.08
2018-02-15,102.13
2018-02-16,102.18
2018-02-20,101.53
2018-02-21,100.92
2018-02-22,100.97
2018-02-23,102.51
2018-02-26,103.28
2018-02-27,101.94
2018-02-28,100.83
2018-03-01,99.75
2018-03-02,100.41
2018-03-05,101.62
2018-03-06,102.07
2018-03-07,101.98
2018-03-08,102.33
2018-03-09,103.92
2018-03-12,103.78
2018-03-13,103.34
2018-03-14,102.72
2018-03-15,102.45
2018-03-16,102.44
2018-03-19,101.29
2018-03-20,101.4
2018-03-21,101.43
2018-03-22,99.18
2018-03-23,97.29
2018-03-26,99.53
2018-03-27,98.35
2018-03-28,98.23
2018-03-29,99.48
2018-04-02,97.3
2018-04-03,98.47
2018-04-04,99.62
2018-04-05,100.26
2018-04-06,98.14
2018-04-09,98.34
2018-04-10,99.74
2018-04-11,99.39
2018-04-12,99.86
2018-04-13,99.65
2018-04-16,100.61
2018-04-17,101.43
2018-04-18,101.7
2018-04-19,100.99
2018-04-20,100.28
2018-04-23,100.41
2018-04-24,99.45
2018-04-25,99.73
2018-04-26,100.5
2018-04-27,100.77
2018-04-30,99.85
2018-05-01,99.89
2018-05-02,99.06
2018-05-03,98.73
2018-05-04,99.83
2018-05-07,100.0
2018-05-08,99.93
2018-05-09,100.74
2018-05-10,101.62
2018-05-11,101.72
2018-05-14,101.76
2018-05-15,101.25
2018-05-16,101.81
2018-05-17,101.94
2018-05-18,101.73
2018-05-21,102.39
2018-05-22,102.0
2018-05-23,102.19
2018-05-24,102.17
2018-05-25,101.95
2018-05-29,100.87
2018-05-30,102.21
2018-05-31,101.3
2018-06-01,102.16
2018-06-04,102.51
2018-06-05,102.7
2018-06-06,103.48
2018-06-07,103.53
2018-06-08,104.02
2018-06-11,104.24
2018-06-12,104.54
2018-06-13,104.02
2018-06-14,104.29
2018-06-15,103.89
2018-06-18,103.7
2018-06-19,103.28
2018-06-20,103.57
2018-06-21,102.97
2018-06-22,103.24
2018-06-25,102.11
2018-06-26,102.21
2018-06-27,101.3
2018-06-28,101.71
2018-06-29,101.89
2018-07-02,101.85
2018-07-03,101.8
2018-07-05,102.56
2018-07-06,103.34
2018-07-09,104.13
2018-07-10,104.4
2018-07-11,103.58
2018-07-12,104.16
2018-07-13,104.26
2018-07-16,103.95
2018-07-17,104.28
2018-07-18,104.52
2018-07-19,104.5
2018-07-20,104.16
2018-07-23,104.17
2018-07-24,104.12
2018-07-25,105.04
2018-07-26,105.41
2018-07-27,104.79
2018-07-30,104.34
2018-07-31,105.05
2018-08-01,104.37
2018-08-02,104.79
2018-08-03,105.32
2018-08-06,105.57
2018-08-07,105.78
2018-08-08,105.59
2018-08-09,105.47
2018-08-10,104.76
2018-08-13,104.22
2018-08-14,105.1
2018-08-15,104.4
2018-08-16,105.23
2018-08-17,105.79
2018-08-20,106.29
2018-08-21,106.56
2018-08-22,106.33
2018-08-23,106.07
2018-08-24,106.64
2018-08-27,107.24
2018-08-28,107.34
2018-08-29,107.76
2018-08-30,107.07
2018-08-31,107.11
2018-09-04,107.01
2018-09-05,107.06
2018-09-06,106.86
2018-09-07,106.48
2018-09-10,106.88
2018-09-11,106.96
2018-09-12,107.15
2018-09-13,107.6
2018-09-14,107.74
2018-09-17,107.38
2018-09-18,107.88
2018-09-19,107.83
2018-09-20,108.51
2018-09-21,108.58
2018-09-24,107.33
2018-09-25,107.04
2018-09-26,106.63
2018-09-27,106.64
2018-09-28,106.81
2018-10-01,106.81
2018-10-02,106.66
2018-10-03,106.67
2018-10-04,105.93
2018-10-05,105.41
2018-10-08,105.54
2018-10-09,105.04
2018-10-10,102.03
2018-10-11,99.77
2018-10-12,100.64
2018-10-15,100.6
2018-10-16,102.62
2018-10-17,102.41
2018-10-18,101.1
2018-10-19,100.8
2018-10-22,100.13
2018-10-23,99.49
2018-10-24,96.85
2018-10-25,98.12
2018-10-26,96.59
2018-10-29,96.63
2018-10-30,98.5
2018-10-31,99.07
2018-11-01,100.51
2018-11-02,100.15
2018-11-05,100.9
2018-11-06,101.6
2018-11-07,103.16
2018-11-08,103.08
2018-11-09,102.17
2018-11-12,100.61
2018-11-13,100.57
2018-11-14,99.93
2018-11-15,100.78
2018-11-16,101.1
2018-11-19,99.78
2018-11-20,98.03
2018-11-21,98.64
2018-11-23,98.35
2018-11-26,99.68
2018-11-27,99.73
2018-11-28,101.55
2018-11-29,101.25
2018-11-30,101.66
2018-12-03,102.89
2018-12-04,99.8
2018-12-06,99.5
2018-12-07,97.34
2018-12-10,97.16
2018-12-11,97.09
2018-12-12,97.58
2018-12-13,97.12
2018-12-14,95.74
2018-12-17,93.67
2018-12-18,93.54
2018-12-19,92.07
2018-12-20,90.62
2018-12-21,89.01
2018-12-24,86.19
2018-12-26,90.09
2018-12-27,90.9
2018-12-28,90.67
2018-12-31,91.4
2019-01-02,91.45
2019-01-03,89.68
2019-01-04,92.66
2019-01-07,93.63
2019-01-08,94.64
2019-01-09,95.31
2019-01-10,95.89
2019-01-11,95.96
2019-01-14,95.44
2019-01-15,96.17
2019-01-16,96.41
2019-01-17,97.31
2019-01-18,98.79
2019-01-22,97.47
2019-01-23,97.39
2019-01-24,97.84
2019-01-25,98.88
2019-01-28,98.49
2019-01-29,98.66
2019-01-30,99.71
2019-01-31,100.37
2019-02-01,100.62
2019-02-04,101.17
2019-02-05,101.56
2019-02-06,101.47
2019-02-07,100.74
2019-02-08,100.93
2019-02-11,101.21
2019-02-12,102.46
2019-02-13,102.91
2019-02-14,102.67
2019-02-15,103.82
2019-02-19,104.01
2019-02-20,104.38
2019-02-21,103.98
2019-02-22,104.53
2019-02-25,104.55
2019-02-26,104.27
2019-02-27,104.3
2019-02-28,104.05
2019-03-01,104.75
2019-03-04,104.25
2019-03-05,103.93
2019-03-06,103.02
2019-03-07,102.22
2019-03-08,101.9
2019-03-11,103.22
2019-03-12,103.56
2019-03-13,104.18
2019-03-14,104.03
2019-03-15,104.41
2019-03-18,104.42
2019-03-19,104.24
2019-03-20,103.51
2019-03-21,104.84
2019-03-22,102.69
2019-03-25,102.72
2019-03-26,103.58
2019-03-27,103.24
2019-03-28,103.82
2019-03-29,104.44
2019-04-01,105.77
2019-04-02,105.69
2019-04-03,105.98
2019-04-04,106.33
2019-04-05,107.02
2019-04-08,107.09
2019-04-09,106.25
2019-04-10,106.77
2019-04-11,106.91
2019-04-12,107.77
2019-04-15,107.47
2019-04-16,107.51
2019-04-17,106.88
2019-04-18,107.13
2019-04-22,106.86
2019-04-23,107.85
2019-04-24,107.82
2019-04-25,107.19
2019-04-26,107.84
2019-04-29,107.83
2019-04-30,108.19
2019-05-01,107.1
2019-05-02,107.11
2019-05-03,108.07
2019-05-06,107.56
2019-05-07,105.83
2019-05-08,105.66
2019-05-09,105.53
2019-05-10,105.99
2019-05-13,103.35
2019-05-14,104.37
2019-05-15,104.7
2019-05-16,105.41
2019-05-17,104.71
2019-05-20,104.05
2019-05-21,105.17
2019-05-22,104.64
2019-05-23,103.33
2019-05-24,103.52
2019-05-28,102.39
2019-05-29,101.69
2019-05-30,101.85
2019-05-31,100.69
2019-06-03,101.27
2019-06-04,103.54
2019-06-05,104.36
2019-06-06,104.88
2019-06-07,105.56
2019-06-10,105.89
2019-06-11,105.78
2019-06-12,105.65
2019-06-13,106.27
2019-06-14,105.98
2019-06-17,105.81
2019-06-18,106.85
2019-06-19,107.24
2019-06-20,108.18
2019-06-21,107.93
2019-06-24,106.98
2019-06-25,106.33
2019-06-26,106.15
2019-06-27,106.82
2019-06-28,107.8
2019-07-01,108.57
2019-07-02,108.45
2019-07-03,109.44
2019-07-05,109.3
2019-07-08,108.7
2019-07-09,108.66
2019-07-10,108.78
2019-07-11,109.0
2019-07-12,109.74
2019-07-15,109.65
2019-07-16,109.43
2019-07-17,108.52
2019-07-18,108.94
2019-07-19,108.48
2019-07-22,108.51
2019-07-23,109.45
2019-07-24,110.18
2019-07-25,109.47
2019-07-26,110.02
2019-07-29,109.7
2019-07-30,109.8
2019-07-31,108.71
2019-08-01,107.32
2019-08-02,106.46
2019-08-05,103.44
2019-08-06,104.59
2019-08-07,104.73
2019-08-08,106.62
2019-08-09,105.64
2019-08-12,104.29
2019-08-13,105.64
2019-08-14,102.4
2019-08-15,102.43
2019-08-16,104.09
2019-08-19,105.29
2019-08-20,104.44
2019-08-21,105.29
2019-08-22,105.36
2019-08-23,102.51
2019-08-26,103.41
2019-08-27,102.83
2019-08-28,103.72
2019-08-29,105.12
2019-08-30,105.16
2019-09-03,104.57
2019-09-04,105.81
2019-09-05,107.36
2019-09-06,107.62
2019-09-09,108.21
2019-09-10,108.71
2019-09-11,109.54
2019-09-12,109.67
2019-09-13,109.69
2019-09-16,109.77
2019-09-17,109.79
2019-09-18,109.67
2019-09-19,109.37
2019-09-20,108.88
2019-09-23,108.48
2019-09-24,107.6
2019-09-25,108.21
2019-09-26,107.95
2019-09-27,107.57
2019-09-30,108.08
2019-10-01,106.4
2019-10-02,104.39
2019-10-03,105.15
2019-10-04,106.32
2019-10-07,105.75
2019-10-08,103.92
2019-10-09,104.84
2019-10-10,105.63
2019-10-11,107.07
2019-10-14,106.83
2019-10-15,107.74
2019-10-16,107.56
2019-10-17,107.97
2019-10-18,107.84
2019-10-21,108.66
2019-10-22,108.67
2019-10-23,108.98
2019-10-24,109.03
2019-10-25,109.43
2019-10-28,109.77
2019-10-29,109.97
2019-10-30,109.98
2019-10-31,109.41
2019-11-01,110.76
2019-11-04,111.4
2019-11-05,111.4
2019-11-06,111.28
2019-11-07,111.55
2019-11-08,111.81
2019-11-11,111.51
2019-11-12,111.57
2019-11-13,111.49
2019-11-14,111.74
2019-11-15,112.56
2019-11-18,112.42
2019-11-19,112.33
2019-11-20,111.9
2019-11-21,111.67
2019-11-22,112.0
2019-11-25,113.01
2019-11-26,113.14
2019-11-27,113.62
2019-11-29,113.13
2019-12-02,112.18
2019-12-03,111.27
2019-12-04,112.08
2019-12-05,112.27
2019-12-06,113.31
2019-12-09,112.96
2019-12-10,112.84
2019-12-11,113.17
2019-12-12,114.36
2019-12-13,114.04
2019-12-16,114.76
2019-12-17,114.78
2019-12-18,114.95
2019-12-19,115.34
2019-12-20,115.93
2019-12-23,115.52
2019-12-24,115.6
2019-12-26,115.85
2019-12-27,115.69
2019-12-30,115.29
2019-12-31,115.72
2020-01-02,116.05
2020-01-03,115.39
2020-01-06,115.54
2020-01-07,115.44
2020-01-08,115.78
2020-01-09,116.31
2020-01-10,115.95
2020-01-13,116.67
2020-01-14,116.9
2020-01-15,117.08
2020-01-16,118.17
2020-01-17,118.4
2020-01-21,117.91
2020-01-22,117.76
2020-01-23,118.02
2020-01-24,116.81
2020-01-27,114.89
2020-01-28,115.96
2020-01-29,115.6
2020-01-30,115.85
2020-01-31,113.54
2020-02-03,114.3
2020-02-04,115.98
2020-02-05,117.67
2020-02-06,117.64
2020-02-07,116.69
2020-02-10,117.2
2020-02-11,117.9
2020-02-12,118.71
2020-02-13,118.6
2020-02-14,118.62
2020-02-18,118.26
2020-02-19,118.68
2020-02-20,118.65
2020-02-21,117.57
2020-02-24,114.01
2020-02-25,110.18
2020-02-26,109.13
2020-02-27,104.58
2020-02-28,103.47
2020-03-02,107.42
2020-03-03,104.74
2020-03-04,108.87
2020-03-05,104.97
2020-03-06,102.82
2020-03-09,93.91
2020-03-10,98.43
2020-03-11,93.12
2020-03-12,83.72
2020-03-13,90.52
2020-03-16,79.62
2020-03-17,84.13
2020-03-18,78.65
2020-03-19,78.86
2020-03-20,75.03
2020-03-23,71.66
2020-03-24,79.31
2020-03-25,81.3
2020-03-26,85.98
2020-03-27,83.42
2020-03-30,85.61
2020-03-31,84.02
2020-04-01,79.88
2020-04-02,81.14
2020-04-03,79.83
2020-04-06,85.87
2020-04-07,86.56
2020-04-08,90.14
2020-04-09,92.22
2020-04-13,90.23
2020-04-14,92.62
2020-04-15,89.63
2020-04-16,89.63
2020-04-17,92.98
2020-04-20,91.07
2020-04-21,88.41
2020-04-22,90.07
2020-04-23,90.15
2020-04-24,91.44
2020-04-27,94.07
2020-04-28,95.37
2020-04-29,98.68
2020-04-30,96.14
2020-05-01,92.67
2020-05-04,92.74
2020-05-05,93.16
2020-05-06,91.82
2020-05-07,93.47
2020-05-08,96.03
2020-05-11,94.89
2020-05-12,92.41
2020-05-13,89.7
2020-05-14,91.09
2020-05-15,91.26
2020-05-18,96.25
2020-05-19,94.92
2020-05-20,96.65
2020-05-21,96.22
2020-05-22,96.3
2020-05-26,99.42
2020-05-27,101.88
2020-05-28,100.86
2020-05-29,100.71
2020-06-01,101.89
2020-06-02,103.18
2020-06-03,105.97
2020-06-04,106.51
2020-06-05,110.44
2020-06-08,113.09
2020-06-09,110.26
2020-06-10,107.54
2020-06-11,100.1
2020-06-12,102.1
2020-06-15,103.23
2020-06-16,105.38
2020-06-17,104.2
2020-06-18,104.13
2020-06-19,103.05
2020-06-22,102.74
2020-06-23,102.86
2020-06-24,99.46
2020-06-25,100.48
2020-06-26,98.44
2020-06-29,100.4
2020-06-30,101.76
2020-07-01,101.62
2020-07-02,102.23
2020-07-06,103.35
2020-07-07,101.7
2020-07-08,102.0
2020-07-09,100.38
2020-07-10,102.07
2020-07-13,101.59
2020-07-14,103.24
2020-07-15,105.63
2020-07-16,105.48
2020-07-17,105.84
2020-07-20,105.28
2020-07-21,106.33
2020-07-22,107.18
2020-07-23,107.0
2020-07-24,106.22
2020-07-27,106.65
2020-07-28,106.0
2020-07-29,107.74
2020-07-30,106.89
2020-07-31,106.84
2020-08-03,107.1
2020-08-04,107.63
2020-08-05,108.5
2020-08-06,108.42
2020-08-07,109.52
2020-08-10,110.67
2020-08-11,110.55
2020-08-12,111.2
2020-08-13,110.66
2020-08-14,110.98
2020-08-17,111.03
2020-08-18,110.39
2020-08-19,109.96
2020-08-20,109.45
2020-08-21,109.25
2020-08-24,111.04
2020-08-25,111.04
2020-08-26,110.85
2020-08-27,111.42
2020-08-28,112.34
2020-08-31,111.4
2020-09-01,111.97
2020-09-02,113.96
2020-09-03,111.34
2020-09-04,111.08
2020-09-08,108.77
2020-09-09,110.03
2020-09-10,108.45
2020-09-11,109.02
2020-09-14,110.78
2020-09-15,110.89
2020-09-16,111.63
2020-09-17,111.15
2020-09-18,109.81
2020-09-21,106.56
2020-09-22,107.06
2020-09-23,104.76
2020-09-24,104.93
2020-09-25,106.39
2020-09-28,108.44
2020-09-29,107.57
2020-09-30,108.11
2020-10-01,108.5
2020-10-02,108.98
2020-10-05,110.89
2020-10-06,109.75
2020-10-07,111.75
2020-10-08,113.4
2020-10-09,113.57
2020-10-12,114.45
2020-10-13,113.29
2020-10-14,112.98
2020-10-15,113.5
2020-10-16,113.4
2020-10-19,111.89
2020-10-20,112.5
2020-10-21,112.12
2020-10-22,113.55
2020-10-23,114.15
2020-10-26,111.49
2020-10-27,110.15
2020-10-28,106.78
2020-10-29,107.86
2020-10-30,107.51
2020-11-02,109.91
2020-11-03,112.2
2020-11-04,112.29
2020-11-05,114.47
2020-11-06,114.0
2020-11-09,118.89
2020-11-10,119.54
2020-11-11,119.32
2020-11-12,117.46
2020-11-13,120.05
2020-11-16,122.56
2020-11-17,122.27
2020-11-18,120.82
2020-11-19,121.43
2020-11-20,120.74
2020-11-23,122.53
2020-11-24,125.2
2020-11-25,124.27
2020-11-27,124.21
2020-11-30,122.88
2020-12-01,124.02
2020-12-02,124.37
2020-12-03,125.07
2020-12-04,127.08
2020-12-07,126.45
2020-12-08,126.8
2020-12-09,126.39
2020-12-10,126.5
2020-12-11,125.72
2020-12-14,124.82
2020-12-15,126.89
2020-12-16,126.62
2020-12-17,127.34
2020-12-18,127.04
2020-12-21,125.59
2020-12-22,125.11
2020-12-23,125.84
2020-12-24,126.08
2020-12-28,126.46
2020-12-29,125.83
2020-12-30,126.73
2020-12-31,127.54
2021-01-04,125.7
2021-01-05,126.77
2021-01-06,129.8
2021-01-07,131.09
2021-01-08,131.32
2021-01-11,131.17
2021-01-12,132.2
2021-01-13,131.77
2021-01-14,132.21
2021-01-15,131.22
2021-01-19,131.85
2021-01-20,132.67
2021-01-21,132.0
2021-01-22,131.44
2021-01-25,131.32
2021-01-26,130.67
2021-01-27,127.66
2021-01-28,128.79
2021-01-29,126.5
2021-02-01,128.18
2021-02-02,129.87
2021-02-03,130.21
2021-02-04,131.87
2021-02-05,132.55
2021-02-08,134.1
2021-02-09,134.05
2021-02-10,134.46
2021-02-11,134.5
2021-02-12,135.31
2021-02-16,135.41
2021-02-17,135.34
2021-02-18,134.58
2021-02-19,135.6
2021-02-22,135.83
2021-02-23,136.19
2021-02-24,138.34
2021-02-25,135.12
2021-02-26,134.2
2021-03-01,137.24
2021-03-02,136.56
2021-03-03,135.86
2021-03-04,134.01
2021-03-05,137.07
2021-03-08,137.97
2021-03-09,138.17
2021-03-10,139.59
2021-03-11,140.53
2021-03-12,141.6
2021-03-15,142.8
2021-03-16,141.48
2021-03-17,142.21
2021-03-18,140.82
2021-03-19,140.56
2021-03-22,140.1
2021-03-23,138.08
2021-03-24,137.9
2021-03-25,139.56
2021-03-26,142.17
2021-03-29,141.43
2021-03-30,141.7
2021-03-31,141.66
2021-04-01,143.08
2021-04-05,144.38
2021-04-06,144.57
2021-04-07,144.03
2021-04-08,144.3
2021-04-09,145.13
2021-04-12,145.38
2021-04-13,145.13
2021-04-14,145.36
2021-04-15,146.5
2021-04-16,147.15
2021-04-19,146.46
2021-04-20,145.37
2021-04-21,147.29
2021-04-22,146.36
2021-04-23,147.94
2021-04-26,148.19
2021-04-27,148.35
2021-04-28,148.39
2021-04-29,149.36
2021-04-30,148.28
2021-05-03,149.16
2021-05-04,148.99
2021-05-05,149.3
2021-05-06,150.06
2021-05-07,151.64
2021-05-10,151.13
2021-05-11,149.31
2021-05-12,146.0
2021-05-13,147.97
2021-05-14,150.29
2021-05-17,150.13
2021-05-18,148.8
2021-05-19,148.03
2021-05-20,149.15
2021-05-21,149.35
2021-05-24,150.21
2021-05-25,149.58
2021-05-26,150.09
2021-05-27,150.83
2021-05-28,151.12
2021-06-01,151.62
2021-06-02,151.73
2021-06-03,151.51
2021-06-04,152.26
2021-06-07,151.99
2021-06-08,152.18
2021-06-09,151.49
2021-06-10,151.78
2021-06-11,152.18
2021-06-14,151.71
2021-06-15,151.73
2021-06-16,150.7
2021-06-17,149.22
2021-06-18,146.65
2021-06-21,149.05
2021-06-22,149.36
2021-06-23,149.11
2021-06-24,150.09
2021-06-25,151.14
2021-06-28,150.51
2021-06-29,150.4
2021-06-30,150.73
2021-07-01,151.78
2021-07-02,152.23
2021-07-06,150.9
2021-07-07,151.26
2021-07-08,149.87
2021-07-09,152.0
2021-07-12,152.49
2021-07-13,151.05
2021-07-14,150.83
2021-07-15,150.43
2021-07-16,149.31
2021-07-19,146.61
2021-07-20,149.39
2021-07-21,150.89
2021-07-22,150.47
2021-07-23,151.72
2021-07-26,152.15
2021-07-27,151.88
2021-07-28,151.96
2021-07-29,153.1
2021-07-30,152.68
2021-08-02,152.45
2021-08-03,153.73
2021-08-04,152.28
2021-08-05,153.43
2021-08-06,154.06
2021-08-09,153.71
2021-08-10,154.43
2021-08-11,155.42
2021-08-12,155.34
2021-08-13,155.32
2021-08-16,155.37
2021-08-17,154.2
2021-08-18,152.61
2021-08-19,152.27
2021-08-20,153.37
2021-08-23,154.52
2021-08-24,155.15
2021-08-25,155.97
2021-08-26,154.9
2021-08-27,156.56
2021-08-30,156.33
2021-08-31,156.3
2021-09-01,156.33
2021-09-02,157.39
2021-09-03,156.88
2021-09-07,155.57
2021-09-08,155.47
2021-09-09,155.03
2021-09-10,154.01
2021-09-13,154.44
2021-09-14,153.34
2021-09-15,154.7
2021-09-16,154.41
2021-09-17,153.04
2021-09-20,150.18
2021-09-21,149.64
2021-09-22,151.32
2021-09-23,153.54
2021-09-24,153.8
2021-09-27,154.31
2021-09-28,152.0
2021-09-29,152.33
2021-09-30,149.82
2021-10-01,151.84
2021-10-04,150.88
2021-10-05,151.96
2021-10-06,152.17
2021-10-07,153.46
2021-10-08,153.1
2021-10-11,152.26
2021-10-12,152.3
2021-10-13,152.55
2021-10-14,155.17
2021-10-15,155.7
2021-10-18,155.76
2021-10-19,156.67
2021-10-20,157.87
2021-10-21,158.06
2021-10-22,158.51
2021-10-25,158.87
2021-10-26,158.56
2021-10-27,156.45
2021-10-28,158.04
2021-10-29,157.76
2021-11-01,159.02
2021-11-02,159.46
2021-11-03,160.4
2021-11-04,160.07
2021-11-05,161.29
2021-11-08,161.53
2021-11-09,161.51
2021-11-10,160.48
2021-11-11,160.87
2021-11-12,161.65
2021-11-15,161.93
2021-11-16,162.14
2021-11-17,161.28
2021-11-18,160.69
2021-11-19,159.65
2021-11-22,159.9
2021-11-23,160.56
2021-11-24,160.64
2021-11-26,156.46
2021-11-29,157.77
2021-11-30,153.59
2021-12-01,151.68
2021-12-02,155.35
2021-12-03,154.5
2021-12-06,156.79
2021-12-07,159.44
2021-12-08,159.85
2021-12-09,158.71
2021-12-10,159.74
2021-12-13,158.58
2021-12-14,157.63
2021-12-15,159.35
2021-12-16,159.07
2021-12-17,156.96
2021-12-20,154.9
2021-12-21,158.04
2021-12-22,159.15
2021-12-23,160.23
2021-12-27,162.28
2021-12-28,162.53
2021-12-29,163.01
2021-12-30,162.75
2021-12-31,162.75
2022-01-03,162.89
2022-01-04,164.2
2022-01-05,161.67
2022-01-06,162.03
2022-01-07,161.77
2022-01-10,160.96
2022-01-11,162.48
2022-01-12,162.61
2022-01-13,161.86
2022-01-14,161.58
2022-01-18,159.01
2022-01-19,157.36
2022-01-20,155.36
2022-01-21,153.09
2022-01-24,154.24
2022-01-25,152.78
2022-01-26,151.55
2022-01-27,150.7
2022-01-28,153.28
2022-01-31,155.64
2022-02-01,156.85
2022-02-02,157.87
2022-02-03,155.87
2022-02-04,155.73
2022-02-07,155.83
2022-02-08,157.26
2022-02-09,159.92
2022-02-10,157.4
2022-02-11,155.32
2022-02-14,154.08
2022-02-15,156.43
2022-02-16,156.95
2022-02-17,154.13
2022-02-18,153.55
2022-02-22,152.02
2022-02-23,149.67
2022-02-24,151.1
2022-02-25,155.16
2022-02-28,154.25
2022-03-01,151.6
2022-03-02,154.83
2022-03-03,154.51
2022-03-04,153.58
2022-03-07,149.33
2022-03-08,148.26
2022-03-09,151.4
2022-03-10,151.11
2022-03-11,149.52
2022-03-14,148.97
2022-03-15,151.37
2022-03-16,154.23
2022-03-17,156.17
2022-03-18,157.17
2022-03-21,156.08
2022-03-22,157.39
2022-03-23,155.14
2022-03-24,156.95
2022-03-25,158.02
2022-03-28,158.49
2022-03-29,161.12
2022-03-30,159.89
2022-03-31,157.71
2022-04-01,158.22
2022-04-04,158.56
2022-04-05,156.87
2022-04-06,156.08
2022-04-07,156.56
2022-04-08,156.89
2022-04-11,155.37
2022-04-12,154.85
2022-04-13,156.6
2022-04-14,155.53
2022-04-18,155.2
2022-04-19,157.95
2022-04-20,158.96
2022-04-21,156.66
2022-04-22,152.39
2022-04-25,152.85
2022-04-26,149.19
2022-04-27,149.47
2022-04-28,152.07
2022-04-29,147.45
2022-05-02,147.85
2022-05-03,149.07
2022-05-04,153.22
2022-05-05,148.61
2022-05-06,147.25
2022-05-09,142.88
2022-05-10,142.51
2022-05-11,140.67
2022-05-12,141.27
2022-05-13,144.5
2022-05-16,143.99
2022-05-17,147.04
2022-05-18,141.51
2022-05-19,141.19
2022-05-20,141.19
2022-05-23,143.18
2022-05-24,142.29
2022-05-25,143.93
2022-05-26,146.97
2022-05-27,150.34
2022-05-31,148.93
2022-06-01,147.35
2022-06-02,149.94
2022-06-03,148.17
2022-06-06,148.71
2022-06-07,150.13
2022-06-08,148.01
2022-06-09,144.65
2022-06-10,140.71
2022-06-13,135.05
2022-06-14,134.35
2022-06-15,135.64
2022-06-16,130.84
2022-06-17,131.14
2022-06-21,132.69
2022-06-22,132.62
2022-06-23,133.72
2022-06-24,138.07
2022-06-27,138.0
2022-06-28,135.9
2022-06-29,135.07
2022-06-30,134.23
2022-07-01,135.87
2022-07-05,135.55
2022-07-06,135.58
2022-07-07,137.55
2022-07-08,137.04
2022-07-11,135.78
2022-07-12,135.13
2022-07-13,134.38
2022-07-14,133.32
2022-07-15,135.85
2022-07-18,135.26
2022-07-19,139.14
2022-07-20,140.07
2022-07-21,141.16
2022-07-22,140.34
2022-07-25,140.69
2022-07-26,139.59
2022-07-27,142.3
2022-07-28,144.55
2022-07-29,145.84
2022-08-01,145.56
2022-08-02,144.53
2022-08-03,146.03
2022-08-04,145.72
2022-08-05,145.88
2022-08-08,146.29
2022-08-09,145.44
2022-08-10,148.55
2022-08-11,149.21
2022-08-12,151.62
2022-08-15,151.95
2022-08-16,152.39
2022-08-17,150.96
2022-08-18,151.44
2022-08-19,149.44
2022-08-22,146.32
2022-08-23,145.94
2022-08-24,146.67
2022-08-25,148.93
2022-08-26,144.13
2022-08-29,143.29
2022-08-30,141.78
2022-08-31,140.76
2022-09-01,140.88
2022-09-02,139.86
2022-09-06,139.47
2022-09-07,142.53
2022-09-08,143.76
2022-09-09,145.74
2022-09-12,147.1
2022-09-13,141.28
2022-09-14,141.27
2022-09-15,140.15
2022-09-16,138.75
2022-09-19,139.15
2022-09-20,136.91
2022-09-21,134.64
2022-09-22,132.71
2022-09-23,130.48
2022-09-26,128.59
2022-09-27,128.18
2022-09-28,131.16
2022-09-29,128.68
2022-09-30,127.28
2022-10-03,130.83
2022-10-04,135.34
2022-10-05,134.81
2022-10-06,133.31
2022-10-07,130.15
2022-10-10,129.27
2022-10-11,128.69
2022-10-12,128.02
2022-10-13,131.1
2022-10-14,128.2
2022-10-17,130.99
2022-10-18,132.93
2022-10-19,131.36
2022-10-20,129.9
2022-10-21,132.87
2022-10-24,134.35
2022-10-25,136.93
2022-10-26,137.2
2022-10-27,137.33
2022-10-28,140.18
2022-10-31,139.56
2022-11-01,139.9
2022-11-02,136.49
2022-11-03,135.8
2022-11-04,137.91
2022-11-07,139.01
2022-11-08,139.84
2022-11-09,137.33
2022-11-10,144.69
2022-11-11,146.08
2022-11-14,144.49
2022-11-15,145.85
2022-11-16,144.3
2022-11-17,143.46
2022-11-18,144.53
2022-11-21,144.47
2022-11-22,146.39
2022-11-23,147.0
2022-11-25,147.5
2022-11-28,144.87
2022-11-29,145.33
2022-11-30,148.82
2022-12-01,149.03
2022-12-02,148.94
2022-12-05,146.06
2022-12-06,144.46
2022-12-07,144.22
2022-12-08,145.15
2022-12-09,144.03
2022-12-12,146.15
2022-12-13,147.17
2022-12-14,146.3
2022-12-15,143.09
2022-12-16,141.36
2022-12-19,139.63
2022-12-20,139.77
2022-12-21,141.93
2022-12-22,140.39
2022-12-23,141.29
2022-12-27,141.38
2022-12-28,139.35
2022-12-29,141.83
2022-12-30,141.25
2023-01-03,141.12
2023-01-04,143.32
2023-01-05,141.83
2023-01-06,145.23
2023-01-09,145.29
2023-01-10,146.38
2023-01-11,148.16
2023-01-12,148.72
2023-01-13,149.07
2023-01-17,148.74
2023-01-18,146.45
2023-01-19,144.94
2023-01-20,147.46
2023-01-23,149.33
2023-01-24,148.98
2023-01-25,149.32
2023-01-26,150.52
2023-01-27,150.8
2023-01-30,149.2
2023-01-31,151.73
2023-02-01,153.28
2023-02-02,154.96
2023-02-03,153.06
2023-02-06,151.98
2023-02-07,153.4
2023-02-08,151.89
2023-02-09,150.5
2023-02-10,150.96
2023-02-13,152.65
2023-02-14,152.36
2023-02-15,153.08
2023-02-16,151.35
2023-02-17,151.03
2023-02-21,147.75
2023-02-22,147.57
2023-02-23,148.12
2023-02-24,146.85
2023-02-27,147.03
2023-02-28,146.6
2023-03-01,146.33
2023-03-02,147.48
2023-03-03,149.55
2023-03-06,148.83
2023-03-07,146.43
2023-03-08,146.74
2023-03-09,143.5
2023-03-10,140.47
2023-03-13,138.75
2023-03-14,140.7
2023-03-15,138.73
2023-03-16,140.4
2023-03-17,138.03
2023-03-20,139.12
2023-03-21,140.98
2023-03-22,137.81
2023-03-23,137.35
2023-03-24,138.52
2023-03-27,139.44
2023-03-28,139.72
2023-03-29,141.82
2023-03-30,142.52
2023-03-31,144.62
2023-04-03,144.74
2023-04-04,143.29
2023-04-05,142.99
2023-04-06,143.09
2023-04-10,143.96
2023-04-11,144.9
2023-04-12,144.2
2023-04-13,145.31
2023-04-14,144.65
2023-04-17,145.63
2023-04-18,145.64
2023-04-19,145.68
2023-04-20,144.88
2023-04-21,144.92
2023-04-24,145.19
2023-04-25,142.72
2023-04-26,141.23
2023-04-27,143.55
2023-04-28,145.14
2023-05-01,145.01
2023-05-02,142.84
2023-05-03,142.01
2023-05-04,140.66
2023-05-05,143.03
2023-05-08,142.77
2023-05-09,142.24
2023-05-10,142.22
2023-05-11,141.51
2023-05-12,141.52
2023-05-15,142.32
2023-05-16,140.31
2023-05-17,142.09
2023-05-18,143.24
2023-05-19,142.86
2023-05-22,143.08
2023-05-23,141.55
2023-05-24,140.01
2023-05-25,139.92
2023-05-26,141.09
2023-05-30,140.84
2023-05-31,139.61
2023-06-01,140.66
2023-06-02,143.73
2023-06-05,143.24
2023-06-06,144.21
2023-06-07,145.27
2023-06-08,145.33
2023-06-09,145.16
2023-06-12,146.12
2023-06-13,147.53
2023-06-14,147.25
2023-06-15,148.95
2023-06-16,148.83
2023-06-20,146.84
2023-06-21,146.63
2023-06-22,146.03
2023-06-23,144.77
2023-06-26,145.65
2023-06-27,147.43
2023-06-28,147.18
2023-06-29,148.33
2023-06-30,149.64
2023-07-03,150.01
2023-07-05,149.37
2023-07-06,148.15
2023-07-07,148.52
2023-07-10,149.85
2023-07-11,151.54
2023-07-12,152.24
2023-07-13,152.96
2023-07-14,152.06
2023-07-17,152.35
2023-07-18,153.29
2023-07-19,154.05
2023-07-20,153.89
2023-07-21,154.11
2023-07-24,154.54
2023-07-25,154.65
2023-07-26,155.0
2023-07-27,153.64
2023-07-28,154.4
2023-07-31,154.88
2023-08-01,154.25
2023-08-02,152.78
2023-08-03,152.02
2023-08-04,151.34
2023-08-07,152.62
2023-08-08,151.86
2023-08-09,151.42
2023-08-10,151.24
2023-08-11,151.27
2023-08-14,151.24
2023-08-15,149.25
2023-08-16,148.16
2023-08-17,147.02
2023-08-18,147.28
2023-08-21,147.25
2023-08-22,146.67
2023-08-23,147.89
2023-08-24,146.47
2023-08-25,147.21
2023-08-28,148.31
2023-08-29,149.98
2023-08-30,150.45
2023-08-31,149.92
2023-09-01,150.54
2023-09-05,148.68
2023-09-06,148.17
2023-09-07,147.58
2023-09-08,147.65
2023-09-11,147.89
2023-09-12,147.7
2023-09-13,147.11
2023-09-14,148.83
2023-09-15,147.58
2023-09-18,146.59
2023-09-19,146.35
2023-09-20,145.68
2023-09-21,143.26
2023-09-22,142.69
2023-09-25,143.05
2023-09-26,141.04
2023-09-27,141.09
2023-09-28,142.07
2023-09-29,141.69
2023-10-02,140.09
2023-10-03,138.41
2023-10-04,139.2
2023-10-05,138.8
2023-10-06,140.0
2023-10-09,141.0
2023-10-10,142.08
2023-10-11,142.38
2023-10-12,140.6
2023-10-13,140.29
2023-10-16,142.04
2023-10-17,142.74
2023-10-18,140.48
2023-10-19,138.74
2023-10-20,137.01
2023-10-23,136.14
2023-10-24,137.01
2023-10-25,135.5
2023-10-26,135.22
2023-10-27,133.66
2023-10-30,134.71
2023-10-31,135.83
2023-11-01,136.29
2023-11-02,139.31
2023-11-03,141.59
2023-11-06,140.85
2023-11-07,140.55
2023-11-08,140.32
2023-11-09,139.13
2023-11-10,140.76
2023-11-13,140.58
2023-11-14,144.59
2023-11-15,145.27
2023-11-16,144.79
2023-11-17,145.49
2023-11-20,146.07
2023-11-21,145.8
2023-11-22,146.48
2023-11-24,146.91
2023-11-27,146.61
2023-11-28,146.47
2023-11-29,147.05
2023-11-30,148.3
2023-12-01,150.53
2023-12-04,150.6
2023-12-05,149.26
2023-12-06,149.31
2023-12-07,150.1
2023-12-08,150.57
2023-12-11,151.91
2023-12-12,152.18
2023-12-13,155.41
2023-12-14,157.53
2023-12-15,156.41
2023-12-18,155.87
2023-12-19,157.18
2023-12-20,154.58
2023-12-21,156.48
2023-12-22,157.01
2023-12-26,157.91
2023-12-27,158.06
2023-12-28,158.41
2023-12-29,157.8
2024-01-02,157.85
2024-01-03,155.52
2024-01-04,155.26
2024-01-05,155.71
2024-01-08,157.38
2024-01-09,156.58
2024-01-10,156.85
2024-01-11,156.4
2024-01-12,156.05
2024-01-16,155.06
2024-01-17,153.84
2024-01-18,154.63
2024-01-19,155.82
2024-01-22,156.64
2024-01-23,156.72
2024-01-24,155.91
2024-01-25,157.48
2024-01-26,157.5
2024-01-29,158.46
2024-01-30,158.49
2024-01-31,156.46
2024-02-01,158.28
2024-02-02,158.14
2024-02-05,156.78
2024-02-06,157.77
2024-02-07,158.39
2024-02-08,158.74
2024-02-09,158.93
2024-02-12,160.01
2024-02-13,157.35
2024-02-14,158.79
2024-02-15,160.76
2024-02-16,160.03
2024-02-20,159.66
2024-02-21,159.98
2024-02-22,161.57
2024-02-23,162.0
2024-02-26,161.35
2024-02-27,162.06
2024-02-28,162.12
2024-02-29,162.79
2024-03-01,163.93
2024-03-04,164.23
2024-03-05,163.48
2024-03-06,164.41
2024-03-07,165.7
2024-03-08,165.51
2024-03-11,165.72
2024-03-12,166.15
2024-03-13,166.23
2024-03-14,164.74
2024-03-15,164.42
2024-03-18,164.19
2024-03-19,165.17
2024-03-20,166.58
2024-03-21,167.72
2024-03-22,166.64
2024-03-25,166.28
2024-03-26,166.12
2024-03-27,168.78
2024-03-28,169.37
2024-04-01,168.37
2024-04-02,166.92
2024-04-03,167.1
2024-04-04,165.4
2024-04-05,166.39
2024-04-08,166.9
2024-04-09,167.56
2024-04-10,164.71
2024-04-11,164.59
2024-04-12,161.98
2024-04-15,160.58
2024-04-16,159.69
2024-04-17,159.36
2024-04-18,159.21
2024-04-19,159.81
2024-04-22,161.03
2024-04-23,162.46
2024-04-24,162.69
2024-04-25,162.35
2024-04-26,162.43
2024-04-29,163.56
2024-04-30,161.2
2024-05-01,160.65
2024-05-02,161.64
2024-05-03,162.79
2024-05-06,164.04
2024-05-07,164.5
2024-05-08,164.46
2024-05-09,165.84
2024-05-10,166.11
2024-05-13,166.07
2024-05-14,166.73
2024-05-15,168.06
2024-05-16,167.79
2024-05-17,168.04
2024-05-20,167.9
2024-05-21,167.83
2024-05-22,167.19
2024-05-23,164.85
2024-05-24,165.94
2024-05-28,164.79
2024-05-29,162.86
2024-05-30,163.61
2024-05-31,165.78
2024-06-03,164.9
2024-06-04,164.4
2024-06-05,165.4
2024-06-06,165.08
2024-06-07,164.56
2024-06-10,165.0
2024-06-11,164.32
2024-06-12,165.2
2024-06-13,164.73
2024-06-14,163.68
2024-06-17,164.87
2024-06-18,165.28
2024-06-20,165.38
2024-06-21,165.59
2024-06-24,165.72
2024-06-25,164.58
2024-06-26,163.96
2024-06-27,164.16
2024-06-28,164.28
2024-07-01,162.95
2024-07-02,163.68
2024-07-03,163.75
2024-07-05,163.68
2024-07-08,164.0
2024-07-09,163.72
2024-07-10,165.07
2024-07-11,167.06
2024-07-12,168.53
2024-07-15,168.72
2024-07-16,171.71
2024-07-17,171.01
2024-07-18,169.54
2024-07-19,168.4
2024-07-22,169.73
2024-07-23,169.13
2024-07-24,167.15
2024-07-25,167.35
2024-07-26,169.74
2024-07-29,169.97
2024-07-30,170.79
2024-07-31,171.6
2024-08-01,169.69
2024-08-02,166.77
2024-08-05,162.83
2024-08-06,164.5
2024-08-07,163.34
2024-08-08,166.3
2024-08-09,166.65
2024-08-12,165.85
2024-08-13,167.74
2024-08-14,168.09
2024-08-15,170.37
2024-08-16,170.78
2024-08-19,172.08
2024-08-20,171.4
2024-08-21,172.6
2024-08-22,172.11
2024-08-23,174.3
2024-08-26,174.27
2024-08-27,174.35
2024-08-28,173.87
2024-08-29,174.52
2024-08-30,175.87
2024-09-03,173.61
2024-09-04,173.36
2024-09-05,172.3
2024-09-06,170.45
2024-09-09,172.1
2024-09-10,172.2
2024-09-11,172.28
2024-09-12,173.35
2024-09-13,175.01
2024-09-16,176.28
2024-09-17,176.54
2024-09-18,176.21
2024-09-19,178.09
2024-09-20,177.44
2024-09-23,177.65
2024-09-24,177.91
2024-09-25,176.81
2024-09-26,178.29
2024-09-27,178.93
2024-09-30,179.16
2024-10-01,178.21
2024-10-02,178.02
2024-10-03,177.18
2024-10-04,178.57
2024-10-07,177.18
2024-10-08,177.6
2024-10-09,178.82
2024-10-10,178.15
2024-10-11,179.9
2024-10-14,181.22
2024-10-15,180.4
2024-10-16,181.62
2024-10-17,181.33
2024-10-18,181.87
2024-10-21,180.32
2024-10-22,179.51
2024-10-23,178.92
2024-10-24,178.96
2024-10-25,178.11
2024-10-28,179.12
2024-10-29,178.58
2024-10-30,178.19
2024-10-31,176.29
2024-11-01,176.4
2024-11-04,176.61
2024-11-05,178.67
2024-11-06,182.9
2024-11-07,183.08
2024-11-08,184.1
2024-11-11,185.02
2024-11-12,183.61
2024-11-13,183.71
2024-11-14,182.24
2024-11-15,180.94
2024-11-18,181.67
2024-11-19,181.18
2024-11-20,181.79
2024-11-21,184.08
2024-11-22,185.53
2024-11-25,187.21
2024-11-26,187.23
2024-11-27,187.05
2024-11-29,187.62
2024-12-02,187.15
2024-12-03,186.32
2024-12-04,186.33
2024-12-05,185.4
2024-12-06,185.19
2024-12-09,184.43
2024-12-10,183.3
2024-12-11,183.47
2024-12-12,182.8
2024-12-13,182.16
2024-12-16,181.56
2024-12-17,180.13
2024-12-18,174.8
2024-12-19,174.22
2024-12-20,176.66
2024-12-23,176.28
2024-12-24,177.61
2024-12-26,177.9
2024-12-27,176.69
2024-12-30,174.91
2024-12-31,175.23
2025-01-02,174.72
2025-01-03,176.32
2025-01-06,176.2
2025-01-07,175.61
2025-01-08,175.82
2025-01-10,173.25
2025-01-13,174.67
2025-01-14,176.08
2025-01-15,177.77
2025-01-16,179.17
2025-01-17,180.04
2025-01-21,182.13
2025-01-22,181.49
2025-01-23,182.35
2025-01-24,182.19
2025-01-27,182.31
2025-01-28,181.41
2025-01-29,180.81
2025-01-30,182.74
2025-01-31,181.24
2025-02-03,180.25
2025-02-04,180.47
2025-02-05,181.35
2025-02-06,181.11
2025-02-07,180.22
2025-02-10,180.73
2025-02-11,180.75
2025-02-12,179.7
2025-02-13,181.26
2025-02-14,181.08
2025-02-18,182.47
2025-02-19,182.84
2025-02-20,182.38
2025-02-21,179.82
2025-02-24,179.97
2025-02-25,180.15
2025-02-26,179.77
2025-02-27,178.2
2025-02-28,180.18
2025-03-03,178.26
2025-03-04,175.38
2025-03-05,177.01
2025-03-06,175.05
2025-03-07,176.69
2025-03-10,174.2
2025-03-11,171.88
2025-03-12,171.07
2025-03-13,169.43
2025-03-14,172.66
2025-03-17,174.99
2025-03-18,174.08
2025-03-19,175.37
2025-03-20,174.64
2025-03-21,173.84
2025-03-24,175.69
2025-03-25,175.27
2025-03-26,174.94
2025-03-27,174.49
2025-03-28,171.8
2025-03-31,173.23
2025-04-01,173.41
2025-04-02,174.86
2025-04-03,166.53
2025-04-04,157.18
2025-04-07,155.87
2025-04-08,152.93
2025-04-09,165.16
2025-04-10,159.6
2025-04-11,162.02
2025-04-14,164.09
2025-04-15,163.56
2025-04-16,161.46
2025-04-17,162.66
2025-04-21,159.39
2025-04-22,163.32
2025-04-23,164.9
2025-04-24,167.69
2025-04-25,167.45
2025-04-28,167.92
2025-04-29,168.9
2025-04-30,169.14
2025-05-01,168.91
2025-05-02,171.89
2025-05-05,171.32
2025-05-06,170.05
2025-05-07,171.17
2025-05-08,172.61
2025-05-09,172.57
2025-05-12,177.3
2025-05-13,177.7
2025-05-14,176.63
2025-05-15,178.24
2025-05-16,179.99
2025-05-19,179.97
2025-05-20,179.5
2025-05-21,175.59
2025-05-22,175.03
2025-05-23,174.33
2025-05-27,177.58
2025-05-28,176.07
2025-05-29,176.5
2025-05-30,176.43
2025-06-02,176.57
2025-06-03,178.04
2025-06-04,177.64
2025-06-05,177.16
2025-06-06,178.69
2025-06-09,178.72
2025-06-10,179.61
2025-06-11,179.1
2025-06-12,179.52
2025-06-13,177.35
2025-06-16,179.06
2025-06-17,177.34
2025-06-18,177.36
2025-06-20,177.65
2025-06-23,178.49
2025-06-24,180.18
2025-06-25,178.88
2025-06-26,180.23
2025-06-27,180.89
2025-06-30,181.74
2025-07-01,183.87
2025-07-02,184.29
2025-07-03,185.18
2025-07-07,183.7
2025-07-08,184.16
2025-07-09,184.71
2025-07-10,185.78
2025-07-11,184.42
2025-07-14,184.61
2025-07-15,182.05
2025-07-16,182.76
2025-07-17,184.25
2025-07-18,184.18
2025-07-21,183.55
2025-07-22,185.89
2025-07-23,187.43
2025-07-24,186.83
2025-07-25,187.73
2025-07-28,186.62
2025-07-29,186.53
2025-07-30,185.32
2025-07-31,183.63
2025-08-01,181.56
2025-08-04,183.78
2025-08-05,183.27
2025-08-06,182.86
2025-08-07,182.75
2025-08-08,183.08
2025-08-11,182.58
2025-08-12,184.9
2025-08-13,187.54
2025-08-14,186.32
2025-08-15,185.86
2025-08-18,185.82
2025-08-19,186.69
2025-08-20,186.52
2025-08-21,185.87
2025-08-22,189.49
2025-08-25,188.04
2025-08-26,188.17
2025-08-27,188.85
2025-08-28,188.76
2025-08-29,188.62
2025-09-02,187.13
2025-09-03,186.84
2025-09-04,188.22
2025-09-05,188.44
2025-09-08,188.29
2025-09-09,187.71
2025-09-10,187.52
2025-09-11,190.33
2025-09-12,188.96
2025-09-15,188.63
2025-09-16,188.13
2025-09-17,188.31
2025-09-18,189.54
2025-09-19,189.21
2025-09-22,188.48
2025-09-23,188.71
2025-09-24,188.27
2025-09-25,186.72
2025-09-26,188.57
2025-09-29,189.2
2025-09-30,189.7
2025-10-01,190.13
2025-10-02,190.58
2025-10-03,191.25
2025-10-06,191.19
2025-10-07,190.35
2025-10-08,190.97
2025-10-09,189.39
2025-10-10,185.12
2025-10-13,186.92
2025-10-14,188.47
2025-10-15,188.85
2025-10-16,187.06
2025-10-17,188.01
2025-10-20,189.89
2025-10-21,190.76
2025-10-22,189.84
2025-10-23,190.74
2025-10-24,191.26
2025-10-27,192.11
2025-10-28,190.46
2025-10-29,188.33
2025-10-30,187.52
2025-10-31,187.93
2025-11-03,187.47
2025-11-04,186.23
2025-11-05,187.32
2025-11-06,186.0
2025-11-07,187.56
2025-11-10,188.64
2025-11-11,189.73
2025-11-12,190.18
2025-11-13,188.03
2025-11-14,187.34
2025-11-17,184.88
2025-11-18,184.99
2025-11-19,184.43
2025-11-20,182.18
2025-11-21,185.76
2025-11-24,186.53
2025-11-25,189.18
2025-11-26,190.5
2025-11-28,191.53
2025-12-01,190.22
2025-12-02,190.04
2025-12-03,191.49
2025-12-04,191.55
2025-12-05,192.0
2025-12-08,190.85
2025-12-09,190.49
2025-12-10,193.17
2025-12-11,194.73
2025-12-12,193.41
2025-12-15,193.65
2025-12-16,192.29
2025-12-17,191.77
2025-12-18,192.18
2025-12-19,192.88
2025-12-22,193.54
2025-12-23,193.09
2025-12-24,193.79
2025-12-26,193.84
2025-12-29,193.52
2025-12-30,193.21
2025-12-31,191.56
2026-01-02,192.86
2026-01-05,194.65
2026-01-06,197.0
2026-01-07,194.79
2026-01-08,196.46
2026-01-09,197.6
2026-01-12,197.78
2026-01-13,197.78
2026-01-14,198.68
2026-01-15,199.56
2026-01-16,199.05
2026-01-20,196.08
2026-01-21,199.4
2026-01-22,199.66
2026-01-23,198.77
2026-01-26,199.24
2026-01-27,198.93
2026-01-28,198.26
2026-01-29,198.52
2026-01-30,198.08
2026-02-02,199.1
2026-02-03,198.57
2026-02-04,200.3
2026-02-05,198.56
2026-02-06,202.26
2026-02-09,202.38
2026-02-10,203.1
2026-02-11,203.46
2026-02-12,200.79
2026-02-13,202.87
2026-02-17,202.52
2026-02-18,203.57
2026-02-19,203.14
2026-02-20,204.09
2026-02-23,201.85
2026-02-24,203.46
2026-02-25,203.58
2026-02-26,204.73
2026-02-27,204.97
2026-03-02,204.59
2026-03-03,202.08
2026-03-04,202.89
2026-03-05,200.54
2026-03-06,198.15
2026-03-09,198.71
2026-03-10,197.22
2026-03-11,196.57
2026-03-12,193.53
2026-03-13,193.52
2026-03-16,194.96
2026-03-17,196.05
2026-03-18,193.47
2026-03-19,193.32
2026-03-20,190.48
2026-03-23,191.69
2026-03-24,191.92
2026-03-25,192.85
2026-03-26,191.08
2026-03-27,188.46
2026-03-30,188.07
2026-03-31,191.92
2026-04-01,192.54
2026-04-02,193.09
2026-04-06,193.92
2026-04-07,193.49
2026-04-08,197.96
2026-04-09,198.08
2026-04-10,196.65
2026-04-13,198.83
2026-04-14,199.66
2026-04-15,199.73
2026-04-16,200.64
2026-04-17,203.16
2026-04-20,203.8
2026-04-21,202.55
2026-04-22,202.46
2026-04-23,202.45
2026-04-24,202.03
2026-04-27,201.79
2026-04-28,200.76
2026-04-29,200.41
2026-04-30,203.44
2026-05-01,202.82
2026-05-04,201.64
2026-05-05,203.24
2026-05-06,204.85
2026-05-07,203.54
2026-05-08,204.1
2026-05-11,203.99
2026-05-12,203.81
2026-05-13,202.92
2026-05-14,203.66
2026-05-15,201.56
2026-05-18,202.8
2026-05-19,201.62
2026-05-20,203.83
2026-05-21,204.71
2026-05-22,206.58
2026-05-26,207.64
2026-05-27,207.49
2026-05-28,208.25
2026-05-29,208.83
2026-06-01,209.21
2026-06-02,210.04
2026-06-03,209.25
2026-06-04,210.83
2026-06-05,207.83
2026-06-08,207.61
2026-06-09,209.19
2026-06-10,206.53
2026-06-11,209.75
2026-06-12,211.65
2026-06-15,212.88
2026-06-16,212.17
2026-06-17,208.99
2026-06-18,209.96
2026-06-22,209.61
2026-06-23,208.89
2026-06-24,210.38
2026-06-25,211.75
2026-06-26,210.31
2026-06-29,213.05
2026-06-30,212.77
2026-07-01,213.41
2026-07-02,214.91
2026-07-06,215.0
2026-07-07,214.73
2026-07-08,212.2
2026-07-09,213.5
2026-07-10,214.3
2026-07-13,214.23
2026-07-14,213.45
2026-07-15,212.97
2026-07-16,215.06
2026-07-17,213.37
2026-07-20,212.42
2026-07-21,212.76
2026-07-22,212.7
2026-07-23,211.92
2026-07-24,213.57
2026-07-27,215.18
2026-07-28,217.69
2026-07-29,215.73
2026-07-30,215.38
2026-07-31,215.01
2026-08-03,217.11
2026-08-04,220.23
2026-08-05,219.73
2026-08-06,218.58
2026-08-07,220.09
2026-08-10,220.22
2026-08-11,220.69
2026-08-12,221.08
2026-08-13,221.87
