Date,Close
1980-01-01,-0.03784262761473656
1980-01-02,-0.10648950189352036
1980-01-03,-0.08926078677177429
1980-01-05,-0.06691190600395203
1980-01-06,-0.08872775733470917
1980-01-07,-0.12680736184120178
1980-01-08,-0.1957755833864212
1980-01-09,-0.21876056492328644
1980-01-10,-0.2016686499118805
1980-01-11,-0.2218542993068695
1980-01-12,-0.20195984840393066
1980-01-13,-0.1765350103378296
1980-01-14,-0.15623074769973755
1980-01-15,-0.15126076340675354
1980-01-16,-0.11771008372306824
1980-01-17,-0.11788316816091537
1980-01-18,-0.13789425790309906
1980-01-19,-0.15102285146713257
1980-01-20,-0.1674201339483261
1980-01-22,-0.1555348038673401
1980-01-24,-0.1554514318704605
1980-01-25,-0.2346528023481369
1980-01-26,-0.2152566760778427
1980-01-27,-0.20618870854377747
1980-01-29,-0.22154557704925537
1980-01-30,-0.2444876730442047
1980-01-31,-0.26135385036468506
1980-02-02,-0.24724982678890228
1980-02-03,-0.24813251197338104
1980-02-04,-0.24900498986244202
1980-02-05,-0.25870728492736816
1980-02-06,-0.2876479923725128
1980-02-07,-0.2818099856376648
1980-02-08,-0.27404549717903137
1980-02-09,-0.2554270327091217
1980-02-10,-0.24547545611858368
1980-02-12,-0.2622906267642975
1980-02-13,-0.24598123133182526
1980-02-14,-0.2551168203353882
1980-02-15,-0.2470943033695221
1980-02-16,-0.23408332467079163
1980-02-17,-0.22996775805950165
1980-02-19,-0.21817490458488464
1980-02-20,-0.21379515528678894
1980-02-21,-0.18226389586925507
1980-02-22,-0.20750360190868378
1980-02-23,-0.20917469263076782
1980-02-24,-0.21626287698745728
1980-02-25,-0.19908848404884338
1980-02-26,-0.18836091458797455
1980-02-27,-0.16387125849723816
1980-02-28,-0.15185989439487457
1980-03-02,-0.1919763833284378
1980-03-03,-0.2273944765329361
1980-03-04,-0.2720741033554077
1980-03-05,-0.2821412682533264
1980-03-06,-0.29215914011001587
1980-03-07,-0.28274181485176086
1980-03-08,-0.2867240905761719
1980-03-09,-0.31094497442245483
1980-03-10,-0.3431191146373749
1980-03-11,-0.3395237326622009
1980-03-12,-0.3460529148578644
1980-03-13,-0.3521692156791687
1980-03-14,-0.3280596435070038
1980-03-15,-0.3365020751953125
1980-03-16,-0.3553968369960785
1980-03-18,-0.3508797883987427
1980-03-19,-0.3656766712665558
1980-03-20,-0.3687600791454315
1980-03-21,-0.3715682029724121
1980-03-22,-0.3445722460746765
1980-03-23,-0.37127676606178284
1980-03-24,-0.3320152461528778
1980-03-25,-0.35538768768310547
1980-03-26,-0.3736521005630493
1980-03-27,-0.391749769449234
1980-03-28,-0.39947694540023804
1980-03-29,-0.36610695719718933
1980-03-30,-0.3717332184314728
1980-03-31,-0.3961217701435089
1980-04-01,-0.3919755220413208
1980-04-02,-0.3919436037540436
1980-04-03,-0.3218439221382141
1980-04-04,-0.33681720495224
1980-04-05,-0.31038668751716614
1980-04-06,-0.3335748612880707
1980-04-07,-0.44074705243110657
1980-04-08,-0.47127819061279297
1980-04-09,-0.5515304207801819
1980-04-10,-0.5744293332099915
1980-04-11,-0.5697426199913025
1980-04-12,-0.489978164434433
1980-04-13,-0.5181905031204224
1980-04-15,-0.5356746912002563
1980-04-16,-0.5316434502601624
1980-04-17,-0.5400654077529907
1980-04-18,-0.5404711961746216
1980-04-19,-0.5968319773674011
1980-04-20,-0.5965390801429749
1980-04-21,-0.5909637808799744
1980-04-22,-0.5979987382888794
1980-04-23,-0.5661836862564087
1980-04-24,-0.5635170340538025
1980-04-25,-0.5916358232498169
1980-04-26,-0.5347689390182495
1980-04-27,-0.5155419707298279
1980-04-28,-0.511162519454956
1980-04-30,-0.533831775188446
1980-05-01,-0.5861096978187561
1980-05-02,-0.5939071178436279
1980-05-03,-0.6059001088142395
1980-05-04,-0.6357938647270203
1980-05-05,-0.6314048171043396
1980-05-06,-0.6643935441970825
1980-05-07,-0.6486514806747437
1980-05-08,-0.6623679399490356
1980-05-09,-0.6483437418937683
1980-05-10,-0.6260952353477478
1980-05-11,-0.6345580816268921
1980-05-12,-0.5886306762695312
1980-05-13,-0.5626121163368225
1980-05-14,-0.5778157114982605
1980-05-15,-0.5552259683609009
1980-05-16,-0.5430790185928345
1980-05-17,-0.5893692970275879
1980-05-18,-0.6001591682434082
1980-05-19,-0.5867859721183777
1980-05-21,-0.6223174929618835
1980-05-22,-0.6218108534812927
1980-05-23,-0.6163780093193054
1980-05-24,-0.6034932136535645
1980-05-25,-0.6129404306411743
1980-05-26,-0.6552207469940186
1980-05-27,-0.6784281134605408
1980-05-29,-0.6913808584213257
1980-05-30,-0.6957300305366516
1980-05-31,-0.7125181555747986
1980-06-01,-0.6938325762748718
1980-06-02,-0.677818775177002
1980-06-03,-0.5922144651412964
1980-06-04,-0.6016407608985901
1980-06-05,-0.6227188110351562
1980-06-06,-0.6732956171035767
1980-06-07,-0.6974083781242371
1980-06-08,-0.6853659749031067
1980-06-09,-0.6944664120674133
1980-06-10,-0.6843557357788086
1980-06-11,-0.6864165663719177
1980-06-12,-0.696535050868988
1980-06-13,-0.6820916533470154
1980-06-14,-0.6523290872573853
1980-06-15,-0.6602663397789001
1980-06-16,-0.641756534576416
1980-06-17,-0.6519163846969604
1980-06-18,-0.6455342769622803
1980-06-19,-0.6331657767295837
1980-06-20,-0.6019169092178345
1980-06-21,-0.5858791470527649
1980-06-22,-0.588148295879364
1980-06-23,-0.563390851020813
1980-06-24,-0.5739575624465942
1980-06-25,-0.5614164471626282
1980-06-26,-0.5595664381980896
1980-06-27,-0.5508349537849426
1980-06-28,-0.5309961438179016
1980-06-29,-0.5260235667228699
1980-06-30,-0.496454119682312
1980-07-01,-0.5084748864173889
1980-07-02,-0.5185641646385193
1980-07-03,-0.5192221999168396
1980-07-04,-0.5315765142440796
1980-07-05,-0.47942787408828735
1980-07-06,-0.4592844247817993
1980-07-07,-0.3924921452999115
1980-07-08,-0.38260987401008606
1980-07-09,-0.39233818650245667
1980-07-10,-0.3860240578651428
1980-07-11,-0.39079734683036804
1980-07-12,-0.38752034306526184
1980-07-13,-0.37167131900787354
1980-07-14,-0.33217814564704895
1980-07-15,-0.36696499586105347
1980-07-16,-0.3791968822479248
1980-07-17,-0.41974005103111267
1980-07-18,-0.4172351062297821
1980-07-19,-0.4635346829891205
1980-07-20,-0.45293039083480835
1980-07-21,-0.40783119201660156
1980-07-22,-0.3933291435241699
1980-07-23,-0.3876122534275055
1980-07-24,-0.39039090275764465
1980-07-25,-0.3849978744983673
1980-07-26,-0.39162471890449524
1980-07-27,-0.3946724832057953
1980-07-28,-0.3709743916988373
1980-07-29,-0.37656205892562866
1980-07-30,-0.3594089448451996
1980-07-31,-0.3534151315689087
1980-08-01,-0.3417755961418152
1980-08-02,-0.3427780866622925
1980-08-03,-0.34588319063186646
1980-08-04,-0.32506924867630005
1980-08-05,-0.3031384348869324
1980-08-06,-0.2861137092113495
1980-08-07,-0.28873884677886963
1980-08-08,-0.2976227104663849
1980-08-09,-0.28785625100135803
1980-08-10,-0.28761088848114014
1980-08-11,-0.2712915241718292
1980-08-12,-0.26115086674690247
1980-08-13,-0.2802029252052307
1980-08-14,-0.29506877064704895
1980-08-15,-0.2996308505535126
1980-08-16,-0.28525179624557495
1980-08-17,-0.2742452621459961
1980-08-18,-0.27919867634773254
1980-08-19,-0.287552148103714
1980-08-20,-0.2769513428211212
1980-08-21,-0.2950289249420166
1980-08-22,-0.31452473998069763
1980-08-23,-0.2874125838279724
1980-08-24,-0.2748053967952728
1980-08-25,-0.2717071771621704
1980-08-26,-0.24998405575752258
1980-08-27,-0.24978546798229218
1980-08-28,-0.2478502243757248
1980-08-29,-0.21505089104175568
1980-08-30,-0.19180546700954437
1980-08-31,-0.22844891250133514
1980-09-02,-0.21029935777187347
1980-09-03,-0.2458541840314865
1980-09-04,-0.23343652486801147
1980-09-05,-0.17110499739646912
1980-09-06,-0.14533869922161102
1980-09-07,-0.13339336216449738
1980-09-08,-0.09632910788059235
1980-09-09,-0.14570222795009613
1980-09-10,-0.13270121812820435
1980-09-11,-0.1483403593301773
1980-09-12,-0.13428278267383575
1980-09-13,-0.15875233709812164
1980-09-14,-0.16285143792629242
1980-09-15,-0.10543007403612137
1980-09-16,-0.08545492589473724
1980-09-17,-0.08899367600679398
1980-09-18,-0.10435760766267776
1980-09-19,-0.08981925249099731
1980-09-20,-0.08703356236219406
1980-09-21,-0.12826122343540192
1980-09-22,-0.12658032774925232
1980-09-23,-0.15013352036476135
1980-09-24,-0.20217639207839966
1980-09-25,-0.1966349333524704
1980-09-26,-0.19602863490581512
1980-09-27,-0.1916414499282837
1980-09-28,-0.20567862689495087
1980-09-29,-0.1628047078847885
1980-09-30,-0.14406950771808624
1980-10-01,-0.12839701771736145
1980-10-02,-0.11331398040056229
1980-10-03,-0.12500204145908356
1980-10-04,-0.13749311864376068
1980-10-05,-0.14272382855415344
1980-10-06,-0.09785377979278564
1980-10-07,-0.12403762340545654
1980-10-08,-0.12451861053705215
1980-10-09,-0.14899325370788574
1980-10-10,-0.18756918609142303
1980-10-11,-0.15132559835910797
1980-10-12,-0.1572742760181427
1980-10-13,-0.10210311412811279
1980-10-14,-0.07435230910778046
1980-10-15,-0.08078987151384354
1980-10-16,-0.11356981098651886
1980-10-17,-0.10140921920537949
1980-10-18,-0.10884866118431091
1980-10-19,-0.07039324194192886
1980-10-20,-0.0023629735223948956
1980-10-22,-0.01869961805641651
1980-10-23,-0.03407490998506546
1980-10-24,-0.054238252341747284
1980-10-25,-0.04589652642607689
1980-10-26,-0.044188424944877625
1980-10-27,-0.10778585076332092
1980-10-28,-0.08713731914758682
1980-10-29,-0.08218629658222198
1980-10-30,-0.03921178728342056
1980-10-31,-0.05986014008522034
1980-11-01,-0.014969474636018276
1980-11-02,0.0011924789287149906
1980-11-03,0.005734700243920088
1980-11-04,-0.07290079444646835
1980-11-05,-0.12053767591714859
1980-11-06,-0.07683616876602173
1980-11-07,-0.04011303558945656
1980-11-08,-0.05706087499856949
1980-11-09,-0.04563681781291962
1980-11-10,-0.06139805167913437
1980-11-11,-0.06021226942539215
1980-11-12,-0.06396984308958054
1980-11-13,-0.07408273965120316
1980-11-14,-0.08335969597101212
1980-11-15,-0.09011390060186386
1980-11-16,-0.12170743197202682
1980-11-17,-0.12454091757535934
1980-11-18,-0.10364367812871933
1980-11-19,-0.10006770491600037
1980-11-20,-0.12021973729133606
1980-11-21,-0.1488926112651825
1980-11-22,-0.12972785532474518
1980-11-23,-0.14291559159755707
1980-11-24,-0.13198401033878326
1980-11-25,-0.12159879505634308
1980-11-26,-0.10258257389068604
1980-11-27,-0.0824102833867073
1980-11-28,-0.018726233392953873
1980-11-29,-0.023820022121071815
1980-11-30,-0.040112752467393875
1980-12-01,-0.019755031913518906
1980-12-02,-0.0278558861464262
1980-12-03,-0.046324774622917175
1980-12-04,-0.06043554097414017
1980-12-05,-0.08274003863334656
1980-12-06,-0.12196217477321625
1980-12-08,-0.06987585127353668
1980-12-09,-0.141778826713562
1980-12-10,-0.13560613989830017
1980-12-11,-0.12413698434829712
1980-12-12,-0.12157896906137466
1980-12-13,-0.12698909640312195
1980-12-14,-0.13804398477077484
1980-12-15,-0.12080409377813339
1980-12-16,-0.14411155879497528
1980-12-17,-0.13647504150867462
1980-12-18,-0.12377161532640457
1980-12-19,-0.113475501537323
1980-12-20,-0.11872256547212601
1980-12-21,-0.10277584195137024
1980-12-22,-0.0862218514084816
1980-12-23,-0.06459598988294601
1980-12-24,-0.03802216798067093
1980-12-25,-0.0044649322517216206
1980-12-26,0.01861974224448204
1980-12-27,0.04253425449132919
1980-12-28,-0.0043501784093678
1980-12-29,-0.006914129946380854
1980-12-30,-0.040001045912504196
1980-12-31,-0.04427545890212059
1981-01-01,0.0001984616683330387
1981-01-02,-0.0044966707937419415
1981-01-03,-0.009965742938220501
1981-01-04,-0.02864866517484188
1981-01-05,-0.04729868099093437
1981-01-06,-0.03157244995236397
1981-01-07,-0.03624109551310539
1981-01-08,-0.019519619643688202
1981-01-09,-0.021018562838435173
1981-01-10,-0.03765105828642845
1981-01-11,-0.04048161581158638
1981-01-12,-0.0045788586139678955
1981-01-13,-0.003746241331100464
1981-01-14,-0.029946569353342056
1981-01-15,-0.02536105364561081
1981-01-16,-0.021279513835906982
1981-01-17,-0.0032703212928026915
1981-01-18,0.0037671641912311316
1981-01-19,-0.02241678163409233
1981-01-20,-0.020298706367611885
1981-01-21,-0.002129241358488798
1981-01-22,0.035458751022815704
1981-01-23,0.029791798442602158
1981-01-24,0.04767296463251114
1981-01-25,0.03611559048295021
1981-01-26,0.037859465926885605
1981-01-27,0.0505165159702301
1981-01-28,0.03634636849164963
1981-01-29,0.028626443818211555
1981-01-30,0.022016167640686035
1981-01-31,0.014147869311273098
1981-02-01,0.016414755955338478
1981-02-02,0.027504151687026024
1981-02-03,0.05976950004696846
1981-02-04,0.0809980183839798
1981-02-05,0.08080687373876572
1981-02-06,0.08729598671197891
1981-02-07,0.07388489693403244
1981-02-08,0.07586102187633514
1981-02-09,0.07323990762233734
1981-02-10,0.04958057403564453
1981-02-11,0.07459677010774612
1981-02-12,0.04417283833026886
1981-02-13,0.04040607064962387
1981-02-14,0.044585421681404114
1981-02-15,0.029914120212197304
1981-02-16,0.015214080922305584
1981-02-17,0.019333314150571823
1981-02-18,0.001307957456447184
1981-02-19,0.01562208216637373
1981-02-20,0.03135392814874649
1981-02-21,0.01469449233263731
1981-02-22,0.018653210252523422
1981-02-23,0.0004903873195871711
1981-02-24,-0.009990442544221878
1981-02-25,-0.017570268362760544
1981-02-26,-0.016781561076641083
1981-02-27,-0.019215768203139305
1981-02-28,-0.017657378688454628
1981-03-01,-0.02655082382261753
1981-03-02,-0.020944541320204735
1981-03-03,-0.025878408923745155
1981-03-04,-0.004973150324076414
1981-03-05,0.000685711856931448
1981-03-06,-0.023738404735922813
1981-03-07,-0.04519432783126831
1981-03-08,-0.049246758222579956
1981-03-09,-0.04493219032883644
1981-03-10,-0.05224305018782616
1981-03-11,-0.05679718777537346
1981-03-12,-0.07001834362745285
1981-03-13,-0.06658478826284409
1981-03-14,-0.07883749157190323
1981-03-15,-0.07688457518815994
1981-03-16,-0.07801833748817444
1981-03-17,-0.08304008096456528
1981-03-18,-0.08517975360155106
1981-03-19,-0.09107595682144165
1981-03-20,-0.07906681299209595
1981-03-21,-0.06512626260519028
1981-03-22,-0.056394726037979126
1981-03-23,-0.03675996512174606
1981-03-24,-0.028486447408795357
1981-03-25,-0.034731850028038025
1981-03-26,-0.03381353244185448
1981-03-27,-0.03950315713882446
1981-03-28,-0.04365633800625801
1981-03-29,-0.03503219038248062
1981-03-30,-0.04552159830927849
1981-03-31,-0.02976534329354763
1981-04-01,-0.04148317128419876
1981-04-02,-0.052804116159677505
1981-04-03,-0.07645521312952042
1981-04-04,-0.09217896312475204
1981-04-05,-0.09369894117116928
1981-04-06,-0.09733475744724274
1981-04-07,-0.08118462562561035
1981-04-08,-0.09993576258420944
1981-04-09,-0.09451062232255936
1981-04-10,-0.0842447280883789
1981-04-11,-0.07795488089323044
1981-04-12,-0.07702026516199112
1981-04-13,-0.07221698015928268
1981-04-14,-0.056968558579683304
1981-04-15,-0.09112020581960678
1981-04-16,-0.0725129246711731
1981-04-17,-0.06286858767271042
1981-04-18,-0.05847205966711044
1981-04-19,-0.06320657581090927
1981-04-20,-0.04881924390792847
1981-04-21,-0.06272976845502853
1981-04-22,-0.059088777750730515
1981-04-23,-0.0504196435213089
1981-04-24,-0.033019158989191055
1981-04-25,-0.011814041994512081
1981-04-26,-0.041628044098615646
1981-04-27,-0.028991496190428734
1981-04-28,-0.03482576459646225
1981-04-29,-0.01622500829398632
1981-04-30,-0.011380549520254135
1981-05-01,0.0003402424918022007
1981-05-02,0.012135856784880161
1981-05-03,0.014812163077294827
1981-05-04,-0.000992652028799057
1981-05-05,0.015436527319252491
1981-05-06,0.037518326193094254
1981-05-07,0.01857062801718712
1981-05-08,0.03628038987517357
1981-05-09,0.03484499454498291
1981-05-10,0.030899832025170326
1981-05-11,0.042230915278196335
1981-05-12,0.049461767077445984
1981-05-13,0.04524911940097809
1981-05-14,0.037021588534116745
1981-05-15,0.03588637337088585
1981-05-16,0.036609843373298645
1981-05-17,0.038813743740320206
1981-05-18,0.03768213838338852
1981-05-19,0.04091254249215126
1981-05-20,0.05611373111605644
1981-05-21,0.0688093826174736
1981-05-22,0.07807871699333191
1981-05-23,0.0756949782371521
1981-05-24,0.08268066495656967
1981-05-25,0.10074173659086227
1981-05-26,0.1266474723815918
1981-05-27,0.09203150868415833
1981-05-28,0.10273537039756775
1981-05-29,0.10487782210111618
1981-05-30,0.09761343896389008
1981-05-31,0.10596861690282822
1981-06-01,0.12582483887672424
1981-06-02,0.12013222277164459
1981-06-03,0.10797359049320221
1981-06-04,0.11871291697025299
1981-06-05,0.13582982122898102
1981-06-06,0.13732732832431793
1981-06-07,0.1435713917016983
1981-06-08,0.1757904440164566
1981-06-09,0.16262508928775787
1981-06-10,0.15644052624702454
1981-06-11,0.15685522556304932
1981-06-12,0.15513044595718384
1981-06-13,0.1355617344379425
1981-06-14,0.130173921585083
1981-06-15,0.1016182079911232
1981-06-16,0.07421556115150452
1981-06-17,0.08547484129667282
1981-06-18,0.08711562305688858
1981-06-19,0.0864727795124054
1981-06-20,0.10311922430992126
1981-06-21,0.0849306732416153
1981-06-22,0.07429064810276031
1981-06-23,0.07400167733430862
1981-06-24,0.059995099902153015
1981-06-25,0.0723014548420906
1981-06-26,0.08343584090471268
1981-06-27,0.08816763013601303
1981-06-28,0.095108263194561
1981-06-29,0.11880181729793549
1981-06-30,0.11979375779628754
1981-07-01,0.12113538384437561
1981-07-02,0.12002754211425781
1981-07-03,0.09888193011283875
1981-07-04,0.06701607257127762
1981-07-05,0.06208571419119835
1981-07-06,0.04702044278383255
1981-07-07,0.042624618858098984
1981-07-08,0.04707774519920349
1981-07-09,0.02511320449411869
1981-07-10,0.02479545958340168
1981-07-11,0.01975187472999096
1981-07-12,0.00896567665040493
1981-07-13,-0.005013816989958286
1981-07-14,0.0048456210643053055
1981-07-15,0.0022147970739752054
1981-07-16,-0.006255274638533592
1981-07-17,0.0004448620602488518
1981-07-18,0.0006822709110565484
1981-07-19,-0.02696862444281578
1981-07-20,-0.01964521035552025
1981-07-21,-0.02578073740005493
1981-07-22,-0.011983182281255722
1981-07-23,-0.02027386613190174
1981-07-24,-0.012290545739233494
1981-07-25,0.024669772014021873
1981-07-26,0.030102718621492386
1981-07-27,0.054555874317884445
1981-07-28,0.07501768320798874
1981-07-29,0.0869135707616806
1981-07-30,0.10592284798622131
1981-07-31,0.1259375661611557
1981-08-01,0.141886368393898
1981-08-02,0.14163583517074585
1981-08-03,0.13861538469791412
1981-08-04,0.1331789791584015
1981-08-05,0.1300431340932846
1981-08-06,0.1113780066370964
1981-08-07,0.10935475677251816
1981-08-08,0.09056992083787918
1981-08-09,0.073227658867836
1981-08-10,0.10493122041225433
1981-08-11,0.07957668602466583
1981-08-12,0.08575695753097534
1981-08-13,0.07252739369869232
1981-08-14,0.0725657120347023
1981-08-15,0.08473830670118332
1981-08-16,0.08983266353607178
1981-08-17,0.10493965446949005
1981-08-18,0.007817401550710201
1981-08-19,0.008616234175860882
1981-08-20,0.0022431383840739727
1981-08-21,-0.003262877929955721
1981-08-22,-0.0023179026320576668
1981-08-23,0.013905782252550125
1981-08-24,0.02265545353293419
1981-08-25,-0.023440154269337654
1981-08-26,-0.013826089911162853
1981-08-27,0.0037648952566087246
1981-08-28,0.005077030509710312
1981-08-29,0.008214494213461876
1981-08-30,0.01893278770148754
1981-08-31,0.010349948890507221
1981-09-01,-0.010038191452622414
1981-09-02,-0.011782897636294365
1981-09-03,-0.011289646849036217
1981-09-04,0.019272562116384506
1981-09-05,-0.006412120535969734
1981-09-06,-0.0037951001431792974
1981-09-07,-0.013972651213407516
1981-09-08,0.007555103860795498
1981-09-09,0.00806703232228756
1981-09-10,0.008085225708782673
1981-09-11,-0.008215739391744137
1981-09-12,-0.027353793382644653
1981-09-13,-0.04577549919486046
1981-09-14,-0.06858289986848831
1981-09-15,-0.0677398070693016
1981-09-16,-0.06872774660587311
1981-09-17,-0.07121144980192184
1981-09-18,-0.05382436141371727
1981-09-19,-0.06780107319355011
1981-09-20,-0.07449226826429367
1981-09-21,-0.08363833278417587
1981-09-22,-0.07846365123987198
1981-09-23,-0.08736737817525864
1981-09-24,-0.08440789580345154
1981-09-25,-0.08825283497571945
1981-09-26,-0.08111438155174255
1981-09-27,-0.08189384639263153
1981-09-28,-0.09884031116962433
1981-09-29,-0.1169760525226593
1981-09-30,-0.11579103022813797
1981-10-01,-0.11709917336702347
1981-10-02,-0.12434076517820358
1981-10-03,-0.13176211714744568
1981-10-04,-0.1474732756614685
1981-10-05,-0.11203787475824356
1981-10-06,-0.13188815116882324
1981-10-07,-0.1473352611064911
1981-10-08,-0.1355760395526886
1981-10-09,-0.17704012989997864
1981-10-10,-0.1585092842578888
1981-10-11,-0.1628192514181137
1981-10-12,-0.15345770120620728
1981-10-13,-0.17963798344135284
1981-10-14,-0.17250384390354156
1981-10-15,-0.17456980049610138
1981-10-16,-0.1801932454109192
1981-10-17,-0.18537090718746185
1981-10-18,-0.17301081120967865
1981-10-19,-0.16806727647781372
1981-10-20,-0.18244801461696625
1981-10-21,-0.17808017134666443
1981-10-22,-0.19296592473983765
1981-10-23,-0.19354575872421265
1981-10-24,-0.17089450359344482
1981-10-25,-0.16654427349567413
1981-10-26,-0.15555168688297272
1981-10-27,-0.1320221722126007
1981-10-28,-0.1328524947166443
1981-10-29,-0.1380041539669037
1981-10-30,-0.13033699989318848
1981-10-31,-0.12363535910844803
1981-11-01,-0.09073933959007263
1981-11-02,-0.0568753182888031
1981-11-03,-0.07146021723747253
1981-11-04,-0.0822201669216156
1981-11-05,-0.096225306391716
1981-11-06,-0.10777287930250168
1981-11-07,-0.12424179911613464
1981-11-08,-0.13169138133525848
1981-11-09,-0.14135143160820007
1981-11-10,-0.15099120140075684
1981-11-11,-0.16946040093898773
1981-11-12,-0.19206221401691437
1981-11-13,-0.17394578456878662
1981-11-14,-0.17497104406356812
1981-11-15,-0.19695737957954407
1981-11-16,-0.21341560781002045
1981-11-17,-0.20963133871555328
1981-11-18,-0.21398034691810608
1981-11-19,-0.2086593508720398
1981-11-20,-0.19751928746700287
1981-11-21,-0.1579785943031311
1981-11-22,-0.16566678881645203
1981-11-23,-0.16519257426261902
1981-11-24,-0.18946576118469238
1981-11-25,-0.17903226613998413
1981-11-26,-0.1796499639749527
1981-11-27,-0.15965305268764496
1981-11-28,-0.14765186607837677
1981-11-29,-0.10987180471420288
1981-11-30,-0.10014675557613373
1981-12-01,-0.10760536044836044
1981-12-02,-0.11444875597953796
1981-12-03,-0.11631631851196289
1981-12-04,-0.13277873396873474
1981-12-05,-0.1445324867963791
1981-12-06,-0.1601770669221878
1981-12-07,-0.16973157227039337
1981-12-08,-0.17118650674819946
1981-12-09,-0.17871037125587463
1981-12-10,-0.18299600481987
1981-12-11,-0.18796391785144806
1981-12-12,-0.194004625082016
1981-12-13,-0.19331297278404236
1981-12-14,-0.17896634340286255
1981-12-15,-0.1718619167804718
1981-12-16,-0.14796903729438782
1981-12-17,-0.18312056362628937
1981-12-18,-0.174041286110878
1981-12-19,-0.18414555490016937
1981-12-20,-0.19187939167022705
1981-12-21,-0.1796797513961792
1981-12-22,-0.14435185492038727
1981-12-23,-0.11368780583143234
1981-12-24,-0.12566901743412018
1981-12-25,-0.09021688252687454
1981-12-26,-0.10532352328300476
1981-12-27,-0.1032470092177391
1981-12-28,-0.09576212614774704
1981-12-29,-0.09260499477386475
1981-12-30,-0.1031559556722641
1981-12-31,-0.11551998555660248
1982-01-01,-0.12274341285228729
1982-01-02,-0.09996125102043152
1982-01-03,-0.07459130883216858
1982-01-04,-0.06583248823881149
1982-01-05,-0.07201847434043884
1982-01-06,-0.09528972953557968
1982-01-07,-0.08507230132818222
1982-01-08,-0.09887013584375381
1982-01-09,-0.1340160369873047
1982-01-10,-0.1250159740447998
1982-01-11,-0.12161602079868317
1982-01-12,-0.1392521858215332
1982-01-13,-0.1651545912027359
1982-01-14,-0.17376552522182465
1982-01-15,-0.17545971274375916
1982-01-16,-0.17345140874385834
1982-01-17,-0.18125389516353607
1982-01-18,-0.18639738857746124
1982-01-19,-0.1727321296930313
1982-01-20,-0.17309759557247162
1982-01-21,-0.1905871480703354
1982-01-22,-0.183116614818573
1982-01-23,-0.1705688089132309
1982-01-24,-0.16590772569179535
1982-01-25,-0.17368240654468536
1982-01-26,-0.14996694028377533
1982-01-27,-0.15359723567962646
1982-01-28,-0.14947733283042908
1982-01-29,-0.14684724807739258
1982-01-30,-0.1323680728673935
1982-01-31,-0.12053131312131882
1982-02-01,-0.12818266451358795
1982-02-02,-0.12146678566932678
1982-02-03,-0.1027195006608963
1982-02-04,-0.11194677650928497
1982-02-05,-0.1415371596813202
1982-02-06,-0.1727433055639267
1982-02-07,-0.19226761162281036
1982-02-08,-0.18921564519405365
1982-02-09,-0.2127397060394287
1982-02-10,-0.22962939739227295
1982-02-11,-0.22252961993217468
1982-02-12,-0.24245217442512512
1982-02-13,-0.22834870219230652
1982-02-14,-0.22233840823173523
1982-02-15,-0.23673175275325775
1982-02-16,-0.25256994366645813
1982-02-17,-0.2614854574203491
1982-02-18,-0.27781495451927185
1982-02-19,-0.2504763901233673
1982-02-20,-0.25570037961006165
1982-02-21,-0.25592759251594543
1982-02-22,-0.25447291135787964
1982-02-23,-0.21399542689323425
1982-02-24,-0.24095726013183594
1982-02-25,-0.23901477456092834
1982-02-26,-0.24486494064331055
1982-02-27,-0.24882297217845917
1982-02-28,-0.25203534960746765
1982-03-01,-0.23186087608337402
1982-03-02,-0.23268979787826538
1982-03-03,-0.24060113728046417
1982-03-04,-0.2449979931116104
1982-03-05,-0.21668469905853271
1982-03-06,-0.22148223221302032
1982-03-07,-0.2229185551404953
1982-03-08,-0.22284162044525146
1982-03-09,-0.20500445365905762
1982-03-10,-0.22136104106903076
1982-03-11,-0.22287051379680634
1982-03-12,-0.21282440423965454
1982-03-13,-0.21308907866477966
1982-03-14,-0.2146649956703186
1982-03-15,-0.19907890260219574
1982-03-16,-0.19503141939640045
1982-03-17,-0.2220170646905899
1982-03-18,-0.23443827033042908
1982-03-19,-0.2222762256860733
1982-03-20,-0.20781363546848297
1982-03-21,-0.21037855744361877
1982-03-22,-0.1841983199119568
1982-03-23,-0.1824163943529129
1982-03-24,-0.1683487594127655
1982-03-25,-0.16554242372512817
1982-03-26,-0.16850727796554565
1982-03-27,-0.16257019340991974
1982-03-28,-0.1631457656621933
1982-03-29,-0.15029767155647278
1982-03-30,-0.15453074872493744
1982-03-31,-0.16800756752490997
1982-04-01,-0.1714930683374405
1982-04-02,-0.1857355386018753
1982-04-03,-0.20835165679454803
1982-04-04,-0.21801979839801788
1982-04-05,-0.21583831310272217
1982-04-06,-0.20540794730186462
1982-04-07,-0.2288278043270111
1982-04-08,-0.25073444843292236
1982-04-09,-0.24829420447349548
1982-04-10,-0.23842298984527588
1982-04-11,-0.24074095487594604
1982-04-12,-0.2565586566925049
1982-04-13,-0.2468528002500534
1982-04-14,-0.21250031888484955
1982-04-15,-0.21204426884651184
1982-04-16,-0.23046913743019104
1982-04-17,-0.21582920849323273
1982-04-18,-0.21956883370876312
1982-04-19,-0.197129026055336
1982-04-20,-0.1947726458311081
1982-04-21,-0.20365233719348907
1982-04-22,-0.22569647431373596
1982-04-23,-0.1965463012456894
1982-04-24,-0.19000425934791565
1982-04-25,-0.19055864214897156
1982-04-26,-0.22289632260799408
1982-04-27,-0.20819401741027832
1982-04-28,-0.2129850536584854
1982-04-29,-0.2222459614276886
1982-04-30,-0.23787905275821686
1982-05-01,-0.24605095386505127
1982-05-02,-0.24604034423828125
1982-05-03,-0.2614676058292389
1982-05-04,-0.2619645595550537
1982-05-05,-0.2695889472961426
1982-05-06,-0.2596758306026459
1982-05-07,-0.2559301257133484
1982-05-08,-0.26030561327934265
1982-05-09,-0.26260069012641907
1982-05-10,-0.23735249042510986
1982-05-11,-0.23018765449523926
1982-05-12,-0.21988210082054138
1982-05-13,-0.2179241180419922
1982-05-14,-0.22383004426956177
1982-05-15,-0.21708843111991882
1982-05-16,-0.24702931940555573
1982-05-17,-0.23393817245960236
1982-05-18,-0.21632170677185059
1982-05-19,-0.20060186088085175
1982-05-20,-0.21604952216148376
1982-05-21,-0.19559790194034576
1982-05-22,-0.192509263753891
1982-05-23,-0.19164621829986572
1982-05-24,-0.2027294784784317
1982-05-25,-0.22060413658618927
1982-05-26,-0.22233770787715912
1982-05-27,-0.2195824384689331
1982-05-28,-0.2355407476425171
1982-05-29,-0.22915278375148773
1982-05-30,-0.22047987580299377
1982-05-31,-0.21449577808380127
1982-06-01,-0.22066393494606018
1982-06-02,-0.23046056926250458
1982-06-03,-0.2433776557445526
1982-06-04,-0.25815099477767944
1982-06-05,-0.23650214076042175
1982-06-06,-0.23833221197128296
1982-06-07,-0.22001096606254578
1982-06-08,-0.20765408873558044
1982-06-09,-0.20768554508686066
1982-06-10,-0.22316694259643555
1982-06-11,-0.20451019704341888
1982-06-12,-0.23232704401016235
1982-06-13,-0.22912830114364624
1982-06-14,-0.21577084064483643
1982-06-15,-0.20226629078388214
1982-06-16,-0.20261332392692566
1982-06-17,-0.2228226512670517
1982-06-18,-0.23286165297031403
1982-06-19,-0.22950029373168945
1982-06-20,-0.2246771901845932
1982-06-21,-0.24229347705841064
1982-06-22,-0.23823395371437073
1982-06-23,-0.2466464787721634
1982-06-24,-0.27969488501548767
1982-06-25,-0.300973117351532
1982-06-26,-0.27948546409606934
1982-06-27,-0.267164409160614
1982-06-28,-0.2685813307762146
1982-06-29,-0.28778839111328125
1982-06-30,-0.2835289239883423
1982-07-01,-0.2761232256889343
1982-07-02,-0.2775894105434418
1982-07-03,-0.28829559683799744
1982-07-04,-0.2870749235153198
1982-07-05,-0.2645742893218994
1982-07-06,-0.2651215195655823
1982-07-07,-0.25956910848617554
1982-07-08,-0.2744816541671753
1982-07-09,-0.24576914310455322
1982-07-10,-0.22013947367668152
1982-07-11,-0.23934456706047058
1982-07-12,-0.23709137737751007
1982-07-13,-0.24608664214611053
1982-07-14,-0.25967979431152344
1982-07-15,-0.2573867738246918
1982-07-16,-0.24931786954402924
1982-07-17,-0.27160707116127014
1982-07-18,-0.2698410749435425
1982-07-19,-0.27463194727897644
1982-07-20,-0.26057490706443787
1982-07-21,-0.25626420974731445
1982-07-22,-0.2494307905435562
1982-07-23,-0.2510540187358856
1982-07-24,-0.2629578709602356
1982-07-25,-0.2570108473300934
1982-07-26,-0.2501218914985657
1982-07-27,-0.25741997361183167
1982-07-28,-0.24271884560585022
1982-07-29,-0.24618741869926453
1982-07-30,-0.2536138594150543
1982-07-31,-0.25564348697662354
1982-08-01,-0.27625808119773865
1982-08-02,-0.2550520896911621
1982-08-03,-0.24448025226593018
1982-08-04,-0.25749194622039795
1982-08-05,-0.2656518220901489
1982-08-06,-0.2512301206588745
1982-08-07,-0.2880939245223999
1982-08-08,-0.2822030186653137
1982-08-09,-0.2750428020954132
1982-08-10,-0.2970675826072693
1982-08-11,-0.30324801802635193
1982-08-12,-0.28605490922927856
1982-08-13,-0.2939552962779999
1982-08-14,-0.2798996567726135
1982-08-15,-0.26965728402137756
1982-08-16,-0.26892462372779846
1982-08-17,-0.2345666140317917
1982-08-18,-0.2074805051088333
1982-08-19,-0.15847282111644745
1982-08-20,-0.15314112603664398
1982-08-21,-0.13203127682209015
1982-08-22,-0.14163421094417572
1982-08-23,-0.1303461641073227
1982-08-24,-0.11541097611188889
1982-08-25,-0.10390477627515793
1982-08-26,-0.1292489469051361
1982-08-27,-0.12759052217006683
1982-08-28,-0.12945272028446198
1982-08-29,-0.1498260498046875
1982-08-30,-0.13920322060585022
1982-08-31,-0.15620464086532593
1982-09-01,-0.148087278008461
1982-09-02,-0.15856747329235077
1982-09-03,-0.1843903660774231
1982-09-04,-0.21678373217582703
1982-09-05,-0.22221739590168
1982-09-06,-0.19427390396595
1982-09-07,-0.19781221449375153
1982-09-08,-0.19343413412570953
1982-09-09,-0.20441380143165588
1982-09-10,-0.22427484393119812
1982-09-11,-0.21043293178081512
1982-09-12,-0.20919393002986908
1982-09-13,-0.20403604209423065
1982-09-14,-0.20813623070716858
1982-09-15,-0.21171101927757263
1982-09-16,-0.20351971685886383
1982-09-17,-0.21800516545772552
1982-09-18,-0.19017717242240906
1982-09-19,-0.17972534894943237
1982-09-20,-0.16917692124843597
1982-09-21,-0.15152108669281006
1982-09-22,-0.12930384278297424
1982-09-23,-0.1544128805398941
1982-09-24,-0.12583066523075104
1982-09-25,-0.11733424663543701
1982-09-26,-0.12039322406053543
1982-09-27,-0.1360926628112793
1982-09-28,-0.1468106359243393
1982-09-29,-0.14149263501167297
1982-09-30,-0.16348758339881897
1982-10-01,-0.17465506494045258
1982-10-02,-0.19229856133460999
1982-10-03,-0.18023934960365295
1982-10-04,-0.2006109207868576
1982-10-05,-0.2021508812904358
1982-10-06,-0.1894114911556244
1982-10-07,-0.1723179668188095
1982-10-08,-0.16252946853637695
1982-10-09,-0.18163666129112244
1982-10-10,-0.18328875303268433
1982-10-11,-0.1604277789592743
1982-10-12,-0.15262557566165924
1982-10-13,-0.14213493466377258
1982-10-14,-0.15510794520378113
1982-10-15,-0.14735929667949677
1982-10-16,-0.1601906269788742
1982-10-17,-0.1461237668991089
1982-10-18,-0.14270643889904022
1982-10-19,-0.16818088293075562
1982-10-20,-0.17023327946662903
1982-10-21,-0.16376402974128723
1982-10-22,-0.1725960224866867
1982-10-23,-0.14273899793624878
1982-10-24,-0.13918490707874298
1982-10-25,-0.13157705962657928
1982-10-26,-0.15243001282215118
1982-10-27,-0.1432102769613266
1982-10-28,-0.14709685742855072
1982-10-29,-0.13907112181186676
1982-10-30,-0.14726784825325012
1982-10-31,-0.16607974469661713
1982-11-01,-0.17958617210388184
1982-11-02,-0.18450696766376495
1982-11-03,-0.1984081119298935
1982-11-04,-0.17316386103630066
1982-11-05,-0.1645205169916153
1982-11-06,-0.18018373847007751
1982-11-07,-0.1752091646194458
1982-11-08,-0.1529460847377777
1982-11-09,-0.15250082314014435
1982-11-10,-0.15706156194210052
1982-11-11,-0.1586800068616867
1982-11-12,-0.15913522243499756
1982-11-13,-0.15470200777053833
1982-11-14,-0.1410330981016159
1982-11-15,-0.12211427837610245
1982-11-16,-0.1319601684808731
1982-11-17,-0.15911810100078583
1982-11-18,-0.1707092821598053
1982-11-19,-0.1500827968120575
1982-11-20,-0.1353207379579544
1982-11-21,-0.1361328661441803
1982-11-22,-0.1421877145767212
1982-11-23,-0.1482461392879486
1982-11-24,-0.16698580980300903
1982-11-25,-0.19192613661289215
1982-11-26,-0.18040744960308075
1982-11-27,-0.17852267622947693
1982-11-28,-0.16105441749095917
1982-11-29,-0.15638117492198944
1982-11-30,-0.15897157788276672
1982-12-01,-0.18105562031269073
1982-12-02,-0.19634093344211578
1982-12-03,-0.18567587435245514
1982-12-04,-0.19207438826560974
1982-12-05,-0.1761452853679657
1982-12-06,-0.1580655574798584
1982-12-07,-0.14394217729568481
1982-12-08,-0.155324324965477
1982-12-09,-0.1602279394865036
1982-12-10,-0.14910989999771118
1982-12-11,-0.14877505600452423
1982-12-12,-0.1348283588886261
1982-12-13,-0.11563857644796371
1982-12-14,-0.13894197344779968
1982-12-15,-0.1378510445356369
1982-12-16,-0.1431882381439209
1982-12-17,-0.1548304557800293
1982-12-18,-0.17794913053512573
1982-12-19,-0.18654562532901764
1982-12-20,-0.1890019178390503
1982-12-21,-0.16449174284934998
1982-12-22,-0.16540080308914185
1982-12-23,-0.17819324135780334
1982-12-24,-0.20039846003055573
1982-12-25,-0.21814307570457458
1982-12-26,-0.19566284120082855
1982-12-27,-0.17917457222938538
1982-12-28,-0.15731389820575714
1982-12-29,-0.13061478734016418
1982-12-30,-0.1304410994052887
1982-12-31,-0.11687669157981873
1983-01-01,-0.09001341462135315
1983-01-02,-0.08394522964954376
1983-01-03,-0.0954940915107727
1983-01-04,-0.07533144950866699
1983-01-05,-0.04690909758210182
1983-01-06,-0.026499226689338684
1983-01-07,-0.01589740626513958
1983-01-08,-0.04558670520782471
1983-01-09,-0.0710403099656105
1983-01-10,-0.07271897047758102
1983-01-11,-0.08419208228588104
1983-01-12,-0.08563385158777237
1983-01-13,-0.08460114151239395
1983-01-14,-0.086738720536232
1983-01-15,-0.09120073169469833
1983-01-16,-0.08434977382421494
1983-01-17,-0.07405748218297958
1983-01-18,-0.07114948332309723
1983-01-19,-0.05665024369955063
1983-01-20,-0.06851799041032791
1983-01-21,-0.06782090663909912
1983-01-22,-0.0606163889169693
1983-01-23,-0.06705838441848755
1983-01-24,-0.07385308295488358
1983-01-25,-0.08228886872529984
1983-01-26,-0.09917275607585907
1983-01-27,-0.09390614181756973
1983-01-28,-0.10201571881771088
1983-01-29,-0.08976182341575623
1983-01-30,-0.08384548127651215
1983-01-31,-0.08814875036478043
1983-02-01,-0.07788758724927902
1983-02-02,-0.09322881698608398
1983-02-03,-0.10787880420684814
1983-02-04,-0.10029374808073044
1983-02-05,-0.11824782192707062
1983-02-06,-0.11137675493955612
1983-02-07,-0.0972781553864479
1983-02-08,-0.08439793437719345
1983-02-09,-0.062403421849012375
1983-02-10,-0.08132205158472061
1983-02-11,-0.0673295259475708
1983-02-12,-0.051159244030714035
1983-02-13,-0.048411812633275986
1983-02-14,-0.03233013674616814
1983-02-15,-0.04084333777427673
1983-02-16,-0.04480159282684326
1983-02-17,-0.058234721422195435
1983-02-18,-0.05268850922584534
1983-02-19,-0.0684065893292427
1983-02-20,-0.0498647466301918
1983-02-21,-0.06775806099176407
1983-02-22,-0.09046304225921631
1983-02-23,-0.08476094901561737
1983-02-24,-0.08962970227003098
1983-02-25,-0.0740726962685585
1983-02-26,-0.07964529097080231
1983-02-27,-0.07391209900379181
1983-02-28,-0.07718611508607864
1983-03-01,-0.11308328062295914
1983-03-02,-0.07955940812826157
1983-03-03,-0.07055854052305222
1983-03-04,-0.07382220029830933
1983-03-05,-0.07790247350931168
1983-03-06,-0.0684942901134491
1983-03-07,-0.07885614037513733
1983-03-08,-0.09099826961755753
1983-03-09,-0.08313807845115662
1983-03-10,-0.09130632877349854
1983-03-11,-0.0812811404466629
1983-03-12,-0.09279689192771912
1983-03-13,-0.10965392738580704
1983-03-14,-0.08792494237422943
1983-03-15,-0.07139717787504196
1983-03-16,-0.06907493621110916
1983-03-17,-0.06198538467288017
1983-03-18,-0.07072480767965317
1983-03-19,-0.07038042694330215
1983-03-20,-0.07999594509601593
1983-03-21,-0.0692860335111618
1983-03-22,-0.0831070989370346
1983-03-23,-0.09932468086481094
1983-03-24,-0.10289759188890457
1983-03-25,-0.11009718477725983
1983-03-26,-0.09682707488536835
1983-03-27,-0.08942518383264542
1983-03-28,-0.07895584404468536
1983-03-29,-0.04227710887789726
1983-03-30,-0.061353377997875214
1983-03-31,-0.027233771979808807
1983-04-01,-0.0508301816880703
1983-04-02,-0.06156883388757706
1983-04-03,-0.02196969836950302
1983-04-04,0.0069598061963915825
1983-04-05,0.005859267432242632
1983-04-06,0.007679625414311886
1983-04-07,-0.0001723498571664095
1983-04-08,-0.008744855411350727
1983-04-09,0.004573081620037556
1983-04-10,-0.027518970891833305
1983-04-11,-0.01362241804599762
1983-04-12,0.0001924550160765648
1983-04-13,-0.0004685176245402545
1983-04-14,0.0007299748249351978
1983-04-15,0.006170259788632393
1983-04-16,0.011775976046919823
1983-04-17,0.027402129024267197
1983-04-18,0.06908963620662689
1983-04-19,0.03385720029473305
1983-04-20,0.041121672838926315
1983-04-21,0.06539986282587051
1983-04-22,0.054398540407419205
1983-04-23,0.0615551583468914
1983-04-24,0.04394007846713066
1983-04-25,0.034657303243875504
1983-04-26,0.018024474382400513
1983-04-27,0.013570323586463928
1983-04-28,0.002251337980851531
1983-04-29,0.0029010637663304806
1983-04-30,0.002417214447632432
1983-05-01,0.014445767737925053
1983-05-02,0.03223405405879021
1983-05-03,0.007345940452069044
1983-05-04,0.024418599903583527
1983-05-05,0.031261954456567764
1983-05-06,0.0042343162931501865
1983-05-07,0.00691852904856205
1983-05-08,0.008522879332304
1983-05-09,0.008155444636940956
1983-05-10,-0.006159218959510326
1983-05-11,-0.02477821707725525
1983-05-12,-0.06114291027188301
1983-05-13,-0.10234779864549637
1983-05-14,-0.09702501446008682
1983-05-15,-0.08733050525188446
1983-05-16,-0.08966946601867676
1983-05-17,-0.11260603368282318
1983-05-18,-0.12456023693084717
1983-05-19,-0.1407482922077179
1983-05-20,-0.13237996399402618
1983-05-21,-0.12332969903945923
1983-05-22,-0.10412454605102539
1983-05-23,-0.0832396149635315
1983-05-24,-0.06958400458097458
1983-05-25,-0.07235788553953171
1983-05-26,-0.035178299993276596
1983-05-27,-0.026098959147930145
1983-05-28,-0.015051351860165596
1983-05-29,-0.02246810868382454
1983-05-30,-0.01777145080268383
1983-05-31,-0.006661000195890665
1983-06-01,-0.012890703976154327
1983-06-02,0.005810417700558901
1983-06-03,0.001150233787484467
1983-06-04,-0.018006380647420883
1983-06-05,-0.016858521848917007
1983-06-06,-0.007825073786079884
1983-06-07,-0.009523715823888779
1983-06-08,0.0006717710057273507
1983-06-09,-0.00612725131213665
1983-06-10,-0.006627073511481285
1983-06-11,-0.0027406797744333744
1983-06-12,-0.019922083243727684
1983-06-13,-0.01895914226770401
1983-06-14,-0.03432255983352661
1983-06-15,-0.0849977657198906
1983-06-16,-0.05787232890725136
1983-06-17,-0.05581532418727875
1983-06-18,-0.08280763030052185
1983-06-19,-0.05224895104765892
1983-06-20,-0.03128578141331673
1983-06-21,-0.026494955644011497
1983-06-22,-0.02300974354147911
1983-06-23,-0.011603561230003834
1983-06-24,-0.0198806282132864
1983-06-25,-0.05016213655471802
1983-06-26,-0.035583268851041794
1983-06-27,-0.016864299774169922
1983-06-28,-0.0219060517847538
1983-06-29,-0.025196479633450508
1983-06-30,-0.0123550770804286
1983-07-01,0.005708976648747921
1983-07-02,-0.00025129536516033113
1983-07-03,-0.02119005285203457
1983-07-04,-0.027669135481119156
1983-07-05,-0.0109230512753129
1983-07-06,0.003927723504602909
1983-07-07,0.0037025066558271646
1983-07-08,-0.025311170145869255
1983-07-09,-0.035699836909770966
1983-07-10,-0.049664635211229324
1983-07-11,-0.04592789709568024
1983-07-12,-0.01413056906312704
1983-07-13,-0.023935148492455482
1983-07-14,-0.02956766076385975
1983-07-15,-0.044622473418712616
1983-07-16,-0.019156550988554955
1983-07-17,-0.03052014485001564
1983-07-18,-0.020220575854182243
1983-07-19,-0.025582678616046906
1983-07-20,-0.021798504516482353
1983-07-21,0.005629605147987604
1983-07-22,-0.0035837641917169094
1983-07-23,0.007498401682823896
1983-07-24,-0.0022432012483477592
1983-07-25,0.0038176807574927807
1983-07-26,-0.01641639694571495
1983-07-27,-0.01810562051832676
1983-07-28,-0.00899930763989687
1983-07-29,-0.013443836942315102
1983-07-30,-0.017176128923892975
1983-07-31,-0.11188842356204987
1983-08-01,-0.15267568826675415
1983-08-02,-0.14021442830562592
1983-08-03,-0.15198425948619843
1983-08-04,-0.13605184853076935
1983-08-05,-0.10126212239265442
1983-08-06,-0.12906569242477417
1983-08-07,-0.11394759267568588
1983-08-08,-0.102604940533638
1983-08-09,-0.10947786271572113
1983-08-10,-0.0963270515203476
1983-08-11,-0.08861131221055984
1983-08-12,-0.05048147588968277
1983-08-13,-0.0644487515091896
1983-08-14,-0.07282126694917679
1983-08-15,-0.07624831050634384
1983-08-16,-0.07499571144580841
1983-08-17,-0.059978216886520386
1983-08-18,-0.015394281595945358
1983-08-19,0.012024138122797012
1983-08-20,0.013393613509833813
1983-08-21,0.027074690908193588
1983-08-23,0.0827726423740387
1983-08-24,0.07157246023416519
1983-08-25,0.09857190400362015
1983-08-26,0.09594158083200455
1983-08-27,0.06837160885334015
1983-08-28,0.08015530556440353
1983-08-29,0.07559549808502197
1983-08-30,0.04977185279130936
1983-08-31,0.012757303193211555
1983-09-01,0.05334395170211792
1983-09-02,0.03102944977581501
1983-09-03,0.0021496256813406944
1983-09-04,-0.008490131236612797
1983-09-05,0.02299339883029461
1983-09-06,0.013059352524578571
1983-09-07,-0.002358803292736411
1983-09-08,0.027194729074835777
1983-09-09,-0.0088723786175251
1983-09-10,0.00851915217936039
1983-09-11,-0.01810109242796898
1983-09-12,-0.04591744393110275
1983-09-13,-0.061244212090969086
1983-09-14,-0.08388364315032959
1983-09-15,-0.08613355457782745
1983-09-16,-0.05843440070748329
1983-09-17,-0.040758393704891205
1983-09-18,-0.036697134375572205
1983-09-19,-0.015196913853287697
1983-09-20,-0.04892246797680855
1983-09-21,-0.09409365057945251
1983-09-22,-0.05505242943763733
1983-09-23,-0.08902918547391891
1983-09-24,-0.0994698777794838
1983-09-25,-0.11822734028100967
1983-09-26,-0.11753902584314346
1983-09-27,-0.08821114897727966
1983-09-28,-0.08314049243927002
1983-09-29,-0.08026532083749771
1983-09-30,-0.07861827313899994
1983-10-01,-0.09277159720659256
1983-10-02,-0.09197375923395157
1983-10-03,-0.0747823640704155
1983-10-04,-0.08112800866365433
1983-10-05,-0.08262982219457626
1983-10-06,-0.07194387912750244
1983-10-07,-0.05631209909915924
1983-10-08,-0.045669201761484146
1983-10-09,-0.0762442946434021
1983-10-10,-0.0436556413769722
1983-10-11,-0.057144246995449066
1983-10-12,-0.03411709517240524
1983-10-13,-0.04980527609586716
1983-10-14,-0.06711830943822861
1983-10-15,-0.04916832223534584
1983-10-16,-0.05479251593351364
1983-10-17,-0.1381235271692276
1983-10-18,-0.151559978723526
1983-10-19,-0.18983949720859528
1983-10-20,-0.18288853764533997
1983-10-21,-0.17537926137447357
1983-10-22,-0.18469040095806122
1983-10-23,-0.1748451441526413
1983-10-24,-0.14690561592578888
1983-10-25,-0.16599759459495544
1983-10-26,-0.14803309738636017
1983-10-27,-0.17400386929512024
1983-10-28,-0.16487224400043488
1983-10-29,-0.17829430103302002
1983-10-30,-0.16308391094207764
1983-10-31,-0.16554421186447144
1983-11-01,-0.18184524774551392
1983-11-02,-0.19752591848373413
1983-11-03,-0.16947516798973083
1983-11-04,-0.21715526282787323
1983-11-05,-0.20711027085781097
1983-11-06,-0.17976872622966766
1983-11-07,-0.1501687616109848
1983-11-08,-0.14905217289924622
1983-11-09,-0.17034508287906647
1983-11-10,-0.1631787121295929
1983-11-11,-0.15288546681404114
1983-11-12,-0.159860759973526
1983-11-13,-0.16083405911922455
1983-11-14,-0.22123520076274872
1983-11-15,-0.21375170350074768
1983-11-16,-0.17614717781543732
1983-11-17,-0.1795412003993988
1983-11-18,-0.19912952184677124
1983-11-19,-0.1711408942937851
1983-11-20,-0.15500926971435547
1983-11-21,-0.12181808799505234
1983-11-22,-0.10853790491819382
1983-11-23,-0.11811579763889313
1983-11-24,-0.09211405366659164
1983-11-25,-0.0817791074514389
1983-11-26,-0.051523417234420776
1983-11-27,-0.021845871582627296
1983-11-28,0.0002024055429501459
1983-11-29,0.0118146613240242
1983-11-30,-0.02187281660735607
1983-12-01,-0.013386663980782032
1983-12-02,-0.07223182916641235
1983-12-03,-0.06236893683671951
1983-12-04,-0.057595476508140564
1983-12-05,-0.027235522866249084
1983-12-06,-0.06786447763442993
1983-12-07,-0.061995409429073334
1983-12-08,-0.0641537681221962
1983-12-09,-0.10397709906101227
1983-12-10,-0.10892195999622345
1983-12-11,-0.12826022505760193
1983-12-12,-0.10614006221294403
1983-12-13,-0.1258614957332611
1983-12-14,-0.0733189806342125
1983-12-15,-0.07872529327869415
1983-12-16,-0.11044403910636902
1983-12-17,-0.11119985580444336
1983-12-18,-0.11282942444086075
1983-12-19,-0.10661283880472183
1983-12-20,-0.08493424952030182
1983-12-21,-0.08057181537151337
1983-12-22,-0.047631315886974335
1983-12-23,-0.06639478355646133
1983-12-24,-0.06492219865322113
1983-12-25,-0.06886118650436401
1983-12-26,-0.06634620577096939
1983-12-27,-0.10135859251022339
1983-12-28,-0.11016476899385452
1983-12-29,-0.06836583465337753
1983-12-30,-0.07174289226531982
1983-12-31,-0.04120542109012604
1984-01-01,-0.047883473336696625
1984-01-02,-0.05738043785095215
1984-01-03,-0.03101261332631111
1984-01-04,-0.09324757009744644
1984-01-05,-0.0448153093457222
1984-01-06,-0.05728980153799057
1984-01-07,-0.10269765555858612
1984-01-08,-0.13396459817886353
1984-01-09,-0.06951343268156052
1984-01-10,-0.055978547781705856
1984-01-11,-0.04161437600851059
1984-01-12,-0.08335205167531967
1984-01-13,-0.07310143858194351
1984-01-14,-0.03141860291361809
1984-01-15,-0.05018816143274307
1984-01-16,-0.02695421874523163
1984-01-17,-0.026407668367028236
1984-01-18,-0.02012775093317032
1984-01-19,-0.029767300933599472
1984-01-20,-0.038194332271814346
1984-01-21,-0.016658790409564972
1984-01-22,-0.010444892570376396
1984-01-23,-0.0025072828866541386
1984-01-24,-0.036986157298088074
1984-01-25,-0.03882371261715889
1984-01-26,-0.044226765632629395
1984-01-27,-0.03135266900062561
1984-01-28,-0.051793765276670456
1984-01-29,-0.018685027956962585
1984-01-30,-0.01655508205294609
1984-01-31,0.00039955246029421687
1984-02-01,-0.0068097542971372604
1984-02-02,-0.0016715299570932984
1984-02-03,-0.015150230377912521
1984-02-04,-0.013287059962749481
1984-02-05,-0.0054026152938604355
1984-02-06,-0.00524295074865222
1984-02-07,-0.04091843217611313
1984-02-08,-0.06120150536298752
1984-02-09,-0.0726611316204071
1984-02-10,-0.09730757027864456
1984-02-11,-0.10266990959644318
1984-02-12,-0.07954581081867218
1984-02-13,-0.0921052023768425
1984-02-14,-0.11191405355930328
1984-02-15,-0.1113213375210762
1984-02-16,-0.09215907752513885
1984-02-17,-0.03589639812707901
1984-02-18,-0.04601793736219406
1984-02-19,-0.03127870336174965
1984-02-20,-0.0431085042655468
1984-02-21,-0.0014539414551109076
1984-02-22,0.002717680996283889
1984-02-23,0.01384324673563242
1984-02-24,0.003070547478273511
1984-02-25,0.01377328485250473
1984-02-26,-0.02358570694923401
1984-02-27,-0.06155787780880928
1984-02-28,-0.0664900466799736
1984-02-29,-0.058440614491701126
1984-03-01,-0.05767679214477539
1984-03-02,-0.05105309560894966
1984-03-03,-0.057627756148576736
1984-03-04,-0.03141637146472931
1984-03-05,-0.019865619018673897
1984-03-06,-0.03817082941532135
1984-03-07,-0.012157143093645573
1984-03-08,-0.031710296869277954
1984-03-09,-0.05892577022314072
1984-03-10,-0.06784569472074509
1984-03-11,-0.06531943380832672
1984-03-12,-0.06749653816223145
1984-03-13,-0.06117570400238037
1984-03-14,-0.04854733496904373
1984-03-15,-0.02334829978644848
1984-03-16,-0.024636706337332726
1984-03-17,-0.035328518599271774
1984-03-18,-0.0436989888548851
1984-03-19,-0.038626544177532196
1984-03-20,-0.056795161217451096
1984-03-21,-0.05476176366209984
1984-03-22,-0.040042635053396225
1984-03-23,-0.029214581474661827
1984-03-24,0.0043854303658008575
1984-03-25,0.008188797160983086
1984-03-26,0.01492761354893446
1984-03-27,0.033160336315631866
1984-03-28,0.040845856070518494
1984-03-29,0.01956869848072529
1984-03-30,0.007785099092870951
1984-03-31,0.009992747567594051
1984-04-01,0.007234321907162666
1984-04-02,0.029024221003055573
1984-04-03,0.0008493382483720779
1984-04-04,0.01078038103878498
1984-04-05,-0.009772499091923237
1984-04-06,0.003849959932267666
1984-04-07,0.009819395840168
1984-04-08,0.021877160295844078
1984-04-09,0.0026465943083167076
1984-04-10,0.002580721164122224
1984-04-11,0.03959403187036514
1984-04-12,0.02878657542169094
1984-04-13,0.020643185824155807
1984-04-14,0.03501513600349426
1984-04-15,0.052751995623111725
1984-04-16,0.05219200253486633
1984-04-17,0.05364181101322174
1984-04-18,0.04653819277882576
1984-04-19,0.02488730661571026
1984-04-20,0.044363170862197876
1984-04-21,0.009233297780156136
1984-04-22,0.010962690226733685
1984-04-23,0.015710318461060524
1984-04-24,0.028289787471294403
1984-04-25,0.051828980445861816
1984-04-26,0.08149848878383636
1984-04-27,0.10445109754800797
1984-04-29,0.11683391779661179
1984-04-30,0.12367479503154755
1984-05-01,0.10790326446294785
1984-05-02,0.08016553521156311
1984-05-03,0.07285206764936447
1984-05-04,0.04506739601492882
1984-05-05,0.0489630363881588
1984-05-06,0.04604974016547203
1984-05-07,0.06938661634922028
1984-05-08,0.10577757656574249
1984-05-09,0.09334194660186768
1984-05-10,0.08668649196624756
1984-05-11,0.07181602716445923
1984-05-12,0.07334955036640167
1984-05-13,0.058946069329977036
1984-05-14,0.07810599356889725
1984-05-15,0.06118127703666687
1984-05-16,0.05040193721652031
1984-05-17,0.061461932957172394
1984-05-18,0.03861577436327934
1984-05-19,0.03232505917549133
1984-05-20,0.057421039789915085
1984-05-21,0.07753897458314896
1984-05-22,0.07280950993299484
1984-05-23,0.06364928930997849
1984-05-24,0.09416577219963074
1984-05-25,0.02880680002272129
1984-05-26,-0.03527962416410446
1984-05-27,-0.035615473985672
1984-05-28,-0.005482659675180912
1984-05-29,-0.0026768010575324297
1984-05-30,-0.016288921236991882
1984-05-31,-0.010426084510982037
1984-06-01,-0.03423406928777695
1984-06-02,-0.0480702705681324
1984-06-03,-0.07710277289152145
1984-06-04,-0.07108525186777115
1984-06-05,-0.06340369582176208
1984-06-06,-0.041543323546648026
1984-06-07,-0.03579236939549446
1984-06-08,-0.045559827238321304
1984-06-09,-0.06754069030284882
1984-06-10,-0.07385193556547165
1984-06-11,-0.05735977366566658
1984-06-12,-0.13723017275333405
1984-06-13,-0.14721108973026276
1984-06-14,-0.1479566991329193
1984-06-15,-0.15215307474136353
1984-06-16,-0.13930334150791168
1984-06-17,-0.1295766681432724
1984-06-18,-0.12786546349525452
1984-06-19,-0.11793134361505508
1984-06-20,-0.09948591142892838
1984-06-21,-0.08388421684503555
1984-06-22,-0.08703320473432541
1984-06-23,-0.05989302694797516
1984-06-24,-0.06028462573885918
1984-06-25,-0.05755823105573654
1984-06-26,-0.07760332524776459
1984-06-27,-0.051464054733514786
1984-06-28,-0.07883626222610474
1984-06-29,-0.12438846379518509
1984-06-30,-0.14828668534755707
1984-07-01,-0.12422630935907364
1984-07-02,-0.1277056783437729
1984-07-03,-0.13956527411937714
1984-07-04,-0.13523225486278534
1984-07-05,-0.14915503561496735
1984-07-06,-0.1659192144870758
1984-07-07,-0.1786012500524521
1984-07-08,-0.1608077585697174
1984-07-09,-0.11891783028841019
1984-07-10,-0.03672517091035843
1984-07-11,-0.07619065046310425
1984-07-12,-0.033535514026880264
1984-07-13,0.01410377025604248
1984-07-14,0.03064899705350399
1984-07-15,0.032060522586107254
1984-07-16,0.06577949970960617
1984-07-17,0.121114581823349
1984-07-18,0.12176141142845154
1984-07-19,0.14207258820533752
1984-07-20,0.14253249764442444
1984-07-21,0.12360664457082748
1984-07-22,0.10256357491016388
1984-07-23,0.10746888071298599
1984-07-24,0.13374650478363037
1984-07-25,0.11466078460216522
1984-07-26,0.10796886682510376
1984-07-27,0.12542511522769928
1984-07-28,0.13785406947135925
1984-07-29,0.15088589489459991
1984-07-30,0.12980037927627563
1984-07-31,0.10739852488040924
1984-08-01,0.08571136742830276
1984-08-02,0.10070096701383591
1984-08-03,0.05006980895996094
1984-08-04,0.05066704377532005
1984-08-05,0.019208570942282677
1984-08-06,0.02502387948334217
1984-08-07,0.006713418755680323
1984-08-08,-0.003053917083889246
1984-08-09,-0.02195519208908081
1984-08-10,-0.029030801728367805
1984-08-11,-0.0627189502120018
1984-08-12,-0.056060902774333954
1984-08-13,-0.03318776190280914
1984-08-14,-0.07516404241323471
1984-08-15,-0.10941728949546814
1984-08-16,-0.09800265729427338
1984-08-17,-0.09614831209182739
1984-08-18,-0.04043417051434517
1984-08-19,-0.049898210912942886
1984-08-20,-0.029119517654180527
1984-08-21,-0.020098157227039337
1984-08-22,0.005747040268033743
1984-08-23,0.04949726536870003
1984-08-24,0.059693049639463425
1984-08-25,0.04740598425269127
1984-08-26,0.06263965368270874
1984-08-27,0.10413604229688644
1984-08-28,0.08473959565162659
1984-08-29,0.10781452059745789
1984-08-30,0.08013612031936646
1984-08-31,0.08896511793136597
1984-09-01,0.07072790712118149
1984-09-02,0.07105392962694168
1984-09-03,0.08488870412111282
1984-09-04,0.07927477359771729
1984-09-05,0.07109226286411285
1984-09-06,0.04552958160638809
1984-09-07,0.028545480221509933
1984-09-08,0.03646010532975197
1984-09-09,0.04206608980894089
1984-09-10,-0.004898076876997948
1984-09-11,0.00015922682359814644
1984-09-12,0.0012053170939907432
1984-09-13,-0.015652606263756752
1984-09-14,-0.03137535974383354
1984-09-15,-0.06715479493141174
1984-09-16,-0.05819990858435631
1984-09-17,-0.07627833634614944
1984-09-18,-0.08886770159006119
1984-09-19,-0.06437269598245621
1984-09-20,-0.06764010339975357
1984-09-21,-0.02829325571656227
1984-09-22,-0.025639837607741356
1984-09-23,-0.02577909827232361
1984-09-24,-0.004138863645493984
1984-09-25,-0.020885957404971123
1984-09-26,-0.013150123879313469
1984-09-27,-0.032041069120168686
1984-09-28,-0.009617563337087631
1984-09-29,-0.04389024153351784
1984-09-30,-0.00447312043979764
1984-10-01,0.020639928057789803
1984-10-02,0.0029704070184379816
1984-10-03,-0.018337257206439972
1984-10-04,0.0037299375981092453
1984-10-05,-0.017322061583399773
1984-10-06,-0.0272245891392231
1984-10-07,-0.030704133212566376
1984-10-08,-0.04143326357007027
1984-10-09,-0.02459164708852768
1984-10-10,-0.04117774963378906
1984-10-11,-0.043186768889427185
1984-10-12,-0.05218913406133652
1984-10-13,-0.06759310513734818
1984-10-14,-0.03763193264603615
1984-10-15,-0.030036304146051407
1984-10-16,-0.04333822801709175
1984-10-17,-0.04308432340621948
1984-10-18,-0.04461776465177536
1984-10-19,-0.034510012716054916
1984-10-20,-0.03147561475634575
1984-10-21,0.0009550062823109329
1984-10-22,0.01718089170753956
1984-10-23,0.02499224990606308
1984-10-24,-0.004646557383239269
1984-10-25,0.0036631275434046984
1984-10-26,-0.025758635252714157
1984-10-27,-0.027229148894548416
1984-10-28,-0.03470398485660553
1984-10-29,-0.04520324617624283
1984-10-30,-0.034678179770708084
1984-10-31,-0.04013515263795853
1984-11-01,-0.016281571239233017
1984-11-02,-0.053281113505363464
1984-11-03,-0.057178448885679245
1984-11-04,-0.020942553877830505
1984-11-05,0.02214842662215233
1984-11-06,-0.023495163768529892
1984-11-07,0.00856639165431261
1984-11-08,0.025466447696089745
1984-11-09,0.022679593414068222
1984-11-10,-0.0038291788659989834
1984-11-11,0.016655173152685165
1984-11-12,-0.00446171872317791
1984-11-13,-0.012153254821896553
1984-11-14,0.004619835875928402
1984-11-15,-0.01628813147544861
1984-11-16,-0.03156941384077072
1984-11-17,0.0006596390157938004
1984-11-18,0.0027414236683398485
1984-11-19,-0.001962594920769334
1984-11-20,0.004676456563174725
1984-11-21,-0.0012878625420853496
1984-11-22,0.010585032403469086
1984-11-23,-0.004780013579875231
1984-11-24,-0.015252254903316498
1984-11-25,0.00647354032844305
1984-11-26,0.010618037544190884
1984-11-27,0.005227267742156982
1984-11-28,0.017725815996527672
1984-11-29,0.017709290608763695
1984-11-30,0.03637980669736862
1984-12-01,0.04802227020263672
1984-12-02,0.05203792452812195
1984-12-03,0.05879676714539528
1984-12-04,0.07975427806377411
1984-12-05,0.05973147973418236
1984-12-06,0.07223378866910934
1984-12-07,0.07141146808862686
1984-12-08,0.063006192445755
1984-12-09,0.07244181632995605
1984-12-10,0.07892502099275589
1984-12-11,0.07862769812345505
1984-12-12,0.060103658586740494
1984-12-13,0.04337512329220772
1984-12-14,0.014792066067457199
1984-12-15,0.019678793847560883
1984-12-16,0.01932440511882305
1984-12-17,0.07201462984085083
1984-12-18,0.08586125075817108
1984-12-19,0.08567629009485245
1984-12-20,0.06435295939445496
1984-12-21,0.0897679328918457
1984-12-22,0.09480582922697067
1984-12-23,0.10961376875638962
1984-12-24,0.09581912308931351
1984-12-25,0.09556639194488525
1984-12-26,0.08241158723831177
1984-12-27,0.06271401792764664
1984-12-28,0.05130323767662048
1984-12-29,0.05875643715262413
1984-12-30,0.05779322609305382
1984-12-31,0.09231292456388474
1985-01-01,0.09375181794166565
1985-01-02,0.0934194028377533
1985-01-03,0.10372211784124374
1985-01-04,0.10802701860666275
1985-01-05,0.1417616456747055
1985-01-06,0.12491156905889511
1985-01-07,0.12427922338247299
1985-01-08,0.15152724087238312
1985-01-09,0.1929430365562439
1985-01-10,0.1883491724729538
1985-01-11,0.19611966609954834
1985-01-12,0.2211342304944992
1985-01-13,0.2210981249809265
1985-01-14,0.20828628540039062
1985-01-15,0.21284115314483643
1985-01-16,0.20846983790397644
1985-01-17,0.1947370320558548
1985-01-18,0.1814204305410385
1985-01-19,0.16881820559501648
1985-01-20,0.17155250906944275
1985-01-21,0.17877843976020813
1985-01-22,0.139749214053154
1985-01-23,0.14705106616020203
1985-01-24,0.17344599962234497
1985-01-25,0.16859693825244904
1985-01-26,0.18325522541999817
1985-01-27,0.177886962890625
1985-01-28,0.19481156766414642
1985-01-29,0.16469056904315948
1985-01-30,0.15786296129226685
1985-01-31,0.1581440567970276
1985-02-01,0.14680978655815125
1985-02-02,0.13307280838489532
1985-02-03,0.12979400157928467
1985-02-04,0.11838845908641815
1985-02-05,0.11924915760755539
1985-02-06,0.09939729422330856
1985-02-07,0.1363593339920044
1985-02-08,0.12709932029247284
1985-02-09,0.11188207566738129
1985-02-10,0.11334381997585297
1985-02-11,0.10852425545454025
1985-02-12,0.08872728049755096
1985-02-13,0.09231691062450409
1985-02-14,0.07309044152498245
1985-02-15,0.0872269868850708
1985-02-16,0.09057283401489258
1985-02-17,0.07893680781126022
1985-02-18,0.054503947496414185
1985-02-19,0.05172897130250931
1985-02-20,0.06831523776054382
1985-02-21,0.09256310760974884
1985-02-22,0.08526100218296051
1985-02-23,0.03938697651028633
1985-02-24,0.031295519322156906
1985-02-25,0.028333313763141632
1985-02-26,0.025387048721313477
1985-02-27,0.010260839946568012
1985-02-28,0.010667458176612854
1985-03-01,0.0029024274554103613
1985-03-02,0.0202256441116333
1985-03-03,0.05387629196047783
1985-03-04,0.03964793682098389
1985-03-05,0.049794044345617294
1985-03-06,0.02993210405111313
1985-03-07,-0.0034954394213855267
1985-03-08,-0.030667824670672417
1985-03-09,-0.04356759414076805
1985-03-10,-0.047027282416820526
1985-03-11,-0.053497277200222015
1985-03-12,-0.045525696128606796
1985-03-13,-0.028154300525784492
1985-03-14,-0.03915577381849289
1985-03-15,-0.01957779750227928
1985-03-16,-0.039785079658031464
1985-03-17,-0.02984808199107647
1985-03-18,-0.03345872834324837
1985-03-19,-0.006316887214779854
1985-03-20,-0.023220160976052284
1985-03-21,-0.02143925242125988
1985-03-22,-0.03573096543550491
1985-03-23,-0.01403466984629631
1985-03-24,-0.03153481334447861
1985-03-25,-0.007991356775164604
1985-03-26,-0.014486841857433319
1985-03-27,-0.018142463639378548
1985-03-28,-0.038188472390174866
1985-03-29,-0.05558549612760544
1985-03-30,-0.07044666260480881
1985-03-31,-0.07764185965061188
1985-04-01,-0.07666227221488953
1985-04-02,-0.07732725143432617
1985-04-03,-0.08809312433004379
1985-04-04,-0.0958513468503952
1985-04-05,-0.09413471817970276
1985-04-06,-0.08504661917686462
1985-04-07,-0.0639427974820137
1985-04-08,-0.0380149707198143
1985-04-09,-0.029045576229691505
1985-04-10,-0.0206801388412714
1985-04-11,-0.013063117861747742
1985-04-12,-0.004436156712472439
1985-04-13,0.0030267119873315096
1985-04-14,0.006285638082772493
1985-04-15,0.013590309768915176
1985-04-16,-0.0007572352769784629
1985-04-17,0.006643554195761681
1985-04-18,0.02503836713731289
1985-04-19,0.006497045047581196
1985-04-20,0.007673202082514763
1985-04-21,-0.013584243133664131
1985-04-22,-0.003369972575455904
1985-04-23,-0.008195837028324604
1985-04-24,-0.010767186060547829
1985-04-25,-0.007317974232137203
1985-04-26,-0.04330824688076973
1985-04-27,-0.05729280784726143
1985-04-28,-0.05307891219854355
1985-04-29,-0.04419112578034401
1985-04-30,-0.049698606133461
1985-05-01,-0.06758851557970047
1985-05-02,-0.09109237790107727
1985-05-03,-0.06124064698815346
1985-05-04,-0.07759390026330948
1985-05-05,-0.08343510329723358
1985-05-06,-0.07056209444999695
1985-05-07,-0.07179215550422668
1985-05-08,-0.0668899342417717
1985-05-09,-0.06919339299201965
1985-05-10,-0.07944487035274506
1985-05-11,-0.0728386715054512
1985-05-12,-0.06566736847162247
1985-05-13,-0.020910413935780525
1985-05-14,-0.03580489009618759
1985-05-15,-0.03225626051425934
1985-05-16,-0.028916917741298676
1985-05-17,-0.014642097055912018
1985-05-18,0.00029318276210688055
1985-05-19,0.026136908680200577
1985-05-20,0.04972279444336891
1985-05-21,0.03323141857981682
1985-05-22,0.038637660443782806
1985-05-23,0.009115250781178474
1985-05-24,0.004085198510438204
1985-05-25,0.0030892048962414265
1985-05-26,0.01957119256258011
1985-05-27,0.029126685112714767
1985-05-28,0.0646156445145607
1985-05-29,0.09419277310371399
1985-05-30,0.13184386491775513
1985-05-31,0.13669335842132568
1985-06-01,0.1768351048231125
1985-06-02,0.1942981630563736
1985-06-03,0.1936693787574768
1985-06-04,0.19088652729988098
1985-06-05,0.18684320151805878
1985-06-06,0.20885944366455078
1985-06-07,0.1723698079586029
1985-06-08,0.16156813502311707
1985-06-09,0.16204091906547546
1985-06-10,0.16633473336696625
1985-06-11,0.13408301770687103
1985-06-12,0.1229361966252327
1985-06-13,0.11488159745931625
1985-06-14,0.09642867743968964
1985-06-15,0.06621604412794113
1985-06-16,0.060087718069553375
1985-06-17,0.0626380443572998
1985-06-18,0.053462766110897064
1985-06-19,0.06332647055387497
1985-06-20,0.08143837749958038
1985-06-21,0.06371832638978958
1985-06-22,0.09216833859682083
1985-06-23,0.07130806148052216
1985-06-24,0.053475238382816315
1985-06-25,0.07006963342428207
1985-06-26,0.051254626363515854
1985-06-27,0.035022836178541183
1985-06-28,0.024394281208515167
1985-06-29,0.015690544620156288
1985-06-30,0.03401430696249008
1985-07-01,0.06501829624176025
1985-07-02,0.07099423557519913
1985-07-03,0.06573685258626938
1985-07-04,0.06694289296865463
1985-07-05,0.0699102133512497
1985-07-06,0.06815044581890106
1985-07-07,0.05941351130604744
1985-07-08,0.07120374590158463
1985-07-09,0.07372940331697464
1985-07-10,0.057975560426712036
1985-07-11,0.04521628096699715
1985-07-12,0.03937669098377228
1985-07-13,0.030962420627474785
1985-07-14,0.009135615080595016
1985-07-15,0.006000917870551348
1985-07-16,-0.08339497447013855
1985-07-17,-0.09404285997152328
1985-07-18,-0.10523144155740738
1985-07-19,-0.1142258271574974
1985-07-20,-0.11348894983530045
1985-07-21,-0.13414065539836884
1985-07-22,-0.13894543051719666
1985-07-23,-0.14755131304264069
1985-07-24,-0.17837569117546082
1985-07-25,-0.16402031481266022
1985-07-26,-0.148833230137825
1985-07-27,-0.1306694597005844
1985-07-28,-0.11380462348461151
1985-07-29,-0.10755902528762817
1985-07-30,-0.12093685567378998
1985-07-31,-0.12132532894611359
1985-08-01,-0.09580002725124359
1985-08-02,-0.11055555194616318
1985-08-03,-0.10103408992290497
1985-08-04,-0.09998846799135208
1985-08-05,-0.08924078196287155
1985-08-06,-0.10387982428073883
1985-08-07,-0.12257547676563263
1985-08-08,-0.14602558314800262
1985-08-09,-0.14404775202274323
1985-08-10,-0.15895585715770721
1985-08-11,-0.1513940840959549
1985-08-12,-0.15301330387592316
1985-08-13,-0.1394718438386917
1985-08-14,-0.12947525084018707
1985-08-15,-0.1697201132774353
1985-08-16,-0.1716354936361313
1985-08-17,-0.16668307781219482
1985-08-18,-0.17530909180641174
1985-08-19,-0.1943211406469345
1985-08-20,-0.17577451467514038
1985-08-21,-0.16080312430858612
1985-08-22,-0.14250148832798004
1985-08-23,-0.12615333497524261
1985-08-24,-0.1656828075647354
1985-08-25,-0.13493046164512634
1985-08-26,-0.1402464658021927
1985-08-27,-0.16742971539497375
1985-08-28,-0.15992368757724762
1985-08-29,-0.15971951186656952
1985-08-30,-0.12081724405288696
1985-08-31,-0.1442597210407257
1985-09-01,-0.16036099195480347
1985-09-02,-0.18808774650096893
1985-09-03,-0.1481970250606537
1985-09-04,-0.1366223394870758
1985-09-05,-0.1393057256937027
1985-09-06,-0.12725207209587097
1985-09-07,-0.14453129470348358
1985-09-08,-0.1615263968706131
1985-09-09,-0.13899825513362885
1985-09-10,-0.15482975542545319
1985-09-11,-0.17035436630249023
1985-09-12,-0.16747625172138214
1985-09-13,-0.15682396292686462
1985-09-14,-0.1304577738046646
1985-09-15,-0.12056833505630493
1985-09-16,-0.1325751096010208
1985-09-17,-0.13497188687324524
1985-09-18,-0.09138323366641998
1985-09-19,-0.10810799151659012
1985-09-20,-0.08772207796573639
1985-09-21,-0.11276864260435104
1985-09-22,-0.11442854255437851
1985-09-23,-0.0949958860874176
1985-09-24,-0.09621760994195938
1985-09-25,-0.09361766278743744
1985-09-26,-0.08352746069431305
1985-09-27,-0.06660429388284683
1985-09-28,-0.06958658993244171
1985-09-29,-0.04146072641015053
1985-09-30,-0.03248148411512375
1985-10-01,-0.017925919964909554
1985-10-02,-0.0313059501349926
1985-10-03,-0.05457232519984245
1985-10-04,-0.04947253316640854
1985-10-05,-0.04177207499742508
1985-10-06,-0.045197080820798874
1985-10-07,-0.05228906869888306
1985-10-08,-0.06189309433102608
1985-10-09,-0.07986441999673843
1985-10-10,-0.09735488891601562
1985-10-11,-0.12329334020614624
1985-10-12,-0.11638430505990982
1985-10-13,-0.11814864724874496
1985-10-14,-0.12131728231906891
1985-10-15,-0.10818403959274292
1985-10-16,-0.11480415612459183
1985-10-17,-0.1304600089788437
1985-10-18,-0.14426781237125397
1985-10-19,-0.1314292848110199
1985-10-20,-0.11702138185501099
1985-10-21,-0.07645975798368454
1985-10-22,-0.15405377745628357
1985-10-23,-0.16581252217292786
1985-10-24,-0.1676017791032791
1985-10-25,-0.17496448755264282
1985-10-26,-0.17081516981124878
1985-10-27,-0.15859469771385193
1985-10-28,-0.147329643368721
1985-10-29,-0.15272557735443115
1985-10-30,-0.17055490612983704
1985-10-31,-0.19272346794605255
1985-11-01,-0.2108759582042694
1985-11-02,-0.18619966506958008
1985-11-03,-0.15330684185028076
1985-11-04,-0.09954586625099182
1985-11-05,-0.09786013513803482
1985-11-06,-0.09863597899675369
1985-11-07,-0.08442001044750214
1985-11-08,-0.08223477005958557
1985-11-09,-0.09896160662174225
1985-11-10,-0.09403864294290543
1985-11-11,-0.050016745924949646
1985-11-12,-0.030636776238679886
1985-11-13,-0.04759443178772926
1985-11-14,-0.05350559577345848
1985-11-15,-0.05257769301533699
1985-11-16,-0.0325508676469326
1985-11-17,-0.0022706561721861362
1985-11-18,0.011579823680222034
1985-11-19,0.047790221869945526
1985-11-20,0.05495930463075638
1985-11-21,0.07505957782268524
1985-11-22,0.06981376558542252
1985-11-23,0.08370482921600342
1985-11-24,0.09964456409215927
1985-11-25,0.13080929219722748
1985-11-26,0.12289761751890182
1985-11-27,0.10691354423761368
1985-11-28,0.10411848872900009
1985-11-29,0.0744471326470375
1985-11-30,0.08593031018972397
1985-12-01,0.0861034244298935
1985-12-02,0.05942215770483017
1985-12-03,0.06888735294342041
1985-12-04,0.06782133132219315
1985-12-05,0.056118790060281754
1985-12-06,0.057802967727184296
1985-12-07,0.04376395791769028
1985-12-08,0.04953174665570259
1985-12-09,0.0327063724398613
1985-12-10,0.0468493327498436
1985-12-11,0.04415068402886391
1985-12-12,0.03400862589478493
1985-12-13,0.009850744158029556
1985-12-14,-0.005394463427364826
1985-12-15,-0.011203684844076633
1985-12-16,-0.011851190589368343
1985-12-17,-0.007733296602964401
1985-12-18,-0.00849061831831932
1985-12-19,-0.02166386879980564
1985-12-20,-0.037619732320308685
1985-12-21,-0.04712270200252533
1985-12-22,-0.04848799854516983
1985-12-23,-0.040507249534130096
1985-12-24,-0.03201469033956528
1985-12-25,-0.02579393982887268
1985-12-26,-0.015904685482382774
1985-12-27,-0.03473871573805809
1985-12-28,-0.05714210122823715
1985-12-29,-0.046343907713890076
1985-12-30,-0.04951794818043709
1985-12-31,-0.01933099515736103
1986-01-01,-0.04426087439060211
1986-01-02,-0.0010554291075095534
1986-01-03,0.0073766945861279964
1986-01-04,0.0006361000705510378
1986-01-05,0.0043774996884167194
1986-01-06,0.017843957990407944
1986-01-07,0.016772350296378136
1986-01-08,0.02152518928050995
1986-01-09,-0.0010342046152800322
1986-01-10,-0.020456595346331596
1986-01-11,-0.04126470908522606
1986-01-12,-0.03279665485024452
1986-01-13,-0.026852469891309738
1986-01-14,-0.025819027796387672
1986-01-15,-0.031546879559755325
1986-01-16,-0.026770595461130142
1986-01-17,-0.015246120281517506
1986-01-18,-0.012637496925890446
1986-01-19,0.007216065656393766
1986-01-20,0.0254735816270113
1986-01-21,0.014612659811973572
1986-01-22,0.008018312975764275
1986-01-23,-0.0013784075854346156
1986-01-24,-0.03454478830099106
1986-01-25,-0.04651203006505966
1986-01-26,-0.038281235843896866
1986-01-27,-0.02682296186685562
1986-01-28,-0.03157652169466019
1986-01-29,-0.04161986708641052
1986-01-30,-0.05075524002313614
1986-01-31,-0.03557996824383736
1986-02-01,-0.057198941707611084
1986-02-02,-0.04731261730194092
1986-02-03,-0.043964385986328125
1986-02-04,-0.06052835285663605
1986-02-05,-0.06234423816204071
1986-02-06,-0.06069888547062874
1986-02-07,-0.06364822387695312
1986-02-08,-0.05783041566610336
1986-02-09,-0.03445832431316376
1986-02-10,-0.02024417370557785
1986-02-11,-0.013610176742076874
1986-02-12,-0.028728261590003967
1986-02-13,-0.03631690517067909
1986-02-14,-0.04560563713312149
1986-02-15,-0.04937811195850372
1986-02-16,-0.05283241719007492
1986-02-17,-0.046954791992902756
1986-02-18,-0.015333876013755798
1986-02-19,-0.05432918667793274
1986-02-20,-0.08051856607198715
1986-02-21,-0.0824614092707634
1986-02-22,-0.10211038589477539
1986-02-23,-0.11836772412061691
1986-02-24,-0.1432114839553833
1986-02-25,-0.18249692022800446
1986-02-26,-0.1607609987258911
1986-02-27,-0.1722480058670044
1986-02-28,-0.1988154649734497
1986-03-01,-0.22680559754371643
1986-03-02,-0.17689448595046997
1986-03-03,-0.1813291311264038
1986-03-04,-0.18707121908664703
1986-03-05,-0.19430752098560333
1986-03-06,-0.19181334972381592
1986-03-07,-0.19387267529964447
1986-03-08,-0.1932940036058426
1986-03-09,-0.21636533737182617
1986-03-10,-0.2233423888683319
1986-03-11,-0.2151654064655304
1986-03-12,-0.1950848549604416
1986-03-13,-0.17758457362651825
1986-03-14,-0.1779569834470749
1986-03-15,-0.1492498517036438
1986-03-16,-0.14230051636695862
1986-03-17,-0.13820195198059082
1986-03-18,-0.13816289603710175
1986-03-19,-0.1200297623872757
1986-03-20,-0.13360488414764404
1986-03-21,-0.15407782793045044
1986-03-22,-0.17970708012580872
1986-03-23,-0.17835886776447296
1986-03-24,-0.16898320615291595
1986-03-25,-0.16682778298854828
1986-03-26,-0.17759224772453308
1986-03-27,-0.16813309490680695
1986-03-28,-0.17533916234970093
1986-03-29,-0.16622121632099152
1986-03-30,-0.1346883922815323
1986-03-31,-0.13608995079994202
1986-04-01,-0.13570839166641235
1986-04-02,-0.145856112241745
1986-04-03,-0.17421476542949677
1986-04-04,-0.19989323616027832
1986-04-05,-0.19475337862968445
1986-04-06,-0.1749333292245865
1986-04-07,-0.1641068309545517
1986-04-08,-0.14798259735107422
1986-04-09,-0.126526340842247
1986-04-10,-0.13322798907756805
1986-04-11,-0.12151435017585754
1986-04-12,-0.1127600371837616
1986-04-13,-0.09043263643980026
1986-04-14,-0.10597431659698486
1986-04-15,-0.09468066692352295
1986-04-16,-0.11958246678113937
1986-04-17,-0.11584920436143875
1986-04-18,-0.10286805778741837
1986-04-19,-0.12061499059200287
1986-04-20,-0.13565067946910858
1986-04-21,-0.11873384565114975
1986-04-22,-0.10108479857444763
1986-04-23,-0.09445147216320038
1986-04-24,-0.09078143537044525
1986-04-25,-0.0740058645606041
1986-04-26,-0.06688778102397919
1986-04-27,-0.0604284405708313
1986-04-28,-0.0029276541899889708
1986-04-29,0.019880501553416252
1986-04-30,0.02899186685681343
1986-05-01,0.036048684269189835
1986-05-02,0.008092370815575123
1986-05-03,0.011512822471559048
1986-05-04,0.007106966804713011
1986-05-05,0.022862784564495087
1986-05-06,0.052915580570697784
1986-05-07,0.06262113898992538
1986-05-08,0.07314880937337875
1986-05-09,0.08798711001873016
1986-05-10,0.07769934833049774
1986-05-11,0.07634908705949783
1986-05-12,0.09037432819604874
1986-05-13,0.10715017467737198
1986-05-14,0.10186764597892761
1986-05-15,0.11307298392057419
1986-05-16,0.11675868183374405
1986-05-17,0.1325421929359436
1986-05-18,0.13119196891784668
1986-05-19,0.1222003623843193
1986-05-20,0.1345440298318863
1986-05-21,0.14233802258968353
1986-05-22,0.15307389199733734
1986-05-23,0.11004619300365448
1986-05-24,0.12009529024362564
1986-05-25,0.10472853481769562
1986-05-26,0.1392110288143158
1986-05-27,0.1374742090702057
1986-05-28,0.1386745423078537
1986-05-29,0.10834453254938126
1986-05-30,0.12901893258094788
1986-05-31,0.12622947990894318
1986-06-01,0.14726552367210388
1986-06-02,0.15316087007522583
1986-06-03,0.15687376260757446
1986-06-04,0.155120849609375
1986-06-05,0.1422765851020813
1986-06-06,0.12759467959403992
1986-06-07,0.103941410779953
1986-06-08,0.10291716456413269
1986-06-09,0.08906873315572739
1986-06-10,0.07288068532943726
1986-06-11,0.07796231657266617
1986-06-12,0.07891392707824707
1986-06-13,0.044019922614097595
1986-06-14,0.042313359677791595
1986-06-15,0.032415810972452164
1986-06-16,0.006979368161410093
1986-06-17,0.022489339113235474
1986-06-18,0.007251225411891937
1986-06-19,0.0038127657026052475
1986-06-20,0.01377097424119711
1986-06-21,0.014038181863725185
1986-06-22,-0.0012126454384997487
1986-06-23,-0.0035632532089948654
1986-06-24,0.012750181369483471
1986-06-25,0.021047769114375114
1986-06-26,0.024364512413740158
1986-06-27,0.0021827949676662683
1986-06-28,0.01920703612267971
1986-06-29,0.02120707742869854
1986-06-30,-0.012686565518379211
1986-07-01,-0.015427657403051853
1986-07-02,0.007828502915799618
1986-07-03,-0.027998363599181175
1986-07-04,-0.030593836680054665
1986-07-05,-0.006212079897522926
1986-07-06,-0.019320553168654442
1986-07-07,-0.02343020960688591
1986-07-08,-0.04944223165512085
1986-07-09,-0.03386072814464569
1986-07-10,-0.0499526783823967
1986-07-11,-0.05156386271119118
1986-07-12,-0.0475333034992218
1986-07-13,-0.069887176156044
1986-07-14,-0.05208659544587135
1986-07-15,-0.04343761131167412
1986-07-16,-0.0673401728272438
1986-07-17,-0.06284255534410477
1986-07-18,-0.08687938004732132
1986-07-19,-0.08895417302846909
1986-07-20,-0.08699730783700943
1986-07-21,-0.09333307296037674
1986-07-22,-0.10549598932266235
1986-07-23,-0.14970320463180542
1986-07-24,-0.1896877884864807
1986-07-25,-0.1754726767539978
1986-07-26,-0.13657738268375397
1986-07-27,-0.1385326087474823
1986-07-28,-0.15982334315776825
1986-07-29,-0.18995584547519684
1986-07-30,-0.1975742131471634
1986-07-31,-0.21250054240226746
1986-08-01,-0.21275798976421356
1986-08-02,-0.1869957447052002
1986-08-03,-0.17105992138385773
1986-08-04,-0.18241821229457855
1986-08-05,-0.18374328315258026
1986-08-06,-0.19229665398597717
1986-08-07,-0.2025054693222046
1986-08-08,-0.20122505724430084
1986-08-09,-0.20113277435302734
1986-08-10,-0.2006722241640091
1986-08-11,-0.1971486210823059
1986-08-12,-0.19736501574516296
1986-08-13,-0.20003776252269745
1986-08-14,-0.19428017735481262
1986-08-15,-0.19014059007167816
1986-08-16,-0.20078754425048828
1986-08-17,-0.1877993792295456
1986-08-18,-0.15127360820770264
1986-08-19,-0.13834287226200104
1986-08-20,-0.11748189479112625
1986-08-21,-0.11054766923189163
1986-08-22,-0.0829610526561737
1986-08-23,-0.07447919249534607
1986-08-24,-0.0794525295495987
1986-08-25,-0.08076097816228867
1986-08-26,-0.07104931026697159
1986-08-27,-0.08221641927957535
1986-08-28,-0.06375537067651749
1986-08-29,-0.08782758563756943
1986-08-30,-0.10537926107645035
1986-08-31,-0.09555953741073608
1986-09-01,-0.07940095663070679
1986-09-02,-0.050441570580005646
1986-09-03,-0.05826690420508385
1986-09-04,-0.09111373871564865
1986-09-05,-0.11393874883651733
1986-09-06,-0.08517869561910629
1986-09-07,-0.08951270580291748
1986-09-08,-0.061323221772909164
1986-09-09,-0.0543643943965435
1986-09-10,-0.0524405799806118
1986-09-11,-0.07415877282619476
1986-09-12,-0.0888943150639534
1986-09-13,-0.11081389337778091
1986-09-14,-0.0777747631072998
1986-09-15,-0.061108991503715515
1986-09-16,-0.08231719583272934
1986-09-17,-0.07883881032466888
1986-09-18,-0.08502689003944397
1986-09-19,-0.09478529542684555
1986-09-20,-0.0926009938120842
1986-09-21,-0.07811077684164047
1986-09-22,-0.07938577979803085
1986-09-23,-0.0969594195485115
1986-09-24,-0.08291895687580109
1986-09-25,-0.07978808879852295
1986-09-26,-0.08324011415243149
1986-09-27,-0.08372268080711365
1986-09-28,-0.07448219507932663
1986-09-29,-0.07071100175380707
1986-09-30,-0.06100590154528618
1986-10-01,-0.04922466352581978
1986-10-02,-0.06286882609128952
1986-10-03,-0.08741132915019989
1986-10-04,-0.09132806211709976
1986-10-05,-0.08796662837266922
1986-10-06,-0.05192052200436592
1986-10-07,-0.08160166442394257
1986-10-08,-0.1203504353761673
1986-10-09,-0.10277310013771057
1986-10-10,-0.11276267468929291
1986-10-11,-0.122087262570858
1986-10-12,-0.09721077978610992
1986-10-13,-0.06508009880781174
1986-10-14,-0.1112193614244461
1986-10-15,-0.09910566359758377
1986-10-16,-0.10170157253742218
1986-10-17,-0.11614620685577393
1986-10-18,-0.10155077278614044
1986-10-19,-0.09242279827594757
1986-10-20,-0.0790449008345604
1986-10-21,-0.07187563180923462
1986-10-22,-0.047631584107875824
1986-10-23,-0.017603399232029915
1986-10-24,-0.012107276357710361
1986-10-25,-0.009041093289852142
1986-10-26,-0.006215719506144524
1986-10-27,0.009406174533069134
1986-10-28,0.012118251994252205
1986-10-29,0.019026698544621468
1986-10-30,0.028610074892640114
1986-10-31,0.030358770862221718
1986-11-01,0.06168436259031296
1986-11-02,0.06246160715818405
1986-11-03,0.07121650874614716
1986-11-04,0.06619515269994736
1986-11-05,0.06777214258909225
1986-11-06,0.06403015553951263
1986-11-07,0.055749692022800446
1986-11-08,0.06472926586866379
1986-11-09,0.07696564495563507
1986-11-10,0.05811237916350365
1986-11-11,0.05248004198074341
1986-11-12,0.029924755915999413
1986-11-13,0.04019032418727875
1986-11-14,0.05137217417359352
1986-11-15,0.07638156414031982
1986-11-16,0.11187532544136047
1986-11-17,0.09461202472448349
1986-11-18,0.12120970338582993
1986-11-19,0.13532742857933044
1986-11-20,0.1141180619597435
1986-11-21,0.10062335431575775
1986-11-22,0.09185042232275009
1986-11-23,0.08765867352485657
1986-11-24,0.09459473192691803
1986-11-25,0.10281490534543991
1986-11-26,0.08480846881866455
1986-11-27,0.07762321084737778
1986-11-28,0.054433807730674744
1986-11-29,0.05005389824509621
1986-11-30,0.06495550274848938
1986-12-01,0.09383036196231842
1986-12-02,0.10392078757286072
1986-12-03,0.13935643434524536
1986-12-04,0.1038842424750328
1986-12-05,0.07167229056358337
1986-12-06,0.06906750798225403
1986-12-07,0.08022676408290863
1986-12-08,0.053237125277519226
1986-12-09,0.05146794021129608
1986-12-10,0.06889556348323822
1986-12-11,0.06941388547420502
1986-12-12,0.05364375561475754
1986-12-13,0.05280529707670212
1986-12-14,0.06876339763402939
1986-12-15,0.04523835331201553
1986-12-16,0.05955241620540619
1986-12-17,0.027468707412481308
1986-12-18,0.04322529956698418
1986-12-19,0.022833816707134247
1986-12-20,0.011313323862850666
1986-12-21,0.01163893286138773
1986-12-22,0.018519045785069466
1986-12-23,0.031016545370221138
1986-12-24,0.03517448529601097
1986-12-25,0.02462499588727951
1986-12-26,0.05246475711464882
1986-12-27,0.07264282554388046
1986-12-28,0.0924147367477417
1986-12-29,0.07419231534004211
1986-12-30,0.07971853762865067
1986-12-31,0.07041054219007492
1987-01-01,0.0650494322180748
1987-01-02,0.06216680631041527
1987-01-03,0.04991801083087921
1987-01-04,0.041619669646024704
1987-01-05,0.017589040100574493
1987-01-06,0.00870293565094471
1987-01-07,0.018328212201595306
1987-01-08,0.03352610766887665
1987-01-09,0.027643926441669464
1987-01-10,0.03524087369441986
1987-01-11,0.05006244778633118
1987-01-12,0.045888639986515045
1987-01-13,0.04122716933488846
1987-01-14,0.040547583252191544
1987-01-15,0.029315833002328873
1987-01-16,0.01740417629480362
1987-01-17,-0.003801246639341116
1987-01-18,0.005885011982172728
1987-01-19,0.031897082924842834
1987-01-20,0.02335171401500702
1987-01-21,-0.002044535707682371
1987-01-22,-0.0009753529448062181
1987-01-23,-0.01779797300696373
1987-01-24,0.017045488581061363
1987-01-25,0.005446332972496748
1987-01-26,-0.020813655108213425
1987-01-27,0.0025515914894640446
1987-01-28,-0.032023198902606964
1987-01-29,-0.05744229257106781
1987-01-30,-0.06738542020320892
1987-01-31,-0.08627701550722122
1987-02-01,-0.07172184437513351
1987-02-02,-0.05048951134085655
1987-02-03,-0.06851373612880707
1987-02-04,-0.07066140323877335
1987-02-05,-0.05516819655895233
1987-02-06,-0.03538333624601364
1987-02-07,-0.04490440711379051
1987-02-08,-0.04271133989095688
1987-02-09,-0.04455490782856941
1987-02-10,-0.04995407164096832
1987-02-11,-0.049983710050582886
1987-02-12,-0.0584002360701561
1987-02-13,-0.06613973528146744
1987-02-14,-0.04901726543903351
1987-02-15,-0.034782424569129944
1987-02-16,-0.06304197758436203
1987-02-17,-0.07549139112234116
1987-02-18,-0.055742256343364716
1987-02-19,-0.064047671854496
1987-02-20,-0.05469698831439018
1987-02-21,-0.03408133611083031
1987-02-22,-0.04023877531290054
1987-02-23,-0.03833024948835373
1987-02-24,-0.04418022930622101
1987-02-25,-0.044144172221422195
1987-02-26,-0.028489569202065468
1987-02-27,-0.024956567212939262
1987-02-28,-0.021869344636797905
1987-03-01,-0.010134931653738022
1987-03-02,-0.02370571531355381
1987-03-03,-0.026740286499261856
1987-03-04,-0.015377073548734188
1987-03-05,-0.007940979674458504
1987-03-06,-0.009295804426074028
1987-03-07,0.013954305090010166
1987-03-08,0.05174112692475319
1987-03-09,0.049960535019636154
1987-03-10,0.07228054851293564
1987-03-11,0.03492450341582298
1987-03-12,0.005287173204123974
1987-03-13,0.03440950810909271
1987-03-14,0.0373523086309433
1987-03-15,0.039698101580142975
1987-03-16,0.08428214490413666
1987-03-17,0.08093932271003723
1987-03-18,0.0803394764661789
1987-03-19,0.0889565646648407
1987-03-20,0.07329215109348297
1987-03-21,0.08163407444953918
1987-03-22,0.08267009258270264
1987-03-23,0.05590474233031273
1987-03-24,0.05962783470749855
1987-03-25,0.055740635842084885
1987-03-26,0.03569583222270012
1987-03-27,0.04300946742296219
1987-03-28,0.01852402091026306
1987-03-29,-0.005193744786083698
1987-03-30,-0.03759485110640526
1987-03-31,-0.06371372938156128
1987-04-01,-0.05731051787734032
1987-04-02,-0.05292041227221489
1987-04-03,-0.10499506443738937
1987-04-04,-0.10335540771484375
1987-04-05,-0.11974239349365234
1987-04-06,-0.11494912207126617
1987-04-07,-0.12978093326091766
1987-04-08,-0.13941074907779694
1987-04-09,-0.1599564105272293
1987-04-10,-0.1510932892560959
1987-04-11,-0.16365094482898712
1987-04-12,-0.15972164273262024
1987-04-13,-0.15509259700775146
1987-04-14,-0.17210660874843597
1987-04-15,-0.1823018491268158
1987-04-16,-0.21168525516986847
1987-04-17,-0.21628503501415253
1987-04-18,-0.23410193622112274
1987-04-19,-0.22356875240802765
1987-04-20,-0.21907444298267365
1987-04-21,-0.22323238849639893
1987-04-22,-0.23018470406532288
1987-04-23,-0.22435960173606873
1987-04-24,-0.22984249889850616
1987-04-25,-0.2181013822555542
1987-04-26,-0.1960049867630005
1987-04-27,-0.18061134219169617
1987-04-28,-0.1913304626941681
1987-04-29,-0.20404808223247528
1987-04-30,-0.18913330137729645
1987-05-01,-0.1599058210849762
1987-05-02,-0.1507062017917633
1987-05-03,-0.12253201752901077
1987-05-04,-0.09755009412765503
1987-05-05,-0.07828759402036667
1987-05-06,-0.05555892735719681
1987-05-07,-0.04181036725640297
1987-05-08,-0.05440502613782883
1987-05-09,-0.041532065719366074
1987-05-10,-0.053369443863630295
1987-05-11,-0.017071997746825218
1987-05-12,-0.05521553382277489
1987-05-13,-0.04829256236553192
1987-05-14,-0.0890369564294815
1987-05-15,-0.10291709750890732
1987-05-16,-0.09496521949768066
1987-05-17,-0.0704522430896759
1987-05-18,-0.04535982757806778
1987-05-19,-0.05599398538470268
1987-05-20,-0.06243416666984558
1987-05-21,-0.05331239849328995
1987-05-22,-0.05264201760292053
1987-05-23,-0.053596481680870056
1987-05-24,-0.044999487698078156
1987-05-25,-0.030238788574934006
1987-05-26,-0.02295214869081974
1987-05-27,-0.015960242599248886
1987-05-28,-0.03935868665575981
1987-05-29,-0.05806639790534973
1987-05-30,-0.061992861330509186
1987-05-31,-0.07200765609741211
1987-06-01,-0.05286955088376999
1987-06-02,-0.06619679182767868
1987-06-03,-0.06001058220863342
1987-06-04,-0.08672383427619934
1987-06-05,-0.0752769261598587
1987-06-06,-0.05611623078584671
1987-06-07,-0.02882189117372036
1987-06-08,-0.004639083985239267
1987-06-09,0.01244521327316761
1987-06-10,0.007014160510152578
1987-06-11,0.028275376185774803
1987-06-12,0.01927090808749199
1987-06-13,0.0018799575045704842
1987-06-14,0.02209365926682949
1987-06-15,0.022861234843730927
1987-06-16,0.010704034939408302
1987-06-17,0.001067201141268015
1987-06-18,-0.010867279954254627
1987-06-19,-0.0257702749222517
1987-06-20,-0.019357940182089806
1987-06-21,-0.024956632405519485
1987-06-22,-0.006249898113310337
1987-06-23,-0.011891599744558334
1987-06-24,-0.0198588315397501
1987-06-25,-0.054340895265340805
1987-06-26,-0.04032335430383682
1987-06-27,-0.01831706240773201
1987-06-28,0.007939843460917473
1987-06-29,-0.00798763707280159
1987-06-30,0.0017922623082995415
1987-07-01,-0.002630149247124791
1987-07-02,-0.013036691583693027
1987-07-03,-0.027128176763653755
1987-07-04,-0.0141218900680542
1987-07-05,0.0033131588716059923
1987-07-06,-0.025110941380262375
1987-07-07,-0.025969646871089935
1987-07-08,-0.020686976611614227
1987-07-09,-0.039865560829639435
1987-07-10,-0.038751594722270966
1987-07-11,-0.04879562184214592
1987-07-12,-0.0395948588848114
1987-07-13,-0.06555093824863434
1987-07-14,-0.045126039534807205
1987-07-15,-0.04529769346117973
1987-07-16,-0.06543298065662384
1987-07-17,-0.07007044553756714
1987-07-18,-0.07131455838680267
1987-07-19,-0.07133513689041138
1987-07-20,-0.05412500351667404
1987-07-21,-0.06255993247032166
1987-07-22,-0.0627916231751442
1987-07-23,-0.05620087683200836
1987-07-24,-0.04200578108429909
1987-07-25,0.017373554408550262
1987-07-26,0.041161395609378815
1987-07-27,0.06839890033006668
1987-07-28,0.09032276272773743
1987-07-29,0.08845111727714539
1987-07-30,0.07235169410705566
1987-07-31,0.056839775294065475
1987-08-01,0.030933024361729622
1987-08-02,0.038338497281074524
1987-08-03,0.03402809426188469
1987-08-04,-0.00614590710029006
1987-08-05,-0.012050299905240536
1987-08-06,-0.04378592222929001
1987-08-07,-0.06838712096214294
1987-08-08,-0.0604715496301651
1987-08-09,-0.057383399456739426
1987-08-10,-0.0681997686624527
1987-08-11,-0.0783185288310051
1987-08-12,-0.07090814411640167
1987-08-13,-0.100600466132164
1987-08-14,-0.08719165623188019
1987-08-15,-0.08829952031373978
1987-08-16,-0.08415114879608154
1987-08-17,-0.08111460506916046
1987-08-18,-0.10474948585033417
1987-08-19,-0.11892697215080261
1987-08-20,-0.13432152569293976
1987-08-21,-0.10103536397218704
1987-08-22,-0.08365654200315475
1987-08-23,-0.07071677595376968
1987-08-24,-0.07684851437807083
1987-08-25,-0.061124563217163086
1987-08-26,-0.036377549171447754
1987-08-27,-0.04185536131262779
1987-08-28,-0.03746561333537102
1987-08-29,-0.0032584781292825937
1987-08-30,-0.01690281555056572
1987-08-31,-0.0020398572087287903
1987-09-01,0.011248484253883362
1987-09-02,0.025236256420612335
1987-09-03,0.04602591693401337
1987-09-04,0.037939656525850296
1987-09-05,0.016325686126947403
1987-09-06,0.02379927597939968
1987-09-07,0.04882509261369705
1987-09-08,0.03170642629265785
1987-09-09,0.007054310292005539
1987-09-10,0.026884259656071663
1987-09-11,-0.007487080525606871
1987-09-12,0.011137517169117928
1987-09-13,0.00048285265802405775
1987-09-14,-0.036867108196020126
1987-09-15,-0.028707707300782204
1987-09-16,-0.03498506918549538
1987-09-17,-0.04355216026306152
1987-09-18,-0.046096645295619965
1987-09-19,-0.040462229400873184
1987-09-20,-0.033913690596818924
1987-09-21,-0.028482794761657715
1987-09-22,-0.008939225226640701
1987-09-23,-0.005318407900631428
1987-09-24,0.005470829084515572
1987-09-25,0.0014897483633831143
1987-09-26,0.01563614420592785
1987-09-27,0.02026401087641716
1987-09-28,0.015262018889188766
1987-09-29,0.015981391072273254
1987-09-30,0.028344497084617615
1987-10-01,0.047993455082178116
1987-10-02,0.08630295097827911
1987-10-03,0.0811469629406929
1987-10-04,0.09969622641801834
1987-10-05,0.12581366300582886
1987-10-06,0.14473316073417664
1987-10-07,0.16458632051944733
1987-10-08,0.15984974801540375
1987-10-09,0.14963030815124512
1987-10-10,0.13101260364055634
1987-10-11,0.13758477568626404
1987-10-12,0.18014682829380035
1987-10-13,0.2055971324443817
1987-10-14,0.2095448225736618
1987-10-15,0.19834114611148834
1987-10-16,0.17042140662670135
1987-10-17,0.14878201484680176
1987-10-18,0.16018620133399963
1987-10-19,0.13362565636634827
1987-10-20,0.09845341742038727
1987-10-21,0.06701362133026123
1987-10-22,0.06983767449855804
1987-10-23,0.07085958868265152
1987-10-24,0.05136910453438759
1987-10-25,0.013757674023509026
1987-10-26,-0.009187860414385796
1987-10-27,-0.032158754765987396
1987-10-28,-0.040748074650764465
1987-10-29,-0.052620865404605865
1987-10-30,-0.07919789105653763
1987-10-31,-0.08304888755083084
1987-11-01,-0.09346479177474976
1987-11-02,-0.08600974082946777
1987-11-03,-0.08239680528640747
1987-11-04,-0.07739558070898056
1987-11-05,-0.10131768137216568
1987-11-06,-0.09904201328754425
1987-11-07,-0.10185015946626663
1987-11-08,-0.09703229367733002
1987-11-09,-0.09072030335664749
1987-11-10,-0.0857926607131958
1987-11-11,-0.07613804936408997
1987-11-12,-0.08617651462554932
1987-11-13,-0.08798830211162567
1987-11-14,-0.09803008288145065
1987-11-15,-0.10990035533905029
1987-11-16,-0.10653214156627655
1987-11-17,-0.09619319438934326
1987-11-18,-0.10085354745388031
1987-11-19,-0.11022675782442093
1987-11-20,-0.11637981235980988
1987-11-21,-0.10541890561580658
1987-11-22,-0.10497231036424637
1987-11-23,-0.10675542056560516
1987-11-24,-0.093043752014637
1987-11-25,-0.08006061613559723
1987-11-26,-0.057776063680648804
1987-11-27,-0.06543339788913727
1987-11-28,-0.11177308857440948
1987-11-29,-0.07992248237133026
1987-11-30,-0.054329726845026016
1987-12-01,-0.05765039473772049
1987-12-02,-0.06478653103113174
1987-12-03,-0.08248376846313477
1987-12-04,-0.07873187959194183
1987-12-05,-0.07865364849567413
1987-12-06,-0.09150578826665878
1987-12-07,-0.05966201424598694
1987-12-08,-0.08101291954517365
1987-12-09,-0.07042582333087921
1987-12-10,-0.09174032509326935
1987-12-11,-0.12467920780181885
1987-12-12,-0.127947136759758
1987-12-13,-0.12059314548969269
1987-12-14,-0.14290069043636322
1987-12-15,-0.1510717123746872
1987-12-16,-0.16698069870471954
1987-12-17,-0.15532977879047394
1987-12-18,-0.17655664682388306
1987-12-19,-0.15718166530132294
1987-12-20,-0.14934177696704865
1987-12-21,-0.14256484806537628
1987-12-22,-0.13691917061805725
1987-12-23,-0.13445112109184265
1987-12-24,-0.09913519024848938
1987-12-25,-0.13359381258487701
1987-12-26,-0.07901959121227264
1987-12-27,-0.06144838407635689
1987-12-28,-0.08841406553983688
1987-12-29,-0.10727434605360031
1987-12-30,-0.13177993893623352
1987-12-31,-0.12668061256408691
1988-01-01,-0.13866735994815826
1988-01-02,-0.12643828988075256
1988-01-03,-0.11622998863458633
1988-01-04,-0.09483948349952698
1988-01-05,-0.08966847509145737
1988-01-06,-0.10556420683860779
1988-01-07,-0.09538796544075012
1988-01-08,-0.08203849196434021
1988-01-09,-0.07558630406856537
1988-01-10,-0.08005908876657486
1988-01-11,-0.06832846254110336
1988-01-12,-0.08459071069955826
1988-01-13,-0.07037621736526489
1988-01-14,-0.056878067553043365
1988-01-15,-0.04983919486403465
1988-01-16,-0.050230130553245544
1988-01-17,-0.03906751051545143
1988-01-18,-0.031094200909137726
1988-01-19,-0.05401234328746796
1988-01-20,-0.05535260960459709
1988-01-21,-0.055995650589466095
1988-01-22,-0.05862651392817497
1988-01-23,-0.06776933372020721
1988-01-24,-0.052296966314315796
1988-01-25,-0.04953669011592865
1988-01-26,-0.0339181087911129
1988-01-27,-0.021775251254439354
1988-01-28,-0.0008002427639439702
1988-01-29,0.0074137975461781025
1988-01-30,0.014064567163586617
1988-01-31,0.02366243675351143
1988-02-01,0.028338246047496796
1988-02-02,0.04676303267478943
1988-02-03,0.03688998520374298
1988-02-04,0.05349345505237579
1988-02-05,0.05569314956665039
1988-02-06,0.058789707720279694
1988-02-07,0.05866759642958641
1988-02-08,0.05297623574733734
1988-02-09,0.09358052164316177
1988-02-10,0.08294279873371124
1988-02-11,0.09522059559822083
1988-02-12,0.09715095162391663
1988-02-13,0.09526215493679047
1988-02-14,0.10242478549480438
1988-02-15,0.11578262597322464
1988-02-16,0.10839728266000748
1988-02-17,0.11063618212938309
1988-02-18,0.09716036915779114
1988-02-19,0.10583976656198502
1988-02-20,0.08360888063907623
1988-02-21,0.08933401852846146
1988-02-22,0.10564765334129333
1988-02-23,0.08370040357112885
1988-02-24,0.08790329843759537
1988-02-25,0.11381503939628601
1988-02-26,0.0971665158867836
1988-02-27,0.0977092981338501
1988-02-28,0.09670495986938477
1988-02-29,0.07785185426473618
1988-03-01,0.05794249102473259
1988-03-02,0.05271173268556595
1988-03-03,0.07093576341867447
1988-03-04,0.0639750212430954
1988-03-05,0.06165890395641327
1988-03-06,0.07951852679252625
1988-03-07,0.09864549338817596
1988-03-08,0.09915059804916382
1988-03-09,0.11065857112407684
1988-03-10,0.12419925630092621
1988-03-11,0.08730390667915344
1988-03-12,0.07386737316846848
1988-03-13,0.06802534312009811
1988-03-14,0.04788723587989807
1988-03-15,0.02540653385221958
1988-03-16,0.02480914629995823
1988-03-17,0.01869793049991131
1988-03-18,-0.014115497469902039
1988-03-19,-0.028259845450520515
1988-03-20,-0.03472781926393509
1988-03-21,-0.03983599320054054
1988-03-22,-0.03012334741652012
1988-03-23,-0.049118489027023315
1988-03-24,-0.04720894619822502
1988-03-25,-0.0543065071105957
1988-03-26,-0.07184413075447083
1988-03-27,-0.08864016830921173
1988-03-28,-0.07799942046403885
1988-03-29,-0.09741982817649841
1988-03-30,-0.10300667583942413
1988-03-31,-0.10004425048828125
1988-04-01,-0.1088402047753334
1988-04-02,-0.1097649484872818
1988-04-03,-0.10480272024869919
1988-04-04,-0.10975704342126846
1988-04-05,-0.14448343217372894
1988-04-06,-0.1359407752752304
1988-04-07,-0.11975477635860443
1988-04-08,-0.12188644707202911
1988-04-09,-0.09929684549570084
1988-04-10,-0.06616557389497757
1988-04-11,-0.06317787617444992
1988-04-12,-0.07505718618631363
1988-04-13,-0.06603465229272842
1988-04-14,-0.0557924285531044
1988-04-15,-0.05875980854034424
1988-04-16,-0.044545866549015045
1988-04-17,-0.005261575803160667
1988-04-18,-0.003827793290838599
1988-04-19,-0.025312459096312523
1988-04-20,-0.004133956041187048
1988-04-21,-0.015872858464717865
1988-04-22,-0.03650461509823799
1988-04-23,-0.04739709571003914
1988-04-24,-0.02659549005329609
1988-04-25,-0.020043186843395233
1988-04-26,-0.01825214922428131
1988-04-27,-0.03838196024298668
1988-04-28,-0.013718532398343086
1988-04-29,-0.0003721163666341454
1988-04-30,0.019380679354071617
1988-05-01,0.041340962052345276
1988-05-02,0.046399831771850586
1988-05-03,0.06356395781040192
1988-05-04,0.07548072189092636
1988-05-05,0.08505473285913467
1988-05-06,0.07458166033029556
1988-05-07,0.04431729391217232
1988-05-08,0.049820564687252045
1988-05-09,0.073593370616436
1988-05-10,0.0648978054523468
1988-05-11,0.05464867129921913
1988-05-12,0.05490422621369362
1988-05-13,0.060657743364572525
1988-05-14,0.03770868852734566
1988-05-15,0.047657646238803864
1988-05-16,0.058402784168720245
1988-05-17,0.0634286105632782
1988-05-18,0.07004328817129135
1988-05-19,0.057797592133283615
1988-05-20,0.09013447165489197
1988-05-21,0.09046005457639694
1988-05-22,0.09551984816789627
1988-05-23,0.0715293362736702
1988-05-24,0.07939835637807846
1988-05-25,0.06875083595514297
1988-05-26,0.06988535821437836
1988-05-27,0.05722203850746155
1988-05-28,0.05157539248466492
1988-05-29,0.06299879401922226
1988-05-30,0.06128480285406113
1988-05-31,0.07407785207033157
1988-06-01,0.08597977459430695
1988-06-02,0.10515674948692322
1988-06-03,0.11172311007976532
1988-06-04,0.10274285078048706
1988-06-05,0.11857711523771286
1988-06-06,0.1298368275165558
1988-06-07,0.11877534538507462
1988-06-08,0.1140068918466568
1988-06-09,0.14354324340820312
1988-06-10,0.14232125878334045
1988-06-11,0.13119786977767944
1988-06-12,0.1384134739637375
1988-06-13,0.13736435770988464
1988-06-14,0.13135604560375214
1988-06-15,0.12414294481277466
1988-06-16,0.09515392035245895
1988-06-17,0.10334718972444534
1988-06-18,0.11994551867246628
1988-06-19,0.10926695913076401
1988-06-20,0.1115800216794014
1988-06-21,0.11265166103839874
1988-06-22,0.1089988648891449
1988-06-23,0.12651968002319336
1988-06-24,0.11954094469547272
1988-06-25,0.11896222829818726
1988-06-26,0.1422230750322342
1988-06-27,0.15994544327259064
1988-06-28,0.1541808545589447
1988-06-29,0.13808582723140717
1988-06-30,0.13778243958950043
1988-07-01,0.12267875671386719
1988-07-02,0.12206194549798965
1988-07-03,0.12899620831012726
1988-07-04,0.15267737209796906
1988-07-05,0.18658097088336945
1988-07-06,0.19803303480148315
1988-07-07,0.18801391124725342
1988-07-08,0.16101039946079254
1988-07-09,0.1641712188720703
1988-07-10,0.16522611677646637
1988-07-11,0.16175605356693268
1988-07-12,0.1781826764345169
1988-07-13,0.1552344262599945
1988-07-14,0.14591848850250244
1988-07-15,0.14832749962806702
1988-07-16,0.14436496794223785
1988-07-17,0.15292012691497803
1988-07-18,0.10600828379392624
1988-07-19,0.15573695302009583
1988-07-20,0.13339966535568237
1988-07-21,0.12976841628551483
1988-07-22,0.13171128928661346
1988-07-23,0.13631603121757507
1988-07-24,0.10701601207256317
1988-07-25,0.10992556065320969
1988-07-26,0.11639216542243958
1988-07-27,0.13482843339443207
1988-07-28,0.14290684461593628
1988-07-29,0.13457845151424408
1988-07-30,0.10572060942649841
1988-07-31,0.10848735272884369
1988-08-01,0.11747867614030838
1988-08-02,0.09084875881671906
1988-08-03,0.08430750668048859
1988-08-04,0.09480708837509155
1988-08-05,0.05455322191119194
1988-08-06,0.07096617668867111
1988-08-07,0.07247395813465118
1988-08-08,0.05224360153079033
1988-08-09,0.047032423317432404
1988-08-10,0.03542475402355194
1988-08-11,0.058844950050115585
1988-08-12,0.05063122510910034
1988-08-13,0.041260626167058945
1988-08-14,0.07574485242366791
1988-08-15,0.08132879436016083
1988-08-16,0.06512537598609924
1988-08-17,0.04284694045782089
1988-08-18,0.03725825622677803
1988-08-19,0.050139036029577255
1988-08-20,0.059137579053640366
1988-08-21,0.05686861276626587
1988-08-22,0.07121262699365616
1988-08-23,0.05643265321850777
1988-08-24,0.03834230825304985
1988-08-25,0.04323679581284523
1988-08-26,0.05993841588497162
1988-08-27,0.07658800482749939
1988-08-28,0.10229961574077606
1988-08-29,0.11162688583135605
1988-08-30,0.10083871334791183
1988-08-31,0.08569038659334183
1988-09-01,0.06580667942762375
1988-09-02,0.03632183000445366
1988-09-03,0.04118508845567703
1988-09-04,0.0494161956012249
1988-09-05,0.06539229303598404
1988-09-06,0.06583251804113388
1988-09-07,0.06529548764228821
1988-09-08,0.06757308542728424
1988-09-09,0.06280618906021118
1988-09-10,0.02739761956036091
1988-09-11,0.05394630879163742
1988-09-12,0.07857903093099594
1988-09-13,0.06964307278394699
1988-09-14,0.07748675346374512
1988-09-15,0.08193475008010864
1988-09-16,0.07822424173355103
1988-09-17,0.06268152594566345
1988-09-18,0.086347796022892
1988-09-19,0.09792289137840271
1988-09-20,0.09082892537117004
1988-09-21,0.08313380181789398
1988-09-22,0.06233038008213043
1988-09-23,0.04675455763936043
1988-09-24,0.05893236771225929
1988-09-25,0.0617593489587307
1988-09-26,0.05019861459732056
1988-09-27,0.029576003551483154
1988-09-28,0.040020670741796494
1988-09-29,0.04425080493092537
1988-09-30,0.007874100469052792
1988-10-01,0.028177425265312195
1988-10-02,0.0322275348007679
1988-10-03,0.046619758009910583
1988-10-04,0.04552536457777023
1988-10-05,0.04838934540748596
1988-10-06,0.03468397259712219
1988-10-07,0.04451579600572586
1988-10-08,0.041965268552303314
1988-10-09,0.03514769300818443
1988-10-10,0.0448441281914711
1988-10-11,0.048917386680841446
1988-10-12,0.033560846000909805
1988-10-13,0.02931261621415615
1988-10-14,0.006229027174413204
1988-10-15,-0.0030475223902612925
1988-10-16,-0.017764883115887642
1988-10-17,0.019408660009503365
1988-10-18,-0.0018599615432322025
1988-10-19,-0.01840713806450367
1988-10-20,-0.04764755815267563
1988-10-21,-0.00238906336016953
1988-10-22,0.012732688337564468
1988-10-23,0.023538224399089813
1988-10-24,0.03583262115716934
1988-10-25,0.01893271692097187
1988-10-26,0.02131042443215847
1988-10-27,0.03221382573246956
1988-10-28,-0.005256189499050379
1988-10-29,-0.008473850786685944
1988-10-30,-0.020173033699393272
1988-10-31,-0.0006122016347944736
1988-11-01,-0.02588832937180996
1988-11-02,-0.030284838750958443
1988-11-03,-0.03417026624083519
1988-11-04,-0.036491286009550095
1988-11-05,-0.060127805918455124
1988-11-06,-0.058841269463300705
1988-11-07,-0.04559043049812317
1988-11-08,-0.03904013708233833
1988-11-09,-0.05148511379957199
1988-11-10,-0.05280061811208725
1988-11-11,-0.04219268634915352
1988-11-12,-0.05130501836538315
1988-11-13,-0.0186243187636137
1988-11-14,-0.012165484949946404
1988-11-15,-0.040833763778209686
1988-11-16,-0.058374177664518356
1988-11-17,-0.06532048434019089
1988-11-18,-0.06865596026182175
1988-11-19,-0.05752694979310036
1988-11-20,-0.06253264099359512
1988-11-21,-0.059433724731206894
1988-11-22,-0.05725455284118652
1988-11-23,-0.044072993099689484
1988-11-24,-0.04599050432443619
1988-11-25,-0.02472223900258541
1988-11-26,-0.019022904336452484
1988-11-27,0.01378978043794632
1988-11-28,0.026941470801830292
1988-11-29,0.03631642833352089
1988-11-30,0.03923401981592178
1988-12-01,0.053136494010686874
1988-12-02,0.03771094232797623
1988-12-03,0.04366018995642662
1988-12-04,0.06947912275791168
1988-12-05,0.0610489621758461
1988-12-06,0.04969005286693573
1988-12-07,0.0856914222240448
1988-12-08,0.09272780269384384
1988-12-09,0.05073055624961853
1988-12-10,0.06972527503967285
1988-12-11,0.05007943883538246
1988-12-12,0.029238378629088402
1988-12-13,0.01732572354376316
1988-12-14,0.022462137043476105
1988-12-15,0.020729122683405876
1988-12-16,0.018947750329971313
1988-12-17,0.0022807628847658634
1988-12-18,-0.005414943210780621
1988-12-19,0.005164527799934149
1988-12-20,-0.002405453473329544
1988-12-21,-0.008762210607528687
1988-12-22,0.021570108830928802
1988-12-23,-0.006986665073782206
1988-12-24,0.00378605374135077
1988-12-25,0.002450833097100258
1988-12-26,0.04512656107544899
1988-12-27,0.031959205865859985
1988-12-28,0.03956792131066322
1988-12-29,0.03054196573793888
1988-12-30,0.03161055967211723
1988-12-31,0.04568306356668472
1989-01-01,0.05695253610610962
1989-01-02,0.04709440469741821
1989-01-03,0.06252562999725342
1989-01-04,0.06291554123163223
1989-01-05,0.07897055149078369
1989-01-06,0.07156196236610413
1989-01-07,0.05467279627919197
1989-01-08,0.032427072525024414
1989-01-09,0.03972087800502777
1989-01-10,0.04348518326878548
1989-01-11,0.03236537054181099
1989-01-12,0.057395126670598984
1989-01-13,0.046540167182683945
1989-01-14,0.048107974231243134
1989-01-15,0.056641243398189545
1989-01-16,0.0830095186829567
1989-01-17,0.08586560189723969
1989-01-18,0.06459979712963104
1989-01-19,0.06752889603376389
1989-01-20,0.07571165263652802
1989-01-21,0.0847344622015953
1989-01-22,0.10143721848726273
1989-01-23,0.10191763937473297
1989-01-24,0.09689275920391083
1989-01-25,0.09756874293088913
1989-01-26,0.09953145682811737
1989-01-27,0.11274105310440063
1989-01-28,0.1315494179725647
1989-01-29,0.11465954035520554
1989-01-30,0.12064135819673538
1989-01-31,0.10785357654094696
1989-02-01,0.10800312459468842
1989-02-02,0.11118470132350922
1989-02-03,0.12112285196781158
1989-02-04,0.13048356771469116
1989-02-05,0.1300443410873413
1989-02-06,0.12871672213077545
1989-02-07,0.1437733769416809
1989-02-08,0.13744208216667175
1989-02-09,0.12236423790454865
1989-02-10,0.14282149076461792
1989-02-11,0.13711397349834442
1989-02-12,0.13939271867275238
1989-02-13,0.15224750339984894
1989-02-14,0.16762596368789673
1989-02-15,0.167412668466568
1989-02-16,0.1718107908964157
1989-02-17,0.17173123359680176
1989-02-18,0.15694694221019745
1989-02-19,0.15287771821022034
1989-02-20,0.1421564370393753
1989-02-21,0.16866229474544525
1989-02-22,0.1423684060573578
1989-02-23,0.13797390460968018
1989-02-24,0.13590124249458313
1989-02-25,0.11433223634958267
1989-02-26,0.1067022755742073
1989-02-27,0.10899278521537781
1989-02-28,0.10288307815790176
1989-03-01,0.0726110190153122
1989-03-02,0.07874161005020142
1989-03-03,0.07127189636230469
1989-03-04,0.07165873795747757
1989-03-05,0.10149786621332169
1989-03-06,0.1126021146774292
1989-03-07,0.11793968826532364
1989-03-08,0.12934891879558563
1989-03-09,0.12737515568733215
1989-03-10,0.13401375710964203
1989-03-11,0.1006985530257225
1989-03-12,0.10534965991973877
1989-03-13,0.11741209775209427
1989-03-14,0.10748812556266785
1989-03-15,0.09931042045354843
1989-03-16,0.10526242107152939
1989-03-17,0.09552624076604843
1989-03-18,0.06874657422304153
1989-03-19,0.06097538769245148
1989-03-20,0.07211100310087204
1989-03-21,0.0651184543967247
1989-03-22,0.05559566989541054
1989-03-23,0.04798594489693642
1989-03-24,0.03348129615187645
1989-03-25,0.03023865446448326
1989-03-26,0.0640278086066246
1989-03-27,0.06497738510370255
1989-03-28,0.05503508076071739
1989-03-29,0.03567643463611603
1989-03-30,0.05632974952459335
1989-03-31,0.06010141223669052
1989-04-01,0.058220330625772476
1989-04-02,0.05256062373518944
1989-04-03,0.042707763612270355
1989-04-04,0.03559890761971474
1989-04-05,0.03770171478390694
1989-04-06,0.030414260923862457
1989-04-07,-0.010055248625576496
1989-04-08,-0.02641482837498188
1989-04-09,-0.03629744052886963
1989-04-10,-0.0210527703166008
1989-04-11,-0.005856952629983425
1989-04-12,-0.00020055961795151234
1989-04-13,-0.001763971522450447
1989-04-14,-0.003330567851662636
1989-04-15,0.0039246417582035065
1989-04-16,0.021587153896689415
1989-04-17,0.043142955750226974
1989-04-18,0.037555065006017685
1989-04-19,0.03925134986639023
1989-04-20,0.03062286414206028
1989-04-21,0.03190971910953522
1989-04-22,0.029582174494862556
1989-04-23,0.020256757736206055
1989-04-24,0.007300257217139006
1989-04-25,-0.0033303871750831604
1989-04-26,0.013172128237783909
1989-04-27,0.0018405381124466658
1989-04-28,0.0025456384755671024
1989-04-29,0.016588818281888962
1989-04-30,0.014114925637841225
1989-05-01,0.03574711084365845
1989-05-02,0.03117615543305874
1989-05-03,0.0491950660943985
1989-05-04,0.051001112908124924
1989-05-05,0.04532391205430031
1989-05-06,0.023178689181804657
1989-05-07,0.01562509313225746
1989-05-08,0.004720261320471764
1989-05-09,0.013640771619975567
1989-05-10,-0.0011505376314744353
1989-05-11,-0.018433598801493645
1989-05-12,-0.0290084145963192
1989-05-13,-0.02073436602950096
1989-05-14,-0.021570054814219475
1989-05-15,-0.01779576763510704
1989-05-16,-0.001448064111173153
1989-05-17,0.03297329321503639
1989-05-18,0.03230689838528633
1989-05-19,0.031081466004252434
1989-05-20,0.009744752198457718
1989-05-21,0.034698549658060074
1989-05-22,0.05147679150104523
1989-05-23,0.039799317717552185
1989-05-24,0.07225051522254944
1989-05-25,0.08577203750610352
1989-05-26,0.05846134573221207
1989-05-27,0.025501396507024765
1989-05-28,0.023115118965506554
1989-05-29,0.017002439126372337
1989-05-30,-0.03806430846452713
1989-05-31,-0.02586757391691208
1989-06-01,-0.01998978853225708
1989-06-02,-0.036187026649713516
1989-06-03,-0.05318950489163399
1989-06-04,-0.04346713051199913
1989-06-05,-0.033253297209739685
1989-06-06,-0.018396751955151558
1989-06-07,-0.010024185292422771
1989-06-08,0.010460644960403442
1989-06-09,0.022699346765875816
1989-06-10,0.039013076573610306
1989-06-11,0.03792254254221916
1989-06-12,0.03605654090642929
1989-06-13,0.051398105919361115
1989-06-14,0.05140370875597
1989-06-15,0.052992288023233414
1989-06-16,0.04824278503656387
1989-06-17,0.026735739782452583
1989-06-18,0.03676508367061615
1989-06-19,0.04068446159362793
1989-06-20,0.04587189853191376
1989-06-21,0.044236499816179276
1989-06-22,0.022149138152599335
1989-06-23,0.02987094037234783
1989-06-24,0.05162438005208969
1989-06-25,0.07187384366989136
1989-06-26,0.07180379331111908
1989-06-27,0.07915540039539337
1989-06-28,0.08041350543498993
1989-06-29,0.0793454721570015
1989-06-30,0.062186770141124725
1989-07-01,0.03915556147694588
1989-07-02,0.037065260112285614
1989-07-03,0.05208582058548927
1989-07-04,0.09419489651918411
1989-07-05,0.10877440869808197
1989-07-06,0.09969297796487808
1989-07-07,0.10529593378305435
1989-07-08,0.09616836160421371
1989-07-09,0.11507793515920639
1989-07-10,0.13793237507343292
1989-07-11,0.1282597780227661
1989-07-12,0.11461663991212845
1989-07-13,0.1112261414527893
1989-07-14,0.07577204704284668
1989-07-15,0.040873147547245026
1989-07-16,0.05657975748181343
1989-07-17,0.057708509266376495
1989-07-18,0.052634235471487045
1989-07-19,0.04155450314283371
1989-07-20,0.04404347389936447
1989-07-21,0.05150243639945984
1989-07-22,0.044134803116321564
1989-07-23,0.06522206217050552
1989-07-24,0.08198747038841248
1989-07-25,0.12925982475280762
1989-07-26,0.09889627993106842
1989-07-27,0.09770120680332184
1989-07-28,0.06258630752563477
1989-07-29,0.07485993206501007
1989-07-30,0.0769515112042427
1989-07-31,0.08729032427072525
1989-08-01,0.0974806621670723
1989-08-02,0.09901797026395798
1989-08-03,0.11116224527359009
1989-08-04,0.0849718451499939
1989-08-05,0.08650243282318115
1989-08-06,0.10142897814512253
1989-08-07,0.11121761798858643
1989-08-08,0.09095780551433563
1989-08-09,0.07428258657455444
1989-08-10,0.08682181686162949
1989-08-11,0.10411329567432404
1989-08-12,0.09867646545171738
1989-08-13,0.06414606422185898
1989-08-14,0.04544574394822121
1989-08-15,0.008301923051476479
1989-08-16,0.023116765543818474
1989-08-17,-0.001030450570397079
1989-08-18,-0.004273878876119852
1989-08-19,0.001421326887793839
1989-08-20,0.009590266272425652
1989-08-21,0.008390129543840885
1989-08-22,-0.031742654740810394
1989-08-23,-0.06250546872615814
1989-08-24,-0.06366417557001114
1989-08-25,-0.08839169144630432
1989-08-26,-0.14142218232154846
1989-08-27,-0.14274343848228455
1989-08-28,-0.12635478377342224
1989-08-29,-0.14396654069423676
1989-08-30,-0.13244687020778656
1989-08-31,-0.12029732018709183
1989-09-01,-0.11372393369674683
1989-09-02,-0.10469527542591095
1989-09-03,-0.10064072906970978
1989-09-04,-0.09835197776556015
1989-09-05,-0.08704615384340286
1989-09-06,-0.08565179258584976
1989-09-07,-0.09659787267446518
1989-09-08,-0.0896366611123085
1989-09-09,-0.11230295896530151
1989-09-10,-0.07249919325113297
1989-09-11,-0.06229536607861519
1989-09-12,-0.06395063549280167
1989-09-13,-0.0650709941983223
1989-09-14,-0.030637290328741074
1989-09-15,-0.030921200290322304
1989-09-16,-0.031294193118810654
1989-09-17,-0.0051271673291921616
1989-09-18,0.006171548273414373
1989-09-19,-0.0012343889102339745
1989-09-20,-0.01100565679371357
1989-09-21,0.0021351247560232878
1989-09-22,0.0037575478199869394
1989-09-23,0.013554912991821766
1989-09-24,0.017327724024653435
1989-09-25,0.009539821185171604
1989-09-26,0.005773414392024279
1989-09-27,0.019200434908270836
1989-09-28,0.021644175052642822
1989-09-29,0.049929652363061905
1989-09-30,0.08137303590774536
1989-10-01,0.10294093191623688
1989-10-02,0.1265394240617752
1989-10-03,0.12227799743413925
1989-10-04,0.13955524563789368
1989-10-05,0.14619043469429016
1989-10-06,0.14582152664661407
1989-10-07,0.13980597257614136
1989-10-08,0.16014033555984497
1989-10-09,0.1719847172498703
1989-10-10,0.16306263208389282
1989-10-11,0.13807013630867004
1989-10-12,0.13394205272197723
1989-10-13,0.12997877597808838
1989-10-14,0.11881262063980103
1989-10-15,0.09878916293382645
1989-10-16,0.08284866064786911
1989-10-17,0.05617157369852066
1989-10-18,0.04598550125956535
1989-10-19,0.02549460530281067
1989-10-20,0.031454555690288544
1989-10-21,0.05426347255706787
1989-10-22,0.07307334989309311
1989-10-23,0.05119113251566887
1989-10-24,0.03077550232410431
1989-10-25,0.017515789717435837
1989-10-26,0.029382726177573204
1989-10-27,0.02775345742702484
1989-10-28,0.011755687184631824
1989-10-29,-0.00033915662788785994
1989-10-30,0.014896164648234844
1989-10-31,0.003788843983784318
1989-11-01,0.00753756333142519
1989-11-02,0.0066033173352479935
1989-11-03,-0.008390846662223339
1989-11-04,-0.01784466952085495
1989-11-05,-0.024476200342178345
1989-11-06,-0.025172576308250427
1989-11-07,-0.0283195823431015
1989-11-08,-0.02370176650583744
1989-11-09,-0.015127809718251228
1989-11-10,-0.009069211781024933
1989-11-11,0.009258614853024483
1989-11-12,0.014345986768603325
1989-11-13,0.04629746824502945
1989-11-14,0.08062669634819031
1989-11-15,0.09522226452827454
1989-11-16,0.06823639571666718
1989-11-17,0.06816139817237854
1989-11-18,0.037671416997909546
1989-11-19,0.06637576222419739
1989-11-20,0.0524393655359745
1989-11-21,0.031401101499795914
1989-11-22,0.023030206561088562
1989-11-23,0.009823238477110863
1989-11-24,0.023344580084085464
1989-11-25,0.008610465563833714
1989-11-26,-0.0076874662190675735
1989-11-27,-0.0005511397612281144
1989-11-28,0.006979234050959349
1989-11-29,0.02395399659872055
1989-11-30,-0.0012696183985099196
1989-12-01,0.020101230591535568
1989-12-02,0.006079398561269045
1989-12-03,0.025319285690784454
1989-12-04,0.04866589978337288
1989-12-05,0.05386866256594658
1989-12-06,0.05178019776940346
1989-12-07,0.04923711344599724
1989-12-08,0.03615203872323036
1989-12-09,0.025279467925429344
1989-12-10,0.05216239392757416
1989-12-11,0.06737827509641647
1989-12-12,0.07793433219194412
1989-12-13,0.04836345836520195
1989-12-14,0.05055227875709534
1989-12-15,0.03925880417227745
1989-12-16,0.007096455432474613
1989-12-17,0.011199304834008217
1989-12-18,0.01599389687180519
1989-12-19,0.002683698432520032
1989-12-20,-0.0258428193628788
1989-12-21,-0.028148403391242027
1989-12-22,-0.008797449991106987
1989-12-23,0.014810476452112198
1989-12-24,0.02372562885284424
1989-12-25,0.042089302092790604
1989-12-26,0.05692574009299278
1989-12-27,0.07136551290750504
1989-12-28,0.0806863009929657
1989-12-29,0.08278542011976242
1989-12-30,0.07140754908323288
1989-12-31,0.055675312876701355
1990-01-01,0.06303685158491135
1990-01-02,0.03110571578145027
1990-01-03,0.03345318138599396
1990-01-04,0.024844780564308167
1990-01-05,0.046997249126434326
1990-01-06,0.036395829170942307
1990-01-07,0.05253225564956665
1990-01-08,0.07165781408548355
1990-01-09,0.07178992033004761
1990-01-10,0.05695774033665657
1990-01-11,0.06453686952590942
1990-01-12,0.06793598085641861
1990-01-13,0.0690569207072258
1990-01-14,0.08454618602991104
1990-01-15,0.10292570292949677
1990-01-16,0.10856227576732635
1990-01-17,0.09747177362442017
1990-01-18,0.07416640967130661
1990-01-19,0.07872547209262848
1990-01-20,0.0632355809211731
1990-01-21,0.0638374462723732
1990-01-22,0.07065359503030777
1990-01-23,0.0758710652589798
1990-01-24,0.07279671728610992
1990-01-25,0.06223653256893158
1990-01-26,0.049533285200595856
1990-01-27,0.06595408916473389
1990-01-28,0.07004588842391968
1990-01-29,0.06159943714737892
1990-01-30,0.07646387070417404
1990-01-31,0.0651869997382164
1990-02-01,0.06942582875490189
1990-02-02,0.05941976606845856
1990-02-03,0.06394561380147934
1990-02-04,0.08188116550445557
1990-02-05,0.07626377046108246
1990-02-06,0.04723355919122696
1990-02-07,0.07077651470899582
1990-02-08,0.08058884739875793
1990-02-09,0.06530805677175522
1990-02-10,0.06870874017477036
1990-02-11,0.06450832635164261
1990-02-12,0.09765385091304779
1990-02-13,0.11546971648931503
1990-02-14,0.09867511689662933
1990-02-15,0.10403862595558167
1990-02-16,0.08008640259504318
1990-02-17,0.07748487591743469
1990-02-18,0.061586491763591766
1990-02-19,0.05473514646291733
1990-02-20,0.03758982568979263
1990-02-21,0.02219809778034687
1990-02-22,0.012259038165211678
1990-02-23,0.013251429423689842
1990-02-24,0.024506302550435066
1990-02-25,0.05009826272726059
1990-02-26,0.03563857823610306
1990-02-27,0.03156218305230141
1990-02-28,0.04530051350593567
1990-03-01,0.05881839618086815
1990-03-02,0.047669943422079086
1990-03-03,0.04163376986980438
1990-03-04,0.060795970261096954
1990-03-05,0.0784241110086441
1990-03-06,0.07278354465961456
1990-03-07,0.08736717700958252
1990-03-08,0.06933040171861649
1990-03-09,0.05029485002160072
1990-03-10,0.04908519238233566
1990-03-11,0.05617990717291832
1990-03-12,0.05607704073190689
1990-03-13,0.04024791717529297
1990-03-14,0.035234235227108
1990-03-15,0.048938870429992676
1990-03-16,0.00872793234884739
1990-03-17,0.01572372391819954
1990-03-18,0.010318238288164139
1990-03-19,0.015618016943335533
1990-03-20,-0.012870926409959793
1990-03-21,-0.014258344657719135
1990-03-22,-0.012938540428876877
1990-03-23,-0.01830015704035759
1990-03-24,0.005910797044634819
1990-03-25,0.00955045036971569
1990-03-26,0.02159571647644043
1990-03-27,0.02530406229197979
1990-03-28,0.030193829908967018
1990-03-29,0.035778749734163284
1990-03-30,0.04443058371543884
1990-03-31,0.017919203266501427
1990-04-01,0.0221579447388649
1990-04-02,0.005562726873904467
1990-04-03,-0.006070032715797424
1990-04-04,-0.00025022969930432737
1990-04-05,0.002530755940824747
1990-04-06,-0.0021852701902389526
1990-04-07,-0.011833745054900646
1990-04-08,0.0017797084292396903
1990-04-09,0.028392795473337173
1990-04-10,0.020568963140249252
1990-04-11,0.021337438374757767
1990-04-12,-0.00395213533192873
1990-04-13,-0.0025744051672518253
1990-04-14,0.012813878245651722
1990-04-15,0.016497597098350525
1990-04-16,0.005695379339158535
1990-04-17,0.019591741263866425
1990-04-18,0.01584998331964016
1990-04-19,0.025958402082324028
1990-04-20,0.00665684137493372
1990-04-21,0.003909644670784473
1990-04-22,0.023475222289562225
1990-04-23,0.0543212890625
1990-04-24,0.04765162616968155
1990-04-25,0.05317738652229309
1990-04-26,0.040441934019327164
1990-04-27,0.04852158576250076
1990-04-28,0.021840346977114677
1990-04-29,0.009418166242539883
1990-04-30,0.004892783705145121
1990-05-01,-0.01847320981323719
1990-05-02,-0.027049053460359573
1990-05-03,-0.006844979710876942
1990-05-04,-0.010363556444644928
1990-05-05,-0.034673675894737244
1990-05-06,-0.027142027392983437
1990-05-07,-0.01688108593225479
1990-05-08,-0.006653688382357359
1990-05-09,-0.0277343038469553
1990-05-10,-0.027513887733221054
1990-05-11,-0.04612069949507713
1990-05-12,-0.05056700482964516
1990-05-13,-0.0352911539375782
1990-05-14,-0.045151326805353165
1990-05-15,-0.03723917528986931
1990-05-16,-0.03945009037852287
1990-05-17,-0.029600931331515312
1990-05-18,-0.047931063920259476
1990-05-19,-0.06848549097776413
1990-05-20,-0.07253113389015198
1990-05-21,-0.07948671281337738
1990-05-22,-0.029259325936436653
1990-05-23,-0.050715718418359756
1990-05-24,-0.059837501496076584
1990-05-25,-0.05103759467601776
1990-05-26,-0.029171204194426537
1990-05-27,-0.029108090326189995
1990-05-28,-0.01951494999229908
1990-05-29,-0.015651380643248558
1990-05-30,-0.004661159589886665
1990-05-31,0.0015056735137477517
1990-06-01,-0.022106530144810677
1990-06-02,-0.018851255998015404
1990-06-03,-0.015229416079819202
1990-06-04,0.007894214242696762
1990-06-05,0.0020419531501829624
1990-06-06,0.02811436541378498
1990-06-07,0.03463813289999962
1990-06-08,0.05232774093747139
1990-06-09,0.03544824942946434
1990-06-10,0.044395800679922104
1990-06-11,0.06518064439296722
1990-06-12,0.07845012843608856
1990-06-13,0.09236381947994232
1990-06-14,0.037814315408468246
1990-06-15,0.04534417390823364
1990-06-16,0.03677331656217575
1990-06-17,0.06211952492594719
1990-06-18,0.053827278316020966
1990-06-19,0.08319686353206635
1990-06-20,0.08277557045221329
1990-06-21,0.07329946756362915
1990-06-22,0.05039246380329132
1990-06-23,0.06483777612447739
1990-06-24,0.1070418581366539
1990-06-25,0.1130715161561966
1990-06-26,0.09480538219213486
1990-06-27,0.08909938484430313
1990-06-28,0.09001584351062775
1990-06-29,0.10754640400409698
1990-06-30,0.12704023718833923
1990-07-01,0.12979547679424286
1990-07-02,0.12426993995904922
1990-07-03,0.11041700839996338
1990-07-04,0.07906930893659592
1990-07-05,0.09992264211177826
1990-07-06,0.11233767867088318
1990-07-07,0.10407690703868866
1990-07-08,0.08454418927431107
1990-07-09,0.09561043232679367
1990-07-10,0.08656108379364014
1990-07-11,0.0754687488079071
1990-07-12,0.09313739836215973
1990-07-13,0.10821483284235
1990-07-14,0.08977988362312317
1990-07-15,0.08019402623176575
1990-07-16,0.07126825302839279
1990-07-17,0.026415938511490822
1990-07-18,0.0005162201123312116
1990-07-19,-0.010954102501273155
1990-07-20,0.004452317953109741
1990-07-21,-0.0007275841198861599
1990-07-22,-0.0026144166477024555
1990-07-23,-0.02747257798910141
1990-07-24,-0.04050231724977493
1990-07-25,-0.04795905202627182
1990-07-26,-0.04092996194958687
1990-07-27,-0.04742710292339325
1990-07-28,-0.053370364010334015
1990-07-29,-0.06878296285867691
1990-07-30,-0.052740518003702164
1990-07-31,-0.07592900097370148
1990-08-01,-0.09156948328018188
1990-08-02,-0.08847513049840927
1990-08-03,-0.1265907734632492
1990-08-04,-0.1554422676563263
1990-08-05,-0.13736554980278015
1990-08-06,-0.11910627037286758
1990-08-07,-0.1506168395280838
1990-08-08,-0.1850435435771942
1990-08-09,-0.18535169959068298
1990-08-10,-0.12774808704853058
1990-08-11,-0.1597481369972229
1990-08-12,-0.13889437913894653
1990-08-13,-0.16600950062274933
1990-08-14,-0.17256398499011993
1990-08-15,-0.17746804654598236
1990-08-16,-0.16964855790138245
1990-08-17,-0.17959439754486084
1990-08-18,-0.24118739366531372
1990-08-19,-0.2446061372756958
1990-08-20,-0.23753029108047485
1990-08-21,-0.24482406675815582
1990-08-22,-0.22573994100093842
1990-08-23,-0.2133072465658188
1990-08-24,-0.25298431515693665
1990-08-25,-0.21956415474414825
1990-08-26,-0.21800003945827484
1990-08-27,-0.2276223599910736
1990-08-28,-0.2399926781654358
1990-08-29,-0.25801730155944824
1990-08-30,-0.257391095161438
1990-08-31,-0.2555275559425354
1990-09-01,-0.24845464527606964
1990-09-02,-0.26840829849243164
1990-09-03,-0.2519102096557617
1990-09-04,-0.2705734670162201
1990-09-05,-0.2642825245857239
1990-09-06,-0.23561310768127441
1990-09-07,-0.2371050864458084
1990-09-08,-0.25981903076171875
1990-09-09,-0.2496781200170517
1990-09-10,-0.22741283476352692
1990-09-11,-0.2411876767873764
1990-09-12,-0.24101097881793976
1990-09-13,-0.2283346951007843
1990-09-14,-0.23608307540416718
1990-09-15,-0.25505614280700684
1990-09-16,-0.24348480999469757
1990-09-17,-0.20574940741062164
1990-09-18,-0.21883980929851532
1990-09-19,-0.23052723705768585
1990-09-20,-0.2388017177581787
1990-09-21,-0.24353919923305511
1990-09-22,-0.253571093082428
1990-09-23,-0.2553965151309967
1990-09-24,-0.26543810963630676
1990-09-25,-0.2935165762901306
1990-09-26,-0.3226969242095947
1990-09-27,-0.327097088098526
1990-09-28,-0.30570778250694275
1990-09-29,-0.28909221291542053
1990-09-30,-0.28521984815597534
1990-10-01,-0.27988868951797485
1990-10-02,-0.2596869170665741
1990-10-03,-0.24750925600528717
1990-10-04,-0.24155071377754211
1990-10-05,-0.25741133093833923
1990-10-06,-0.2795383036136627
1990-10-07,-0.29122307896614075
1990-10-08,-0.2893088459968567
1990-10-09,-0.2922682762145996
1990-10-10,-0.2622453570365906
1990-10-11,-0.26198890805244446
1990-10-12,-0.23607751727104187
1990-10-13,-0.21897104382514954
1990-10-14,-0.21327315270900726
1990-10-15,-0.21905821561813354
1990-10-16,-0.21013641357421875
1990-10-17,-0.2017473578453064
1990-10-18,-0.19848310947418213
1990-10-19,-0.20647229254245758
1990-10-20,-0.19794875383377075
1990-10-21,-0.20372836291790009
1990-10-22,-0.19628292322158813
1990-10-23,-0.1922447234392166
1990-10-24,-0.20280390977859497
1990-10-25,-0.18982604146003723
1990-10-26,-0.17528851330280304
1990-10-27,-0.15740425884723663
1990-10-28,-0.153661847114563
1990-10-29,-0.15559199452400208
1990-10-30,-0.16671879589557648
1990-10-31,-0.158447727560997
1990-11-01,-0.15831886231899261
1990-11-02,-0.1834077388048172
1990-11-03,-0.20104944705963135
1990-11-04,-0.18304918706417084
1990-11-05,-0.19804958999156952
1990-11-06,-0.1664469838142395
1990-11-07,-0.1678675413131714
1990-11-08,-0.17103829979896545
1990-11-09,-0.1732853353023529
1990-11-10,-0.19327539205551147
1990-11-11,-0.1893787682056427
1990-11-12,-0.19171448051929474
1990-11-13,-0.21381840109825134
1990-11-14,-0.23423288762569427
1990-11-15,-0.22108718752861023
1990-11-16,-0.22758010029792786
1990-11-17,-0.23036900162696838
1990-11-18,-0.2286352664232254
1990-11-19,-0.22717338800430298
1990-11-20,-0.22625643014907837
1990-11-21,-0.22091759741306305
1990-11-22,-0.2250576764345169
1990-11-23,-0.24524155259132385
1990-11-24,-0.24336329102516174
1990-11-25,-0.23530006408691406
1990-11-26,-0.25831514596939087
1990-11-27,-0.26637396216392517
1990-11-28,-0.2409801185131073
1990-11-29,-0.23325832188129425
1990-11-30,-0.237892284989357
1990-12-01,-0.24982845783233643
1990-12-02,-0.23001544177532196
1990-12-03,-0.23561766743659973
1990-12-04,-0.28282400965690613
1990-12-05,-0.2711142599582672
1990-12-06,-0.27221477031707764
1990-12-07,-0.2808868885040283
1990-12-08,-0.29087603092193604
1990-12-09,-0.2754812240600586
1990-12-10,-0.23636698722839355
1990-12-11,-0.237614244222641
1990-12-12,-0.24241434037685394
1990-12-13,-0.2287348359823227
1990-12-14,-0.23654821515083313
1990-12-15,-0.24812723696231842
1990-12-16,-0.23610351979732513
1990-12-17,-0.2551073729991913
1990-12-18,-0.2726437747478485
1990-12-19,-0.2717280685901642
1990-12-20,-0.24496732652187347
1990-12-21,-0.2265911102294922
1990-12-22,-0.2198866605758667
1990-12-23,-0.22587373852729797
1990-12-24,-0.24829576909542084
1990-12-25,-0.19514285027980804
1990-12-26,-0.19427837431430817
1990-12-27,-0.20096281170845032
1990-12-28,-0.21539810299873352
1990-12-29,-0.2118643969297409
1990-12-30,-0.21640925109386444
1990-12-31,-0.19505050778388977
1991-01-01,-0.20797906816005707
1991-01-02,-0.24013276398181915
1991-01-03,-0.25082260370254517
1991-01-04,-0.2510420083999634
1991-01-05,-0.2745324671268463
1991-01-06,-0.27536672353744507
1991-01-07,-0.2812606990337372
1991-01-08,-0.2882148027420044
1991-01-09,-0.30065715312957764
1991-01-10,-0.27406349778175354
1991-01-11,-0.28016480803489685
1991-01-12,-0.3097230792045593
1991-01-13,-0.31665870547294617
1991-01-14,-0.3176472783088684
1991-01-15,-0.30734509229660034
1991-01-16,-0.31760454177856445
1991-01-17,-0.33083051443099976
1991-01-18,-0.3393118679523468
1991-01-19,-0.3490479290485382
1991-01-20,-0.3325987160205841
1991-01-21,-0.3371303677558899
1991-01-22,-0.3241618871688843
1991-01-23,-0.3282759487628937
1991-01-24,-0.3321898281574249
1991-01-25,-0.3343595862388611
1991-01-26,-0.3100122809410095
1991-01-27,-0.31233543157577515
1991-01-28,-0.3077613115310669
1991-01-29,-0.3063465356826782
1991-01-30,-0.3032418191432953
1991-01-31,-0.2985053062438965
1991-02-01,-0.3188256025314331
1991-02-02,-0.34972208738327026
1991-02-03,-0.3723456561565399
1991-02-04,-0.35374099016189575
1991-02-05,-0.33964332938194275
1991-02-06,-0.33852922916412354
1991-02-07,-0.34059375524520874
1991-02-08,-0.3513425290584564
1991-02-09,-0.3168264329433441
1991-02-10,-0.30933281779289246
1991-02-11,-0.31272032856941223
1991-02-12,-0.32615116238594055
1991-02-13,-0.32794860005378723
1991-02-14,-0.3240652084350586
1991-02-15,-0.31683051586151123
1991-02-16,-0.30506062507629395
1991-02-17,-0.2970583438873291
1991-02-18,-0.2883899509906769
1991-02-19,-0.2893989086151123
1991-02-20,-0.28120341897010803
1991-02-21,-0.2675219476222992
1991-02-22,-0.2582342326641083
1991-02-23,-0.22724400460720062
1991-02-24,-0.20870688557624817
1991-02-25,-0.216815784573555
1991-02-26,-0.2006697654724121
1991-02-27,-0.17931777238845825
1991-02-28,-0.1875593066215515
1991-03-01,-0.18763414025306702
1991-03-02,-0.1998782604932785
1991-03-03,-0.16929706931114197
1991-03-04,-0.1871369183063507
1991-03-05,-0.20065823197364807
1991-03-06,-0.21915976703166962
1991-03-07,-0.20459170639514923
1991-03-08,-0.22730590403079987
1991-03-09,-0.2634430527687073
1991-03-10,-0.2390287071466446
1991-03-11,-0.21890950202941895
1991-03-12,-0.21601024270057678
1991-03-13,-0.2188151627779007
1991-03-14,-0.21111179888248444
1991-03-15,-0.22644774615764618
1991-03-16,-0.22918204963207245
1991-03-17,-0.22719968855381012
1991-03-18,-0.21137802302837372
1991-03-19,-0.1985665261745453
1991-03-20,-0.21758288145065308
1991-03-21,-0.19966723024845123
1991-03-22,-0.18929509818553925
1991-03-23,-0.20682285726070404
1991-03-24,-0.19928812980651855
1991-03-25,-0.19246171414852142
1991-03-26,-0.18226255476474762
1991-03-27,-0.14878426492214203
1991-03-28,-0.13874207437038422
1991-03-29,-0.13367120921611786
1991-03-30,-0.11498824506998062
1991-03-31,-0.10601441562175751
1991-04-01,-0.09128350764513016
1991-04-02,-0.0849381610751152
1991-04-03,-0.07541859149932861
1991-04-04,-0.10445116460323334
1991-04-05,-0.14239829778671265
1991-04-06,-0.17317435145378113
1991-04-07,-0.14773645997047424
1991-04-08,-0.15852588415145874
1991-04-09,-0.1575818508863449
1991-04-10,-0.16464385390281677
1991-04-11,-0.1622142493724823
1991-04-12,-0.15284918248653412
1991-04-13,-0.15632960200309753
1991-04-14,-0.1328142285346985
1991-04-15,-0.09489869326353073
1991-04-16,-0.09744548797607422
1991-04-17,-0.08861057460308075
1991-04-18,-0.10095549374818802
1991-04-19,-0.1132768988609314
1991-04-20,-0.14093084633350372
1991-04-21,-0.11895256489515305
1991-04-22,-0.10866063088178635
1991-04-23,-0.11183883994817734
1991-04-24,-0.10854799300432205
1991-04-25,-0.11128991842269897
1991-04-26,-0.12920114398002625
1991-04-27,-0.12693141400814056
1991-04-28,-0.14765159785747528
1991-04-29,-0.14634741842746735
1991-04-30,-0.14073531329631805
1991-05-01,-0.13042052090168
1991-05-02,-0.12277593463659286
1991-05-03,-0.12170706689357758
1991-05-04,-0.14647696912288666
1991-05-05,-0.15945328772068024
1991-05-06,-0.14426612854003906
1991-05-07,-0.13545221090316772
1991-05-08,-0.13264039158821106
1991-05-09,-0.12921573221683502
1991-05-10,-0.13427214324474335
1991-05-11,-0.13406667113304138
1991-05-12,-0.12895075976848602
1991-05-13,-0.13185693323612213
1991-05-14,-0.13086198270320892
1991-05-15,-0.13055454194545746
1991-05-16,-0.12804441154003143
1991-05-17,-0.1383720338344574
1991-05-18,-0.14043918251991272
1991-05-19,-0.1434229463338852
1991-05-20,-0.1562187522649765
1991-05-21,-0.15699239075183868
1991-05-22,-0.16438286006450653
1991-05-23,-0.15571825206279755
1991-05-24,-0.1553470641374588
1991-05-25,-0.13292935490608215
1991-05-26,-0.13911613821983337
1991-05-27,-0.13714991509914398
1991-05-28,-0.13403649628162384
1991-05-29,-0.11468428373336792
1991-05-30,-0.09624882787466049
1991-05-31,-0.08945740014314651
1991-06-01,-0.08297920227050781
1991-06-02,-0.07408498972654343
1991-06-03,-0.06500884890556335
1991-06-04,-0.047309331595897675
1991-06-05,-0.02112475596368313
1991-06-06,-0.03816504776477814
1991-06-07,-0.03559189662337303
1991-06-08,-0.07048789411783218
1991-06-09,-0.04463772475719452
1991-06-10,-0.042688705027103424
1991-06-11,-0.04451582580804825
1991-06-12,-0.029045408591628075
1991-06-13,-0.016820484772324562
1991-06-14,-0.006568527780473232
1991-06-15,-0.006085011642426252
1991-06-16,-0.014652746729552746
1991-06-17,-0.0008604709291830659
1991-06-18,-0.0030436983797699213
1991-06-19,0.005755339749157429
1991-06-20,0.014457114040851593
1991-06-21,0.012672238051891327
1991-06-22,0.015514295548200607
1991-06-23,0.02229871042072773
1991-06-24,0.0279866773635149
1991-06-25,0.03940441831946373
1991-06-26,0.041324663907289505
1991-06-27,0.026049485430121422
1991-06-28,0.008629725314676762
1991-06-29,-0.005050859414041042
1991-06-30,-0.02588808350265026
1991-07-01,-0.03343288600444794
1991-07-02,-0.03776900842785835
1991-07-03,-0.04078216850757599
1991-07-04,-0.05080578848719597
1991-07-05,-0.06621390581130981
1991-07-06,-0.04934496432542801
1991-07-07,-0.060612548142671585
1991-07-08,-0.04853132367134094
1991-07-09,-0.04584646597504616
1991-07-10,-0.04991459101438522
1991-07-11,-0.051521629095077515
1991-07-12,-0.05855408310890198
1991-07-13,-0.04311046376824379
1991-07-14,-0.03979869186878204
1991-07-15,-0.03857792913913727
1991-07-16,-0.029127687215805054
1991-07-17,-0.029756369069218636
1991-07-18,-0.022387398406863213
1991-07-19,-0.02140798792243004
1991-07-20,0.000696460367180407
1991-07-21,0.009096823632717133
1991-07-22,0.008250990882515907
1991-07-23,0.015329918824136257
1991-07-24,0.02151431515812874
1991-07-25,8.525606244802475e-05
1991-07-26,-0.01295458059757948
1991-07-27,0.0004471035208553076
1991-07-28,-0.010491385124623775
1991-07-29,-0.007755255326628685
1991-07-30,0.005704948678612709
1991-07-31,0.006886396557092667
1991-08-01,0.018546998500823975
1991-08-02,0.016722632572054863
1991-08-03,-0.009912677109241486
1991-08-04,-0.012878554873168468
1991-08-05,-0.011890259571373463
1991-08-06,-0.0323321595788002
1991-08-07,-0.021713973954319954
1991-08-08,-0.021896839141845703
1991-08-09,-0.024199487641453743
1991-08-10,-0.005391934886574745
1991-08-11,-0.0063413893803954124
1991-08-12,-0.007678450085222721
1991-08-13,-0.006594883743673563
1991-08-14,0.00807840283960104
1991-08-15,0.015655646100640297
1991-08-16,0.003889618441462517
1991-08-17,-0.03335343301296234
1991-08-18,-0.019843891263008118
1991-08-19,-0.021655583754181862
1991-08-20,-0.03503827378153801
1991-08-21,-0.057159673422575
1991-08-22,-0.06641272455453873
1991-08-23,-0.06139208376407623
1991-08-24,-0.040940579026937485
1991-08-25,-0.02994704246520996
1991-08-26,-0.02020525373518467
1991-08-27,-0.02172733098268509
1991-08-28,-0.010871476493775845
1991-08-29,-0.023270990699529648
1991-08-30,-0.031179195269942284
1991-08-31,0.0008623900939710438
1991-09-01,-0.01941688545048237
1991-09-02,-0.014646602794528008
1991-09-03,-0.01578488200902939
1991-09-04,-0.008132542483508587
1991-09-05,-0.02543848380446434
1991-09-06,-0.039051637053489685
1991-09-07,-0.06769999861717224
1991-09-08,-0.08376240730285645
1991-09-09,-0.07786110043525696
1991-09-10,-0.07259813696146011
1991-09-11,-0.07865507155656815
1991-09-12,-0.06552375853061676
1991-09-13,-0.055394046008586884
1991-09-14,-0.03991850093007088
1991-09-15,-0.02686864323914051
1991-09-16,-0.019084176048636436
1991-09-17,-0.036531001329422
1991-09-18,-0.025183357298374176
1991-09-19,-0.02167581021785736
1991-09-20,-0.020084241405129433
1991-09-21,-0.010300539433956146
1991-09-22,0.005343480966985226
1991-09-23,0.01032364834100008
1991-09-24,-0.003772591007873416
1991-09-25,-0.01993527263402939
1991-09-26,-0.01749500259757042
1991-09-27,-0.03425796329975128
1991-09-28,-0.021988367661833763
1991-09-29,-0.008158819749951363
1991-09-30,0.010051441378891468
1991-10-01,0.01945379376411438
1991-10-02,0.025374894961714745
1991-10-03,0.027128417044878006
1991-10-04,0.015770118683576584
1991-10-05,-0.004592562094330788
1991-10-06,0.011221567168831825
1991-10-07,0.013071298599243164
1991-10-08,-0.009123891592025757
1991-10-09,-0.008461124263703823
1991-10-10,-0.023345910012722015
1991-10-11,-0.03144028037786484
1991-10-12,-0.058794740587472916
1991-10-13,-0.04200337827205658
1991-10-14,-0.03952207788825035
1991-10-15,-0.05713537707924843
1991-10-16,-0.06114363670349121
1991-10-17,-0.051146071404218674
1991-10-18,-0.04639539122581482
1991-10-19,-0.04101790115237236
1991-10-20,-0.046610232442617416
1991-10-21,-0.04166557639837265
1991-10-22,-0.04426661878824234
1991-10-23,-0.04064980149269104
1991-10-24,-0.04575150087475777
1991-10-25,-0.05634771287441254
1991-10-26,-0.09628775715827942
1991-10-27,-0.08081438392400742
1991-10-28,-0.07959792762994766
1991-10-29,-0.09231459349393845
1991-10-30,-0.0966491848230362
1991-10-31,-0.10951477289199829
1991-11-01,-0.12271721661090851
1991-11-02,-0.14414171874523163
1991-11-03,-0.13950517773628235
1991-11-04,-0.12813396751880646
1991-11-05,-0.1325611174106598
1991-11-06,-0.1286727339029312
1991-11-07,-0.1340361386537552
1991-11-08,-0.1213909387588501
1991-11-09,-0.11165592074394226
1991-11-10,-0.11817563325166702
1991-11-11,-0.11359808593988419
1991-11-12,-0.10392169654369354
1991-11-13,-0.10545193403959274
1991-11-14,-0.10617393255233765
1991-11-15,-0.12257523834705353
1991-11-16,-0.13262121379375458
1991-11-17,-0.12945082783699036
1991-11-18,-0.1290479451417923
1991-11-19,-0.11719685047864914
1991-11-20,-0.12057863175868988
1991-11-21,-0.11932762712240219
1991-11-22,-0.11079175025224686
1991-11-23,-0.07551100850105286
1991-11-24,-0.08123189210891724
1991-11-25,-0.09477201104164124
1991-11-26,-0.09010054916143417
1991-11-27,-0.10950644314289093
1991-11-28,-0.12489701062440872
1991-11-29,-0.13688480854034424
1991-11-30,-0.13378289341926575
1991-12-01,-0.12964102625846863
1991-12-02,-0.12470421195030212
1991-12-03,-0.12623891234397888
1991-12-04,-0.1089366003870964
1991-12-05,-0.10960110276937485
1991-12-06,-0.13187769055366516
1991-12-07,-0.14105425775051117
1991-12-08,-0.1662219911813736
1991-12-09,-0.13511785864830017
1991-12-10,-0.12670770287513733
1991-12-11,-0.12115909159183502
1991-12-12,-0.11829658597707748
1991-12-13,-0.09642080217599869
1991-12-14,-0.10375554114580154
1991-12-15,-0.11506428569555283
1991-12-16,-0.10564196109771729
1991-12-17,-0.10405850410461426
1991-12-18,-0.11371117830276489
1991-12-19,-0.12006061524152756
1991-12-20,-0.13266806304454803
1991-12-21,-0.12978403270244598
1991-12-22,-0.1343669295310974
1991-12-23,-0.12265004962682724
1991-12-24,-0.11746259778738022
1991-12-25,-0.09170164167881012
1991-12-26,-0.08151300996541977
1991-12-27,-0.07047364860773087
1991-12-28,-0.09676165878772736
1991-12-29,-0.07869327068328857
1991-12-30,-0.07929985970258713
1991-12-31,-0.06625014543533325
1992-01-01,-0.042386554181575775
1992-01-02,-0.022227292880415916
1992-01-03,-0.02101711928844452
1992-01-04,-0.01623936928808689
1992-01-05,0.01551944948732853
1992-01-06,0.014707687310874462
1992-01-07,0.02339787594974041
1992-01-08,0.015522829256951809
1992-01-09,0.006345962639898062
1992-01-10,-0.0015558137092739344
1992-01-11,-0.008420624770224094
1992-01-12,-0.005911556072533131
1992-01-13,-0.008341066539287567
1992-01-14,-0.027816137298941612
1992-01-15,-0.037343982607126236
1992-01-16,-0.04039672017097473
1992-01-17,-0.03129672259092331
1992-01-18,-0.03539126366376877
1992-01-19,-0.03450201451778412
1992-01-20,-0.032976992428302765
1992-01-21,-0.032532088458538055
1992-01-22,-0.0324612557888031
1992-01-23,-0.03504689410328865
1992-01-24,-0.028342969715595245
1992-01-25,-0.022951144725084305
1992-01-26,-0.007075570523738861
1992-01-27,0.012665302492678165
1992-01-28,0.02011987194418907
1992-01-29,0.02038632519543171
1992-01-30,0.02767448127269745
1992-01-31,0.022794555872678757
1992-02-01,0.00439108582213521
1992-02-02,0.023206720128655434
1992-02-03,0.0267021507024765
1992-02-04,0.027721039950847626
1992-02-05,0.04161657392978668
1992-02-06,0.050462063401937485
1992-02-07,0.05133465677499771
1992-02-08,-0.0023067337460815907
1992-02-09,0.013167069293558598
1992-02-10,0.023174874484539032
1992-02-11,0.03411389887332916
1992-02-12,0.041598960757255554
1992-02-13,0.05903249606490135
1992-02-14,0.0678510069847107
1992-02-15,0.09272407740354538
1992-02-16,0.10634888708591461
1992-02-17,0.10255555808544159
1992-02-18,0.1106804609298706
1992-02-19,0.12392804026603699
1992-02-20,0.1359199434518814
1992-02-21,0.1250266134738922
1992-02-22,0.13802744448184967
1992-02-23,0.14046861231327057
1992-02-24,0.13302752375602722
1992-02-25,0.12603244185447693
1992-02-26,0.10960490256547928
1992-02-27,0.10891550779342651
1992-02-28,0.10041850805282593
1992-02-29,0.08291091024875641
1992-03-01,0.09027346223592758
1992-03-02,0.09344056248664856
1992-03-03,0.10810757428407669
1992-03-04,0.11933425813913345
1992-03-05,0.11695913225412369
1992-03-06,0.11601448059082031
1992-03-07,0.09342571347951889
1992-03-08,0.07651998102664948
1992-03-09,0.08168942481279373
1992-03-10,0.09081871062517166
1992-03-11,0.08783810585737228
1992-03-12,0.09376496076583862
1992-03-13,0.10191858559846878
1992-03-14,0.10999355465173721
1992-03-15,0.11987447738647461
1992-03-16,0.11286823451519012
1992-03-17,0.10281568765640259
1992-03-18,0.12901239097118378
1992-03-19,0.12744805216789246
1992-03-20,0.12151369452476501
1992-03-21,0.11173716187477112
1992-03-22,0.10038024932146072
1992-03-23,0.09810580313205719
1992-03-24,0.10790624469518661
1992-03-25,0.09642080217599869
1992-03-26,0.08569958806037903
1992-03-27,0.07917521148920059
1992-03-28,0.078799307346344
1992-03-29,0.053809408098459244
1992-03-30,0.06811049580574036
1992-03-31,0.04947913810610771
1992-04-01,0.06717735528945923
1992-04-02,0.07447709888219833
1992-04-03,0.07800696045160294
1992-04-04,0.06018346548080444
1992-04-05,0.056922413408756256
1992-04-06,0.0463029220700264
1992-04-07,0.04633810371160507
1992-04-08,0.03501487523317337
1992-04-09,0.04106156900525093
1992-04-10,0.040517475455999374
1992-04-11,0.05388214811682701
1992-04-12,0.04253844916820526
1992-04-13,0.04588499665260315
1992-04-14,0.034387730062007904
1992-04-15,0.027832839637994766
1992-04-16,0.033659279346466064
1992-04-17,0.04101770371198654
1992-04-18,0.07387875020503998
1992-04-19,0.051488980650901794
1992-04-20,0.05726480484008789
1992-04-21,0.03000582382082939
1992-04-22,0.01603817567229271
1992-04-23,0.03688611090183258
1992-04-24,0.03977915272116661
1992-04-25,-0.0039848824962973595
1992-04-26,-0.0356023833155632
1992-04-27,-0.052511267364025116
1992-04-28,-0.04825616627931595
1992-04-29,-0.03015604242682457
1992-04-30,-0.004333246499300003
1992-05-01,-0.020663706585764885
1992-05-02,-0.029721442610025406
1992-05-03,-0.040253400802612305
1992-05-04,-0.035829536616802216
1992-05-05,-0.020748207345604897
1992-05-06,-0.014401029795408249
1992-05-07,-0.010768416337668896
1992-05-08,0.0006902673630975187
1992-05-09,0.0197495985776186
1992-05-10,-0.00504183629527688
1992-05-11,0.018847253173589706
1992-05-12,0.020635705441236496
1992-05-13,0.030561212450265884
1992-05-14,0.026060916483402252
1992-05-15,0.028260085731744766
1992-05-16,0.016936227679252625
1992-05-17,-0.001335072098299861
1992-05-18,0.035763759166002274
1992-05-19,0.017721397802233696
1992-05-20,0.0023197305854409933
1992-05-21,0.0021242049988359213
1992-05-22,-0.003947013523429632
1992-05-23,-0.03494913503527641
1992-05-24,-0.0497075691819191
1992-05-25,-4.76922832604032e-05
1992-05-26,0.014397179707884789
1992-05-27,0.026548471301794052
1992-05-28,0.02287083864212036
1992-05-29,0.0274380911141634
1992-05-30,0.03824135661125183
1992-05-31,0.05617024749517441
1992-06-01,0.06801606714725494
1992-06-02,0.07233373075723648
1992-06-03,0.07451954483985901
1992-06-04,0.06760488450527191
1992-06-05,0.06755591928958893
1992-06-06,0.0582587867975235
1992-06-07,0.06497315317392349
1992-06-08,0.047039780765771866
1992-06-09,0.0334530770778656
1992-06-10,0.024824587628245354
1992-06-11,0.025169970467686653
1992-06-12,0.03383505344390869
1992-06-13,0.03988152742385864
1992-06-14,0.03472191095352173
1992-06-15,0.030370961874723434
1992-06-16,0.037572093307971954
1992-06-17,0.05462973937392235
1992-06-18,0.06431251764297485
1992-06-19,0.05124667286872864
1992-06-20,0.026053447276353836
1992-06-21,0.03263118863105774
1992-06-22,0.04730215668678284
1992-06-23,0.03858863189816475
1992-06-24,0.03709779307246208
1992-06-25,0.03250396251678467
1992-06-26,0.03264573588967323
1992-06-27,0.0406431145966053
1992-06-28,-0.003451886121183634
1992-06-29,-0.006642760243266821
1992-06-30,-0.004937026184052229
1992-07-01,-0.008920079097151756
1992-07-02,-0.013120285235345364
1992-07-03,-0.026321779936552048
1992-07-04,-0.024298936128616333
1992-07-05,-0.04470333829522133
1992-07-06,-0.03796560689806938
1992-07-07,-0.027885623276233673
1992-07-08,-0.03992416337132454
1992-07-09,-0.04978254437446594
1992-07-10,-0.028293080627918243
1992-07-11,-0.02454962581396103
1992-07-12,-0.03865145146846771
1992-07-13,-0.027275823056697845
1992-07-14,-0.02655295841395855
1992-07-15,-0.015335924923419952
1992-07-16,-0.015148302540183067
1992-07-17,-0.02999035082757473
1992-07-18,-0.006312727462500334
1992-07-19,0.009172942489385605
1992-07-20,0.0036931242793798447
1992-07-21,-0.0029020863585174084
1992-07-22,-0.021927421912550926
1992-07-23,-0.03434550389647484
1992-07-24,-0.026532651856541634
1992-07-25,-0.02724268101155758
1992-07-26,-0.026309864595532417
1992-07-27,-0.01749366894364357
1992-07-28,0.0008487647282890975
1992-07-29,0.010702491737902164
1992-07-30,0.01254313439130783
1992-07-31,0.005792411044239998
1992-08-01,-0.0072584147565066814
1992-08-02,0.006707219872623682
1992-08-03,-0.004649742040783167
1992-08-04,0.001816058182157576
1992-08-05,0.011332354508340359
1992-08-06,0.0017525701550766826
1992-08-07,-0.00556993717327714
1992-08-08,-0.02866881527006626
1992-08-09,-0.008467516861855984
1992-08-10,0.003367207245901227
1992-08-11,0.005796249024569988
1992-08-12,0.022290542721748352
1992-08-13,0.04450045898556709
1992-08-14,0.05908896028995514
1992-08-15,0.07006192952394485
1992-08-16,0.06811819225549698
1992-08-17,0.07241196185350418
1992-08-18,0.07361094653606415
1992-08-19,0.06891763210296631
1992-08-20,0.05365652218461037
1992-08-21,0.06354571878910065
1992-08-22,0.03336518257856369
1992-08-23,0.07570843398571014
1992-08-24,0.07873599231243134
1992-08-25,0.05462599918246269
1992-08-26,0.060018233954906464
1992-08-27,0.05767323076725006
1992-08-28,0.05535207688808441
1992-08-29,0.04182153195142746
1992-08-30,0.03900274634361267
1992-08-31,0.04775924235582352
1992-09-01,0.03550878167152405
1992-09-02,0.01799805462360382
1992-09-03,-0.0017677147407084703
1992-09-04,-0.014341630972921848
1992-09-05,-0.03538500890135765
1992-09-06,-0.02345922589302063
1992-09-07,-0.036621320992708206
1992-09-08,-0.047004539519548416
1992-09-09,-0.06043378263711929
1992-09-10,-0.0550573393702507
1992-09-11,-0.050890002399683
1992-09-12,-0.048225123435258865
1992-09-13,-0.04162084311246872
1992-09-14,-0.04590404033660889
1992-09-15,-0.036523234099149704
1992-09-16,-0.03395970165729523
1992-09-17,-0.056024931371212006
1992-09-18,-0.07330720126628876
1992-09-19,-0.07429789751768112
1992-09-20,-0.06895507872104645
1992-09-21,-0.05828845500946045
1992-09-22,-0.06414718925952911
1992-09-23,-0.08011075854301453
1992-09-24,-0.05988723412156105
1992-09-25,-0.058067649602890015
1992-09-26,-0.04561111703515053
1992-09-27,-0.04543900117278099
1992-09-28,-0.04322256147861481
1992-09-29,-0.05667350813746452
1992-09-30,-0.060851335525512695
1992-10-01,-0.058123406022787094
1992-10-02,-0.06180236116051674
1992-10-03,-0.0955372080206871
1992-10-04,-0.09202864021062851
1992-10-05,-0.07682548463344574
1992-10-06,-0.05585290119051933
1992-10-07,-0.05030957981944084
1992-10-08,-0.0561121366918087
1992-10-09,-0.049512721598148346
1992-10-10,-0.0684371143579483
1992-10-11,-0.06286724656820297
1992-10-12,-0.056221507489681244
1992-10-13,-0.046756286174058914
1992-10-14,-0.053782254457473755
1992-10-15,-0.04077601060271263
1992-10-16,-0.035882413387298584
1992-10-17,-0.049883756786584854
1992-10-18,-0.05897137522697449
1992-10-19,-0.0641118735074997
1992-10-20,-0.06040992960333824
1992-10-21,-0.054272063076496124
1992-10-22,-0.06177381053566933
1992-10-23,-0.04897506162524223
1992-10-24,-0.05405215546488762
1992-10-25,-0.05792425572872162
1992-10-26,-0.05035529285669327
1992-10-27,-0.0727245882153511
1992-10-28,-0.06807718425989151
1992-10-29,-0.06872851401567459
1992-10-30,-0.05353479087352753
1992-10-31,-0.019998814910650253
1992-11-01,-0.012710672803223133
1992-11-02,0.0014668945223093033
1992-11-03,0.006146509200334549
1992-11-04,-0.004077424295246601
1992-11-05,0.002569854259490967
1992-11-06,-0.015199143439531326
1992-11-07,-0.01998370699584484
1992-11-08,-0.001417883555404842
1992-11-09,-0.01776786707341671
1992-11-10,-0.015101287513971329
1992-11-11,-0.008829758502542973
1992-11-12,-0.0055155083537101746
1992-11-13,0.006611080374568701
1992-11-14,0.03211230784654617
1992-11-15,0.02497606724500656
1992-11-16,0.031174691393971443
1992-11-17,0.031217914074659348
1992-11-18,0.032772380858659744
1992-11-19,0.036348044872283936
1992-11-20,0.049074847251176834
1992-11-21,0.05745001509785652
1992-11-22,0.06933199614286423
1992-11-23,0.08221335709095001
1992-11-24,0.07533925026655197
1992-11-25,0.0945587158203125
1992-11-26,0.09343402832746506
1992-11-27,0.11181949079036713
1992-11-28,0.17016731202602386
1992-11-29,0.16840186715126038
1992-11-30,0.17488160729408264
1992-12-01,0.16673535108566284
1992-12-02,0.1645505726337433
1992-12-03,0.1697358638048172
1992-12-04,0.18608562648296356
1992-12-05,0.18919478356838226
1992-12-06,0.1787724643945694
1992-12-07,0.17878450453281403
1992-12-08,0.19289645552635193
1992-12-09,0.19489052891731262
1992-12-10,0.201886847615242
1992-12-11,0.2005881667137146
1992-12-12,0.18817053735256195
1992-12-13,0.20030485093593597
1992-12-14,0.21482214331626892
1992-12-15,0.21413835883140564
1992-12-16,0.21863548457622528
1992-12-17,0.2192087173461914
1992-12-18,0.22897747159004211
1992-12-19,0.23973514139652252
1992-12-20,0.2419959008693695
1992-12-21,0.2505006492137909
1992-12-22,0.2533734142780304
1992-12-23,0.24261608719825745
1992-12-24,0.2551872730255127
1992-12-25,0.17069338262081146
1992-12-26,0.1796877384185791
1992-12-27,0.17564859986305237
1992-12-28,0.19766059517860413
1992-12-29,0.22011436522006989
1992-12-30,0.23991712927818298
1992-12-31,0.24934899806976318
1993-01-01,0.2286718785762787
1993-01-02,0.2685156464576721
1993-01-03,0.28087282180786133
1993-01-04,0.2782517671585083
1993-01-05,0.2895072102546692
1993-01-06,0.2710016667842865
1993-01-07,0.26504701375961304
1993-01-08,0.2501141428947449
1993-01-09,0.2405250519514084
1993-01-10,0.1882503181695938
1993-01-11,0.186478853225708
1993-01-12,0.17950700223445892
1993-01-13,0.18064124882221222
1993-01-14,0.18864989280700684
1993-01-15,0.18269000947475433
1993-01-16,0.19036142528057098
1993-01-17,0.18904508650302887
1993-01-18,0.20148056745529175
1993-01-19,0.2079659104347229
1993-01-20,0.2181926965713501
1993-01-21,0.21672475337982178
1993-01-22,0.2502973973751068
1993-01-23,0.25100037455558777
1993-01-24,0.22257499396800995
1993-01-25,0.2316165268421173
1993-01-26,0.22516991198062897
1993-01-27,0.2137349545955658
1993-01-28,0.20385532081127167
1993-01-29,0.20581690967082977
1993-01-30,0.20372849702835083
1993-01-31,0.19469231367111206
1993-02-01,0.18883016705513
1993-02-02,0.20350854098796844
1993-02-03,0.19533999264240265
1993-02-04,0.18295948207378387
1993-02-05,0.18528328835964203
1993-02-06,0.19030681252479553
1993-02-07,0.192917138338089
1993-02-08,0.19731280207633972
1993-02-09,0.20003129541873932
1993-02-10,0.19236160814762115
1993-02-11,0.19556467235088348
1993-02-12,0.19660769402980804
1993-02-13,0.22306813299655914
1993-02-14,0.22571440041065216
1993-02-15,0.2267591804265976
1993-02-16,0.2316695600748062
1993-02-17,0.22988437116146088
1993-02-18,0.23725543916225433
1993-02-19,0.23527975380420685
1993-02-20,0.25397536158561707
1993-02-21,0.24599485099315643
1993-02-22,0.2582124173641205
1993-02-23,0.2515617609024048
1993-02-24,0.2512489855289459
1993-02-25,0.24894781410694122
1993-02-26,0.23188260197639465
1993-02-27,0.23874305188655853
1993-02-28,0.24926292896270752
1993-03-01,0.2512334883213043
1993-03-02,0.2675577998161316
1993-03-03,0.2574588358402252
1993-03-04,0.24900366365909576
1993-03-05,0.24918514490127563
1993-03-06,0.24304164946079254
1993-03-07,0.23725442588329315
1993-03-08,0.2462940365076065
1993-03-09,0.25487494468688965
1993-03-10,0.252535343170166
1993-03-11,0.25619468092918396
1993-03-12,0.24564746022224426
1993-03-13,0.24127618968486786
1993-03-14,0.24448849260807037
1993-03-15,0.23288372159004211
1993-03-16,0.2442331612110138
1993-03-17,0.2394721955060959
1993-03-18,0.2288573533296585
1993-03-19,0.20592008531093597
1993-03-20,0.21686705946922302
1993-03-21,0.23220288753509521
1993-03-22,0.2350596785545349
1993-03-23,0.23938100039958954
1993-03-24,0.24819312989711761
1993-03-25,0.2440817952156067
1993-03-26,0.2280844897031784
1993-03-27,0.232808455824852
1993-03-28,0.2245238572359085
1993-03-29,0.21454091370105743
1993-03-30,0.21954171359539032
1993-03-31,0.2202056497335434
1993-04-01,0.20676322281360626
1993-04-02,0.19881495833396912
1993-04-03,0.1535787284374237
1993-04-04,0.1536901444196701
1993-04-05,0.1652640700340271
1993-04-06,0.1918032467365265
1993-04-07,0.17214980721473694
1993-04-08,0.1677330732345581
1993-04-09,0.1676819771528244
1993-04-10,0.1718246042728424
1993-04-11,0.16999369859695435
1993-04-12,0.17129381000995636
1993-04-13,0.1682911515235901
1993-04-14,0.1489654928445816
1993-04-15,0.14805185794830322
1993-04-16,0.1431719958782196
1993-04-17,0.13827311992645264
1993-04-18,0.1600181758403778
1993-04-19,0.17569585144519806
1993-04-20,0.17873379588127136
1993-04-21,0.16951939463615417
1993-04-22,0.1732870489358902
1993-04-23,0.15710599720478058
1993-04-24,0.15517430007457733
1993-04-25,0.13066035509109497
1993-04-26,0.13064497709274292
1993-04-27,0.13368548452854156
1993-04-28,0.1328035593032837
1993-04-29,0.13642247021198273
1993-04-30,0.12453474849462509
1993-05-01,0.12710317969322205
1993-05-02,0.1382075548171997
1993-05-03,0.1392708122730255
1993-05-04,0.13734862208366394
1993-05-05,0.12829677760601044
1993-05-06,0.1402546763420105
1993-05-07,0.14419561624526978
1993-05-08,0.10833699256181717
1993-05-09,0.08966929465532303
1993-05-10,0.10157740861177444
1993-05-11,0.09912588447332382
1993-05-12,0.08293141424655914
1993-05-13,0.08327987790107727
1993-05-14,0.08185522258281708
1993-05-15,0.11110333353281021
1993-05-16,0.11424514651298523
1993-05-17,0.1304439902305603
1993-05-18,0.1003606766462326
1993-05-19,0.09838493913412094
1993-05-20,0.08638375997543335
1993-05-21,0.10192009061574936
1993-05-22,0.09489302337169647
1993-05-23,0.054022591561079025
1993-05-24,0.0517929345369339
1993-05-25,0.056023310869932175
1993-05-26,0.04573645815253258
1993-05-27,0.05505349487066269
1993-05-28,0.04794413968920708
1993-05-29,0.054384924471378326
1993-05-30,0.0631839856505394
1993-05-31,0.07366985082626343
1993-06-01,0.09524648636579514
1993-06-02,0.09621511399745941
1993-06-03,0.12009196728467941
1993-06-04,0.12745776772499084
1993-06-05,0.14621123671531677
1993-06-06,0.1585545539855957
1993-06-07,0.1491992175579071
1993-06-08,0.1553395688533783
1993-06-09,0.15391001105308533
1993-06-10,0.15663368999958038
1993-06-11,0.1517309844493866
1993-06-12,0.1534622609615326
1993-06-13,0.11428776383399963
1993-06-14,0.11569449305534363
1993-06-15,0.10359712690114975
1993-06-16,0.10803510248661041
1993-06-17,0.09430623799562454
1993-06-18,0.09950044751167297
1993-06-19,0.10066309571266174
1993-06-20,0.09528391063213348
1993-06-21,0.1017300933599472
1993-06-22,0.10036131739616394
1993-06-23,0.09812089055776596
1993-06-24,0.09369536489248276
1993-06-25,0.09258068352937698
1993-06-26,0.1019454076886177
1993-06-27,0.10268747061491013
1993-06-28,0.09874366223812103
1993-06-29,0.09654495120048523
1993-06-30,0.10171288996934891
1993-07-01,0.10512606799602509
1993-07-02,0.09996310621500015
1993-07-03,0.0853087529540062
1993-07-04,0.08361025154590607
1993-07-05,0.09386937320232391
1993-07-06,0.11118973791599274
1993-07-07,0.11489885300397873
1993-07-08,0.11395364254713058
1993-07-09,0.11696265637874603
1993-07-10,0.11933652311563492
1993-07-11,0.12443971633911133
1993-07-12,0.12873899936676025
1993-07-13,0.129288449883461
1993-07-14,0.12514090538024902
1993-07-15,0.13406294584274292
1993-07-16,0.13032077252864838
1993-07-17,0.11405346542596817
1993-07-18,0.11475539952516556
1993-07-19,0.10828161984682083
1993-07-20,0.09985604882240295
1993-07-21,0.07059638202190399
1993-07-22,0.1192859560251236
1993-07-23,0.1142420619726181
1993-07-24,0.10838055610656738
1993-07-25,0.08836805820465088
1993-07-26,0.09767135232686996
1993-07-27,0.08959878981113434
1993-07-28,0.08723947405815125
1993-07-29,0.0935049057006836
1993-07-30,0.09929884970188141
1993-07-31,0.09566283971071243
1993-08-01,0.09124366194009781
1993-08-02,0.09737100452184677
1993-08-03,0.09874042868614197
1993-08-04,0.09700021147727966
1993-08-05,0.09866055101156235
1993-08-06,0.09050004929304123
1993-08-07,0.09237168729305267
1993-08-08,0.10170254111289978
1993-08-09,0.11573011428117752
1993-08-10,0.13520967960357666
1993-08-11,0.12906873226165771
1993-08-12,0.12918275594711304
1993-08-13,0.12121167778968811
1993-08-14,0.12083890289068222
1993-08-15,0.12375690042972565
1993-08-16,0.11562426388263702
1993-08-17,0.12011349201202393
1993-08-18,0.11231400817632675
1993-08-19,0.12976594269275665
1993-08-20,0.1466434895992279
1993-08-21,0.13306152820587158
1993-08-22,0.14360563457012177
1993-08-23,0.13993695378303528
1993-08-24,0.1505713313817978
1993-08-25,0.15533384680747986
1993-08-26,0.17080125212669373
1993-08-27,0.1497735232114792
1993-08-28,0.16564445197582245
1993-08-29,0.18782027065753937
1993-08-30,0.177672877907753
1993-08-31,0.17528337240219116
1993-09-01,0.17934013903141022
1993-09-02,0.16607321798801422
1993-09-03,0.14015217125415802
1993-09-04,0.1415397971868515
1993-09-05,0.1549418866634369
1993-09-06,0.16258558630943298
1993-09-07,0.17806807160377502
1993-09-08,0.19624827802181244
1993-09-09,0.2191849648952484
1993-09-10,0.20777280628681183
1993-09-11,0.2333480715751648
1993-09-12,0.2515391707420349
1993-09-13,0.26758575439453125
1993-09-14,0.2470669448375702
1993-09-15,0.24909943342208862
1993-09-16,0.24508053064346313
1993-09-17,0.2512555718421936
1993-09-18,0.2719663977622986
1993-09-19,0.27086544036865234
1993-09-20,0.24495822191238403
1993-09-21,0.2368694692850113
1993-09-22,0.25466838479042053
1993-09-23,0.2501775324344635
1993-09-24,0.2631867527961731
1993-09-25,0.22713351249694824
1993-09-26,0.18745630979537964
1993-09-27,0.18588142096996307
1993-09-28,0.16896535456180573
1993-09-29,0.18294328451156616
1993-09-30,0.1727924793958664
1993-10-01,0.1791558563709259
1993-10-02,0.16147975623607635
1993-10-03,0.16699093580245972
1993-10-04,0.17750677466392517
1993-10-05,0.16623736917972565
1993-10-06,0.18721075356006622
1993-10-07,0.1927231103181839
1993-10-08,0.20021674036979675
1993-10-09,0.18363408744335175
1993-10-10,0.1792449951171875
1993-10-11,0.19651347398757935
1993-10-12,0.19679321348667145
1993-10-13,0.20437650382518768
1993-10-14,0.21733129024505615
1993-10-15,0.23980414867401123
1993-10-16,0.28990963101387024
1993-10-17,0.28903478384017944
1993-10-18,0.2902366518974304
1993-10-19,0.2919616401195526
1993-10-20,0.2658922076225281
1993-10-21,0.2697698175907135
1993-10-22,0.27450883388519287
1993-10-23,0.29436853528022766
1993-10-24,0.2840331494808197
1993-10-25,0.289683073759079
1993-10-26,0.2851487100124359
1993-10-27,0.30093055963516235
1993-10-28,0.30359500646591187
1993-10-29,0.2982634902000427
1993-10-30,0.30838504433631897
1993-10-31,0.29743248224258423
1993-11-01,0.30574822425842285
1993-11-02,0.3100978136062622
1993-11-03,0.29353153705596924
1993-11-04,0.29388436675071716
1993-11-05,0.28466492891311646
1993-11-06,0.2904958128929138
1993-11-07,0.29231107234954834
1993-11-08,0.2901041805744171
1993-11-09,0.2936132252216339
1993-11-10,0.29019755125045776
1993-11-11,0.2929326295852661
1993-11-12,0.30311837792396545
1993-11-13,0.3342295289039612
1993-11-14,0.33888426423072815
1993-11-15,0.35902756452560425
1993-11-16,0.35892462730407715
1993-11-17,0.3529965579509735
1993-11-18,0.3675244152545929
1993-11-19,0.36907675862312317
1993-11-20,0.34676608443260193
1993-11-21,0.37045884132385254
1993-11-22,0.3614792823791504
1993-11-23,0.3566926419734955
1993-11-24,0.3537054657936096
1993-11-25,0.3356528580188751
1993-11-26,0.3582068383693695
1993-11-27,0.34664955735206604
1993-11-28,0.3176417946815491
1993-11-29,0.32091107964515686
1993-11-30,0.3118518590927124
1993-12-01,0.3045247495174408
1993-12-02,0.3343442678451538
1993-12-03,0.3298933207988739
1993-12-04,0.33949047327041626
1993-12-05,0.33571916818618774
1993-12-06,0.34149107336997986
1993-12-07,0.3395955562591553
1993-12-08,0.3506679832935333
1993-12-09,0.36798202991485596
1993-12-10,0.370185911655426
1993-12-11,0.3704434633255005
1993-12-12,0.3726966977119446
1993-12-13,0.37376365065574646
1993-12-14,0.374280720949173
1993-12-15,0.3894462287425995
1993-12-16,0.39706432819366455
1993-12-17,0.3610765337944031
1993-12-18,0.346269816160202
1993-12-19,0.3543693721294403
1993-12-20,0.3532269597053528
1993-12-21,0.3667057156562805
1993-12-22,0.35072800517082214
1993-12-23,0.35859358310699463
1993-12-24,0.3612891137599945
1993-12-25,0.3881755471229553
1993-12-26,0.37070950865745544
1993-12-27,0.38962435722351074
1993-12-28,0.3876400291919708
1993-12-29,0.41227683424949646
1993-12-30,0.4311707317829132
1993-12-31,0.42873629927635193
1994-01-01,0.42964595556259155
1994-01-02,0.4385663568973541
1994-01-03,0.4555022716522217
1994-01-04,0.43880409002304077
1994-01-05,0.43350517749786377
1994-01-06,0.42188164591789246
1994-01-07,0.41465163230895996
1994-01-08,0.382295697927475
1994-01-09,0.3959507942199707
1994-01-10,0.3871212601661682
1994-01-11,0.38022512197494507
1994-01-12,0.3843386173248291
1994-01-13,0.3899303376674652
1994-01-14,0.4086107015609741
1994-01-15,0.41022828221321106
1994-01-16,0.41333645582199097
1994-01-17,0.41137298941612244
1994-01-18,0.3876032829284668
1994-01-19,0.35699063539505005
1994-01-20,0.3405780792236328
1994-01-21,0.3566757142543793
1994-01-22,0.3492424488067627
1994-01-23,0.35282620787620544
1994-01-24,0.3555407226085663
1994-01-25,0.3417077660560608
1994-01-26,0.34587717056274414
1994-01-27,0.34720125794410706
1994-01-28,0.3235664367675781
1994-01-29,0.3243482708930969
1994-01-30,0.3224542737007141
1994-01-31,0.32554036378860474
1994-02-01,0.3356063663959503
1994-02-02,0.3381241261959076
1994-02-03,0.3392380475997925
1994-02-04,0.31270819902420044
1994-02-05,0.30926719307899475
1994-02-06,0.2904549241065979
1994-02-07,0.28104811906814575
1994-02-08,0.2765631079673767
1994-02-09,0.275156170129776
1994-02-10,0.26668980717658997
1994-02-11,0.26221632957458496
1994-02-12,0.2413792759180069
1994-02-13,0.22710078954696655
1994-02-14,0.21718958020210266
1994-02-15,0.2203141301870346
1994-02-16,0.1959964632987976
1994-02-17,0.18214447796344757
1994-02-18,0.17717692255973816
1994-02-19,0.1828988939523697
1994-02-20,0.1952994018793106
1994-02-21,0.17763741314411163
1994-02-22,0.17619386315345764
1994-02-23,0.19202089309692383
1994-02-24,0.19702255725860596
1994-02-25,0.1933216154575348
1994-02-26,0.22223348915576935
1994-02-27,0.23972594738006592
1994-02-28,0.25314798951148987
1994-03-01,0.24856606125831604
1994-03-02,0.24346324801445007
1994-03-03,0.23023371398448944
1994-03-04,0.21847452223300934
1994-03-05,0.2167370468378067
1994-03-06,0.21895363926887512
1994-03-07,0.20741699635982513
1994-03-08,0.23797295987606049
1994-03-09,0.2634771168231964
1994-03-10,0.2639305293560028
1994-03-11,0.24376419186592102
1994-03-12,0.23375405371189117
1994-03-13,0.22699974477291107
1994-03-14,0.21369120478630066
1994-03-15,0.22470791637897491
1994-03-16,0.2283054143190384
1994-03-17,0.22796465456485748
1994-03-18,0.19285665452480316
1994-03-19,0.1849844604730606
1994-03-20,0.1892501711845398
1994-03-21,0.17611168324947357
1994-03-22,0.18069857358932495
1994-03-23,0.18129484355449677
1994-03-24,0.18132779002189636
1994-03-25,0.16617023944854736
1994-03-26,0.13209722936153412
1994-03-27,0.10902822017669678
1994-03-28,0.09162795543670654
1994-03-29,0.10747259855270386
1994-03-30,0.11318568140268326
1994-03-31,0.11830776184797287
1994-04-01,0.10268513113260269
1994-04-02,0.11980057507753372
1994-04-03,0.11161234229803085
1994-04-04,0.11158812046051025
1994-04-05,0.10286307334899902
1994-04-06,0.11061108112335205
1994-04-07,0.1313542127609253
1994-04-08,0.13654012978076935
1994-04-09,0.12548339366912842
1994-04-10,0.1389482468366623
1994-04-11,0.14038358628749847
1994-04-12,0.14441071450710297
1994-04-13,0.14454016089439392
1994-04-14,0.15205062925815582
1994-04-15,0.14524073898792267
1994-04-16,0.15612566471099854
1994-04-17,0.16170479357242584
1994-04-18,0.16490475833415985
1994-04-19,0.17415252327919006
1994-04-20,0.18214915692806244
1994-04-21,0.16924363374710083
1994-04-22,0.19234472513198853
1994-04-23,0.20512695610523224
1994-04-24,0.1763344407081604
1994-04-25,0.19683565199375153
1994-04-26,0.22157782316207886
1994-04-27,0.20928725600242615
1994-04-28,0.22060266137123108
1994-04-29,0.212834894657135
1994-04-30,0.155116006731987
1994-05-01,0.16363957524299622
1994-05-02,0.1651630848646164
1994-05-03,0.14708629250526428
1994-05-04,0.15808148682117462
1994-05-05,0.1604616343975067
1994-05-06,0.1628841906785965
1994-05-07,0.15798678994178772
1994-05-08,0.16681379079818726
1994-05-09,0.16322417557239532
1994-05-10,0.1687711626291275
1994-05-11,0.17248477041721344
1994-05-12,0.1588338315486908
1994-05-13,0.1664169430732727
1994-05-14,0.16998961567878723
1994-05-15,0.11913184821605682
1994-05-16,0.11940203607082367
1994-05-17,0.1286429762840271
1994-05-18,0.14252886176109314
1994-05-19,0.12582285702228546
1994-05-20,0.13403336703777313
1994-05-21,0.1253216564655304
1994-05-22,0.13566170632839203
1994-05-23,0.13450834155082703
1994-05-24,0.12483267486095428
1994-05-25,0.119632788002491
1994-05-26,0.1256905198097229
1994-05-27,0.1298079788684845
1994-05-28,0.16173675656318665
1994-05-29,0.16198180615901947
1994-05-30,0.16983361542224884
1994-05-31,0.17382165789604187
1994-06-01,0.1580686718225479
1994-06-02,0.15515094995498657
1994-06-03,0.14865858852863312
1994-06-04,0.1119830310344696
1994-06-05,0.0905153900384903
1994-06-06,0.10908931493759155
1994-06-07,0.07795780897140503
1994-06-08,0.08631385862827301
1994-06-09,0.09295474737882614
1994-06-10,0.09446026384830475
1994-06-11,0.0755457878112793
1994-06-12,0.064644455909729
1994-06-13,0.07951831072568893
1994-06-14,0.08205210417509079
1994-06-15,0.09839149564504623
1994-06-16,0.11139710992574692
1994-06-17,0.12354801595211029
1994-06-18,0.12950178980827332
1994-06-19,0.13848799467086792
1994-06-20,0.15066881477832794
1994-06-21,0.14371782541275024
1994-06-22,0.147414430975914
1994-06-23,0.15433378517627716
1994-06-24,0.15465572476387024
1994-06-25,0.12555165588855743
1994-06-26,0.14446072280406952
1994-06-27,0.14471957087516785
1994-06-28,0.1352282613515854
1994-06-29,0.15814588963985443
1994-06-30,0.14393794536590576
1994-07-01,0.14084145426750183
1994-07-02,0.11759403347969055
1994-07-03,0.12095669656991959
1994-07-04,0.12586680054664612
1994-07-05,0.12515218555927277
1994-07-06,0.12357722967863083
1994-07-07,0.14699013531208038
1994-07-08,0.1617303341627121
1994-07-09,0.1596042513847351
1994-07-10,0.16089242696762085
1994-07-11,0.1702079474925995
1994-07-12,0.16949661076068878
1994-07-13,0.1572747826576233
1994-07-14,0.1491377055644989
1994-07-15,0.15406107902526855
1994-07-16,0.18350735306739807
1994-07-17,0.1801728755235672
1994-07-18,0.17921338975429535
1994-07-19,0.17816129326820374
1994-07-20,0.1690177470445633
1994-07-21,0.1562134325504303
1994-07-22,0.19967135787010193
1994-07-23,0.19234834611415863
1994-07-24,0.16202771663665771
1994-07-25,0.16498050093650818
1994-07-26,0.19424434006214142
1994-07-27,0.19997256994247437
1994-07-28,0.22139915823936462
1994-07-29,0.2304057478904724
1994-07-30,0.2563074231147766
1994-07-31,0.2550836503505707
1994-08-01,0.2607037127017975
1994-08-02,0.23578700423240662
1994-08-03,0.24756422638893127
1994-08-04,0.2633693516254425
1994-08-05,0.27476367354393005
1994-08-06,0.2923915982246399
1994-08-07,0.278560996055603
1994-08-08,0.2733629047870636
1994-08-09,0.2718793749809265
1994-08-10,0.2784348726272583
1994-08-11,0.2631300389766693
1994-08-12,0.26655855774879456
1994-08-13,0.2510882616043091
1994-08-14,0.2542831599712372
1994-08-15,0.2649039626121521
1994-08-16,0.2634647786617279
1994-08-17,0.2757803201675415
1994-08-18,0.2700611352920532
1994-08-19,0.2611154317855835
1994-08-20,0.2870045304298401
1994-08-21,0.28215786814689636
1994-08-22,0.27829134464263916
1994-08-23,0.28077587485313416
1994-08-24,0.28679296374320984
1994-08-25,0.2634900212287903
1994-08-26,0.2547590136528015
1994-08-27,0.2219783216714859
1994-08-28,0.18379713594913483
1994-08-29,0.20330247282981873
1994-08-30,0.214959979057312
1994-08-31,0.22513091564178467
1994-09-01,0.22543631494045258
1994-09-02,0.24303464591503143
1994-09-03,0.24240480363368988
1994-09-04,0.20058345794677734
1994-09-05,0.21298770606517792
1994-09-06,0.20082053542137146
1994-09-07,0.17807355523109436
1994-09-08,0.19005745649337769
1994-09-09,0.20533239841461182
1994-09-10,0.20106491446495056
1994-09-11,0.20389078557491302
1994-09-12,0.20234301686286926
1994-09-13,0.2059628665447235
1994-09-14,0.21822185814380646
1994-09-15,0.2300111949443817
1994-09-16,0.23750819265842438
1994-09-17,0.22014671564102173
1994-09-18,0.20857243239879608
1994-09-19,0.20031099021434784
1994-09-20,0.19933630526065826
1994-09-21,0.17196960747241974
1994-09-22,0.21262550354003906
1994-09-23,0.21347586810588837
1994-09-24,0.17298120260238647
1994-09-25,0.1618175059556961
1994-09-26,0.1726241111755371
1994-09-27,0.17576348781585693
1994-09-28,0.18971750140190125
1994-09-29,0.1789485365152359
1994-09-30,0.1800352782011032
1994-10-01,0.17157749831676483
1994-10-02,0.18156494200229645
1994-10-03,0.18722590804100037
1994-10-04,0.20061996579170227
1994-10-05,0.22525160014629364
1994-10-06,0.2233775556087494
1994-10-07,0.20550675690174103
1994-10-08,0.19289910793304443
1994-10-09,0.17785683274269104
1994-10-10,0.18309560418128967
1994-10-11,0.1794441193342209
1994-10-12,0.187489852309227
1994-10-13,0.17919503152370453
1994-10-14,0.17983348667621613
1994-10-15,0.1929595172405243
1994-10-16,0.17457962036132812
1994-10-17,0.18343766033649445
1994-10-18,0.1734766662120819
1994-10-19,0.17591559886932373
1994-10-20,0.17163948714733124
1994-10-21,0.19276878237724304
1994-10-22,0.1894085556268692
1994-10-23,0.19359049201011658
1994-10-24,0.17288506031036377
1994-10-25,0.1660761833190918
1994-10-26,0.17854240536689758
1994-10-27,0.16434194147586823
1994-10-28,0.17446041107177734
1994-10-29,0.19137759506702423
1994-10-30,0.16887103021144867
1994-10-31,0.16667440533638
1994-11-01,0.17975647747516632
1994-11-02,0.1876089721918106
1994-11-03,0.19964806735515594
1994-11-04,0.20819278061389923
1994-11-05,0.20351462066173553
1994-11-06,0.19778169691562653
1994-11-07,0.21250030398368835
1994-11-08,0.20201796293258667
1994-11-09,0.1873805671930313
1994-11-10,0.19063740968704224
1994-11-11,0.18430005013942719
1994-11-12,0.17002856731414795
1994-11-13,0.15819822251796722
1994-11-14,0.1683117300271988
1994-11-15,0.15946626663208008
1994-11-16,0.1813342571258545
1994-11-17,0.1939462572336197
1994-11-18,0.19893129169940948
1994-11-19,0.19109691679477692
1994-11-20,0.1831469088792801
1994-11-21,0.1978362649679184
1994-11-22,0.2104932814836502
1994-11-23,0.1997886747121811
1994-11-24,0.2041899710893631
1994-11-25,0.19746695458889008
1994-11-26,0.19128911197185516
1994-11-27,0.17769193649291992
1994-11-28,0.18835407495498657
1994-11-29,0.20558351278305054
1994-11-30,0.21918842196464539
1994-12-01,0.23517000675201416
1994-12-02,0.24110081791877747
1994-12-03,0.2663314938545227
1994-12-04,0.272995263338089
1994-12-05,0.278482586145401
1994-12-06,0.27281710505485535
1994-12-07,0.26003366708755493
1994-12-08,0.2477927953004837
1994-12-09,0.2450643926858902
1994-12-10,0.23144090175628662
1994-12-11,0.24741533398628235
1994-12-12,0.245563805103302
1994-12-13,0.2519757151603699
1994-12-14,0.24973487854003906
1994-12-15,0.2534050941467285
1994-12-16,0.25652560591697693
1994-12-17,0.2662428617477417
1994-12-18,0.23618961870670319
1994-12-19,0.24332645535469055
1994-12-20,0.24426275491714478
1994-12-21,0.22847607731819153
1994-12-22,0.25722619891166687
1994-12-23,0.26363807916641235
1994-12-24,0.2930736839771271
1994-12-25,0.30108195543289185
1994-12-26,0.2904110252857208
1994-12-27,0.268832266330719
1994-12-28,0.27578678727149963
1994-12-29,0.2686842679977417
1994-12-30,0.2698187530040741
1994-12-31,0.21470434963703156
1995-01-01,0.1765555888414383
1995-01-02,0.19383810460567474
1995-01-03,0.20598204433918
1995-01-04,0.22058652341365814
1995-01-05,0.19180245697498322
1995-01-06,0.1980062574148178
1995-01-07,0.18719007074832916
1995-01-08,0.1952374428510666
1995-01-09,0.2023124098777771
1995-01-10,0.19714394211769104
1995-01-11,0.21153172850608826
1995-01-12,0.2144010066986084
1995-01-13,0.20629224181175232
1995-01-14,0.18562643229961395
1995-01-15,0.18195322155952454
1995-01-16,0.18134751915931702
1995-01-17,0.16784639656543732
1995-01-18,0.14764052629470825
1995-01-19,0.14461679756641388
1995-01-20,0.1516249179840088
1995-01-21,0.14500005543231964
1995-01-22,0.15513281524181366
1995-01-23,0.15446250140666962
1995-01-24,0.17089341580867767
1995-01-25,0.17825017869472504
1995-01-26,0.17334170639514923
1995-01-27,0.1675185263156891
1995-01-28,0.16712471842765808
1995-01-29,0.1482652723789215
1995-01-30,0.1491561383008957
1995-01-31,0.14086878299713135
1995-02-01,0.15000098943710327
1995-02-02,0.15518665313720703
1995-02-03,0.14426784217357635
1995-02-04,0.1337825357913971
1995-02-05,0.124028779566288
1995-02-06,0.11642435193061829
1995-02-07,0.115691639482975
1995-02-08,0.11311554908752441
1995-02-09,0.1084102913737297
1995-02-10,0.10220852494239807
1995-02-11,0.13044191896915436
1995-02-12,0.12366883456707001
1995-02-13,0.11923865973949432
1995-02-14,0.11813171207904816
1995-02-15,0.11604493111371994
1995-02-16,0.09831296652555466
1995-02-17,0.09731754660606384
1995-02-18,0.07994398474693298
1995-02-19,0.08326515555381775
1995-02-20,0.05024075508117676
1995-02-21,0.05029301345348358
1995-02-22,0.0512443445622921
1995-02-23,0.05043915659189224
1995-02-24,0.05981042981147766
1995-02-25,0.0459938608109951
1995-02-26,0.06486067175865173
1995-02-27,0.07363854348659515
1995-02-28,0.0759899690747261
1995-03-01,0.06343752145767212
1995-03-02,0.04826517403125763
1995-03-03,0.03415067866444588
1995-03-04,0.025185922160744667
1995-03-05,0.022826237604022026
1995-03-06,0.009398037567734718
1995-03-07,-0.016049956902861595
1995-03-08,-0.027352996170520782
1995-03-09,-0.03168206661939621
1995-03-10,-0.04121246933937073
1995-03-11,-0.02818511426448822
1995-03-12,-0.010551956482231617
1995-03-13,-0.001621199888177216
1995-03-14,-0.013437598943710327
1995-03-15,-0.008206959813833237
1995-03-16,-0.007746401242911816
1995-03-17,-0.004077163524925709
1995-03-18,-0.012849381193518639
1995-03-19,-0.030288370326161385
1995-03-20,-0.018138064071536064
1995-03-21,-0.02000448852777481
1995-03-22,-0.008905516937375069
1995-03-23,-0.02305447682738304
1995-03-24,-0.022772178053855896
1995-03-25,-0.017902113497257233
1995-03-26,0.0174390971660614
1995-03-27,0.018517261371016502
1995-03-28,0.009201805107295513
1995-03-29,0.019936779513955116
1995-03-30,0.02609085477888584
1995-03-31,0.02701595611870289
1995-04-01,0.019853409379720688
1995-04-02,0.006041867658495903
1995-04-03,0.00693370820954442
1995-04-04,0.01728234253823757
1995-04-05,0.03170035406947136
1995-04-06,0.0416395366191864
1995-04-07,0.05776030942797661
1995-04-08,0.047759149223566055
1995-04-09,0.054315585643053055
1995-04-10,0.064554363489151
1995-04-11,0.059818945825099945
1995-04-12,0.06746475398540497
1995-04-13,0.0750759020447731
1995-04-14,0.0775471180677414
1995-04-15,0.08249584585428238
1995-04-16,0.10320405662059784
1995-04-17,0.11476331204175949
1995-04-18,0.1057257354259491
1995-04-19,0.08774646371603012
1995-04-20,0.09362282603979111
1995-04-21,0.07680027186870575
1995-04-22,0.057495974004268646
1995-04-23,0.06303875893354416
1995-04-24,0.055255431681871414
1995-04-25,0.0644577220082283
1995-04-26,0.08306920528411865
1995-04-27,0.10572804510593414
1995-04-28,0.09947071969509125
1995-04-29,0.11237811297178268
1995-04-30,0.09843240678310394
1995-05-01,0.09456641227006912
1995-05-02,0.10122347623109818
1995-05-03,0.105507031083107
1995-05-04,0.09874238818883896
1995-05-05,0.07341250777244568
1995-05-06,0.023273099213838577
1995-05-07,0.03806115314364433
1995-05-08,0.03622197359800339
1995-05-09,0.030409574508666992
1995-05-10,0.0403253436088562
1995-05-11,0.028458736836910248
1995-05-12,0.02675710804760456
1995-05-13,0.03685788810253143
1995-05-14,0.055232297629117966
1995-05-15,0.05753464624285698
1995-05-16,0.06974325329065323
1995-05-17,0.06427662074565887
1995-05-18,0.04710249975323677
1995-05-19,0.0439709834754467
1995-05-20,0.021458443254232407
1995-05-21,0.014473645947873592
1995-05-22,0.022915909066796303
1995-05-23,0.01677379012107849
1995-05-24,0.037415362894535065
1995-05-25,0.033713873475790024
1995-05-26,0.01937377080321312
1995-05-27,-0.007482284214347601
1995-05-28,-0.023122040554881096
1995-05-29,-0.024160189554095268
1995-05-30,-0.027742542326450348
1995-05-31,-0.017441632226109505
1995-06-01,-0.02447061985731125
1995-06-02,-0.0333743579685688
1995-06-03,-0.03912544250488281
1995-06-04,-0.039263613522052765
1995-06-05,-0.03204628452658653
1995-06-06,-0.018051477149128914
1995-06-07,-0.015242618508636951
1995-06-08,-0.02611467055976391
1995-06-09,-0.018615545704960823
1995-06-10,-0.040911417454481125
1995-06-11,-0.061893828213214874
1995-06-12,-0.0461779348552227
1995-06-13,-0.043211255222558975
1995-06-14,-0.029545830562710762
1995-06-15,-0.0319390743970871
1995-06-16,-0.02632102370262146
1995-06-17,-0.04488455504179001
1995-06-18,-0.04748046398162842
1995-06-19,-0.051604460924863815
1995-06-20,-0.035817716270685196
1995-06-21,-0.03048604354262352
1995-06-22,-0.04977046325802803
1995-06-23,-0.04950796440243721
1995-06-24,-0.05669284984469414
1995-06-25,-0.03746311366558075
1995-06-26,-0.020069442689418793
1995-06-27,-0.032529741525650024
1995-06-28,-0.02591700851917267
1995-06-29,-0.021998530253767967
1995-06-30,-0.016939084976911545
1995-07-01,-0.02307530678808689
1995-07-02,-0.011072863824665546
1995-07-03,0.00010307864431524649
1995-07-04,0.011363889090716839
1995-07-05,0.022127695381641388
1995-07-06,0.009865226224064827
1995-07-07,0.008264390751719475
1995-07-08,0.015679700300097466
1995-07-09,0.019568249583244324
1995-07-10,0.030139893293380737
1995-07-11,0.024496445432305336
1995-07-12,0.03781421110033989
1995-07-13,0.02995940111577511
1995-07-14,0.04028942435979843
1995-07-15,0.03943305090069771
1995-07-16,0.04315299540758133
1995-07-17,0.07316381484270096
1995-07-18,0.04509386792778969
1995-07-19,0.053670089691877365
1995-07-20,0.04847399890422821
1995-07-21,0.033953700214624405
1995-07-22,0.02657807245850563
1995-07-23,0.03942354768514633
1995-07-24,0.03991744667291641
1995-07-25,0.061684563755989075
1995-07-26,0.08276933431625366
1995-07-27,0.08990052342414856
1995-07-28,0.08777069300413132
1995-07-29,0.08692986518144608
1995-07-30,0.09399762004613876
1995-07-31,0.10995800793170929
1995-08-01,0.10443588346242905
1995-08-02,0.09237378090620041
1995-08-03,0.11160055547952652
1995-08-04,0.12343674153089523
1995-08-05,0.10923860967159271
1995-08-06,0.09251268953084946
1995-08-07,0.10919582843780518
1995-08-08,0.06392856687307358
1995-08-09,0.08129739761352539
1995-08-10,0.08881964534521103
1995-08-11,0.0883098766207695
1995-08-12,0.08459509909152985
1995-08-13,0.08044642955064774
1995-08-14,0.08294861763715744
1995-08-15,0.076667919754982
1995-08-16,0.08856100589036942
1995-08-17,0.10396791249513626
1995-08-18,0.1031845211982727
1995-08-19,0.13960082828998566
1995-08-20,0.14125287532806396
1995-08-21,0.14035873115062714
1995-08-22,0.1502862572669983
1995-08-23,0.14895765483379364
1995-08-24,0.1540614813566208
1995-08-25,0.14833742380142212
1995-08-26,0.1696067750453949
1995-08-27,0.1826179027557373
1995-08-28,0.1829594522714615
1995-08-29,0.20116838812828064
1995-08-30,0.2148992121219635
1995-08-31,0.2308603972196579
1995-09-01,0.21662427484989166
1995-09-02,0.1942393183708191
1995-09-03,0.19748738408088684
1995-09-04,0.1922849863767624
1995-09-05,0.18720336258411407
1995-09-06,0.2002570927143097
1995-09-07,0.208809494972229
1995-09-08,0.22301428020000458
1995-09-09,0.23155808448791504
1995-09-10,0.21748487651348114
1995-09-11,0.21340544521808624
1995-09-12,0.20694980025291443
1995-09-13,0.20482929050922394
1995-09-14,0.20694221556186676
1995-09-15,0.2023293823003769
1995-09-16,0.19300921261310577
1995-09-17,0.22990629076957703
1995-09-18,0.2362169474363327
1995-09-19,0.23370057344436646
1995-09-20,0.22768273949623108
1995-09-21,0.2166578322649002
1995-09-22,0.20391520857810974
1995-09-23,0.20439839363098145
1995-09-24,0.21315038204193115
1995-09-25,0.2228660136461258
1995-09-26,0.24437204003334045
1995-09-27,0.23763826489448547
1995-09-28,0.22723974287509918
1995-09-29,0.22731976211071014
1995-09-30,0.23368467390537262
1995-10-01,0.2499495893716812
1995-10-02,0.2502104341983795
1995-10-03,0.2548910081386566
1995-10-04,0.24956703186035156
1995-10-05,0.2578309178352356
1995-10-06,0.25093474984169006
1995-10-07,0.24039439857006073
1995-10-08,0.23619423806667328
1995-10-09,0.22289183735847473
1995-10-10,0.2033340334892273
1995-10-11,0.22350725531578064
1995-10-12,0.21843485534191132
1995-10-13,0.21034690737724304
1995-10-14,0.213294118642807
1995-10-15,0.19673128426074982
1995-10-16,0.22303923964500427
1995-10-17,0.22493229806423187
1995-10-18,0.2119138240814209
1995-10-19,0.19717097282409668
1995-10-20,0.19779670238494873
1995-10-21,0.19430696964263916
1995-10-22,0.2161206305027008
1995-10-23,0.2295631766319275
1995-10-24,0.22458410263061523
1995-10-25,0.24590449035167694
1995-10-26,0.23829180002212524
1995-10-27,0.23744264245033264
1995-10-28,0.21784313023090363
1995-10-29,0.22207854688167572
1995-10-30,0.22109703719615936
1995-10-31,0.22010768949985504
1995-11-01,0.2454882115125656
1995-11-02,0.23591279983520508
1995-11-03,0.23283793032169342
1995-11-04,0.22234240174293518
1995-11-05,0.23676668107509613
1995-11-06,0.2394142597913742
1995-11-07,0.23690228164196014
1995-11-08,0.23076482117176056
1995-11-09,0.21761122345924377
1995-11-10,0.18217965960502625
1995-11-11,0.15140891075134277
1995-11-12,0.14654415845870972
1995-11-13,0.14562544226646423
1995-11-14,0.13368403911590576
1995-11-15,0.13083715736865997
1995-11-16,0.13605110347270966
1995-11-17,0.1448839157819748
1995-11-18,0.11649052053689957
1995-11-19,0.10532581806182861
1995-11-20,0.10743306577205658
1995-11-21,0.1161748617887497
1995-11-22,0.12197786569595337
1995-11-23,0.11766688525676727
1995-11-24,0.12353307753801346
1995-11-25,0.12291743606328964
1995-11-26,0.09203746169805527
1995-11-27,0.10483618825674057
1995-11-28,0.10799434781074524
1995-11-29,0.12611877918243408
1995-11-30,0.1293347030878067
1995-12-01,0.14313793182373047
1995-12-02,0.11596411466598511
1995-12-03,0.11340849101543427
1995-12-04,0.10907858610153198
1995-12-05,0.11149109154939651
1995-12-06,0.12341714650392532
1995-12-07,0.12578438222408295
1995-12-08,0.13203394412994385
1995-12-09,0.08306773006916046
1995-12-10,0.08781923353672028
1995-12-11,0.08443914353847504
1995-12-12,0.09621600806713104
1995-12-13,0.0980275571346283
1995-12-14,0.09884028136730194
1995-12-15,0.10486599057912827
1995-12-16,0.08785562962293625
1995-12-17,0.07330825179815292
1995-12-18,0.07682585716247559
1995-12-19,0.07163547724485397
1995-12-20,0.0876706913113594
1995-12-21,0.08121822774410248
1995-12-22,0.0640983134508133
1995-12-23,0.1110854372382164
1995-12-24,0.05813193321228027
1995-12-25,0.03719194978475571
1995-12-26,0.03302227705717087
1995-12-27,0.04570988565683365
1995-12-28,0.008667302317917347
1995-12-29,0.03867627680301666
1995-12-30,-0.013994031585752964
1995-12-31,0.022028127685189247
1996-01-01,0.04497959464788437
1996-01-02,0.057465020567178726
1996-01-03,0.06788316369056702
1996-01-04,0.06276630610227585
1996-01-05,0.04501122236251831
1996-01-06,0.032980918884277344
1996-01-07,0.020263733342289925
1996-01-08,0.009630697779357433
1996-01-09,0.014548261649906635
1996-01-10,0.02839072421193123
1996-01-11,0.0023582656867802143
1996-01-12,0.011213102377951145
1996-01-13,-0.008697737008333206
1996-01-14,-0.012468437664210796
1996-01-15,-0.007183844689279795
1996-01-16,0.016635216772556305
1996-01-17,0.03388995677232742
1996-01-18,0.035757627338171005
1996-01-19,0.03428540751338005
1996-01-20,0.034478724002838135
1996-01-21,0.03602929413318634
1996-01-22,0.03720177710056305
1996-01-23,0.05207487940788269
1996-01-24,0.04224909469485283
1996-01-25,0.032211024314165115
1996-01-26,0.01827217824757099
1996-01-27,0.007974364794790745
1996-01-28,0.014713766984641552
1996-01-29,0.028251847252249718
1996-01-30,0.03012900799512863
1996-01-31,0.04111216962337494
1996-02-01,0.046220578253269196
1996-02-02,0.03873925656080246
1996-02-03,-0.003535425290465355
1996-02-04,-0.018475666642189026
1996-02-05,-0.02636725828051567
1996-02-06,-0.009546740911900997
1996-02-07,0.0029306390788406134
1996-02-08,0.003084408352151513
1996-02-09,0.03192104026675224
1996-02-10,0.04467250779271126
1996-02-11,0.06349977105855942
1996-02-12,0.0753084048628807
1996-02-13,0.09261193126440048
1996-02-14,0.09085361659526825
1996-02-15,0.09141819179058075
1996-02-16,0.0945444107055664
1996-02-17,0.08640741556882858
1996-02-18,0.08164633810520172
1996-02-19,0.08999767899513245
1996-02-20,0.09883832931518555
1996-02-21,0.09330617636442184
1996-02-22,0.09570164233446121
1996-02-23,0.10555434226989746
1996-02-24,0.08223450928926468
1996-02-25,0.09528668224811554
1996-02-26,0.10383664071559906
1996-02-27,0.09362918138504028
1996-02-28,0.09552358835935593
1996-02-29,0.08335641771554947
1996-03-01,0.08944162726402283
1996-03-02,0.09809592366218567
1996-03-03,0.09712476283311844
1996-03-04,0.09820929169654846
1996-03-05,0.08898426592350006
1996-03-06,0.08789101243019104
1996-03-07,0.1002989187836647
1996-03-08,0.0966784805059433
1996-03-09,0.08520125597715378
1996-03-10,0.1097937822341919
1996-03-11,0.10310842841863632
1996-03-12,0.11042335629463196
1996-03-13,0.10374713689088821
1996-03-14,0.10496144741773605
1996-03-15,0.0969168171286583
1996-03-16,0.09748326241970062
1996-03-17,0.10387769341468811
1996-03-18,0.09198876470327377
1996-03-19,0.1052410826086998
1996-03-20,0.13298790156841278
1996-03-21,0.13632524013519287
1996-03-22,0.1257745921611786
1996-03-23,0.10807016491889954
1996-03-24,0.11743061244487762
1996-03-25,0.11679648607969284
1996-03-26,0.11897332966327667
1996-03-27,0.12142238765954971
1996-03-28,0.12865015864372253
1996-03-29,0.11379321664571762
1996-03-30,0.09850887954235077
1996-03-31,0.10157930850982666
1996-04-01,0.11272156238555908
1996-04-02,0.09712182730436325
1996-04-03,0.09602120518684387
1996-04-04,0.09580573439598083
1996-04-05,0.08709684014320374
1996-04-06,0.08486180752515793
1996-04-07,0.07815152406692505
1996-04-08,0.0857437252998352
1996-04-09,0.0763859823346138
1996-04-10,0.08054132759571075
1996-04-11,0.09204472601413727
1996-04-12,0.10894908010959625
1996-04-13,0.14155703783035278
1996-04-14,0.13566870987415314
1996-04-15,0.14252422749996185
1996-04-16,0.14545586705207825
1996-04-17,0.15054908394813538
1996-04-18,0.15376566350460052
1996-04-19,0.16167058050632477
1996-04-20,0.12946711480617523
1996-04-21,0.14054064452648163
1996-04-22,0.13406291604042053
1996-04-23,0.13602808117866516
1996-04-24,0.13652092218399048
1996-04-25,0.1477755457162857
1996-04-26,0.14051181077957153
1996-04-27,0.13948941230773926
1996-04-28,0.13786105811595917
1996-04-29,0.1537104994058609
1996-04-30,0.14099380373954773
1996-05-01,0.13502471148967743
1996-05-02,0.14204177260398865
1996-05-03,0.1530046910047531
1996-05-04,0.13927777111530304
1996-05-05,0.14471454918384552
1996-05-06,0.14011752605438232
1996-05-07,0.14570841193199158
1996-05-08,0.13825009763240814
1996-05-09,0.13557957112789154
1996-05-10,0.1110495999455452
1996-05-11,0.08189177513122559
1996-05-12,0.10608330368995667
1996-05-13,0.12421858310699463
1996-05-14,0.12411094456911087
1996-05-15,0.126587375998497
1996-05-16,0.12018478661775589
1996-05-17,0.1300920695066452
1996-05-18,0.11231336742639542
1996-05-19,0.14890608191490173
1996-05-20,0.1207595095038414
1996-05-21,0.12685084342956543
1996-05-22,0.13237056136131287
1996-05-23,0.12563122808933258
1996-05-24,0.12756216526031494
1996-05-25,0.0892571359872818
1996-05-26,0.10092240571975708
1996-05-27,0.10138208419084549
1996-05-28,0.10495458543300629
1996-05-29,0.12520936131477356
1996-05-30,0.13373729586601257
1996-05-31,0.15333986282348633
1996-06-01,0.13393089175224304
1996-06-02,0.10503368079662323
1996-06-03,0.11511791497468948
1996-06-04,0.11593449860811234
1996-06-05,0.13192059099674225
1996-06-06,0.11794852465391159
1996-06-07,0.108876533806324
1996-06-08,0.11119209229946136
1996-06-09,0.12313029170036316
1996-06-10,0.11968203634023666
1996-06-11,0.11128445714712143
1996-06-12,0.11614935845136642
1996-06-13,0.11858554929494858
1996-06-14,0.09812472760677338
1996-06-15,0.05952797457575798
1996-06-16,0.04134669154882431
1996-06-17,0.05753716453909874
1996-06-18,0.052011072635650635
1996-06-19,0.06232621520757675
1996-06-20,0.07048602402210236
1996-06-21,0.059672046452760696
1996-06-22,0.02869483456015587
1996-06-23,-0.007754715159535408
1996-06-24,0.009144904091954231
1996-06-25,0.01504331175237894
1996-06-26,0.015433575958013535
1996-06-27,0.021364396438002586
1996-06-28,0.0363055095076561
1996-06-29,0.039570532739162445
1996-06-30,0.06967050582170486
1996-07-01,0.07266616821289062
1996-07-02,0.0692627802491188
1996-07-03,0.0920645222067833
1996-07-04,0.06997542828321457
1996-07-05,0.0891299843788147
1996-07-06,0.058842506259679794
1996-07-07,0.08101864904165268
1996-07-08,0.08499236404895782
1996-07-09,0.07000509649515152
1996-07-10,0.07627106457948685
1996-07-11,0.06565200537443161
1996-07-12,0.08627384155988693
1996-07-13,0.08217146247625351
1996-07-14,0.11028015613555908
1996-07-15,0.1086672991514206
1996-07-16,0.13409243524074554
1996-07-17,0.13298183679580688
1996-07-18,0.1296376883983612
1996-07-19,0.1410534828901291
1996-07-20,0.1486147940158844
1996-07-21,0.15943489968776703
1996-07-22,0.1466653198003769
1996-07-23,0.14264146983623505
1996-07-24,0.12713316082954407
1996-07-25,0.11814307421445847
1996-07-26,0.11807423830032349
1996-07-27,0.09623479098081589
1996-07-28,0.09586925804615021
1996-07-29,0.08738502860069275
1996-07-30,0.09618250280618668
1996-07-31,0.10738566517829895
1996-08-01,0.11594212055206299
1996-08-02,0.12085189670324326
1996-08-03,0.13425831496715546
1996-08-04,0.14853085577487946
1996-08-05,0.14646953344345093
1996-08-06,0.1529097855091095
1996-08-07,0.14704561233520508
1996-08-08,0.15293417870998383
1996-08-09,0.1540379822254181
1996-08-10,0.15603294968605042
1996-08-11,0.16687217354774475
1996-08-12,0.15794911980628967
1996-08-13,0.13934504985809326
1996-08-14,0.14300420880317688
1996-08-15,0.15855687856674194
1996-08-16,0.16118083894252777
1996-08-17,0.16957296431064606
1996-08-18,0.17756585776805878
1996-08-19,0.17052185535430908
1996-08-20,0.17738626897335052
1996-08-21,0.1890912652015686
1996-08-22,0.1885010004043579
1996-08-23,0.17941948771476746
1996-08-24,0.17196522653102875
1996-08-25,0.17631185054779053
1996-08-26,0.17823375761508942
1996-08-27,0.1751294732093811
1996-08-28,0.18414968252182007
1996-08-29,0.18176361918449402
1996-08-30,0.1893024444580078
1996-08-31,0.1951034516096115
1996-09-01,0.2003922313451767
1996-09-02,0.20235618948936462
1996-09-03,0.20325258374214172
1996-09-04,0.19153714179992676
1996-09-05,0.18941184878349304
1996-09-06,0.19092506170272827
1996-09-07,0.1839323192834854
1996-09-08,0.19280487298965454
1996-09-09,0.1960543692111969
1996-09-10,0.19333641231060028
1996-09-11,0.19246147572994232
1996-09-12,0.19136366248130798
1996-09-13,0.19498169422149658
1996-09-14,0.21397241950035095
1996-09-15,0.23144973814487457
1996-09-16,0.2210787832736969
1996-09-17,0.2311878204345703
1996-09-18,0.21945156157016754
1996-09-19,0.19684071838855743
1996-09-20,0.20710892975330353
1996-09-21,0.2099882960319519
1996-09-22,0.21571515500545502
1996-09-23,0.2406381517648697
1996-09-24,0.22857488691806793
1996-09-25,0.2362668663263321
1996-09-26,0.24507246911525726
1996-09-27,0.23884083330631256
1996-09-28,0.24196623265743256
1996-09-29,0.25560757517814636
1996-09-30,0.2648603618144989
1996-10-01,0.26391711831092834
1996-10-02,0.28392165899276733
1996-10-03,0.2771018147468567
1996-10-04,0.29163920879364014
1996-10-05,0.2777107357978821
1996-10-06,0.27141276001930237
1996-10-07,0.2548046410083771
1996-10-08,0.2505837082862854
1996-10-09,0.2688705623149872
1996-10-10,0.2659400999546051
1996-10-11,0.22891423106193542
1996-10-12,0.24754390120506287
1996-10-13,0.26019054651260376
1996-10-14,0.25801295042037964
1996-10-15,0.2569403350353241
1996-10-16,0.2515081763267517
1996-10-17,0.24944250285625458
1996-10-18,0.2522764503955841
1996-10-19,0.2077818214893341
1996-10-20,0.18390825390815735
1996-10-21,0.19226357340812683
1996-10-22,0.20272865891456604
1996-10-23,0.2088124305009842
1996-10-24,0.21992900967597961
1996-10-25,0.23946833610534668
1996-10-26,0.24214768409729004
1996-10-27,0.2729876637458801
1996-10-28,0.26028409600257874
1996-10-29,0.22292767465114594
1996-10-30,0.2291257381439209
1996-10-31,0.2392662912607193
1996-11-01,0.24483473598957062
1996-11-02,0.24635501205921173
1996-11-03,0.25780755281448364
1996-11-04,0.2604812979698181
1996-11-05,0.27838191390037537
1996-11-06,0.28056469559669495
1996-11-07,0.28607606887817383
1996-11-08,0.32153749465942383
1996-11-09,0.3121596872806549
1996-11-10,0.3052648901939392
1996-11-11,0.30618661642074585
1996-11-12,0.3085114359855652
1996-11-13,0.3048095703125
1996-11-14,0.2992016673088074
1996-11-15,0.28768301010131836
1996-11-16,0.28846076130867004
1996-11-17,0.2539440989494324
1996-11-18,0.2516883909702301
1996-11-19,0.26535406708717346
1996-11-20,0.25930070877075195
1996-11-21,0.24479131400585175
1996-11-22,0.2205248773097992
1996-11-23,0.2088952660560608
1996-11-24,0.18045645952224731
1996-11-25,0.2094438076019287
1996-11-26,0.21586880087852478
1996-11-27,0.23501910269260406
1996-11-28,0.23205937445163727
1996-11-29,0.2386903464794159
1996-11-30,0.2456739991903305
1996-12-01,0.29165133833885193
1996-12-02,0.3129304349422455
1996-12-03,0.32297152280807495
1996-12-04,0.32171788811683655
1996-12-05,0.3313266336917877
1996-12-06,0.33347129821777344
1996-12-07,0.31141921877861023
1996-12-08,0.336961567401886
1996-12-09,0.35336852073669434
1996-12-10,0.35206350684165955
1996-12-11,0.33124083280563354
1996-12-12,0.32132619619369507
1996-12-13,0.3204473853111267
1996-12-14,0.33326202630996704
1996-12-15,0.3249583840370178
1996-12-16,0.3188995122909546
1996-12-17,0.3107834756374359
1996-12-18,0.30862686038017273
1996-12-19,0.2876726984977722
1996-12-20,0.2633827328681946
1996-12-21,0.273378849029541
1996-12-22,0.28849169611930847
1996-12-23,0.296023428440094
1996-12-24,0.2950654923915863
1996-12-25,0.32702988386154175
1996-12-26,0.34075266122817993
1996-12-27,0.3182729184627533
1996-12-28,0.35452041029930115
1996-12-29,0.35758501291275024
1996-12-30,0.38973867893218994
1996-12-31,0.3832462430000305
1997-01-01,0.39080673456192017
1997-01-02,0.38422274589538574
1997-01-03,0.3852109909057617
1997-01-04,0.3438005745410919
1997-01-05,0.3320784866809845
1997-01-06,0.33203795552253723
1997-01-07,0.3196288049221039
1997-01-08,0.32444119453430176
1997-01-09,0.34554776549339294
1997-01-10,0.35058173537254333
1997-01-11,0.34113314747810364
1997-01-12,0.3189254403114319
1997-01-13,0.3322579562664032
1997-01-14,0.32778429985046387
1997-01-15,0.3505200147628784
1997-01-16,0.37056615948677063
1997-01-17,0.3510958254337311
1997-01-18,0.3537537753582001
1997-01-19,0.36611977219581604
1997-01-20,0.3581922948360443
1997-01-21,0.3579367995262146
1997-01-22,0.3571157455444336
1997-01-23,0.36672911047935486
1997-01-24,0.3618997633457184
1997-01-25,0.3771110475063324
1997-01-26,0.36335062980651855
1997-01-27,0.33681926131248474
1997-01-28,0.3398105502128601
1997-01-29,0.3447384834289551
1997-01-30,0.34837064146995544
1997-01-31,0.3406301438808441
1997-02-01,0.3363541066646576
1997-02-02,0.3670508563518524
1997-02-03,0.3766426146030426
1997-02-04,0.3693665564060211
1997-02-05,0.37260347604751587
1997-02-06,0.3565511703491211
1997-02-07,0.35202640295028687
1997-02-08,0.34878405928611755
1997-02-09,0.3442256450653076
1997-02-10,0.34358853101730347
1997-02-11,0.32448264956474304
1997-02-12,0.32596853375434875
1997-02-13,0.3270294666290283
1997-02-14,0.3205512762069702
1997-02-15,0.31794536113739014
1997-02-16,0.309725821018219
1997-02-17,0.2939825654029846
1997-02-18,0.2983422577381134
1997-02-19,0.28746071457862854
1997-02-20,0.27282047271728516
1997-02-21,0.2715061902999878
1997-02-22,0.27083441615104675
1997-02-23,0.2562366724014282
1997-02-24,0.28340426087379456
1997-02-25,0.2795610725879669
1997-02-26,0.2952929437160492
1997-02-27,0.26684385538101196
1997-02-28,0.24535763263702393
1997-03-01,0.2199368178844452
1997-03-02,0.2183656394481659
1997-03-03,0.21841192245483398
1997-03-04,0.24106250703334808
1997-03-05,0.24129590392112732
1997-03-06,0.23471280932426453
1997-03-07,0.23733872175216675
1997-03-08,0.2497001588344574
1997-03-09,0.24231445789337158
1997-03-10,0.23451673984527588
1997-03-11,0.22695177793502808
1997-03-12,0.22311760485172272
1997-03-13,0.21630293130874634
1997-03-14,0.21220247447490692
1997-03-15,0.2205001562833786
1997-03-16,0.23483382165431976
1997-03-17,0.22843021154403687
1997-03-18,0.24087795615196228
1997-03-19,0.2533685863018036
1997-03-20,0.2404993623495102
1997-03-21,0.24073123931884766
1997-03-22,0.21698817610740662
1997-03-23,0.231438547372818
1997-03-24,0.22428183257579803
1997-03-25,0.2261202186346054
1997-03-26,0.24227134883403778
1997-03-27,0.253525972366333
1997-03-28,0.2571696639060974
1997-03-29,0.27885901927948
1997-03-30,0.2867654263973236
1997-03-31,0.2899658679962158
1997-04-01,0.28921106457710266
1997-04-02,0.2959979176521301
1997-04-03,0.29547977447509766
1997-04-04,0.2948421835899353
1997-04-05,0.2906588017940521
1997-04-06,0.28485435247421265
1997-04-07,0.2603863775730133
1997-04-08,0.2726311683654785
1997-04-09,0.27523183822631836
1997-04-10,0.27325183153152466
1997-04-11,0.2742662727832794
1997-04-12,0.21934254467487335
1997-04-13,0.21550047397613525
1997-04-14,0.21299804747104645
1997-04-15,0.22504635155200958
1997-04-16,0.21826869249343872
1997-04-17,0.22798718512058258
1997-04-18,0.22270840406417847
1997-04-19,0.23367023468017578
1997-04-20,0.21142996847629547
1997-04-21,0.20917972922325134
1997-04-22,0.21172095835208893
1997-04-23,0.21073780953884125
1997-04-24,0.20466256141662598
1997-04-25,0.17819684743881226
1997-04-26,0.1411180943250656
1997-04-27,0.12916383147239685
1997-04-28,0.12189503014087677
1997-04-29,0.12627065181732178
1997-04-30,0.1352471113204956
1997-05-01,0.154828742146492
1997-05-02,0.16308359801769257
1997-05-03,0.18854284286499023
1997-05-04,0.19726404547691345
1997-05-05,0.19764691591262817
1997-05-06,0.18692198395729065
1997-05-07,0.1932963877916336
1997-05-08,0.20952297747135162
1997-05-09,0.1958569586277008
1997-05-10,0.19188539683818817
1997-05-11,0.2060469090938568
1997-05-12,0.2063138782978058
1997-05-13,0.21191246807575226
1997-05-14,0.2330026477575302
1997-05-15,0.22952920198440552
1997-05-16,0.243650421500206
1997-05-17,0.2658359110355377
1997-05-18,0.2741665840148926
1997-05-19,0.2790248394012451
1997-05-20,0.26954054832458496
1997-05-21,0.26757559180259705
1997-05-22,0.2534962594509125
1997-05-23,0.24287492036819458
1997-05-24,0.21130596101284027
1997-05-25,0.21979431807994843
1997-05-26,0.24462424218654633
1997-05-27,0.24730424582958221
1997-05-28,0.25195544958114624
1997-05-29,0.2620300352573395
1997-05-30,0.2660141587257385
1997-05-31,0.2935963571071625
1997-06-01,0.3206169903278351
1997-06-02,0.33224278688430786
1997-06-03,0.3330782651901245
1997-06-04,0.33356428146362305
1997-06-05,0.32044723629951477
1997-06-06,0.31082576513290405
1997-06-07,0.2988477051258087
1997-06-08,0.305765837430954
1997-06-09,0.3002261519432068
1997-06-10,0.30409789085388184
1997-06-11,0.30118927359580994
1997-06-12,0.28836166858673096
1997-06-13,0.2661912143230438
1997-06-14,0.24774251878261566
1997-06-15,0.24289017915725708
1997-06-16,0.25552353262901306
1997-06-17,0.2865149974822998
1997-06-18,0.2993144690990448
1997-06-19,0.3121454417705536
1997-06-20,0.3134389817714691
1997-06-21,0.3142138123512268
1997-06-22,0.32557007670402527
1997-06-23,0.3314497172832489
1997-06-24,0.32561272382736206
1997-06-25,0.33354923129081726
1997-06-26,0.34359362721443176
1997-06-27,0.3470654785633087
1997-06-28,0.355719655752182
1997-06-29,0.37146273255348206
1997-06-30,0.39036810398101807
1997-07-01,0.393966406583786
1997-07-02,0.3919079601764679
1997-07-03,0.3849823474884033
1997-07-04,0.3864063620567322
1997-07-05,0.35649654269218445
1997-07-06,0.35806405544281006
1997-07-07,0.3714495897293091
1997-07-08,0.41878247261047363
1997-07-09,0.41430583596229553
1997-07-10,0.41934889554977417
1997-07-11,0.41025033593177795
1997-07-12,0.407118558883667
1997-07-13,0.3843226432800293
1997-07-14,0.375825434923172
1997-07-15,0.37553250789642334
1997-07-16,0.391960084438324
1997-07-17,0.3915768563747406
1997-07-18,0.3800484538078308
1997-07-19,0.3771060109138489
1997-07-20,0.38458824157714844
1997-07-21,0.38644078373908997
1997-07-22,0.37664803862571716
1997-07-23,0.3805392384529114
1997-07-24,0.38326478004455566
1997-07-25,0.36847907304763794
1997-07-26,0.40334242582321167
1997-07-27,0.419277161359787
1997-07-28,0.4064345955848694
1997-07-29,0.4132837951183319
1997-07-30,0.43033599853515625
1997-07-31,0.43259483575820923
1997-08-01,0.43622279167175293
1997-08-02,0.4416797161102295
1997-08-03,0.44128018617630005
1997-08-04,0.4540819525718689
1997-08-05,0.4452340602874756
1997-08-06,0.4477079212665558
1997-08-07,0.43341657519340515
1997-08-08,0.4356269836425781
1997-08-09,0.4263184070587158
1997-08-10,0.42581066489219666
1997-08-11,0.4010072648525238
1997-08-12,0.39132028818130493
1997-08-13,0.40543076395988464
1997-08-14,0.41129493713378906
1997-08-15,0.41176876425743103
1997-08-16,0.38920798897743225
1997-08-17,0.4133355915546417
1997-08-18,0.401892751455307
1997-08-19,0.40496909618377686
1997-08-20,0.4064204692840576
1997-08-21,0.3818734288215637
1997-08-22,0.38182294368743896
1997-08-23,0.39508476853370667
1997-08-24,0.3802582025527954
1997-08-25,0.37922602891921997
1997-08-26,0.38139021396636963
1997-08-27,0.39048081636428833
1997-08-28,0.3735688030719757
1997-08-29,0.3553783893585205
1997-08-30,0.36437657475471497
1997-08-31,0.3495553135871887
1997-09-01,0.33790653944015503
1997-09-02,0.35702937841415405
1997-09-03,0.3527764081954956
1997-09-04,0.3588339686393738
1997-09-05,0.3279922902584076
1997-09-06,0.31443482637405396
1997-09-07,0.2417992353439331
1997-09-08,0.2414674162864685
1997-09-09,0.2572081983089447
1997-09-10,0.2639433443546295
1997-09-11,0.2759952247142792
1997-09-12,0.25678369402885437
1997-09-13,0.27852341532707214
1997-09-14,0.29355767369270325
1997-09-15,0.29868611693382263
1997-09-16,0.2945658564567566
1997-09-17,0.30588892102241516
1997-09-18,0.3063340187072754
1997-09-19,0.3007301092147827
1997-09-20,0.23298342525959015
1997-09-21,0.25087109208106995
1997-09-22,0.2592006325721741
1997-09-23,0.25477135181427
1997-09-24,0.2570773661136627
1997-09-25,0.2527717649936676
1997-09-26,0.23884478211402893
1997-09-27,0.21633948385715485
1997-09-28,0.22765681147575378
1997-09-29,0.22626446187496185
1997-09-30,0.22619682550430298
1997-10-01,0.22196483612060547
1997-10-02,0.22990383207798004
1997-10-03,0.2187945395708084
1997-10-04,0.19276094436645508
1997-10-05,0.1616591066122055
1997-10-06,0.16845886409282684
1997-10-07,0.1854504942893982
1997-10-08,0.2019476741552353
1997-10-09,0.19179610908031464
1997-10-10,0.19632479548454285
1997-10-11,0.18980395793914795
1997-10-12,0.19363337755203247
1997-10-13,0.19216036796569824
1997-10-14,0.2088087946176529
1997-10-15,0.20929107069969177
1997-10-16,0.22222165763378143
1997-10-17,0.22760486602783203
1997-10-18,0.2136058509349823
1997-10-19,0.2564300298690796
1997-10-20,0.22873689234256744
1997-10-21,0.2199132740497589
1997-10-22,0.2229977697134018
1997-10-23,0.21960660815238953
1997-10-24,0.21966992318630219
1997-10-25,0.22971698641777039
1997-10-26,0.24526391923427582
1997-10-27,0.24682389199733734
1997-10-28,0.22899103164672852
1997-10-29,0.22816409170627594
1997-10-30,0.22546713054180145
1997-10-31,0.23006436228752136
1997-11-01,0.23733797669410706
1997-11-02,0.23487809300422668
1997-11-03,0.2391970306634903
1997-11-04,0.22505085170269012
1997-11-05,0.23559485375881195
1997-11-06,0.21467536687850952
1997-11-07,0.207402765750885
1997-11-08,0.16872172057628632
1997-11-09,0.18337544798851013
1997-11-10,0.16370664536952972
1997-11-11,0.15273068845272064
1997-11-12,0.1482260525226593
1997-11-13,0.11895349621772766
1997-11-14,0.12970514595508575
1997-11-15,0.12526068091392517
1997-11-16,0.1115671694278717
1997-11-17,0.11110084503889084
1997-11-18,0.13279375433921814
1997-11-19,0.14909601211547852
1997-11-20,0.1368895024061203
1997-11-21,0.11265092343091965
1997-11-22,0.15221597254276276
1997-11-23,0.15786316990852356
1997-11-24,0.15423619747161865
1997-11-25,0.15984322130680084
1997-11-26,0.1811111569404602
1997-11-27,0.19541198015213013
1997-11-28,0.1951119303703308
1997-11-29,0.25868189334869385
1997-11-30,0.28140369057655334
1997-12-01,0.30141979455947876
1997-12-02,0.2826017737388611
1997-12-03,0.272219717502594
1997-12-04,0.2848442792892456
1997-12-05,0.27788496017456055
1997-12-06,0.26268330216407776
1997-12-07,0.27700626850128174
1997-12-08,0.27515125274658203
1997-12-09,0.2754988670349121
1997-12-10,0.2647818624973297
1997-12-11,0.2603360116481781
1997-12-12,0.24158547818660736
1997-12-13,0.22034130990505219
1997-12-14,0.2634226977825165
1997-12-15,0.24693673849105835
1997-12-16,0.23615039885044098
1997-12-17,0.23527082800865173
1997-12-18,0.23322267830371857
1997-12-19,0.24157027900218964
1997-12-20,0.32292407751083374
1997-12-21,0.29872551560401917
1997-12-22,0.3096793591976166
1997-12-23,0.2860492467880249
1997-12-24,0.28007030487060547
1997-12-25,0.28791648149490356
1997-12-26,0.25482210516929626
1997-12-27,0.2717752456665039
1997-12-28,0.30098122358322144
1997-12-29,0.28212541341781616
1997-12-30,0.2749621272087097
1997-12-31,0.27706634998321533
1998-01-01,0.22761601209640503
1998-01-02,0.24306423962116241
1998-01-03,0.23765963315963745
1998-01-04,0.21980859339237213
1998-01-05,0.22423765063285828
1998-01-06,0.22095049917697906
1998-01-07,0.22721651196479797
1998-01-08,0.20231017470359802
1998-01-09,0.18615150451660156
1998-01-10,0.15225180983543396
1998-01-11,0.16945917904376984
1998-01-12,0.15019403398036957
1998-01-13,0.1422562599182129
1998-01-14,0.12991195917129517
1998-01-15,0.12061735987663269
1998-01-16,0.1121317520737648
1998-01-17,0.08259409666061401
1998-01-18,0.07368213683366776
1998-01-19,0.07144072651863098
1998-01-20,0.07557355612516403
1998-01-21,0.08629828691482544
1998-01-22,0.07682310044765472
1998-01-23,0.06501325219869614
1998-01-24,0.02592768892645836
1998-01-25,0.038514889776706696
1998-01-26,0.047519441694021225
1998-01-27,0.03295905888080597
1998-01-28,0.04595843330025673
1998-01-29,0.041556403040885925
1998-01-30,0.050723832100629807
1998-01-31,0.05269405618309975
1998-02-01,0.08281254768371582
1998-02-02,0.10092692822217941
1998-02-03,0.11446663737297058
1998-02-04,0.13628408312797546
1998-02-05,0.12846864759922028
1998-02-06,0.1265173852443695
1998-02-07,0.16743531823158264
1998-02-08,0.195437490940094
1998-02-09,0.19172155857086182
1998-02-10,0.2083299607038498
1998-02-11,0.22613267600536346
1998-02-12,0.24474231898784637
1998-02-13,0.24125397205352783
1998-02-14,0.2251315712928772
1998-02-15,0.2107403725385666
1998-02-16,0.21739621460437775
1998-02-17,0.22255900502204895
1998-02-18,0.21815620362758636
1998-02-19,0.21187718212604523
1998-02-20,0.19110754132270813
1998-02-21,0.14360180497169495
1998-02-22,0.14914768934249878
1998-02-23,0.14829616248607635
1998-02-24,0.16158849000930786
1998-02-25,0.16421663761138916
1998-02-26,0.14074675738811493
1998-02-27,0.14079293608665466
1998-02-28,0.13383327424526215
1998-03-01,0.09326142072677612
1998-03-02,0.08823256939649582
1998-03-03,0.09037993103265762
1998-03-04,0.10363677144050598
1998-03-05,0.1292109489440918
1998-03-06,0.128298819065094
1998-03-07,0.12266842275857925
1998-03-08,0.1277962625026703
1998-03-09,0.1285385936498642
1998-03-10,0.14357322454452515
1998-03-11,0.15191493928432465
1998-03-12,0.14344187080860138
1998-03-13,0.14260417222976685
1998-03-14,0.16711322963237762
1998-03-15,0.18880891799926758
1998-03-16,0.17397528886795044
1998-03-17,0.16713911294937134
1998-03-18,0.17906738817691803
1998-03-19,0.18653365969657898
1998-03-20,0.17790095508098602
1998-03-21,0.1982380896806717
1998-03-22,0.17152900993824005
1998-03-23,0.17499148845672607
1998-03-24,0.17605365812778473
1998-03-25,0.1661929041147232
1998-03-26,0.16234615445137024
1998-03-27,0.16902177035808563
1998-03-28,0.18035344779491425
1998-03-29,0.22389377653598785
1998-03-30,0.22071193158626556
1998-03-31,0.21032464504241943
1998-04-01,0.20597217977046967
1998-04-02,0.21975721418857574
1998-04-03,0.20483176410198212
1998-04-04,0.20204070210456848
1998-04-05,0.17641949653625488
1998-04-06,0.17478474974632263
1998-04-07,0.18437521159648895
1998-04-08,0.20103932917118073
1998-04-09,0.20554406940937042
1998-04-10,0.19991333782672882
1998-04-11,0.19504834711551666
1998-04-12,0.20766617357730865
1998-04-13,0.20830561220645905
1998-04-14,0.20049640536308289
1998-04-15,0.20558717846870422
1998-04-16,0.21947507560253143
1998-04-17,0.1971534639596939
1998-04-18,0.15795089304447174
1998-04-19,0.1684713512659073
1998-04-20,0.17441388964653015
1998-04-21,0.18158690631389618
1998-04-22,0.16775211691856384
1998-04-23,0.19098235666751862
1998-04-24,0.18738031387329102
1998-04-25,0.18268553912639618
1998-04-26,0.208848774433136
1998-04-27,0.20373764634132385
1998-04-28,0.1812199503183365
1998-04-29,0.18687741458415985
1998-04-30,0.18562354147434235
1998-05-01,0.16807101666927338
1998-05-02,0.17732591927051544
1998-05-03,0.16916359961032867
1998-05-04,0.16684934496879578
1998-05-05,0.16218717396259308
1998-05-06,0.17217537760734558
1998-05-07,0.1756879687309265
1998-05-08,0.17165446281433105
1998-05-09,0.11223573982715607
1998-05-10,0.09463805705308914
1998-05-11,0.08108054846525192
1998-05-12,0.05067014694213867
1998-05-13,0.05201030895113945
1998-05-14,0.04583483934402466
1998-05-15,0.03529641032218933
1998-05-16,0.06622778624296188
1998-05-17,0.10408875346183777
1998-05-18,0.11593833565711975
1998-05-19,0.11948243528604507
1998-05-20,0.12119222432374954
1998-05-21,0.09705586731433868
1998-05-22,0.08537096530199051
1998-05-23,0.08115947246551514
1998-05-24,0.10439740866422653
1998-05-25,0.13693977892398834
1998-05-26,0.13667035102844238
1998-05-27,0.1532372236251831
1998-05-28,0.11800513416528702
1998-05-29,0.12436886131763458
1998-05-30,0.06704395264387131
1998-05-31,0.09165652096271515
1998-06-01,0.09638754278421402
1998-06-02,0.09439870715141296
1998-06-03,0.09941284358501434
1998-06-04,0.1033056378364563
1998-06-05,0.11049394309520721
1998-06-06,0.10852043330669403
1998-06-07,0.16296300292015076
1998-06-08,0.12855467200279236
1998-06-09,0.13672824203968048
1998-06-10,0.12915192544460297
1998-06-11,0.10109255462884903
1998-06-12,0.10288898646831512
1998-06-13,0.03678993880748749
1998-06-14,0.02485715225338936
1998-06-15,-0.00021615084551740438
1998-06-16,-0.04545271024107933
1998-06-17,-0.03518864884972572
1998-06-18,-0.045910269021987915
1998-06-19,-0.06644466519355774
1998-06-20,-0.10266857594251633
1998-06-21,-0.06074979901313782
1998-06-22,-0.053398072719573975
1998-06-23,-0.04819846153259277
1998-06-24,-0.04006994143128395
1998-06-25,-0.04655474051833153
1998-06-26,-0.03540896251797676
1998-06-27,-0.09083870053291321
1998-06-28,-0.09525182843208313
1998-06-29,-0.08106348663568497
1998-06-30,-0.07061160355806351
1998-07-01,-0.06582316011190414
1998-07-02,-0.06389541178941727
1998-07-03,-0.07659654319286346
1998-07-04,-0.0838664099574089
1998-07-05,-0.09997110068798065
1998-07-06,-0.05932247266173363
1998-07-07,-0.028543971478939056
1998-07-08,-0.01736629568040371
1998-07-09,-0.02257479541003704
1998-07-10,-0.015971936285495758
1998-07-11,-0.05889880657196045
1998-07-12,-0.012965960428118706
1998-07-13,-0.0012633216101676226
1998-07-14,-0.003100976115092635
1998-07-15,0.018390297889709473
1998-07-16,0.0065942867659032345
1998-07-17,0.016078058630228043
1998-07-18,0.01977747306227684
1998-07-19,0.021031856536865234
1998-07-20,0.023351475596427917
1998-07-21,0.020999707281589508
1998-07-22,0.026376646012067795
1998-07-23,0.014334592036902905
1998-07-24,-0.005539489444345236
1998-07-25,0.000655937532428652
1998-07-26,0.03809709474444389
1998-07-27,0.019283711910247803
1998-07-28,0.04249560460448265
1998-07-29,0.05187331512570381
1998-07-30,0.051745615899562836
1998-07-31,0.05215117707848549
1998-08-01,0.05722120776772499
1998-08-02,0.031288258731365204
1998-08-03,0.02448110654950142
1998-08-04,0.031131217256188393
1998-08-05,0.04500389099121094
1998-08-06,0.05577018857002258
1998-08-07,0.06651536375284195
1998-08-08,0.03691939264535904
1998-08-09,0.11980368196964264
1998-08-10,0.11965508759021759
1998-08-11,0.1083400696516037
1998-08-12,0.09404177963733673
1998-08-13,0.07103639096021652
1998-08-14,0.04752610623836517
1998-08-15,0.06732910126447678
1998-08-16,0.004553329665213823
1998-08-17,0.008079545572400093
1998-08-18,0.02109835110604763
1998-08-19,0.016240166500210762
1998-08-20,0.008775548078119755
1998-08-21,-0.006104315165430307
1998-08-22,0.002364001702517271
1998-08-23,-0.015791794285178185
1998-08-24,-0.022015947848558426
1998-08-25,0.0064776502549648285
1998-08-26,0.004472536966204643
1998-08-27,0.0014760186895728111
1998-08-28,-0.04649394005537033
1998-08-29,-0.10636353492736816
1998-08-30,-0.09829800575971603
1998-08-31,-0.10906015336513519
1998-09-01,-0.11631220579147339
1998-09-02,-0.10383130609989166
1998-09-03,-0.11545194685459137
1998-09-04,-0.11157620698213577
1998-09-05,-0.12241664528846741
1998-09-06,-0.13867069780826569
1998-09-07,-0.14178025722503662
1998-09-08,-0.13420212268829346
1998-09-09,-0.10484585165977478
1998-09-10,-0.12382489442825317
1998-09-11,-0.14350482821464539
1998-09-12,-0.2111232578754425
1998-09-13,-0.18284496665000916
1998-09-14,-0.18643277883529663
1998-09-15,-0.1922450065612793
1998-09-16,-0.16728834807872772
1998-09-17,-0.16627854108810425
1998-09-18,-0.18139055371284485
1998-09-19,-0.18658287823200226
1998-09-20,-0.21293462812900543
1998-09-21,-0.1837230622768402
1998-09-22,-0.17278975248336792
1998-09-23,-0.16322268545627594
1998-09-24,-0.15417413413524628
1998-09-25,-0.15276090800762177
1998-09-26,-0.11212150752544403
1998-09-27,-0.07270941138267517
1998-09-28,-0.06640230864286423
1998-09-29,-0.06536982953548431
1998-09-30,-0.07012298703193665
1998-10-01,-0.08488145470619202
1998-10-02,-0.11909054964780807
1998-10-03,-0.17266246676445007
1998-10-04,-0.1926405429840088
1998-10-05,-0.17980346083641052
1998-10-06,-0.17741535604000092
1998-10-07,-0.18003807961940765
1998-10-08,-0.16899485886096954
1998-10-09,-0.16690872609615326
1998-10-10,-0.17319722473621368
1998-10-11,-0.17176556587219238
1998-10-12,-0.16573859751224518
1998-10-13,-0.16716422140598297
1998-10-14,-0.16488052904605865
1998-10-15,-0.159729465842247
1998-10-16,-0.15277507901191711
1998-10-17,-0.1240876168012619
1998-10-18,-0.09518349915742874
1998-10-19,-0.10136348009109497
1998-10-20,-0.09842643141746521
1998-10-21,-0.08607345074415207
1998-10-22,-0.08165158331394196
1998-10-23,-0.08430834114551544
1998-10-24,-0.12251374125480652
1998-10-25,-0.11018475890159607
1998-10-26,-0.09444897621870041
1998-10-27,-0.0768575593829155
1998-10-28,-0.0668904185295105
1998-10-29,-0.06090661883354187
1998-10-30,-0.061236605048179626
1998-10-31,-0.03360219672322273
1998-11-01,-0.008356831967830658
1998-11-02,-0.009911460801959038
1998-11-03,0.015379190444946289
1998-11-04,0.018009349703788757
1998-11-05,0.0325109027326107
1998-11-06,0.02026701532304287
1998-11-07,0.011384448036551476
1998-11-08,0.00889908242970705
1998-11-09,0.012538536451756954
1998-11-10,0.03886822611093521
1998-11-11,0.046071477234363556
1998-11-12,0.062157489359378815
1998-11-13,0.06366560608148575
1998-11-14,0.07412157207727432
1998-11-15,0.06307913362979889
1998-11-16,0.04250575229525566
1998-11-17,0.04015171155333519
1998-11-18,0.039484329521656036
1998-11-19,0.030681464821100235
1998-11-20,0.014844966121017933
1998-11-21,-0.011696018278598785
1998-11-22,-0.01142016239464283
1998-11-23,0.0021952337119728327
1998-11-24,0.020966578274965286
1998-11-25,0.026891279965639114
1998-11-26,0.018845384940505028
1998-11-27,0.02454763650894165
1998-11-28,0.01776530221104622
1998-11-29,0.010368796065449715
1998-11-30,0.004375838674604893
1998-12-01,0.005373938009142876
1998-12-02,0.005364098586142063
1998-12-03,0.008786197751760483
1998-12-04,0.00604906864464283
1998-12-05,0.01588297076523304
1998-12-06,0.030905336141586304
1998-12-07,0.03249587491154671
1998-12-08,0.04110424220561981
1998-12-09,0.047783270478248596
1998-12-10,0.060386862605810165
1998-12-11,0.0681418776512146
1998-12-12,0.11853067576885223
1998-12-13,0.12199182063341141
1998-12-14,0.12548211216926575
1998-12-15,0.12810887396335602
1998-12-16,0.11846762895584106
1998-12-17,0.099588543176651
1998-12-18,0.08853073418140411
1998-12-19,0.05169311538338661
1998-12-20,0.03884338214993477
1998-12-21,0.035247690975666046
1998-12-22,-0.011189652606844902
1998-12-23,-0.021348219364881516
1998-12-24,-0.004168249666690826
1998-12-25,0.007287243381142616
1998-12-26,-0.009648709557950497
1998-12-27,0.009736841544508934
1998-12-28,0.02371019311249256
1998-12-29,0.020228583365678787
1998-12-30,0.045610275119543076
1998-12-31,0.05441034212708473
1999-01-01,0.05529269948601723
1999-01-02,0.16392064094543457
1999-01-03,0.1974121481180191
1999-01-04,0.1848491132259369
1999-01-05,0.18129365146160126
1999-01-06,0.17391224205493927
1999-01-07,0.202316552400589
1999-01-08,0.18242250382900238
1999-01-09,0.18496043980121613
1999-01-10,0.1910412311553955
1999-01-11,0.17933467030525208
1999-01-12,0.1850251406431198
1999-01-13,0.18393628299236298
1999-01-14,0.1624889224767685
1999-01-15,0.14772148430347443
1999-01-16,0.14930900931358337
1999-01-17,0.15383495390415192
1999-01-18,0.14522959291934967
1999-01-19,0.13004378974437714
1999-01-20,0.14047740399837494
1999-01-21,0.13950924575328827
1999-01-22,0.12711693346500397
1999-01-23,0.16044075787067413
1999-01-24,0.1624647080898285
1999-01-25,0.16449634730815887
1999-01-26,0.18046899139881134
1999-01-27,0.16966666281223297
1999-01-28,0.18208590149879456
1999-01-29,0.1854323446750641
1999-01-30,0.18823865056037903
1999-01-31,0.23006650805473328
1999-02-01,0.2208082377910614
1999-02-02,0.2370084971189499
1999-02-03,0.2245023399591446
1999-02-04,0.2270490527153015
1999-02-05,0.2542913854122162
1999-02-06,0.25032591819763184
1999-02-07,0.2298787236213684
1999-02-08,0.21725821495056152
1999-02-09,0.20502673089504242
1999-02-10,0.21817785501480103
1999-02-11,0.2258719503879547
1999-02-12,0.2367379367351532
1999-02-13,0.23373723030090332
1999-02-14,0.23197811841964722
1999-02-15,0.2387615591287613
1999-02-16,0.24342688918113708
1999-02-17,0.23579077422618866
1999-02-18,0.24254058301448822
1999-02-19,0.23172548413276672
1999-02-20,0.19572299718856812
1999-02-21,0.22632600367069244
1999-02-22,0.22820396721363068
1999-02-23,0.21462328732013702
1999-02-24,0.21786582469940186
1999-02-25,0.2211115062236786
1999-02-26,0.2191302478313446
1999-02-27,0.23657886683940887
1999-02-28,0.22098767757415771
1999-03-01,0.21646621823310852
1999-03-02,0.21797366440296173
1999-03-03,0.19397906959056854
1999-03-04,0.17778350412845612
1999-03-05,0.17506474256515503
1999-03-06,0.16530483961105347
1999-03-07,0.15134964883327484
1999-03-08,0.15050853788852692
1999-03-09,0.14316008985042572
1999-03-10,0.15934216976165771
1999-03-11,0.1618151068687439
1999-03-12,0.15342235565185547
1999-03-13,0.13759328424930573
1999-03-14,0.12267420440912247
1999-03-15,0.13533252477645874
1999-03-16,0.12005984783172607
1999-03-17,0.1274513155221939
1999-03-18,0.13601556420326233
1999-03-19,0.1345742791891098
1999-03-20,0.15645833313465118
1999-03-21,0.16676290333271027
1999-03-22,0.16162170469760895
1999-03-23,0.15126702189445496
1999-03-24,0.14449746906757355
1999-03-25,0.1510772556066513
1999-03-26,0.13886238634586334
1999-03-27,0.12999653816223145
1999-03-28,0.1493295133113861
1999-03-29,0.17006638646125793
1999-03-30,0.18679824471473694
1999-03-31,0.1948658674955368
1999-04-01,0.2065502256155014
1999-04-02,0.2028799206018448
1999-04-03,0.2066463679075241
1999-04-04,0.22210034728050232
1999-04-05,0.22847764194011688
1999-04-06,0.2209571897983551
1999-04-07,0.20928677916526794
1999-04-08,0.20555733144283295
1999-04-09,0.2042216807603836
1999-04-10,0.17896141111850739
1999-04-11,0.1578773558139801
1999-04-12,0.15347720682621002
1999-04-13,0.1340085119009018
1999-04-14,0.12427949160337448
1999-04-15,0.12756982445716858
1999-04-16,0.11292949318885803
1999-04-17,0.11406134814023972
1999-04-18,0.12959150969982147
1999-04-19,0.13210180401802063
1999-04-20,0.10882113873958588
1999-04-21,0.08585745096206665
1999-04-22,0.08653765171766281
1999-04-23,0.07662882655858994
1999-04-24,0.06597650051116943
1999-04-25,0.1243877187371254
1999-04-26,0.1192888617515564
1999-04-27,0.12217622995376587
1999-04-28,0.14175882935523987
1999-04-29,0.14485840499401093
1999-04-30,0.14455033838748932
1999-05-01,0.14616180956363678
1999-05-02,0.12996184825897217
1999-05-03,0.14996173977851868
1999-05-04,0.16938352584838867
1999-05-05,0.18775354325771332
1999-05-06,0.18834972381591797
1999-05-07,0.1810580939054489
1999-05-08,0.2016267627477646
1999-05-09,0.17762182652950287
1999-05-10,0.19073960185050964
1999-05-11,0.18325023353099823
1999-05-12,0.18478524684906006
1999-05-13,0.17766888439655304
1999-05-14,0.1753557324409485
1999-05-15,0.1440196931362152
1999-05-16,0.17971496284008026
1999-05-17,0.18660321831703186
1999-05-18,0.17681747674942017
1999-05-19,0.16896088421344757
1999-05-20,0.15166543424129486
1999-05-21,0.1378345638513565
1999-05-22,0.15668675303459167
1999-05-23,0.15289071202278137
1999-05-24,0.1574021279811859
1999-05-25,0.16006430983543396
1999-05-26,0.14885365962982178
1999-05-27,0.1417754888534546
1999-05-28,0.1356172412633896
1999-05-29,0.17051266133785248
1999-05-30,0.18037131428718567
1999-05-31,0.210952490568161
1999-06-01,0.19093501567840576
1999-06-02,0.20032843947410583
1999-06-03,0.15639309585094452
1999-06-04,0.1708962321281433
1999-06-05,0.14531265199184418
1999-06-06,0.15375986695289612
1999-06-07,0.16157327592372894
1999-06-08,0.16626140475273132
1999-06-09,0.18000862002372742
1999-06-10,0.15691132843494415
1999-06-11,0.14559504389762878
1999-06-12,0.13452813029289246
1999-06-13,0.09425872564315796
1999-06-14,0.10610698163509369
1999-06-15,0.12841634452342987
1999-06-16,0.13903456926345825
1999-06-17,0.1554536670446396
1999-06-18,0.15537308156490326
1999-06-19,0.15456759929656982
1999-06-20,0.16375933587551117
1999-06-21,0.18379348516464233
1999-06-22,0.1672372817993164
1999-06-23,0.1611378937959671
1999-06-24,0.1619320660829544
1999-06-25,0.15617509186267853
1999-06-26,0.16760504245758057
1999-06-27,0.16249080002307892
1999-06-28,0.17753703892230988
1999-06-29,0.1901850402355194
1999-06-30,0.19624261558055878
1999-07-01,0.20969726145267487
1999-07-02,0.22378143668174744
1999-07-03,0.2395835965871811
1999-07-04,0.21739545464515686
1999-07-05,0.2308557778596878
1999-07-06,0.2396792322397232
1999-07-07,0.22585318982601166
1999-07-08,0.22371289134025574
1999-07-09,0.22815006971359253
1999-07-10,0.22747181355953217
1999-07-11,0.2342059314250946
1999-07-12,0.23011234402656555
1999-07-13,0.21524059772491455
1999-07-14,0.2063285857439041
1999-07-15,0.2022758573293686
1999-07-16,0.19895821809768677
1999-07-17,0.18414239585399628
1999-07-18,0.23631803691387177
1999-07-19,0.2311924248933792
1999-07-20,0.23547059297561646
1999-07-21,0.22849448025226593
1999-07-22,0.20295500755310059
1999-07-23,0.19015449285507202
1999-07-24,0.1598072648048401
1999-07-25,0.1545049399137497
1999-07-26,0.1525670289993286
1999-07-27,0.15302994847297668
1999-07-28,0.14940133690834045
1999-07-29,0.12650424242019653
1999-07-30,0.1113240048289299
1999-07-31,0.12598299980163574
1999-08-01,0.13473108410835266
1999-08-02,0.13206718862056732
1999-08-03,0.1407276839017868
1999-08-04,0.15493765473365784
1999-08-05,0.15930461883544922
1999-08-06,0.1453208327293396
1999-08-07,0.1271466314792633
1999-08-08,0.06309028714895248
1999-08-09,0.07259346544742584
1999-08-10,0.08681666105985641
1999-08-11,0.09796822816133499
1999-08-12,0.1097453385591507
1999-08-13,0.13069084286689758
1999-08-14,0.13607318699359894
1999-08-15,0.1277073621749878
1999-08-16,0.13637444376945496
1999-08-17,0.1452488750219345
1999-08-18,0.15051712095737457
1999-08-19,0.14972558617591858
1999-08-20,0.13354940712451935
1999-08-21,0.14691966772079468
1999-08-22,0.1555010825395584
1999-08-23,0.17172978818416595
1999-08-24,0.1588979959487915
1999-08-25,0.17321552336215973
1999-08-26,0.16304872930049896
1999-08-27,0.13903605937957764
1999-08-28,0.13973844051361084
1999-08-29,0.15569832921028137
1999-08-30,0.16833847761154175
1999-08-31,0.17705178260803223
1999-09-01,0.1869562268257141
1999-09-02,0.19763684272766113
1999-09-03,0.1881694793701172
1999-09-04,0.19318422675132751
1999-09-05,0.1731375753879547
1999-09-06,0.1774638146162033
1999-09-07,0.16875073313713074
1999-09-08,0.15953905880451202
1999-09-09,0.1828756034374237
1999-09-10,0.1640380322933197
1999-09-11,0.17536546289920807
1999-09-12,0.13866038620471954
1999-09-13,0.13830888271331787
1999-09-14,0.12999647855758667
1999-09-15,0.12579438090324402
1999-09-16,0.11986427754163742
1999-09-17,0.12942804396152496
1999-09-18,0.15355634689331055
1999-09-19,0.15157508850097656
1999-09-20,0.15181908011436462
1999-09-21,0.1469479501247406
1999-09-22,0.13370168209075928
1999-09-23,0.11568623036146164
1999-09-24,0.1169024109840393
1999-09-25,0.11980187147855759
1999-09-26,0.10706400871276855
1999-09-27,0.1045493558049202
1999-09-28,0.10327978432178497
1999-09-29,0.09056461602449417
1999-09-30,0.10061357170343399
1999-10-01,0.0893772691488266
1999-10-02,0.07067795842885971
1999-10-03,0.08548832684755325
1999-10-04,0.08560357242822647
1999-10-05,0.08237241208553314
1999-10-06,0.09142981469631195
1999-10-07,0.07852252572774887
1999-10-08,0.0911552757024765
1999-10-09,0.04201821610331535
1999-10-10,0.06953110545873642
1999-10-11,0.0877559706568718
1999-10-12,0.08754920959472656
1999-10-13,0.0786970853805542
1999-10-14,0.09227239340543747
1999-10-15,0.08178967237472534
1999-10-16,0.05361926928162575
1999-10-17,0.06383142620325089
1999-10-18,0.07703516632318497
1999-10-19,0.0916927382349968
1999-10-20,0.0895056501030922
1999-10-21,0.0782291367650032
1999-10-22,0.06726949661970139
1999-10-23,0.08653947710990906
1999-10-24,0.08961403369903564
1999-10-25,0.10506656765937805
1999-10-26,0.10010582208633423
1999-10-27,0.09844258427619934
1999-10-28,0.11791151762008667
1999-10-29,0.14082647860050201
1999-10-30,0.14021292328834534
1999-10-31,0.1414172500371933
1999-11-01,0.1501845270395279
1999-11-02,0.17398503422737122
1999-11-03,0.18397770822048187
1999-11-04,0.19466112554073334
1999-11-05,0.204372376203537
1999-11-06,0.2050366997718811
1999-11-07,0.17648464441299438
1999-11-08,0.174397274851799
1999-11-09,0.1687059998512268
1999-11-10,0.16172195971012115
1999-11-11,0.16323219239711761
1999-11-12,0.18203900754451752
1999-11-13,0.19230160117149353
1999-11-14,0.20364773273468018
1999-11-15,0.2196958363056183
1999-11-16,0.23493313789367676
1999-11-17,0.23788131773471832
1999-11-18,0.23207184672355652
1999-11-19,0.20402055978775024
1999-11-20,0.21791903674602509
1999-11-21,0.23554670810699463
1999-11-22,0.21398958563804626
1999-11-23,0.20337118208408356
1999-11-24,0.21233604848384857
1999-11-25,0.22385619580745697
1999-11-26,0.2233351469039917
1999-11-27,0.25321316719055176
1999-11-28,0.2350928783416748
1999-11-29,0.2359127700328827
1999-11-30,0.2349042445421219
1999-12-01,0.23384103178977966
1999-12-02,0.2116384506225586
1999-12-03,0.20659199357032776
1999-12-04,0.19250714778900146
1999-12-05,0.19621536135673523
1999-12-06,0.18816010653972626
1999-12-07,0.20941103994846344
1999-12-08,0.22919175028800964
1999-12-09,0.23586273193359375
1999-12-10,0.22394976019859314
1999-12-11,0.20904140174388885
1999-12-12,0.21769599616527557
1999-12-13,0.22121337056159973
1999-12-14,0.21379585564136505
1999-12-15,0.2086719572544098
1999-12-16,0.21089071035385132
1999-12-17,0.20833997428417206
1999-12-18,0.18807768821716309
1999-12-19,0.1841067671775818
1999-12-20,0.1945965439081192
1999-12-21,0.1995585709810257
1999-12-22,0.21011647582054138
1999-12-23,0.2441132515668869
1999-12-24,0.2366364747285843
1999-12-25,0.21272796392440796
1999-12-26,0.22148023545742035
1999-12-27,0.2213042974472046
1999-12-28,0.24222147464752197
1999-12-29,0.26256272196769714
1999-12-30,0.28604546189308167
1999-12-31,0.29391270875930786
2000-01-01,0.2742845118045807
2000-01-02,0.2846151888370514
2000-01-03,0.3020472824573517
2000-01-04,0.27190667390823364
2000-01-05,0.2870703637599945
2000-01-06,0.2996431589126587
2000-01-07,0.2977435886859894
2000-01-08,0.29050782322883606
2000-01-09,0.2763075530529022
2000-01-10,0.27628132700920105
2000-01-11,0.27547407150268555
2000-01-12,0.2837071716785431
2000-01-13,0.28996357321739197
2000-01-14,0.29696112871170044
2000-01-15,0.3307843506336212
2000-01-16,0.31812992691993713
2000-01-17,0.317716121673584
2000-01-18,0.3219348192214966
2000-01-19,0.31748029589653015
2000-01-20,0.32430264353752136
2000-01-21,0.31156125664711
2000-01-22,0.3117029666900635
2000-01-23,0.3160055875778198
2000-01-24,0.30296552181243896
2000-01-25,0.2971373498439789
2000-01-26,0.3078095614910126
2000-01-27,0.30636468529701233
2000-01-28,0.31468257308006287
2000-01-29,0.30005836486816406
2000-01-30,0.27849385142326355
2000-01-31,0.2708837687969208
2000-02-01,0.28025999665260315
2000-02-02,0.28471946716308594
2000-02-03,0.28030627965927124
2000-02-04,0.2704760432243347
2000-02-05,0.26368436217308044
2000-02-06,0.2711905241012573
2000-02-07,0.2773502767086029
2000-02-08,0.27785825729370117
2000-02-09,0.2921340763568878
2000-02-10,0.27148622274398804
2000-02-11,0.2610797584056854
2000-02-12,0.24745455384254456
2000-02-13,0.2529198229312897
2000-02-14,0.24183012545108795
2000-02-15,0.2481963336467743
2000-02-16,0.2670135498046875
2000-02-17,0.2625402808189392
2000-02-18,0.2584400177001953
2000-02-19,0.23008106648921967
2000-02-20,0.22699867188930511
2000-02-21,0.2309948056936264
2000-02-22,0.21619780361652374
2000-02-23,0.22008182108402252
2000-02-24,0.22183872759342194
2000-02-25,0.20818474888801575
2000-02-26,0.22848987579345703
2000-02-27,0.20973101258277893
2000-02-28,0.20694062113761902
2000-02-29,0.19745633006095886
2000-03-01,0.1942901760339737
2000-03-02,0.21364541351795197
2000-03-03,0.2173110693693161
2000-03-04,0.2165699452161789
2000-03-05,0.2349688708782196
2000-03-06,0.2317538559436798
2000-03-07,0.21932415664196014
2000-03-08,0.243595153093338
2000-03-09,0.2430150955915451
2000-03-10,0.23420444130897522
2000-03-11,0.22534233331680298
2000-03-12,0.23291480541229248
2000-03-13,0.22615046799182892
2000-03-14,0.21050165593624115
2000-03-15,0.21238817274570465
2000-03-16,0.20582476258277893
2000-03-17,0.19519509375095367
2000-03-18,0.22530359029769897
2000-03-19,0.23536483943462372
2000-03-20,0.25331613421440125
2000-03-21,0.24680787324905396
2000-03-22,0.24056817591190338
2000-03-23,0.22051213681697845
2000-03-24,0.20717918872833252
2000-03-25,0.2044515609741211
2000-03-26,0.22502540051937103
2000-03-27,0.2202737033367157
2000-03-28,0.23270796239376068
2000-03-29,0.23762573301792145
2000-03-30,0.24795889854431152
2000-03-31,0.23931372165679932
2000-04-01,0.22763799130916595
2000-04-02,0.2273813635110855
2000-04-03,0.22964482009410858
2000-04-04,0.2387038618326187
2000-04-05,0.2377370446920395
2000-04-06,0.21647103130817413
2000-04-07,0.21686574816703796
2000-04-08,0.23485448956489563
2000-04-09,0.23391669988632202
2000-04-10,0.23334601521492004
2000-04-11,0.2580299973487854
2000-04-12,0.24833309650421143
2000-04-13,0.23510010540485382
2000-04-14,0.2232009470462799
2000-04-15,0.20550081133842468
2000-04-16,0.20093946158885956
2000-04-17,0.20450197160243988
2000-04-18,0.19882741570472717
2000-04-19,0.19779980182647705
2000-04-20,0.16845238208770752
2000-04-21,0.17224638164043427
2000-04-22,0.13723251223564148
2000-04-23,0.12931737303733826
2000-04-24,0.1241406500339508
2000-04-25,0.05259223282337189
2000-04-26,0.053611211478710175
2000-04-27,0.07680360972881317
2000-04-28,0.0796743780374527
2000-04-29,0.12664858996868134
2000-04-30,0.13291849195957184
2000-05-01,0.14269709587097168
2000-05-02,0.14185881614685059
2000-05-03,0.13529865443706512
2000-05-04,0.14456237852573395
2000-05-05,0.14658933877944946
2000-05-06,0.14724881947040558
2000-05-07,0.1696896255016327
2000-05-08,0.17536284029483795
2000-05-09,0.17109300196170807
2000-05-10,0.17920851707458496
2000-05-11,0.18054188787937164
2000-05-12,0.1816653162240982
2000-05-13,0.20757871866226196
2000-05-14,0.21710355579853058
2000-05-15,0.22898323833942413
2000-05-16,0.23264311254024506
2000-05-17,0.2438834011554718
2000-05-18,0.2453371286392212
2000-05-19,0.24712850153446198
2000-05-20,0.2438036948442459
2000-05-21,0.24436455965042114
2000-05-22,0.2507306933403015
2000-05-23,0.24327750504016876
2000-05-24,0.24073371291160583
2000-05-25,0.24162524938583374
2000-05-26,0.2377362698316574
2000-05-27,0.22092679142951965
2000-05-28,0.2307157665491104
2000-05-29,0.22936174273490906
2000-05-30,0.22543342411518097
2000-05-31,0.2176031619310379
2000-06-01,0.213959202170372
2000-06-02,0.218830406665802
2000-06-03,0.2119636833667755
2000-06-04,0.22959938645362854
2000-06-05,0.23321320116519928
2000-06-06,0.22520527243614197
2000-06-07,0.23897016048431396
2000-06-08,0.23767340183258057
2000-06-09,0.2301403135061264
2000-06-10,0.23781102895736694
2000-06-11,0.23948808014392853
2000-06-12,0.24449077248573303
2000-06-13,0.25158149003982544
2000-06-14,0.2489943504333496
2000-06-15,0.2616916298866272
2000-06-16,0.2549916207790375
2000-06-17,0.24921993911266327
2000-06-18,0.2624220848083496
2000-06-19,0.2666284739971161
2000-06-20,0.25791803002357483
2000-06-21,0.2422429323196411
2000-06-22,0.21126636862754822
2000-06-23,0.20326301455497742
2000-06-24,0.20246821641921997
2000-06-25,0.2132856696844101
2000-06-26,0.21879319846630096
2000-06-27,0.21360233426094055
2000-06-28,0.21598468720912933
2000-06-29,0.21163827180862427
2000-06-30,0.20820221304893494
2000-07-01,0.19001400470733643
2000-07-02,0.20615623891353607
2000-07-03,0.22808213531970978
2000-07-04,0.2043982297182083
2000-07-05,0.2177857756614685
2000-07-06,0.20571918785572052
2000-07-07,0.20065177977085114
2000-07-08,0.20491380989551544
2000-07-09,0.21066537499427795
2000-07-10,0.22388486564159393
2000-07-11,0.2299257069826126
2000-07-12,0.23402683436870575
2000-07-13,0.2498009204864502
2000-07-14,0.24346870183944702
2000-07-15,0.25074130296707153
2000-07-16,0.2508275806903839
2000-07-17,0.26340416073799133
2000-07-18,0.2788112759590149
2000-07-19,0.2719273567199707
2000-07-20,0.256428986787796
2000-07-21,0.25110238790512085
2000-07-22,0.23940469324588776
2000-07-23,0.25563910603523254
2000-07-24,0.24772000312805176
2000-07-25,0.24869176745414734
2000-07-26,0.2549268305301666
2000-07-27,0.23411297798156738
2000-07-28,0.23759035766124725
2000-07-29,0.23743560910224915
2000-07-30,0.2415681779384613
2000-07-31,0.24671903252601624
2000-08-01,0.26144906878471375
2000-08-02,0.27305445075035095
2000-08-03,0.27722662687301636
2000-08-04,0.26856011152267456
2000-08-05,0.30935138463974
2000-08-06,0.3003476858139038
2000-08-07,0.29290443658828735
2000-08-08,0.2934534549713135
2000-08-09,0.292431116104126
2000-08-10,0.3002145290374756
2000-08-11,0.29903632402420044
2000-08-12,0.29868972301483154
2000-08-13,0.32969552278518677
2000-08-14,0.3314870595932007
2000-08-15,0.3334900438785553
2000-08-16,0.33386945724487305
2000-08-17,0.32807913422584534
2000-08-18,0.32609906792640686
2000-08-19,0.2963261604309082
2000-08-20,0.30796271562576294
2000-08-21,0.300138384103775
2000-08-22,0.30488699674606323
2000-08-23,0.3105334937572479
2000-08-24,0.30781152844429016
2000-08-25,0.2844603955745697
2000-08-26,0.27613723278045654
2000-08-27,0.28701549768447876
2000-08-28,0.27795544266700745
2000-08-29,0.2891189455986023
2000-08-30,0.2755272686481476
2000-08-31,0.26489967107772827
2000-09-01,0.25838446617126465
2000-09-02,0.24756793677806854
2000-09-03,0.25669005513191223
2000-09-04,0.29282888770103455
2000-09-05,0.2912769317626953
2000-09-06,0.29035434126853943
2000-09-07,0.29384589195251465
2000-09-08,0.25926440954208374
2000-09-09,0.21463575959205627
2000-09-10,0.22574113309383392
2000-09-11,0.24385595321655273
2000-09-12,0.25764787197113037
2000-09-13,0.2704737186431885
2000-09-14,0.24325068295001984
2000-09-15,0.23856370151042938
2000-09-16,0.25716912746429443
2000-09-17,0.2522130310535431
2000-09-18,0.238264799118042
2000-09-19,0.21448558568954468
2000-09-20,0.21229352056980133
2000-09-21,0.1918085366487503
2000-09-22,0.19160106778144836
2000-09-23,0.18145839869976044
2000-09-24,0.18778756260871887
2000-09-25,0.20675824582576752
2000-09-26,0.18878620862960815
2000-09-27,0.19051271677017212
2000-09-28,0.1983668953180313
2000-09-29,0.1929701417684555
2000-09-30,0.1828317493200302
2000-10-01,0.17987628281116486
2000-10-02,0.1953391134738922
2000-10-03,0.1806126832962036
2000-10-04,0.1818389594554901
2000-10-05,0.17635604739189148
2000-10-06,0.1521533876657486
2000-10-07,0.10457026958465576
2000-10-08,0.11602175235748291
2000-10-09,0.12574101984500885
2000-10-10,0.14566157758235931
2000-10-11,0.16639068722724915
2000-10-12,0.16647900640964508
2000-10-13,0.1560104638338089
2000-10-14,0.1299142688512802
2000-10-15,0.14718599617481232
2000-10-16,0.1459152102470398
2000-10-17,0.15198393166065216
2000-10-18,0.15097150206565857
2000-10-19,0.16311368346214294
2000-10-20,0.17142191529273987
2000-10-21,0.18991327285766602
2000-10-22,0.19266679883003235
2000-10-23,0.20731109380722046
2000-10-24,0.22605423629283905
2000-10-25,0.23039522767066956
2000-10-26,0.22556395828723907
2000-10-27,0.22056259214878082
2000-10-28,0.2371520847082138
2000-10-29,0.22870956361293793
2000-10-30,0.23133212327957153
2000-10-31,0.22614559531211853
2000-11-01,0.23964613676071167
2000-11-02,0.23582035303115845
2000-11-03,0.25574973225593567
2000-11-04,0.29267165064811707
2000-11-05,0.2800234854221344
2000-11-06,0.2803731858730316
2000-11-07,0.26504582166671753
2000-11-08,0.2715587019920349
2000-11-09,0.2726426124572754
2000-11-10,0.23477399349212646
2000-11-11,0.23725733160972595
2000-11-12,0.20401562750339508
2000-11-13,0.19824504852294922
2000-11-14,0.17548832297325134
2000-11-15,0.1731962263584137
2000-11-16,0.1832880973815918
2000-11-17,0.17698518931865692
2000-11-18,0.11079908907413483
2000-11-19,0.14292012155056
2000-11-20,0.15767566859722137
2000-11-21,0.15048713982105255
2000-11-22,0.13649378716945648
2000-11-23,0.12501408159732819
2000-11-24,0.15340574085712433
2000-11-25,0.15950298309326172
2000-11-26,0.1766793578863144
2000-11-27,0.17726194858551025
2000-11-28,0.16792480647563934
2000-11-29,0.17679768800735474
2000-11-30,0.16545389592647552
2000-12-01,0.15834081172943115
2000-12-02,0.1319124400615692
2000-12-03,0.146145761013031
2000-12-04,0.15505824983119965
2000-12-05,0.15796631574630737
2000-12-06,0.1568162739276886
2000-12-07,0.15149550139904022
2000-12-08,0.13507086038589478
2000-12-09,0.10677744448184967
2000-12-10,0.14206428825855255
2000-12-11,0.11722777783870697
2000-12-12,0.13162356615066528
2000-12-13,0.16475802659988403
2000-12-14,0.16168849170207977
2000-12-15,0.1571730226278305
2000-12-16,0.17536108195781708
2000-12-17,0.1576559990644455
2000-12-18,0.16781815886497498
2000-12-19,0.16124701499938965
2000-12-20,0.13894888758659363
2000-12-21,0.1544790118932724
2000-12-22,0.14292816817760468
2000-12-23,0.10654029250144958
2000-12-24,0.11605793982744217
2000-12-25,0.15383940935134888
2000-12-26,0.15779460966587067
2000-12-27,0.17477989196777344
2000-12-28,0.17113928496837616
2000-12-29,0.16435764729976654
2000-12-30,0.1411324292421341
2000-12-31,0.14795178174972534
2001-01-01,0.14843139052391052
2001-01-02,0.1503019779920578
2001-01-03,0.12992998957633972
2001-01-04,0.1359737515449524
2001-01-05,0.12032362073659897
2001-01-06,0.08502732962369919
2001-01-07,0.08496895432472229
2001-01-08,0.09224686771631241
2001-01-09,0.1106828898191452
2001-01-10,0.10956941545009613
2001-01-11,0.12136789411306381
2001-01-12,0.11179788410663605
2001-01-13,0.10086870193481445
2001-01-14,0.09359870105981827
2001-01-15,0.1076565682888031
2001-01-16,0.0972740575671196
2001-01-17,0.087894506752491
2001-01-18,0.09298745542764664
2001-01-19,0.0996696799993515
2001-01-20,0.08280353993177414
2001-01-21,0.09025455266237259
2001-01-22,0.08535894006490707
2001-01-23,0.08784323930740356
2001-01-24,0.08460152894258499
2001-01-25,0.09795339405536652
2001-01-26,0.09473585337400436
2001-01-27,0.1178174614906311
2001-01-28,0.10879087448120117
2001-01-29,0.11016534268856049
2001-01-30,0.10358361899852753
2001-01-31,0.11057797819375992
2001-02-01,0.10502272099256516
2001-02-02,0.10933549702167511
2001-02-03,0.07940366864204407
2001-02-04,0.07819090038537979
2001-02-05,0.08393153548240662
2001-02-06,0.10077625513076782
2001-02-07,0.10879996418952942
2001-02-08,0.11391612142324448
2001-02-09,0.11008543521165848
2001-02-10,0.12332984060049057
2001-02-11,0.13535401225090027
2001-02-12,0.11233014613389969
2001-02-13,0.1270410418510437
2001-02-14,0.12391162663698196
2001-02-15,0.12092962116003036
2001-02-16,0.11512966454029083
2001-02-17,0.0919668972492218
2001-02-18,0.10102725774049759
2001-02-19,0.118837870657444
2001-02-20,0.12134076654911041
2001-02-21,0.12711861729621887
2001-02-22,0.11514752358198166
2001-02-23,0.10289115458726883
2001-02-24,0.08854542672634125
2001-02-25,0.08767665922641754
2001-02-26,0.0890708863735199
2001-02-27,0.0926603227853775
2001-02-28,0.09177001565694809
2001-03-01,0.08992020785808563
2001-03-02,0.07129062712192535
2001-03-03,0.04502396658062935
2001-03-04,0.05999013036489487
2001-03-05,0.05899454653263092
2001-03-06,0.05590055137872696
2001-03-07,0.059918735176324844
2001-03-08,0.05763878673315048
2001-03-09,0.04892667382955551
2001-03-10,0.021990258246660233
2001-03-11,0.035379212349653244
2001-03-12,0.040710750967264175
2001-03-13,0.02291690930724144
2001-03-14,-0.007449788972735405
2001-03-15,-0.013461626134812832
2001-03-16,-0.044377122074365616
2001-03-17,-0.07338498532772064
2001-03-18,-0.06304440647363663
2001-03-19,-0.07168228179216385
2001-03-20,-0.06979867815971375
2001-03-21,-0.07051925361156464
2001-03-22,-0.07097890228033066
2001-03-23,-0.07732443511486053
2001-03-24,-0.04697011411190033
2001-03-25,-0.010262186639010906
2001-03-26,-0.0037836446426808834
2001-03-27,-0.009343243204057217
2001-03-28,0.01462606806308031
2001-03-29,0.028931492939591408
2001-03-30,0.03437339514493942
2001-03-31,0.07066334038972855
2001-04-01,0.12383941560983658
2001-04-02,0.12266954034566879
2001-04-03,0.10634617507457733
2001-04-04,0.102653868496418
2001-04-05,0.09221841394901276
2001-04-06,0.06105513498187065
2001-04-07,0.0378137044608593
2001-04-08,0.05707878619432449
2001-04-09,0.060693349689245224
2001-04-10,0.06338202953338623
2001-04-11,0.0859920009970665
2001-04-12,0.08056817948818207
2001-04-13,0.0651635006070137
2001-04-14,0.08215989172458649
2001-04-15,0.09959021955728531
2001-04-16,0.11558035016059875
2001-04-17,0.10921436548233032
2001-04-18,0.10003682225942612
2001-04-19,0.099967822432518
2001-04-20,0.09669415652751923
2001-04-21,0.07726342231035233
2001-04-22,0.10199136286973953
2001-04-23,0.11276601254940033
2001-04-24,0.11296696215867996
2001-04-25,0.11935539543628693
2001-04-26,0.12655514478683472
2001-04-27,0.12862102687358856
2001-04-28,0.1234470084309578
2001-04-29,0.14467467367649078
2001-04-30,0.14700236916542053
2001-05-01,0.1416153907775879
2001-05-02,0.16507083177566528
2001-05-03,0.1522163599729538
2001-05-04,0.13772301375865936
2001-05-05,0.0924759954214096
2001-05-06,0.11322608590126038
2001-05-07,0.11183816194534302
2001-05-08,0.10856135934591293
2001-05-09,0.12444307655096054
2001-05-10,0.13212823867797852
2001-05-11,0.12997470796108246
2001-05-12,0.14524142444133759
2001-05-13,0.16800272464752197
2001-05-14,0.17105519771575928
2001-05-15,0.15836834907531738
2001-05-16,0.14592675864696503
2001-05-17,0.15737168490886688
2001-05-18,0.16064979135990143
2001-05-19,0.15775322914123535
2001-05-20,0.1676376760005951
2001-05-21,0.16911444067955017
2001-05-22,0.1661728471517563
2001-05-23,0.16533875465393066
2001-05-24,0.17074649035930634
2001-05-25,0.14998994767665863
2001-05-26,0.16192030906677246
2001-05-27,0.1632651686668396
2001-05-28,0.16773200035095215
2001-05-29,0.15283367037773132
2001-05-30,0.1617526262998581
2001-05-31,0.16640907526016235
2001-06-01,0.13015654683113098
2001-06-02,0.11085575819015503
2001-06-03,0.1218457892537117
2001-06-04,0.13661853969097137
2001-06-05,0.13371199369430542
2001-06-06,0.1388886272907257
2001-06-07,0.12250077724456787
2001-06-08,0.10391968488693237
2001-06-09,0.0996759906411171
2001-06-10,0.12388132512569427
2001-06-11,0.1397421956062317
2001-06-12,0.14501608908176422
2001-06-13,0.13029520213603973
2001-06-14,0.117954783141613
2001-06-15,0.09570659697055817
2001-06-16,0.0736471638083458
2001-06-17,0.07276012003421783
2001-06-18,0.06282486766576767
2001-06-19,0.06420525163412094
2001-06-20,0.0712457001209259
2001-06-21,0.08034687489271164
2001-06-22,0.07512782514095306
2001-06-23,0.0654645785689354
2001-06-24,0.07789786905050278
2001-06-25,0.0675770565867424
2001-06-26,0.0652189627289772
2001-06-27,0.06268949061632156
2001-06-28,0.05556269735097885
2001-06-29,0.0449310727417469
2001-06-30,0.046010006219148636
2001-07-01,0.058492086827754974
2001-07-02,0.07465687394142151
2001-07-03,0.08768981695175171
2001-07-04,0.10242842137813568
2001-07-05,0.12115584313869476
2001-07-06,0.09764670580625534
2001-07-07,0.06403528898954391
2001-07-08,0.07153026759624481
2001-07-09,0.07334277033805847
2001-07-10,0.05424978584051132
2001-07-11,0.051613274961709976
2001-07-12,0.05702567100524902
2001-07-13,0.043830081820487976
2001-07-14,0.03907392919063568
2001-07-15,0.07090093940496445
2001-07-16,0.07778540998697281
2001-07-17,0.06920533627271652
2001-07-18,0.052373602986335754
2001-07-19,0.0425148643553257
2001-07-20,0.031583309173583984
2001-07-21,0.026188112795352936
2001-07-22,0.036967694759368896
2001-07-23,0.022365298122167587
2001-07-24,0.03187619149684906
2001-07-25,0.03332513943314552
2001-07-26,0.04850419610738754
2001-07-27,0.04496020823717117
2001-07-28,0.018711227923631668
2001-07-29,0.028281010687351227
2001-07-30,0.029366755858063698
2001-07-31,0.022367101162672043
2001-08-01,0.019961906597018242
2001-08-02,0.0338718444108963
2001-08-03,0.0197642482817173
2001-08-04,0.00952161755412817
2001-08-05,0.01702282577753067
2001-08-06,0.023465178906917572
2001-08-07,0.029690749943256378
2001-08-08,0.027076326310634613
2001-08-09,0.02694661170244217
2001-08-10,0.01889142207801342
2001-08-11,0.0003580027259886265
2001-08-12,0.0333949439227581
2001-08-13,0.04189266636967659
2001-08-14,0.049205902963876724
2001-08-15,0.07062597572803497
2001-08-16,0.06818029284477234
2001-08-17,0.05507345125079155
2001-08-18,0.023011375218629837
2001-08-19,0.020238777622580528
2001-08-20,0.023335739970207214
2001-08-21,0.007576733827590942
2001-08-22,-0.005223602056503296
2001-08-23,0.003985509276390076
2001-08-24,-0.011637838557362556
2001-08-25,-0.012937774881720543
2001-08-26,-0.020507659763097763
2001-08-27,-0.022501319646835327
2001-08-28,-0.02611049823462963
2001-08-29,-0.013918048702180386
2001-08-30,-0.013975373469293118
2001-08-31,-0.017344128340482712
2001-09-01,-0.004617683589458466
2001-09-02,-0.005757167469710112
2001-09-03,0.03592967614531517
2001-09-04,0.04509788751602173
2001-09-05,0.06095234677195549
2001-09-06,0.05725187435746193
2001-09-07,0.04069940745830536
2001-09-08,-0.011532709933817387
2001-09-09,0.005580895114690065
2001-09-10,0.0035561120603233576
2001-09-11,0.0025609098374843597
2001-09-12,-0.05237145349383354
2001-09-13,-0.08816585689783096
2001-09-14,-0.12664714455604553
2001-09-15,-0.14326730370521545
2001-09-16,-0.15492688119411469
2001-09-17,-0.17400293052196503
2001-09-18,-0.1978805810213089
2001-09-19,-0.22116470336914062
2001-09-20,-0.24992935359477997
2001-09-21,-0.28514018654823303
2001-09-22,-0.2989274859428406
2001-09-23,-0.2996584177017212
2001-09-24,-0.3107059597969055
2001-09-25,-0.3143523931503296
2001-09-26,-0.3207831382751465
2001-09-27,-0.3201623558998108
2001-09-28,-0.31671568751335144
2001-09-29,-0.3272336423397064
2001-09-30,-0.30119094252586365
2001-10-01,-0.31788161396980286
2001-10-02,-0.3269699215888977
2001-10-03,-0.32335835695266724
2001-10-04,-0.3033674359321594
2001-10-05,-0.3209216594696045
2001-10-06,-0.30612051486968994
2001-10-07,-0.31225982308387756
2001-10-08,-0.3168022036552429
2001-10-09,-0.32324865460395813
2001-10-10,-0.3343575596809387
2001-10-11,-0.3332705795764923
2001-10-12,-0.33751150965690613
2001-10-13,-0.3522411584854126
2001-10-14,-0.3419760763645172
2001-10-15,-0.3229145109653473
2001-10-16,-0.3290167450904846
2001-10-17,-0.3402860760688782
2001-10-18,-0.3507381081581116
2001-10-19,-0.38621312379837036
2001-10-20,-0.3810538351535797
2001-10-21,-0.39025306701660156
2001-10-22,-0.3863930404186249
2001-10-23,-0.3799368739128113
2001-10-24,-0.3732163906097412
2001-10-25,-0.34422633051872253
2001-10-26,-0.3343661427497864
2001-10-27,-0.322239488363266
2001-10-28,-0.2994000017642975
2001-10-29,-0.2836802899837494
2001-10-30,-0.2892724573612213
2001-10-31,-0.29502877593040466
2001-11-01,-0.2847442328929901
2001-11-02,-0.2963433563709259
2001-11-03,-0.3141649663448334
2001-11-04,-0.28464818000793457
2001-11-05,-0.26404914259910583
2001-11-06,-0.26157453656196594
2001-11-07,-0.2596588730812073
2001-11-08,-0.24737395346164703
2001-11-09,-0.23789671063423157
2001-11-10,-0.2631165087223053
2001-11-11,-0.23754450678825378
2001-11-12,-0.22903494536876678
2001-11-13,-0.2335808277130127
2001-11-14,-0.23200060427188873
2001-11-15,-0.2388293743133545
2001-11-16,-0.25178009271621704
2001-11-17,-0.2421310991048813
2001-11-18,-0.2322026640176773
2001-11-19,-0.1992962658405304
2001-11-20,-0.1767101138830185
2001-11-21,-0.18505704402923584
2001-11-22,-0.16364559531211853
2001-11-23,-0.15456341207027435
2001-11-24,-0.16511671245098114
2001-11-25,-0.16256211698055267
2001-11-26,-0.1490640938282013
2001-11-27,-0.16240833699703217
2001-11-28,-0.1599976271390915
2001-11-29,-0.15070508420467377
2001-11-30,-0.15711654722690582
2001-12-01,-0.16785916686058044
2001-12-02,-0.15768757462501526
2001-12-03,-0.13792887330055237
2001-12-04,-0.14652717113494873
2001-12-05,-0.14840330183506012
2001-12-06,-0.14557139575481415
2001-12-07,-0.15090899169445038
2001-12-08,-0.18744555115699768
2001-12-09,-0.1774660348892212
2001-12-10,-0.16861283779144287
2001-12-11,-0.16904489696025848
2001-12-12,-0.17934449017047882
2001-12-13,-0.17976340651512146
2001-12-14,-0.18999098241329193
2001-12-15,-0.19394636154174805
2001-12-16,-0.18928371369838715
2001-12-17,-0.18243993818759918
2001-12-18,-0.17873036861419678
2001-12-19,-0.17991481721401215
2001-12-20,-0.17667874693870544
2001-12-21,-0.18615682423114777
2001-12-22,-0.20074410736560822
2001-12-23,-0.19311250746250153
2001-12-24,-0.1924896389245987
2001-12-25,-0.16160845756530762
2001-12-26,-0.17118944227695465
2001-12-27,-0.16364476084709167
2001-12-28,-0.13609758019447327
2001-12-29,-0.12086700648069382
2001-12-30,-0.0944850891828537
2001-12-31,-0.07847274094820023
2002-01-01,-0.08233589679002762
2002-01-02,-0.08140476793050766
2002-01-03,-0.0797964408993721
2002-01-04,-0.08757229149341583
2002-01-05,-0.12633953988552094
2002-01-06,-0.12521173059940338
2002-01-07,-0.12219484150409698
2002-01-08,-0.13511396944522858
2002-01-09,-0.13621219992637634
2002-01-10,-0.13625743985176086
2002-01-11,-0.14053457975387573
2002-01-12,-0.1405368149280548
2002-01-13,-0.13247887790203094
2002-01-14,-0.12381034344434738
2002-01-15,-0.11778954416513443
2002-01-16,-0.11540168523788452
2002-01-17,-0.11259770393371582
2002-01-18,-0.11201044917106628
2002-01-19,-0.12063676863908768
2002-01-20,-0.11774611473083496
2002-01-21,-0.10668652504682541
2002-01-22,-0.08817672729492188
2002-01-23,-0.0819847360253334
2002-01-24,-0.09309589862823486
2002-01-25,-0.10245392471551895
2002-01-26,-0.1122434213757515
2002-01-27,-0.10072314739227295
2002-01-28,-0.08280879259109497
2002-01-29,-0.08175191283226013
2002-01-30,-0.09004666656255722
2002-01-31,-0.08028524369001389
2002-02-01,-0.08460867404937744
2002-02-02,-0.09299038350582123
2002-02-03,-0.09486865252256393
2002-02-04,-0.09431625157594681
2002-02-05,-0.09733171761035919
2002-02-06,-0.09168393164873123
2002-02-07,-0.09379294514656067
2002-02-08,-0.10578979551792145
2002-02-09,-0.11712686717510223
2002-02-10,-0.10279827564954758
2002-02-11,-0.11071429401636124
2002-02-12,-0.11936819553375244
2002-02-13,-0.12213870882987976
2002-02-14,-0.11150960624217987
2002-02-15,-0.11807214468717575
2002-02-16,-0.13142021000385284
2002-02-17,-0.11175563931465149
2002-02-18,-0.08880790323019028
2002-02-19,-0.0812881737947464
2002-02-20,-0.08708910644054413
2002-02-21,-0.08375728130340576
2002-02-22,-0.08820245414972305
2002-02-23,-0.08673842251300812
2002-02-24,-0.0771324634552002
2002-02-25,-0.06811865419149399
2002-02-26,-0.0708206370472908
2002-02-27,-0.0611882358789444
2002-02-28,-0.07026062905788422
2002-03-01,-0.07476763427257538
2002-03-02,-0.037410423159599304
2002-03-03,-0.0170347448438406
2002-03-04,-0.008967936970293522
2002-03-05,-0.015424284152686596
2002-03-06,-0.017917029559612274
2002-03-07,-0.01545394491404295
2002-03-08,-0.028023233637213707
2002-03-09,-0.03602783754467964
2002-03-10,-0.022082528099417686
2002-03-11,-0.012133176438510418
2002-03-12,-0.027360232546925545
2002-03-13,-0.04157046973705292
2002-03-14,-0.0377248115837574
2002-03-15,-0.0476103238761425
2002-03-16,-0.0594717375934124
2002-03-17,-0.042239125818014145
2002-03-18,-0.029515083879232407
2002-03-19,-0.02981449104845524
2002-03-20,-0.025814777240157127
2002-03-21,-0.02311227284371853
2002-03-22,-0.031523652374744415
2002-03-23,-0.04638839513063431
2002-03-24,-0.03325657546520233
2002-03-25,-0.01989760249853134
2002-03-26,-0.03284919634461403
2002-03-27,-0.016188064590096474
2002-03-28,-0.0018600336043164134
2002-03-29,-0.0026091337203979492
2002-03-30,0.001722216373309493
2002-03-31,-0.005708630196750164
2002-04-01,-0.009821496903896332
2002-04-02,-0.018177812919020653
2002-04-03,-0.03127455711364746
2002-04-04,-0.04075821116566658
2002-04-05,-0.0501081645488739
2002-04-06,-0.04700501635670662
2002-04-07,-0.029474228620529175
2002-04-08,-0.014624195173382759
2002-04-09,-0.022950973361730576
2002-04-10,-0.02977588400244713
2002-04-11,-0.025391198694705963
2002-04-12,-0.042772505432367325
2002-04-13,-0.06114506348967552
2002-04-14,-0.06339161098003387
2002-04-15,-0.05408933386206627
2002-04-16,-0.07139009982347488
2002-04-17,-0.06642540544271469
2002-04-18,-0.059235505759716034
2002-04-19,-0.06812253594398499
2002-04-20,-0.08063893020153046
2002-04-21,-0.0657428503036499
2002-04-22,-0.07173676043748856
2002-04-23,-0.08510349690914154
2002-04-24,-0.09618944674730301
2002-04-25,-0.08945673704147339
2002-04-26,-0.10243675857782364
2002-04-27,-0.11208784580230713
2002-04-28,-0.09800144284963608
2002-04-29,-0.0806821882724762
2002-04-30,-0.07505413889884949
2002-05-01,-0.08289770781993866
2002-05-02,-0.08356354385614395
2002-05-03,-0.08978435397148132
2002-05-04,-0.09680624306201935
2002-05-05,-0.06310959160327911
2002-05-06,-0.05862339586019516
2002-05-07,-0.04860343411564827
2002-05-08,-0.04517689719796181
2002-05-09,-0.04533969610929489
2002-05-10,-0.058670561760663986
2002-05-11,-0.0685722604393959
2002-05-12,-0.06550385057926178
2002-05-13,-0.05552436411380768
2002-05-14,-0.04726684093475342
2002-05-15,-0.04965972527861595
2002-05-16,-0.05442917346954346
2002-05-17,-0.059228185564279556
2002-05-18,-0.08505241572856903
2002-05-19,-0.07972335815429688
2002-05-20,-0.08171599358320236
2002-05-21,-0.07487881183624268
2002-05-22,-0.07200587540864944
2002-05-23,-0.06837993860244751
2002-05-24,-0.06648142635822296
2002-05-25,-0.07170459628105164
2002-05-26,-0.059794433414936066
2002-05-27,-0.049334947019815445
2002-05-28,-0.05759212002158165
2002-05-29,-0.059716783463954926
2002-05-30,-0.049497902393341064
2002-05-31,-0.05289826914668083
2002-06-01,-0.06005319207906723
2002-06-02,-0.04252615571022034
2002-06-03,-0.03763049840927124
2002-06-04,-0.03927651792764664
2002-06-05,-0.050282128155231476
2002-06-06,-0.04252327233552933
2002-06-07,-0.05496874079108238
2002-06-08,-0.06585250049829483
2002-06-09,-0.052991367876529694
2002-06-10,-0.037935804575681686
2002-06-11,-0.05407014861702919
2002-06-12,-0.06252548843622208
2002-06-13,-0.0770188421010971
2002-06-14,-0.07610644400119781
2002-06-15,-0.08071094006299973
2002-06-16,-0.07045052200555801
2002-06-17,-0.07876032590866089
2002-06-18,-0.09063562005758286
2002-06-19,-0.0956319272518158
2002-06-20,-0.09080012887716293
2002-06-21,-0.10467084497213364
2002-06-22,-0.11431374400854111
2002-06-23,-0.11138588190078735
2002-06-24,-0.11023877561092377
2002-06-25,-0.12093068659305573
2002-06-26,-0.11693055927753448
2002-06-27,-0.12195318937301636
2002-06-28,-0.13464556634426117
2002-06-29,-0.14380964636802673
2002-06-30,-0.13422058522701263
2002-07-01,-0.1332254260778427
2002-07-02,-0.13527774810791016
2002-07-03,-0.1465119570493698
2002-07-04,-0.14662499725818634
2002-07-05,-0.12872643768787384
2002-07-06,-0.14599311351776123
2002-07-07,-0.14961765706539154
2002-07-08,-0.14722169935703278
2002-07-09,-0.14249557256698608
2002-07-10,-0.15437433123588562
2002-07-11,-0.13981811702251434
2002-07-12,-0.15741918981075287
2002-07-13,-0.18971949815750122
2002-07-14,-0.18317998945713043
2002-07-15,-0.19321659207344055
2002-07-16,-0.18311604857444763
2002-07-17,-0.18030446767807007
2002-07-18,-0.17151260375976562
2002-07-19,-0.17485548555850983
2002-07-20,-0.17733094096183777
2002-07-21,-0.1707809865474701
2002-07-22,-0.1799931526184082
2002-07-23,-0.17814041674137115
2002-07-24,-0.17113256454467773
2002-07-25,-0.17647019028663635
2002-07-26,-0.17473508417606354
2002-07-27,-0.1830127239227295
2002-07-28,-0.17478671669960022
2002-07-29,-0.16364705562591553
2002-07-30,-0.14857733249664307
2002-07-31,-0.14175349473953247
2002-08-01,-0.12981721758842468
2002-08-02,-0.1432141214609146
2002-08-03,-0.1503376066684723
2002-08-04,-0.1490880697965622
2002-08-05,-0.1308131217956543
2002-08-06,-0.12162095308303833
2002-08-07,-0.10469648241996765
2002-08-08,-0.09994393587112427
2002-08-09,-0.09820934385061264
2002-08-10,-0.08917171508073807
2002-08-11,-0.0699748545885086
2002-08-12,-0.07038973271846771
2002-08-13,-0.08100679516792297
2002-08-14,-0.08147509396076202
2002-08-15,-0.05588182061910629
2002-08-16,-0.05587318539619446
2002-08-17,-0.06718694418668747
2002-08-18,-0.056024666875600815
2002-08-19,-0.04801184684038162
2002-08-20,-0.04384303092956543
2002-08-21,-0.06995462626218796
2002-08-22,-0.06241587921977043
2002-08-23,-0.07210499048233032
2002-08-24,-0.08587988466024399
2002-08-25,-0.07335322350263596
2002-08-26,-0.0696648433804512
2002-08-27,-0.07452234625816345
2002-08-28,-0.08629630506038666
2002-08-29,-0.08219973742961884
2002-08-30,-0.0933108702301979
2002-08-31,-0.09640230983495712
2002-09-01,-0.07962263375520706
2002-09-02,-0.07559575885534286
2002-09-03,-0.08182018995285034
2002-09-04,-0.09736120700836182
2002-09-05,-0.09091749787330627
2002-09-06,-0.1037982702255249
2002-09-07,-0.11536528915166855
2002-09-08,-0.11577727645635605
2002-09-09,-0.11692316830158234
2002-09-10,-0.12535789608955383
2002-09-11,-0.13608767092227936
2002-09-12,-0.12177223712205887
2002-09-13,-0.13590256869792938
2002-09-14,-0.14764504134655
2002-09-15,-0.11880629509687424
2002-09-16,-0.11412827670574188
2002-09-17,-0.1261662244796753
2002-09-18,-0.12757672369480133
2002-09-19,-0.12266813963651657
2002-09-20,-0.132696270942688
2002-09-21,-0.14914779365062714
2002-09-22,-0.14167676866054535
2002-09-23,-0.13232778012752533
2002-09-24,-0.15211617946624756
2002-09-25,-0.1733243763446808
2002-09-26,-0.16598603129386902
2002-09-27,-0.169996440410614
2002-09-28,-0.18685823678970337
2002-09-29,-0.1938324272632599
2002-09-30,-0.19626690447330475
2002-10-01,-0.20305180549621582
2002-10-02,-0.20219603180885315
2002-10-03,-0.20268072187900543
2002-10-04,-0.21417978405952454
2002-10-05,-0.22471880912780762
2002-10-06,-0.21925336122512817
2002-10-07,-0.2160426527261734
2002-10-08,-0.22070850431919098
2002-10-09,-0.22747363150119781
2002-10-10,-0.21744777262210846
2002-10-11,-0.21713413298130035
2002-10-12,-0.22394663095474243
2002-10-13,-0.21087941527366638
2002-10-14,-0.19462469220161438
2002-10-15,-0.19642683863639832
2002-10-16,-0.18564172089099884
2002-10-17,-0.1703542172908783
2002-10-18,-0.1742466539144516
2002-10-19,-0.1635836362838745
2002-10-20,-0.14086517691612244
2002-10-21,-0.12986305356025696
2002-10-22,-0.12845607101917267
2002-10-23,-0.12851637601852417
2002-10-24,-0.11234516650438309
2002-10-25,-0.1338750422000885
2002-10-26,-0.13452821969985962
2002-10-27,-0.10732787847518921
2002-10-28,-0.09593711793422699
2002-10-29,-0.08488058298826218
2002-10-30,-0.08731377869844437
2002-10-31,-0.07556267827749252
2002-11-01,-0.08254548907279968
2002-11-02,-0.09892502427101135
2002-11-03,-0.09103837609291077
2002-11-04,-0.07891170680522919
2002-11-05,-0.08955639600753784
2002-11-06,-0.09207157045602798
2002-11-07,-0.08783962577581406
2002-11-08,-0.08116219937801361
2002-11-09,-0.08459310978651047
2002-11-10,-0.0662638396024704
2002-11-11,-0.07318253070116043
2002-11-12,-0.06838072836399078
2002-11-13,-0.07646464556455612
2002-11-14,-0.07344098389148712
2002-11-15,-0.07362072914838791
2002-11-16,-0.06565526872873306
2002-11-17,-0.05597378686070442
2002-11-18,-0.05881570279598236
2002-11-19,-0.05935739353299141
2002-11-20,-0.05441616475582123
2002-11-21,-0.038634806871414185
2002-11-22,-0.045171819627285004
2002-11-23,-0.051768332719802856
2002-11-24,-0.048851095139980316
2002-11-25,-0.03084498457610607
2002-11-26,-0.034916143864393234
2002-11-27,-0.03252016380429268
2002-11-28,0.004357603378593922
2002-11-29,-0.014778761193156242
2002-11-30,-0.023831363767385483
2002-12-01,-0.0026042344979941845
2002-12-02,0.0018136154394596815
2002-12-03,0.0044573531486094
2002-12-04,0.0015638089971616864
2002-12-05,0.001815878669731319
2002-12-06,-0.01378367468714714
2002-12-07,-0.021447425708174706
2002-12-08,-0.03054952062666416
2002-12-09,-0.03223920240998268
2002-12-10,-0.02355271950364113
2002-12-11,-0.028557341545820236
2002-12-12,-0.023088036105036736
2002-12-13,-0.033681049942970276
2002-12-14,-0.0439305379986763
2002-12-15,-0.03533139452338219
2002-12-16,-0.02670327015221119
2002-12-17,-0.030397117137908936
2002-12-18,-0.049938373267650604
2002-12-19,-0.048780158162117004
2002-12-20,-0.056722819805145264
2002-12-21,-0.0729101300239563
2002-12-22,-0.06325264275074005
2002-12-23,-0.058744966983795166
2002-12-24,-0.062082305550575256
2002-12-25,-0.07741998881101608
2002-12-26,-0.05291149020195007
2002-12-27,-0.06338034570217133
2002-12-28,-0.09231601655483246
2002-12-29,-0.09197568893432617
2002-12-30,-0.07428444176912308
2002-12-31,-0.07969287782907486
2003-01-01,-0.09414482116699219
2003-01-02,-0.09253700077533722
2003-01-03,-0.07980966567993164
2003-01-04,-0.06924642622470856
2003-01-05,-0.050063326954841614
2003-01-06,-0.044986043125391006
2003-01-07,-0.027599478140473366
2003-01-08,-0.02052938938140869
2003-01-09,-0.01810520328581333
2003-01-10,-0.02407873049378395
2003-01-11,-0.05123297497630119
2003-01-12,-0.04922915995121002
2003-01-13,-0.03606562316417694
2003-01-14,-0.036453086882829666
2003-01-15,-0.033190980553627014
2003-01-16,-0.03667706623673439
2003-01-17,-0.04284660518169403
2003-01-18,-0.06950737535953522
2003-01-19,-0.050052739679813385
2003-01-20,-0.04769814386963844
2003-01-21,-0.04550832509994507
2003-01-22,-0.048436254262924194
2003-01-23,-0.04530928656458855
2003-01-24,-0.041200220584869385
2003-01-25,-0.04909191280603409
2003-01-26,-0.03842565417289734
2003-01-27,-0.03384589031338692
2003-01-28,-0.057261284440755844
2003-01-29,-0.05604386702179909
2003-01-30,-0.06477758288383484
2003-01-31,-0.06570446491241455
2003-02-01,-0.06838396936655045
2003-02-02,-0.0566338412463665
2003-02-03,-0.05552158132195473
2003-02-04,-0.060160160064697266
2003-02-05,-0.07577003538608551
2003-02-06,-0.07401733845472336
2003-02-07,-0.08348454535007477
2003-02-08,-0.09493888169527054
2003-02-09,-0.08353402465581894
2003-02-10,-0.06620701402425766
2003-02-11,-0.06685046851634979
2003-02-12,-0.07533136755228043
2003-02-13,-0.0780271515250206
2003-02-14,-0.08817072212696075
2003-02-15,-0.09082627296447754
2003-02-16,-0.07203243672847748
2003-02-17,-0.06935303658246994
2003-02-18,-0.057199474424123764
2003-02-19,-0.06213078275322914
2003-02-20,-0.06267332285642624
2003-02-21,-0.0736195296049118
2003-02-22,-0.07856359332799911
2003-02-23,-0.07318057864904404
2003-02-24,-0.06673271209001541
2003-02-25,-0.07269031554460526
2003-02-26,-0.06745556741952896
2003-02-27,-0.0729219913482666
2003-02-28,-0.08385121077299118
2003-03-01,-0.09495769441127777
2003-03-02,-0.09408856928348541
2003-03-03,-0.09036073088645935
2003-03-04,-0.10235164314508438
2003-03-05,-0.10175208002328873
2003-03-06,-0.10479378700256348
2003-03-07,-0.11465286463499069
2003-03-08,-0.14064015448093414
2003-03-09,-0.13325005769729614
2003-03-10,-0.15459877252578735
2003-03-11,-0.16444545984268188
2003-03-12,-0.17545582354068756
2003-03-13,-0.16307471692562103
2003-03-14,-0.18142689764499664
2003-03-15,-0.19207893311977386
2003-03-16,-0.18531006574630737
2003-03-17,-0.19027723371982574
2003-03-18,-0.20220348238945007
2003-03-19,-0.2138202041387558
2003-03-20,-0.2188785821199417
2003-03-21,-0.22814643383026123
2003-03-22,-0.2300499677658081
2003-03-23,-0.22469954192638397
2003-03-24,-0.22044208645820618
2003-03-25,-0.23809389770030975
2003-03-26,-0.24256360530853271
2003-03-27,-0.23814451694488525
2003-03-28,-0.2413829267024994
2003-03-29,-0.22762511670589447
2003-03-30,-0.2204529196023941
2003-03-31,-0.20697735249996185
2003-04-01,-0.21609605848789215
2003-04-02,-0.21986578404903412
2003-04-03,-0.2129223793745041
2003-04-04,-0.2330968827009201
2003-04-05,-0.24557185173034668
2003-04-06,-0.22632944583892822
2003-04-07,-0.22439365088939667
2003-04-08,-0.23953044414520264
2003-04-09,-0.22763799130916595
2003-04-10,-0.22308595478534698
2003-04-11,-0.23995047807693481
2003-04-12,-0.24301661550998688
2003-04-13,-0.21584990620613098
2003-04-14,-0.1989147812128067
2003-04-15,-0.19896835088729858
2003-04-16,-0.19869567453861237
2003-04-17,-0.19725406169891357
2003-04-18,-0.19426019489765167
2003-04-19,-0.17847485840320587
2003-04-20,-0.15957973897457123
2003-04-21,-0.1489502489566803
2003-04-22,-0.15147103369235992
2003-04-23,-0.1466148942708969
2003-04-24,-0.1428869068622589
2003-04-25,-0.15191204845905304
2003-04-26,-0.1516701877117157
2003-04-27,-0.13853193819522858
2003-04-28,-0.13657692074775696
2003-04-29,-0.12943148612976074
2003-04-30,-0.12510518729686737
2003-05-01,-0.11840630322694778
2003-05-02,-0.1163220927119255
2003-05-03,-0.11049379408359528
2003-05-04,-0.10457012057304382
2003-05-05,-0.10111194103956223
2003-05-06,-0.08735473453998566
2003-05-07,-0.0954575166106224
2003-05-08,-0.09043118357658386
2003-05-09,-0.09981366246938705
2003-05-10,-0.10558221489191055
2003-05-11,-0.09663508832454681
2003-05-12,-0.10206632316112518
2003-05-13,-0.10862800478935242
2003-05-14,-0.11050352454185486
2003-05-15,-0.09867765754461288
2003-05-16,-0.1146431714296341
2003-05-17,-0.11674008518457413
2003-05-18,-0.10905038565397263
2003-05-19,-0.094627745449543
2003-05-20,-0.09673422574996948
2003-05-21,-0.10309017449617386
2003-05-22,-0.09691382199525833
2003-05-23,-0.09090083837509155
2003-05-24,-0.0818043053150177
2003-05-25,-0.06260561943054199
2003-05-26,-0.06970496475696564
2003-05-27,-0.04998026043176651
2003-05-28,-0.07008422166109085
2003-05-29,-0.062035948038101196
2003-05-30,-0.06083561107516289
2003-05-31,-0.056007351726293564
2003-06-01,-0.044521838426589966
2003-06-02,-0.050069574266672134
2003-06-03,-0.046695202589035034
2003-06-04,-0.036739520728588104
2003-06-05,-0.018831081688404083
2003-06-06,-0.024885375052690506
2003-06-07,-0.025364380329847336
2003-06-08,-0.022849595174193382
2003-06-09,0.008670810610055923
2003-06-10,0.008705777116119862
2003-06-11,0.02268560789525509
2003-06-12,0.019422926008701324
2003-06-13,0.014729032292962074
2003-06-14,0.020236892625689507
2003-06-15,0.02816779352724552
2003-06-16,0.012666278518736362
2003-06-17,0.012787136249244213
2003-06-18,0.01215547788888216
2003-06-19,0.021296288818120956
2003-06-20,0.011763780377805233
2003-06-21,0.003872431581839919
2003-06-22,-0.011477737687528133
2003-06-23,-0.014794433489441872
2003-06-24,-0.0227520652115345
2003-06-25,-0.022673970088362694
2003-06-26,-0.020507751032710075
2003-06-27,-0.027937080711126328
2003-06-28,-0.025802651420235634
2003-06-29,-0.017010649666190147
2003-06-30,-0.007361163850873709
2003-07-01,-0.009934505447745323
2003-07-02,-0.002666088519617915
2003-07-03,-0.005914674140512943
2003-07-04,-0.015911994501948357
2003-07-05,-0.04358065128326416
2003-07-06,-0.020157255232334137
2003-07-07,-0.006242686416953802
2003-07-08,0.01555129885673523
2003-07-09,0.027879072353243828
2003-07-10,0.03975563123822212
2003-07-11,0.0213109590113163
2003-07-12,0.01905565708875656
2003-07-13,0.027590138837695122
2003-07-14,0.021246792748570442
2003-07-15,0.0036623026244342327
2003-07-16,-0.015740755945444107
2003-07-17,-0.008571447804570198
2003-07-18,-0.014122122898697853
2003-07-19,-0.008886812254786491
2003-07-20,-0.0036960295401513577
2003-07-21,0.01191082876175642
2003-07-22,0.02871055155992508
2003-07-23,0.02382827363908291
2003-07-24,0.024986742064356804
2003-07-25,0.031336549669504166
2003-07-26,0.024353068321943283
2003-07-27,0.046211887151002884
2003-07-28,0.06762532144784927
2003-07-29,0.0746900886297226
2003-07-30,0.07301543653011322
2003-07-31,0.06875306367874146
2003-08-01,0.08196865022182465
2003-08-02,0.07944294810295105
2003-08-03,0.09746900200843811
2003-08-04,0.09370394051074982
2003-08-05,0.0881795808672905
2003-08-06,0.09221424907445908
2003-08-07,0.09051431715488434
2003-08-08,0.10931619256734848
2003-08-09,0.08690528571605682
2003-08-10,0.0807109847664833
2003-08-11,0.09593523293733597
2003-08-12,0.09242860227823257
2003-08-13,0.09281739592552185
2003-08-14,0.10724598914384842
2003-08-15,0.10721135139465332
2003-08-16,0.11980526894330978
2003-08-17,0.12791018187999725
2003-08-18,0.12486661970615387
2003-08-19,0.12035266309976578
2003-08-20,0.12820862233638763
2003-08-21,0.1275467574596405
2003-08-22,0.13302062451839447
2003-08-23,0.16119284927845
2003-08-24,0.18348760902881622
2003-08-25,0.1713065207004547
2003-08-26,0.1771216243505478
2003-08-27,0.1681317239999771
2003-08-28,0.16312125325202942
2003-08-29,0.15876686573028564
2003-08-30,0.17534111440181732
2003-08-31,0.1821383386850357
2003-09-01,0.18076108396053314
2003-09-02,0.1896045207977295
2003-09-03,0.1865043342113495
2003-09-04,0.19209127128124237
2003-09-05,0.18555274605751038
2003-09-06,0.16647937893867493
2003-09-07,0.17599771916866302
2003-09-08,0.16153211891651154
2003-09-09,0.15879765152931213
2003-09-10,0.1455799639225006
2003-09-11,0.13064856827259064
2003-09-12,0.1337389498949051
2003-09-13,0.12887775897979736
2003-09-14,0.13521187007427216
2003-09-15,0.12555162608623505
2003-09-16,0.11993219703435898
2003-09-17,0.11754431575536728
2003-09-18,0.12141077220439911
2003-09-19,0.11720636487007141
2003-09-20,0.12184686213731766
2003-09-21,0.1344243437051773
2003-09-22,0.13515137135982513
2003-09-23,0.12465129047632217
2003-09-24,0.14635592699050903
2003-09-25,0.14008158445358276
2003-09-26,0.13539078831672668
2003-09-27,0.11861775070428848
2003-09-28,0.1245298758149147
2003-09-29,0.1379769891500473
2003-09-30,0.13756214082241058
2003-10-01,0.12434983998537064
2003-10-02,0.12490750104188919
2003-10-03,0.10826101899147034
2003-10-04,0.11479829251766205
2003-10-05,0.13703088462352753
2003-10-06,0.14489945769309998
2003-10-07,0.14587938785552979
2003-10-08,0.1351669579744339
2003-10-09,0.13906653225421906
2003-10-10,0.13374386727809906
2003-10-11,0.12271508574485779
2003-10-12,0.1262023001909256
2003-10-13,0.149063840508461
2003-10-14,0.1623426079750061
2003-10-15,0.15594500303268433
2003-10-16,0.1747819036245346
2003-10-17,0.18173596262931824
2003-10-18,0.19456921517848969
2003-10-19,0.1914474368095398
2003-10-20,0.19325219094753265
2003-10-21,0.2003939300775528
2003-10-22,0.19912990927696228
2003-10-23,0.198444202542305
2003-10-24,0.19722598791122437
2003-10-25,0.21676795184612274
2003-10-26,0.22711282968521118
2003-10-27,0.23282304406166077
2003-10-28,0.23453758656978607
2003-10-29,0.23830455541610718
2003-10-30,0.24271780252456665
2003-10-31,0.24631819128990173
2003-11-01,0.26116958260536194
2003-11-02,0.27489620447158813
2003-11-03,0.27806344628334045
2003-11-04,0.2892616391181946
2003-11-05,0.2856837511062622
2003-11-06,0.29247307777404785
2003-11-07,0.29854291677474976
2003-11-08,0.30897849798202515
2003-11-09,0.3096178472042084
2003-11-10,0.32107338309288025
2003-11-11,0.29444438219070435
2003-11-12,0.27963870763778687
2003-11-13,0.2818893790245056
2003-11-14,0.2857432961463928
2003-11-15,0.263548880815506
2003-11-16,0.2686905860900879
2003-11-17,0.2673051953315735
2003-11-18,0.26618462800979614
2003-11-19,0.25705456733703613
2003-11-20,0.2703327238559723
2003-11-21,0.25177285075187683
2003-11-22,0.25724416971206665
2003-11-23,0.2634643018245697
2003-11-24,0.2635926902294159
2003-11-25,0.2563425898551941
2003-11-26,0.26275500655174255
2003-11-27,0.2668443024158478
2003-11-28,0.2695450484752655
2003-11-29,0.262711763381958
2003-11-30,0.27366918325424194
2003-12-01,0.2837669253349304
2003-12-02,0.3095162510871887
2003-12-03,0.30426329374313354
2003-12-04,0.2964828908443451
2003-12-05,0.2772129774093628
2003-12-06,0.28161177039146423
2003-12-07,0.28139275312423706
2003-12-08,0.28736427426338196
2003-12-09,0.28042885661125183
2003-12-10,0.27160221338272095
2003-12-11,0.2656070291996002
2003-12-12,0.26912638545036316
2003-12-13,0.2572268545627594
2003-12-14,0.2639051675796509
2003-12-15,0.26246166229248047
2003-12-16,0.27547532320022583
2003-12-17,0.2745759189128876
2003-12-18,0.27858245372772217
2003-12-19,0.27376559376716614
2003-12-20,0.272175133228302
2003-12-21,0.2806739807128906
2003-12-22,0.2637164890766144
2003-12-23,0.25609728693962097
2003-12-24,0.24278536438941956
2003-12-25,0.24606749415397644
2003-12-26,0.2378769963979721
2003-12-27,0.25815343856811523
2003-12-28,0.2670356333255768
2003-12-29,0.25793761014938354
2003-12-30,0.24703840911388397
2003-12-31,0.24093374609947205
2004-01-01,0.25885114073753357
2004-01-02,0.24456796050071716
2004-01-03,0.24597756564617157
2004-01-04,0.23160690069198608
2004-01-05,0.21209827065467834
2004-01-06,0.22009167075157166
2004-01-07,0.21337711811065674
2004-01-08,0.2002926915884018
2004-01-09,0.20430611073970795
2004-01-10,0.19975239038467407
2004-01-11,0.20906603336334229
2004-01-12,0.19751913845539093
2004-01-13,0.19439657032489777
2004-01-14,0.18699872493743896
2004-01-15,0.20756500959396362
2004-01-16,0.20293812453746796
2004-01-17,0.21343229711055756
2004-01-18,0.21022538840770721
2004-01-19,0.24168938398361206
2004-01-20,0.23617978394031525
2004-01-21,0.23494726419448853
2004-01-22,0.23835577070713043
2004-01-23,0.2450728416442871
2004-01-24,0.2464575469493866
2004-01-25,0.24994529783725739
2004-01-26,0.23883897066116333
2004-01-27,0.2234543114900589
2004-01-28,0.22059191763401031
2004-01-29,0.22458121180534363
2004-01-30,0.2284509688615799
2004-01-31,0.23392876982688904
2004-02-01,0.23440781235694885
2004-02-02,0.22956007719039917
2004-02-03,0.22236503660678864
2004-02-04,0.21301443874835968
2004-02-05,0.22664940357208252
2004-02-06,0.21509519219398499
2004-02-07,0.2202277034521103
2004-02-08,0.2097436934709549
2004-02-09,0.21258234977722168
2004-02-10,0.21840155124664307
2004-02-11,0.2119259387254715
2004-02-12,0.20586341619491577
2004-02-13,0.20037461817264557
2004-02-14,0.16451866924762726
2004-02-15,0.1805797666311264
2004-02-16,0.1871396005153656
2004-02-17,0.1924569010734558
2004-02-18,0.1988368034362793
2004-02-19,0.20457667112350464
2004-02-20,0.1919741928577423
2004-02-21,0.2029830515384674
2004-02-22,0.222563236951828
2004-02-23,0.2338714748620987
2004-02-24,0.22359444200992584
2004-02-25,0.21054008603096008
2004-02-26,0.2173890918493271
2004-02-27,0.20174090564250946
2004-02-28,0.19404833018779755
2004-02-29,0.2111642211675644
2004-03-01,0.21657419204711914
2004-03-02,0.21393334865570068
2004-03-03,0.2132544368505478
2004-03-04,0.215476855635643
2004-03-05,0.19179290533065796
2004-03-06,0.1836170107126236
2004-03-07,0.20210467278957367
2004-03-08,0.18236730992794037
2004-03-09,0.17120330035686493
2004-03-10,0.15650713443756104
2004-03-11,0.14294207096099854
2004-03-12,0.13724613189697266
2004-03-13,0.1334354132413864
2004-03-14,0.1353664994239807
2004-03-15,0.13228335976600647
2004-03-16,0.14262166619300842
2004-03-17,0.12811948359012604
2004-03-18,0.12958307564258575
2004-03-19,0.13334602117538452
2004-03-20,0.12195456027984619
2004-03-21,0.14280091226100922
2004-03-22,0.13618218898773193
2004-03-23,0.10946690291166306
2004-03-24,0.10501930862665176
2004-03-25,0.09883464872837067
2004-03-26,0.09296508878469467
2004-03-27,0.09909750521183014
2004-03-28,0.10806229710578918
2004-03-29,0.10921948403120041
2004-03-30,0.09379303455352783
2004-03-31,0.10019058734178543
2004-04-01,0.11138061434030533
2004-04-02,0.1173979863524437
2004-04-03,0.13516955077648163
2004-04-04,0.1487889438867569
2004-04-05,0.15867061913013458
2004-04-06,0.15392030775547028
2004-04-07,0.14620237052440643
2004-04-08,0.14449970424175262
2004-04-09,0.14530985057353973
2004-04-10,0.1448579579591751
2004-04-11,0.16452656686306
2004-04-12,0.15623901784420013
2004-04-13,0.1594732403755188
2004-04-14,0.17257972061634064
2004-04-15,0.17114368081092834
2004-04-16,0.17232775688171387
2004-04-17,0.17840096354484558
2004-04-18,0.19000740349292755
2004-04-19,0.19000281393527985
2004-04-20,0.2053672820329666
2004-04-21,0.20084205269813538
2004-04-22,0.20964404940605164
2004-04-23,0.21732088923454285
2004-04-24,0.23589064180850983
2004-04-25,0.24341726303100586
2004-04-26,0.2570643126964569
2004-04-27,0.2503490447998047
2004-04-28,0.25820013880729675
2004-04-29,0.25843119621276855
2004-04-30,0.259743332862854
2004-05-01,0.2492908090353012
2004-05-02,0.26206743717193604
2004-05-03,0.27565255761146545
2004-05-04,0.2901599705219269
2004-05-05,0.2805890738964081
2004-05-06,0.27237778902053833
2004-05-07,0.26776665449142456
2004-05-08,0.2956382930278778
2004-05-09,0.31267499923706055
2004-05-10,0.30684715509414673
2004-05-11,0.2872665822505951
2004-05-12,0.2801010012626648
2004-05-13,0.28005486726760864
2004-05-14,0.27399948239326477
2004-05-15,0.2807447016239166
2004-05-16,0.28574007749557495
2004-05-17,0.28220728039741516
2004-05-18,0.2724134624004364
2004-05-19,0.274257630109787
2004-05-20,0.27189916372299194
2004-05-21,0.26878127455711365
2004-05-22,0.275741845369339
2004-05-23,0.2901757061481476
2004-05-24,0.27206936478614807
2004-05-25,0.2835012376308441
2004-05-26,0.27817776799201965
2004-05-27,0.2721463739871979
2004-05-28,0.2827090919017792
2004-05-29,0.32979440689086914
2004-05-30,0.34957659244537354
2004-05-31,0.36858588457107544
2004-06-01,0.3539493978023529
2004-06-02,0.35937365889549255
2004-06-03,0.3588577210903168
2004-06-04,0.35132497549057007
2004-06-05,0.3698287010192871
2004-06-06,0.3626288175582886
2004-06-07,0.3714475631713867
2004-06-08,0.3800048530101776
2004-06-09,0.3690066337585449
2004-06-10,0.3649214506149292
2004-06-11,0.34413114190101624
2004-06-12,0.3613918423652649
2004-06-13,0.35413238406181335
2004-06-14,0.3734239339828491
2004-06-15,0.37418586015701294
2004-06-16,0.3690585494041443
2004-06-17,0.36904555559158325
2004-06-18,0.34536436200141907
2004-06-19,0.3520908057689667
2004-06-20,0.3455912470817566
2004-06-21,0.342429518699646
2004-06-22,0.34293410181999207
2004-06-23,0.3227940499782562
2004-06-24,0.32327979803085327
2004-06-25,0.31454840302467346
2004-06-26,0.31411024928092957
2004-06-27,0.2940114438533783
2004-06-28,0.3034074306488037
2004-06-29,0.3080551028251648
2004-06-30,0.30727866291999817
2004-07-01,0.30494555830955505
2004-07-02,0.3000905513763428
2004-07-03,0.30334702134132385
2004-07-04,0.3049943745136261
2004-07-05,0.30961838364601135
2004-07-06,0.3094598948955536
2004-07-07,0.30846109986305237
2004-07-08,0.3091449439525604
2004-07-09,0.30094197392463684
2004-07-10,0.30786922574043274
2004-07-11,0.31598997116088867
2004-07-12,0.2993987202644348
2004-07-13,0.3207698464393616
2004-07-14,0.3065080940723419
2004-07-15,0.3012177348136902
2004-07-16,0.2916386127471924
2004-07-17,0.3014165759086609
2004-07-18,0.3071456551551819
2004-07-19,0.31373488903045654
2004-07-20,0.31331121921539307
2004-07-21,0.3133590817451477
2004-07-22,0.3034805357456207
2004-07-23,0.2972131371498108
2004-07-24,0.28822505474090576
2004-07-25,0.27370259165763855
2004-07-26,0.27130407094955444
2004-07-27,0.272484689950943
2004-07-28,0.2765398621559143
2004-07-29,0.2810042202472687
2004-07-30,0.2654803693294525
2004-07-31,0.24936845898628235
2004-08-01,0.23830610513687134
2004-08-02,0.23889358341693878
2004-08-03,0.23042118549346924
2004-08-04,0.23573613166809082
2004-08-05,0.2538054883480072
2004-08-06,0.24707560241222382
2004-08-07,0.2317877560853958
2004-08-08,0.22216962277889252
2004-08-09,0.22007586061954498
2004-08-10,0.216756671667099
2004-08-11,0.22395068407058716
2004-08-12,0.2239934206008911
2004-08-13,0.2013792246580124
2004-08-14,0.20266836881637573
2004-08-15,0.21347858011722565
2004-08-16,0.19619637727737427
2004-08-17,0.19607844948768616
2004-08-18,0.2074504941701889
2004-08-19,0.202204629778862
2004-08-20,0.19486214220523834
2004-08-21,0.16403016448020935
2004-08-22,0.1635783463716507
2004-08-23,0.16844187676906586
2004-08-24,0.1573554128408432
2004-08-25,0.16866324841976166
2004-08-26,0.17850056290626526
2004-08-27,0.16339536011219025
2004-08-28,0.17047786712646484
2004-08-29,0.17980067431926727
2004-08-30,0.18383698165416718
2004-08-31,0.19503812491893768
2004-09-01,0.1875203400850296
2004-09-02,0.1928837150335312
2004-09-03,0.19200769066810608
2004-09-04,0.19751572608947754
2004-09-05,0.19767166674137115
2004-09-06,0.2033979743719101
2004-09-07,0.20796555280685425
2004-09-08,0.21028834581375122
2004-09-09,0.2123459428548813
2004-09-10,0.2097700983285904
2004-09-11,0.1927136480808258
2004-09-12,0.20086447894573212
2004-09-13,0.20237210392951965
2004-09-14,0.2034223973751068
2004-09-15,0.1985563039779663
2004-09-16,0.19590243697166443
2004-09-17,0.1924934834241867
2004-09-18,0.205051451921463
2004-09-19,0.1978096067905426
2004-09-20,0.2091209441423416
2004-09-21,0.21107180416584015
2004-09-22,0.23130300641059875
2004-09-23,0.22036604583263397
2004-09-24,0.20585961639881134
2004-09-25,0.18680927157402039
2004-09-26,0.1839301884174347
2004-09-27,0.1863034963607788
2004-09-28,0.17757289111614227
2004-09-29,0.16609831154346466
2004-09-30,0.1715821921825409
2004-10-01,0.16140876710414886
2004-10-02,0.16254298388957977
2004-10-03,0.16653919219970703
2004-10-04,0.15503375232219696
2004-10-05,0.14943921566009521
2004-10-06,0.15687979757785797
2004-10-07,0.14830555021762848
2004-10-08,0.13937515020370483
2004-10-09,0.12766516208648682
2004-10-10,0.14164812862873077
2004-10-11,0.15211254358291626
2004-10-12,0.1613253355026245
2004-10-13,0.16529874503612518
2004-10-14,0.168069988489151
2004-10-15,0.15327195823192596
2004-10-16,0.15585625171661377
2004-10-17,0.16760191321372986
2004-10-18,0.16840697824954987
2004-10-19,0.1663392186164856
2004-10-20,0.16172245144844055
2004-10-21,0.16600848734378815
2004-10-22,0.15958867967128754
2004-10-23,0.1605963408946991
2004-10-24,0.17003029584884644
2004-10-25,0.1694982945919037
2004-10-26,0.15832410752773285
2004-10-27,0.14584527909755707
2004-10-28,0.14093153178691864
2004-10-29,0.13873840868473053
2004-10-30,0.16594846546649933
2004-10-31,0.18352465331554413
2004-11-01,0.1807890087366104
2004-11-02,0.18240459263324738
2004-11-03,0.1874575912952423
2004-11-04,0.18803337216377258
2004-11-05,0.21029360592365265
2004-11-06,0.2162524312734604
2004-11-07,0.23013000190258026
2004-11-08,0.23504658043384552
2004-11-09,0.22869521379470825
2004-11-10,0.22470204532146454
2004-11-11,0.2362692952156067
2004-11-12,0.2342170625925064
2004-11-13,0.24078713357448578
2004-11-14,0.23847246170043945
2004-11-15,0.24055993556976318
2004-11-16,0.2266041487455368
2004-11-17,0.22995442152023315
2004-11-18,0.22306154668331146
2004-11-19,0.20289203524589539
2004-11-20,0.1997942328453064
2004-11-21,0.19583113491535187
2004-11-22,0.19904115796089172
2004-11-23,0.18820922076702118
2004-11-24,0.1887534260749817
2004-11-25,0.18825477361679077
2004-11-26,0.2015199512243271
2004-11-27,0.195023313164711
2004-11-28,0.19703012704849243
2004-11-29,0.20983043313026428
2004-11-30,0.22250954806804657
2004-12-01,0.22504420578479767
2004-12-02,0.22204290330410004
2004-12-03,0.22831283509731293
2004-12-04,0.22892653942108154
2004-12-05,0.22896569967269897
2004-12-06,0.2430339902639389
2004-12-07,0.2394903153181076
2004-12-08,0.2368946224451065
2004-12-09,0.2303585410118103
2004-12-10,0.22337675094604492
2004-12-11,0.2596597969532013
2004-12-12,0.2522374093532562
2004-12-13,0.2591218054294586
2004-12-14,0.27093011140823364
2004-12-15,0.26860424876213074
2004-12-16,0.26473069190979004
2004-12-17,0.26768800616264343
2004-12-18,0.2607150971889496
2004-12-19,0.2690730392932892
2004-12-20,0.2800711691379547
2004-12-21,0.2786366045475006
2004-12-22,0.28056108951568604
2004-12-23,0.2874719202518463
2004-12-24,0.2913370728492737
2004-12-25,0.29993313550949097
2004-12-26,0.30243486166000366
2004-12-27,0.2987380623817444
2004-12-28,0.30850765109062195
2004-12-29,0.32674214243888855
2004-12-30,0.3336038589477539
2004-12-31,0.32290753722190857
2005-01-01,0.346640944480896
2005-01-02,0.3542957007884979
2005-01-03,0.35435619950294495
2005-01-04,0.3537469208240509
2005-01-05,0.3596431612968445
2005-01-06,0.3557785749435425
2005-01-07,0.36155426502227783
2005-01-08,0.37069597840309143
2005-01-09,0.36449962854385376
2005-01-10,0.36305952072143555
2005-01-11,0.35462480783462524
2005-01-12,0.34957870841026306
2005-01-13,0.3342410624027252
2005-01-14,0.3261060118675232
2005-01-15,0.3223930597305298
2005-01-16,0.31715816259384155
2005-01-17,0.3183619976043701
2005-01-18,0.32078641653060913
2005-01-19,0.328357458114624
2005-01-20,0.3308470547199249
2005-01-21,0.32250601053237915
2005-01-22,0.3415394127368927
2005-01-23,0.33478641510009766
2005-01-24,0.35295337438583374
2005-01-25,0.349182665348053
2005-01-26,0.33076372742652893
2005-01-27,0.31712666153907776
2005-01-28,0.31424540281295776
2005-01-29,0.32689476013183594
2005-01-30,0.3436538875102997
2005-01-31,0.3452131450176239
2005-02-01,0.359731525182724
2005-02-02,0.3584470748901367
2005-02-03,0.3588958978652954
2005-02-04,0.36499783396720886
2005-02-05,0.35676881670951843
2005-02-06,0.3696763813495636
2005-02-07,0.3595048189163208
2005-02-08,0.3396111726760864
2005-02-09,0.32964807748794556
2005-02-10,0.3231304883956909
2005-02-11,0.31174081563949585
2005-02-12,0.3014339506626129
2005-02-13,0.30031388998031616
2005-02-14,0.30492788553237915
2005-02-15,0.2957742512226105
2005-02-16,0.3151904046535492
2005-02-17,0.32369038462638855
2005-02-18,0.30603650212287903
2005-02-19,0.3106742799282074
2005-02-20,0.3106662929058075
2005-02-21,0.3228456676006317
2005-02-22,0.3304216265678406
2005-02-23,0.3245830535888672
2005-02-24,0.32399457693099976
2005-02-25,0.3080279231071472
2005-02-26,0.34636712074279785
2005-02-27,0.353819876909256
2005-02-28,0.36149361729621887
2005-03-01,0.3465159833431244
2005-03-02,0.337040513753891
2005-03-03,0.32600459456443787
2005-03-04,0.32839927077293396
2005-03-05,0.3331378996372223
2005-03-06,0.33382028341293335
2005-03-07,0.32044148445129395
2005-03-08,0.32233235239982605
2005-03-09,0.31610891222953796
2005-03-10,0.313626766204834
2005-03-11,0.29585158824920654
2005-03-12,0.270457923412323
2005-03-13,0.27141663432121277
2005-03-14,0.2692123353481293
2005-03-15,0.25386252999305725
2005-03-16,0.24689005315303802
2005-03-17,0.23219886422157288
2005-03-18,0.23626622557640076
2005-03-19,0.2346072494983673
2005-03-20,0.23011450469493866
2005-03-21,0.24096670746803284
2005-03-22,0.2380698174238205
2005-03-23,0.22980813682079315
2005-03-24,0.2303549349308014
2005-03-25,0.24970293045043945
2005-03-26,0.2575058043003082
2005-03-27,0.2616546154022217
2005-03-28,0.25004643201828003
2005-03-29,0.23721973598003387
2005-03-30,0.23013174533843994
2005-03-31,0.23203346133232117
2005-04-01,0.22547590732574463
2005-04-02,0.22313247621059418
2005-04-03,0.2063436359167099
2005-04-04,0.2188941091299057
2005-04-05,0.20308244228363037
2005-04-06,0.18091225624084473
2005-04-07,0.17177729308605194
2005-04-08,0.16473451256752014
2005-04-09,0.15242111682891846
2005-04-10,0.1686837077140808
2005-04-11,0.15934522449970245
2005-04-12,0.1468992531299591
2005-04-13,0.14030614495277405
2005-04-14,0.134553924202919
2005-04-15,0.13200438022613525
2005-04-16,0.13904301822185516
2005-04-17,0.15542776882648468
2005-04-18,0.15521438419818878
2005-04-19,0.15673746168613434
2005-04-20,0.16404478251934052
2005-04-21,0.17343881726264954
2005-04-22,0.159132182598114
2005-04-23,0.1548720896244049
2005-04-24,0.16030223667621613
2005-04-25,0.14798161387443542
2005-04-26,0.16159099340438843
2005-04-27,0.16880370676517487
2005-04-28,0.16927263140678406
2005-04-29,0.15071457624435425
2005-04-30,0.1676805168390274
2005-05-01,0.15588249266147614
2005-05-02,0.16177615523338318
2005-05-03,0.1636180877685547
2005-05-04,0.16675512492656708
2005-05-05,0.17093932628631592
2005-05-06,0.18253472447395325
2005-05-07,0.1947554349899292
2005-05-08,0.20636315643787384
2005-05-09,0.20912685990333557
2005-05-10,0.20547881722450256
2005-05-11,0.2052846997976303
2005-05-12,0.1980259120464325
2005-05-13,0.19355595111846924
2005-05-14,0.1994301974773407
2005-05-15,0.20263122022151947
2005-05-16,0.2150171995162964
2005-05-17,0.21072299778461456
2005-05-18,0.21855448186397552
2005-05-19,0.22521968185901642
2005-05-20,0.21998688578605652
2005-05-21,0.2254224717617035
2005-05-22,0.23460401594638824
2005-05-23,0.24092784523963928
2005-05-24,0.2215573936700821
2005-05-25,0.2160789668560028
2005-05-26,0.2223566621541977
2005-05-27,0.22114631533622742
2005-05-28,0.2358446717262268
2005-05-29,0.2399597018957138
2005-05-30,0.23705868422985077
2005-05-31,0.22576163709163666
2005-06-01,0.20349086821079254
2005-06-02,0.2110772430896759
2005-06-03,0.20920675992965698
2005-06-04,0.20972807705402374
2005-06-05,0.20388130843639374
2005-06-06,0.1905469447374344
2005-06-07,0.18539991974830627
2005-06-08,0.1863730549812317
2005-06-09,0.1927114874124527
2005-06-10,0.19133125245571136
2005-06-11,0.18656349182128906
2005-06-12,0.18468058109283447
2005-06-13,0.18279170989990234
2005-06-14,0.18363648653030396
2005-06-15,0.1855277717113495
2005-06-16,0.1801466941833496
2005-06-17,0.17457127571105957
2005-06-18,0.1949661672115326
2005-06-19,0.19088220596313477
2005-06-20,0.19886814057826996
2005-06-21,0.18586465716362
2005-06-22,0.19824640452861786
2005-06-23,0.2167019248008728
2005-06-24,0.20548278093338013
2005-06-25,0.1980995237827301
2005-06-26,0.21172985434532166
2005-06-27,0.21803104877471924
2005-06-28,0.1962723731994629
2005-06-29,0.19318309426307678
2005-06-30,0.1857931762933731
2005-07-01,0.19134001433849335
2005-07-02,0.1952233761548996
2005-07-03,0.18038122355937958
2005-07-04,0.20562735199928284
2005-07-05,0.21490241587162018
2005-07-06,0.21696056425571442
2005-07-07,0.21446911990642548
2005-07-08,0.21481597423553467
2005-07-09,0.2134370654821396
2005-07-10,0.22439876198768616
2005-07-11,0.2097281664609909
2005-07-12,0.20922712981700897
2005-07-13,0.21139265596866608
2005-07-14,0.21612368524074554
2005-07-15,0.21972672641277313
2005-07-16,0.2251378297805786
2005-07-17,0.2199723720550537
2005-07-18,0.21962203085422516
2005-07-19,0.21880674362182617
2005-07-20,0.2269430160522461
2005-07-21,0.2448616772890091
2005-07-22,0.2422599345445633
2005-07-23,0.2540328800678253
2005-07-24,0.2615676522254944
2005-07-25,0.25550201535224915
2005-07-26,0.2549400329589844
2005-07-27,0.2530936002731323
2005-07-28,0.26573652029037476
2005-07-29,0.27294251322746277
2005-07-30,0.28106117248535156
2005-07-31,0.27756115794181824
2005-08-01,0.2944648563861847
2005-08-02,0.2886626124382019
2005-08-03,0.29331764578819275
2005-08-04,0.29262807965278625
2005-08-05,0.3023451268672943
2005-08-06,0.3437979817390442
2005-08-07,0.3421931266784668
2005-08-08,0.3563898801803589
2005-08-09,0.3585728108882904
2005-08-10,0.3574330806732178
2005-08-11,0.35473936796188354
2005-08-12,0.3395567834377289
2005-08-13,0.3446096181869507
2005-08-14,0.3369550406932831
2005-08-15,0.3408086895942688
2005-08-16,0.33883029222488403
2005-08-17,0.3319176435470581
2005-08-18,0.3425334095954895
2005-08-19,0.33670997619628906
2005-08-20,0.3238036036491394
2005-08-21,0.32571858167648315
2005-08-22,0.33332085609436035
2005-08-23,0.32928845286369324
2005-08-24,0.32686543464660645
2005-08-25,0.3253014385700226
2005-08-26,0.32081788778305054
2005-08-27,0.311727911233902
2005-08-28,0.2945874035358429
2005-08-29,0.28162726759910583
2005-08-30,0.23318597674369812
2005-08-31,0.21266816556453705
2005-09-01,0.19885574281215668
2005-09-02,0.20024578273296356
2005-09-03,0.1922392100095749
2005-09-04,0.1757112741470337
2005-09-05,0.18172882497310638
2005-09-06,0.15343539416790009
2005-09-07,0.13416306674480438
2005-09-08,0.1157144159078598
2005-09-09,0.08727386593818665
2005-09-10,0.08406664431095123
2005-09-11,0.07821264117956161
2005-09-12,0.06675364822149277
2005-09-13,0.0647677555680275
2005-09-14,0.06673216819763184
2005-09-15,0.06737230718135834
2005-09-16,0.0581650473177433
2005-09-17,0.049145039170980453
2005-09-18,0.047779347747564316
2005-09-19,0.06928329169750214
2005-09-20,0.06473641097545624
2005-09-21,0.057633597403764725
2005-09-22,0.05415380746126175
2005-09-23,0.05353719741106033
2005-09-24,0.06078360974788666
2005-09-25,0.077173613011837
2005-09-26,0.09421991556882858
2005-09-27,0.09309696406126022
2005-09-28,0.10051542520523071
2005-09-29,0.10650161653757095
2005-09-30,0.09595833718776703
2005-10-01,0.08812956511974335
2005-10-02,0.0770738497376442
2005-10-03,0.07672582566738129
2005-10-04,0.08019063621759415
2005-10-05,0.08142802864313126
2005-10-06,0.073859304189682
2005-10-07,0.05603070184588432
2005-10-08,0.051870282739400864
2005-10-09,0.07273314893245697
2005-10-10,0.08077134937047958
2005-10-11,0.077400803565979
2005-10-12,0.09166271239519119
2005-10-13,0.0935870036482811
2005-10-14,0.08796481788158417
2005-10-15,0.06528317183256149
2005-10-16,0.0841352641582489
2005-10-17,0.08092905580997467
2005-10-18,0.08132074773311615
2005-10-19,0.08257129788398743
2005-10-20,0.08502243459224701
2005-10-21,0.08710034191608429
2005-10-22,0.10792756080627441
2005-10-23,0.12193363904953003
2005-10-24,0.12285531312227249
2005-10-25,0.13219484686851501
2005-10-26,0.1409096121788025
2005-10-27,0.15447285771369934
2005-10-28,0.15385955572128296
2005-10-29,0.16463662683963776
2005-10-30,0.1755186766386032
2005-10-31,0.16977086663246155
2005-11-01,0.1838058978319168
2005-11-02,0.19229388236999512
2005-11-03,0.1964508295059204
2005-11-04,0.21214112639427185
2005-11-05,0.22558575868606567
2005-11-06,0.22526432573795319
2005-11-07,0.22904351353645325
2005-11-08,0.21262814104557037
2005-11-09,0.21320177614688873
2005-11-10,0.21397171914577484
2005-11-11,0.20082175731658936
2005-11-12,0.20933948457241058
2005-11-13,0.21795332431793213
2005-11-14,0.24195519089698792
2005-11-15,0.2379259318113327
2005-11-16,0.2503390610218048
2005-11-17,0.2502604126930237
2005-11-18,0.24182634055614471
2005-11-19,0.2341989129781723
2005-11-20,0.23132237792015076
2005-11-21,0.25261831283569336
2005-11-22,0.27596068382263184
2005-11-23,0.2734560966491699
2005-11-24,0.275007426738739
2005-11-25,0.2928163707256317
2005-11-26,0.2965843677520752
2005-11-27,0.2986864149570465
2005-11-28,0.3010298013687134
2005-11-29,0.3140706419944763
2005-11-30,0.3066246211528778
2005-12-01,0.3137235939502716
2005-12-02,0.3153042197227478
2005-12-03,0.31437402963638306
2005-12-04,0.3157482147216797
2005-12-05,0.32572412490844727
2005-12-06,0.32064583897590637
2005-12-07,0.318244993686676
2005-12-08,0.32190218567848206
2005-12-09,0.3168332874774933
2005-12-10,0.3259323537349701
2005-12-11,0.33663931488990784
2005-12-12,0.33096757531166077
2005-12-13,0.3244458734989166
2005-12-14,0.31835195422172546
2005-12-15,0.3063911199569702
2005-12-16,0.3191872537136078
2005-12-17,0.30973654985427856
2005-12-18,0.31298962235450745
2005-12-19,0.3048446476459503
2005-12-20,0.2971745729446411
2005-12-21,0.29973894357681274
2005-12-22,0.29756906628608704
2005-12-23,0.3135118782520294
2005-12-24,0.34827128052711487
2005-12-25,0.3819056749343872
2005-12-26,0.38518258929252625
2005-12-27,0.4065607488155365
2005-12-28,0.39413177967071533
2005-12-29,0.3922916650772095
2005-12-30,0.3931889533996582
2005-12-31,0.3814733028411865
2006-01-01,0.37966206669807434
2006-01-02,0.38699495792388916
2006-01-03,0.3874683976173401
2006-01-04,0.3840072751045227
2006-01-05,0.37785249948501587
2006-01-06,0.3848446309566498
2006-01-07,0.3986492156982422
2006-01-08,0.3921481966972351
2006-01-09,0.392033189535141
2006-01-10,0.39345014095306396
2006-01-11,0.3800332248210907
2006-01-12,0.38456520438194275
2006-01-13,0.3704510033130646
2006-01-14,0.37193217873573303
2006-01-15,0.3837374150753021
2006-01-16,0.4006284177303314
2006-01-17,0.4009648263454437
2006-01-18,0.4110332727432251
2006-01-19,0.40742063522338867
2006-01-20,0.3982946276664734
2006-01-21,0.4094869792461395
2006-01-22,0.40170761942863464
2006-01-23,0.41867175698280334
2006-01-24,0.40482473373413086
2006-01-25,0.3984101116657257
2006-01-26,0.3729338049888611
2006-01-27,0.3562890887260437
2006-01-28,0.3550981879234314
2006-01-29,0.3559347093105316
2006-01-30,0.3457746207714081
2006-01-31,0.3435599207878113
2006-02-01,0.3455348312854767
2006-02-02,0.3481341600418091
2006-02-03,0.3432163894176483
2006-02-04,0.3406769633293152
2006-02-05,0.3516256809234619
2006-02-06,0.3485860526561737
2006-02-07,0.334984689950943
2006-02-08,0.3226543366909027
2006-02-09,0.3272657096385956
2006-02-10,0.3271748721599579
2006-02-11,0.31432095170021057
2006-02-12,0.32733604311943054
2006-02-13,0.33889293670654297
2006-02-14,0.314937561750412
2006-02-15,0.30803754925727844
2006-02-16,0.3018607497215271
2006-02-17,0.3099417984485626
2006-02-18,0.29844608902931213
2006-02-19,0.31093356013298035
2006-02-20,0.3084241449832916
2006-02-21,0.2980090081691742
2006-02-22,0.3040759265422821
2006-02-23,0.29521384835243225
2006-02-24,0.2751632332801819
2006-02-25,0.26962560415267944
2006-02-26,0.2682075798511505
2006-02-27,0.26322928071022034
2006-02-28,0.2648513615131378
2006-03-01,0.2608849108219147
2006-03-02,0.2760985195636749
2006-03-03,0.2726253867149353
2006-03-04,0.2862536609172821
2006-03-05,0.29052573442459106
2006-03-06,0.30637046694755554
2006-03-07,0.3000040650367737
2006-03-08,0.2946301996707916
2006-03-09,0.29029613733291626
2006-03-10,0.2811116576194763
2006-03-11,0.2929597795009613
2006-03-12,0.30624648928642273
2006-03-13,0.2942560911178589
2006-03-14,0.2892020344734192
2006-03-15,0.2815547287464142
2006-03-16,0.27312836050987244
2006-03-17,0.2630448043346405
2006-03-18,0.26689931750297546
2006-03-19,0.28034472465515137
2006-03-20,0.2637166380882263
2006-03-21,0.261271595954895
2006-03-22,0.2569543719291687
2006-03-23,0.2609163820743561
2006-03-24,0.2572884261608124
2006-03-25,0.2570435106754303
2006-03-26,0.28700003027915955
2006-03-27,0.27678465843200684
2006-03-28,0.2665558457374573
2006-03-29,0.2843405604362488
2006-03-30,0.2873776853084564
2006-03-31,0.2611798644065857
2006-04-01,0.26362335681915283
2006-04-02,0.272885799407959
2006-04-03,0.27248576283454895
2006-04-04,0.2707346975803375
2006-04-05,0.271945059299469
2006-04-06,0.29048222303390503
2006-04-07,0.2788514792919159
2006-04-08,0.28781530261039734
2006-04-09,0.2839098870754242
2006-04-10,0.27054500579833984
2006-04-11,0.27033179998397827
2006-04-12,0.2684064209461212
2006-04-13,0.2517179250717163
2006-04-14,0.2419990748167038
2006-04-15,0.25194358825683594
2006-04-16,0.25808852910995483
2006-04-17,0.27390509843826294
2006-04-18,0.2816707491874695
2006-04-19,0.2773042917251587
2006-04-20,0.26647353172302246
2006-04-21,0.26578420400619507
2006-04-22,0.26258042454719543
2006-04-23,0.26849061250686646
2006-04-24,0.24586959183216095
2006-04-25,0.2364439219236374
2006-04-26,0.24978962540626526
2006-04-27,0.2523708641529083
2006-04-28,0.2491825670003891
2006-04-29,0.23992909491062164
2006-04-30,0.24257728457450867
2006-05-01,0.24984166026115417
2006-05-02,0.2571948766708374
2006-05-03,0.25602737069129944
2006-05-04,0.25978565216064453
2006-05-05,0.27455127239227295
2006-05-06,0.2828730344772339
2006-05-07,0.3061259984970093
2006-05-08,0.3163244426250458
2006-05-09,0.31026822328567505
2006-05-10,0.3042396903038025
2006-05-11,0.3080956041812897
2006-05-12,0.308309406042099
2006-05-13,0.3024239242076874
2006-05-14,0.31276389956474304
2006-05-15,0.32489654421806335
2006-05-16,0.31365132331848145
2006-05-17,0.30324870347976685
2006-05-18,0.293112576007843
2006-05-19,0.2825070321559906
2006-05-20,0.29581332206726074
2006-05-21,0.3002861738204956
2006-05-22,0.30071911215782166
2006-05-23,0.2884603440761566
2006-05-24,0.26959851384162903
2006-05-25,0.26232483983039856
2006-05-26,0.27144134044647217
2006-05-27,0.28229349851608276
2006-05-28,0.28669673204421997
2006-05-29,0.2934819161891937
2006-05-30,0.2792668044567108
2006-05-31,0.2792665362358093
2006-06-01,0.28497982025146484
2006-06-02,0.2827882468700409
2006-06-03,0.26391783356666565
2006-06-04,0.2839337885379791
2006-06-05,0.27618852257728577
2006-06-06,0.2683537006378174
2006-06-07,0.26781994104385376
2006-06-08,0.26271340250968933
2006-06-09,0.24725127220153809
2006-06-10,0.23243184387683868
2006-06-11,0.21368226408958435
2006-06-12,0.20014068484306335
2006-06-13,0.20522086322307587
2006-06-14,0.19704045355319977
2006-06-15,0.19311672449111938
2006-06-16,0.18818829953670502
2006-06-17,0.18035323917865753
2006-06-18,0.1839030236005783
2006-06-19,0.20790201425552368
2006-06-20,0.20088331401348114
2006-06-21,0.21015729010105133
2006-06-22,0.2167409062385559
2006-06-23,0.21949277818202972
2006-06-24,0.21255642175674438
2006-06-25,0.23916806280612946
2006-06-26,0.25719505548477173
2006-06-27,0.24906915426254272
2006-06-28,0.2438068389892578
2006-06-29,0.24595142900943756
2006-06-30,0.24972741305828094
2006-07-01,0.24381941556930542
2006-07-02,0.2391590178012848
2006-07-03,0.23886749148368835
2006-07-04,0.21515943109989166
2006-07-05,0.21321257948875427
2006-07-06,0.21274910867214203
2006-07-07,0.2185112088918686
2006-07-08,0.22064484655857086
2006-07-09,0.2181502729654312
2006-07-10,0.22240158915519714
2006-07-11,0.22416512668132782
2006-07-12,0.21434316039085388
2006-07-13,0.20580732822418213
2006-07-14,0.20063479244709015
2006-07-15,0.1948607861995697
2006-07-16,0.2069123536348343
2006-07-17,0.1969120353460312
2006-07-18,0.20467278361320496
2006-07-19,0.21501605212688446
2006-07-20,0.20545463263988495
2006-07-21,0.19816885888576508
2006-07-22,0.18529528379440308
2006-07-23,0.1956048160791397
2006-07-24,0.18384858965873718
2006-07-25,0.16529619693756104
2006-07-26,0.1621747463941574
2006-07-27,0.15500159561634064
2006-07-28,0.1526300609111786
2006-07-29,0.17013972997665405
2006-07-30,0.1827232539653778
2006-07-31,0.1630185842514038
2006-08-01,0.17076419293880463
2006-08-02,0.16528894007205963
2006-08-03,0.17860062420368195
2006-08-04,0.18169087171554565
2006-08-05,0.1724950075149536
2006-08-06,0.18178534507751465
2006-08-07,0.1986449658870697
2006-08-08,0.1907324492931366
2006-08-09,0.1997879594564438
2006-08-10,0.20651932060718536
2006-08-11,0.1740415096282959
2006-08-12,0.1837642639875412
2006-08-13,0.18399657309055328
2006-08-14,0.16975745558738708
2006-08-15,0.18094579875469208
2006-08-16,0.18525050580501556
2006-08-17,0.19687329232692719
2006-08-18,0.1810649186372757
2006-08-19,0.17718259990215302
2006-08-20,0.20139752328395844
2006-08-21,0.19210034608840942
2006-08-22,0.17311252653598785
2006-08-23,0.16815117001533508
2006-08-24,0.17104975879192352
2006-08-25,0.17266717553138733
2006-08-26,0.1646609604358673
2006-08-27,0.15488216280937195
2006-08-28,0.14163713157176971
2006-08-29,0.11764230579137802
2006-08-30,0.1148882806301117
2006-08-31,0.14170576632022858
2006-09-01,0.1516128033399582
2006-09-02,0.1537015438079834
2006-09-03,0.15360897779464722
2006-09-04,0.17988638579845428
2006-09-05,0.19689162075519562
2006-09-06,0.20898643136024475
2006-09-07,0.21445928514003754
2006-09-08,0.2025916576385498
2006-09-09,0.1868935227394104
2006-09-10,0.19289207458496094
2006-09-11,0.18800826370716095
2006-09-12,0.17830777168273926
2006-09-13,0.166009783744812
2006-09-14,0.15101076662540436
2006-09-15,0.13321763277053833
2006-09-16,0.14273785054683685
2006-09-17,0.14691007137298584
2006-09-18,0.1470487415790558
2006-09-19,0.1500442773103714
2006-09-20,0.11982908844947815
2006-09-21,0.1260308474302292
2006-09-22,0.12249599397182465
2006-09-23,0.12067016214132309
2006-09-24,0.14009974896907806
2006-09-25,0.12365026772022247
2006-09-26,0.11360646784305573
2006-09-27,0.12076422572135925
2006-09-28,0.11539468914270401
2006-09-29,0.1293247640132904
2006-09-30,0.1207975223660469
2006-10-01,0.12744440138339996
2006-10-02,0.1285427212715149
2006-10-03,0.12722378969192505
2006-10-04,0.12457884103059769
2006-10-05,0.12853114306926727
2006-10-06,0.1299876868724823
2006-10-07,0.1414511650800705
2006-10-08,0.1727084517478943
2006-10-09,0.16897620260715485
2006-10-10,0.20305979251861572
2006-10-11,0.21480855345726013
2006-10-12,0.21025972068309784
2006-10-13,0.19541023671627045
2006-10-14,0.2087985724210739
2006-10-15,0.22234110534191132
2006-10-16,0.2307797521352768
2006-10-17,0.2325795590877533
2006-10-18,0.220940500497818
2006-10-19,0.22357286512851715
2006-10-20,0.2404712289571762
2006-10-21,0.26117733120918274
2006-10-22,0.26240989565849304
2006-10-23,0.2501356303691864
2006-10-24,0.24539300799369812
2006-10-25,0.24876822531223297
2006-10-26,0.2545587122440338
2006-10-27,0.24535715579986572
2006-10-28,0.2423747181892395
2006-10-29,0.2374812513589859
2006-10-30,0.21302612125873566
2006-10-31,0.22845059633255005
2006-11-01,0.2371796816587448
2006-11-02,0.23531374335289001
2006-11-03,0.24351787567138672
2006-11-04,0.21039344370365143
2006-11-05,0.20881934463977814
2006-11-06,0.20188592374324799
2006-11-07,0.20721435546875
2006-11-08,0.21479235589504242
2006-11-09,0.2198834866285324
2006-11-10,0.22797255218029022
2006-11-11,0.2232271432876587
2006-11-12,0.24571657180786133
2006-11-13,0.24873799085617065
2006-11-14,0.2592134177684784
2006-11-15,0.2609025537967682
2006-11-16,0.26196199655532837
2006-11-17,0.2575126886367798
2006-11-18,0.2649446129798889
2006-11-19,0.2913709580898285
2006-11-20,0.30836066603660583
2006-11-21,0.30804452300071716
2006-11-22,0.29831984639167786
2006-11-23,0.28846991062164307
2006-11-24,0.26701879501342773
2006-11-25,0.23975788056850433
2006-11-26,0.2655470371246338
2006-11-27,0.2574330270290375
2006-11-28,0.2655954658985138
2006-11-29,0.25902748107910156
2006-11-30,0.2758524417877197
2006-12-01,0.266082763671875
2006-12-02,0.24323411285877228
2006-12-03,0.25292500853538513
2006-12-04,0.24524490535259247
2006-12-05,0.25519028306007385
2006-12-06,0.2515262961387634
2006-12-07,0.24538874626159668
2006-12-08,0.23945064842700958
2006-12-09,0.2318420261144638
2006-12-10,0.2446543425321579
2006-12-11,0.24903486669063568
2006-12-12,0.23713354766368866
2006-12-13,0.22738926112651825
2006-12-14,0.23576897382736206
2006-12-15,0.24385696649551392
2006-12-16,0.2575361728668213
2006-12-17,0.27836287021636963
2006-12-18,0.27073729038238525
2006-12-19,0.26055049896240234
2006-12-20,0.2522243559360504
2006-12-21,0.24812281131744385
2006-12-22,0.22720852494239807
2006-12-23,0.2476428598165512
2006-12-24,0.23376545310020447
2006-12-25,0.28184598684310913
2006-12-26,0.2772100269794464
2006-12-27,0.27302637696266174
2006-12-28,0.2678959369659424
2006-12-29,0.2787459194660187
2006-12-30,0.29562246799468994
2006-12-31,0.29016974568367004
2007-01-01,0.2939400374889374
2007-01-02,0.29427993297576904
2007-01-03,0.300716757774353
2007-01-04,0.2902967929840088
2007-01-05,0.2854751646518707
2007-01-06,0.28369760513305664
2007-01-07,0.2921280860900879
2007-01-08,0.28923818469047546
2007-01-09,0.2940944731235504
2007-01-10,0.28834182024002075
2007-01-11,0.28079187870025635
2007-01-12,0.2910560071468353
2007-01-13,0.3019833564758301
2007-01-14,0.30312103033065796
2007-01-15,0.2675403952598572
2007-01-16,0.2867511510848999
2007-01-17,0.28414085507392883
2007-01-18,0.2887139618396759
2007-01-19,0.2659154236316681
2007-01-20,0.27708348631858826
2007-01-21,0.29019418358802795
2007-01-22,0.2952001094818115
2007-01-23,0.2989271879196167
2007-01-24,0.2977030575275421
2007-01-25,0.2914871275424957
2007-01-26,0.2879777252674103
2007-01-27,0.28364503383636475
2007-01-28,0.28795701265335083
2007-01-29,0.29342472553253174
2007-01-30,0.28721481561660767
2007-01-31,0.2937019169330597
2007-02-01,0.30630120635032654
2007-02-02,0.29113200306892395
2007-02-03,0.29342857003211975
2007-02-04,0.29591062664985657
2007-02-05,0.2906818985939026
2007-02-06,0.28265681862831116
2007-02-07,0.2961908280849457
2007-02-08,0.3064880073070526
2007-02-09,0.28998395800590515
2007-02-10,0.29164111614227295
2007-02-11,0.29475393891334534
2007-02-12,0.31063681840896606
2007-02-13,0.30580204725265503
2007-02-14,0.2987828552722931
2007-02-15,0.2897810935974121
2007-02-16,0.29222264885902405
2007-02-17,0.2786621153354645
2007-02-18,0.279750794172287
2007-02-19,0.28851476311683655
2007-02-20,0.28647884726524353
2007-02-21,0.2884754240512848
2007-02-22,0.2899474799633026
2007-02-23,0.2933324873447418
2007-02-24,0.28049832582473755
2007-02-25,0.2685968279838562
2007-02-26,0.25924232602119446
2007-02-27,0.2591262459754944
2007-02-28,0.2502315938472748
2007-03-01,0.24716216325759888
2007-03-02,0.2387429177761078
2007-03-03,0.23718450963497162
2007-03-04,0.23605430126190186
2007-03-05,0.21765592694282532
2007-03-06,0.2022564709186554
2007-03-07,0.18714410066604614
2007-03-08,0.1935144066810608
2007-03-09,0.187656432390213
2007-03-10,0.1739843636751175
2007-03-11,0.1738966405391693
2007-03-12,0.16494332253932953
2007-03-13,0.15636830031871796
2007-03-14,0.1440669149160385
2007-03-15,0.14507199823856354
2007-03-16,0.12043963372707367
2007-03-17,0.1203920766711235
2007-03-18,0.11955100297927856
2007-03-19,0.09944390505552292
2007-03-20,0.08847980201244354
2007-03-21,0.08336939662694931
2007-03-22,0.0794009417295456
2007-03-23,0.058174777776002884
2007-03-24,0.05467439815402031
2007-03-25,0.07185237109661102
2007-03-26,0.07825073599815369
2007-03-27,0.07116970419883728
2007-03-28,0.07879145443439484
2007-03-29,0.07563357800245285
2007-03-30,0.06464730948209763
2007-03-31,0.06721637398004532
2007-04-01,0.06798633188009262
2007-04-02,0.05947358161211014
2007-04-03,0.054442450404167175
2007-04-04,0.06507975608110428
2007-04-05,0.06823382526636124
2007-04-06,0.0730804055929184
2007-04-07,0.07629027217626572
2007-04-08,0.08847983926534653
2007-04-09,0.09363722056150436
2007-04-10,0.07823697477579117
2007-04-11,0.0774349719285965
2007-04-12,0.06851725280284882
2007-04-13,0.06875988841056824
2007-04-14,0.08311421424150467
2007-04-15,0.10154759883880615
2007-04-16,0.12484785169363022
2007-04-17,0.12301064282655716
2007-04-18,0.12352531403303146
2007-04-19,0.13296610116958618
2007-04-20,0.1100274994969368
2007-04-21,0.12399283051490784
2007-04-22,0.1256936937570572
2007-04-23,0.14868581295013428
2007-04-24,0.1387946605682373
2007-04-25,0.1281859278678894
2007-04-26,0.1273384839296341
2007-04-27,0.12364844977855682
2007-04-28,0.132907897233963
2007-04-29,0.13351275026798248
2007-04-30,0.1520976573228836
2007-05-01,0.14133243262767792
2007-05-02,0.1292394995689392
2007-05-03,0.12210523337125778
2007-05-04,0.11740180850028992
2007-05-05,0.11430541425943375
2007-05-06,0.1230911836028099
2007-05-07,0.11805935949087143
2007-05-08,0.10600985586643219
2007-05-09,0.11362282186746597
2007-05-10,0.10759284347295761
2007-05-11,0.09520828723907471
2007-05-12,0.08343729376792908
2007-05-13,0.09824782609939575
2007-05-14,0.08778376877307892
2007-05-15,0.0977759137749672
2007-05-16,0.09806215018033981
2007-05-17,0.09759918600320816
2007-05-18,0.08479899168014526
2007-05-19,0.09997627884149551
2007-05-20,0.09235823899507523
2007-05-21,0.09748894721269608
2007-05-22,0.09391409158706665
2007-05-23,0.08939481526613235
2007-05-24,0.10176590085029602
2007-05-25,0.10928420722484589
2007-05-26,0.09865234792232513
2007-05-27,0.1050802618265152
2007-05-28,0.111639603972435
2007-05-29,0.09930487722158432
2007-05-30,0.1196138858795166
2007-05-31,0.12282533198595047
2007-06-01,0.12397122383117676
2007-06-02,0.14888426661491394
2007-06-03,0.14368346333503723
2007-06-04,0.12521624565124512
2007-06-05,0.1214556023478508
2007-06-06,0.11208829283714294
2007-06-07,0.1058829054236412
2007-06-08,0.1100505143404007
2007-06-09,0.10503323376178741
2007-06-10,0.12411277741193771
2007-06-11,0.15339025855064392
2007-06-12,0.14981310069561005
2007-06-13,0.1490723192691803
2007-06-14,0.15918368101119995
2007-06-15,0.1550624817609787
2007-06-16,0.16266502439975739
2007-06-17,0.16555728018283844
2007-06-18,0.1589757651090622
2007-06-19,0.15827105939388275
2007-06-20,0.15624143183231354
2007-06-21,0.15842455625534058
2007-06-22,0.15736977756023407
2007-06-23,0.1606530249118805
2007-06-24,0.15797773003578186
2007-06-25,0.1307332068681717
2007-06-26,0.1039096862077713
2007-06-27,0.08933238685131073
2007-06-28,0.09781671315431595
2007-06-29,0.08410239219665527
2007-06-30,0.08059092611074448
2007-07-01,0.08418650180101395
2007-07-02,0.08350881189107895
2007-07-03,0.09967409819364548
2007-07-04,0.10023202747106552
2007-07-05,0.09813955426216125
2007-07-06,0.11204397678375244
2007-07-07,0.11811032146215439
2007-07-08,0.12891630828380585
2007-07-09,0.12092709541320801
2007-07-10,0.12471610307693481
2007-07-11,0.11438193917274475
2007-07-12,0.097258061170578
2007-07-13,0.09813164174556732
2007-07-14,0.0981774851679802
2007-07-15,0.10120882838964462
2007-07-16,0.04550402984023094
2007-07-17,0.04588223621249199
2007-07-18,0.04570256546139717
2007-07-19,0.03338765725493431
2007-07-20,0.015289248898625374
2007-07-21,0.013567729853093624
2007-07-22,0.02382516860961914
2007-07-23,0.007880116812884808
2007-07-24,0.002133458387106657
2007-07-25,0.011588891968131065
2007-07-26,0.017262214794754982
2007-07-27,0.015119270421564579
2007-07-28,0.027084775269031525
2007-07-29,0.038282088935375214
2007-07-30,0.03013705089688301
2007-07-31,0.033577561378479004
2007-08-01,0.07137726247310638
2007-08-02,0.06690356880426407
2007-08-03,0.05615103617310524
2007-08-04,0.04320252314209938
2007-08-05,0.049291111528873444
2007-08-06,0.03139032796025276
2007-08-07,0.005979601759463549
2007-08-08,0.00998041220009327
2007-08-09,0.013005903922021389
2007-08-10,0.0024547686334699392
2007-08-11,-0.015819285064935684
2007-08-12,-0.03385541960597038
2007-08-13,-0.03544044867157936
2007-08-14,-0.054222799837589264
2007-08-15,-0.0578480027616024
2007-08-16,-0.05865584686398506
2007-08-17,-0.06339278817176819
2007-08-18,-0.08348353207111359
2007-08-19,-0.08270811289548874
2007-08-20,-0.08335206657648087
2007-08-21,-0.08886037766933441
2007-08-22,-0.09890636801719666
2007-08-23,-0.0909232348203659
2007-08-24,-0.08820205181837082
2007-08-25,-0.045777760446071625
2007-08-26,-0.05469147115945816
2007-08-27,-0.08674433082342148
2007-08-28,-0.09635217487812042
2007-08-29,-0.11849800497293472
2007-08-30,-0.10988931357860565
2007-08-31,-0.11071813851594925
2007-09-01,-0.11434003710746765
2007-09-02,-0.09807723760604858
2007-09-03,-0.09302881360054016
2007-09-04,-0.09923602640628815
2007-09-05,-0.11328721046447754
2007-09-06,-0.11723057180643082
2007-09-07,-0.12402284145355225
2007-09-08,-0.17234031856060028
2007-09-09,-0.16975633800029755
2007-09-10,-0.1753227412700653
2007-09-11,-0.19246609508991241
2007-09-12,-0.19550961256027222
2007-09-13,-0.20274227857589722
2007-09-14,-0.20714081823825836
2007-09-15,-0.23132973909378052
2007-09-16,-0.22532056272029877
2007-09-17,-0.23516356945037842
2007-09-18,-0.2304554134607315
2007-09-19,-0.2244146168231964
2007-09-20,-0.2198658436536789
2007-09-21,-0.2290378361940384
2007-09-22,-0.21178841590881348
2007-09-23,-0.2210935354232788
2007-09-24,-0.2065529078245163
2007-09-25,-0.2071305811405182
2007-09-26,-0.20556136965751648
2007-09-27,-0.18122917413711548
2007-09-28,-0.19346344470977783
2007-09-29,-0.18819473683834076
2007-09-30,-0.17337389290332794
2007-10-01,-0.18425105512142181
2007-10-02,-0.19299760460853577
2007-10-03,-0.17702993750572205
2007-10-04,-0.1600523591041565
2007-10-05,-0.17455464601516724
2007-10-06,-0.16427192091941833
2007-10-07,-0.1416330486536026
2007-10-08,-0.13283097743988037
2007-10-09,-0.10950855910778046
2007-10-10,-0.08992893993854523
2007-10-11,-0.09001587331295013
2007-10-12,-0.09085047245025635
2007-10-13,-0.0844939649105072
2007-10-14,-0.07632875442504883
2007-10-15,-0.07148375362157822
2007-10-16,-0.08704914897680283
2007-10-17,-0.10410046577453613
2007-10-18,-0.10880818963050842
2007-10-19,-0.11299241334199905
2007-10-20,-0.10091347247362137
2007-10-21,-0.1012788861989975
2007-10-22,-0.09488403797149658
2007-10-23,-0.08738905936479568
2007-10-24,-0.0881299301981926
2007-10-25,-0.09301517903804779
2007-10-26,-0.0895771011710167
2007-10-27,-0.10023079067468643
2007-10-28,-0.08927729725837708
2007-10-29,-0.07685083895921707
2007-10-30,-0.08772795647382736
2007-10-31,-0.08649013191461563
2007-11-01,-0.08807550370693207
2007-11-02,-0.09930716454982758
2007-11-03,-0.09499775618314743
2007-11-04,-0.09466546773910522
2007-11-05,-0.10215968638658524
2007-11-06,-0.11748059093952179
2007-11-07,-0.11479498445987701
2007-11-08,-0.1044599637389183
2007-11-09,-0.11485786736011505
2007-11-10,-0.13016749918460846
2007-11-11,-0.1209053322672844
2007-11-12,-0.10671687126159668
2007-11-13,-0.11441224068403244
2007-11-14,-0.12204797565937042
2007-11-15,-0.11637518554925919
2007-11-16,-0.11709893494844437
2007-11-17,-0.115156389772892
2007-11-18,-0.09430759400129318
2007-11-19,-0.07691208273172379
2007-11-20,-0.06491322070360184
2007-11-21,-0.09551212191581726
2007-11-22,-0.0987732857465744
2007-11-23,-0.09684186428785324
2007-11-24,-0.08902221918106079
2007-11-25,-0.09357453882694244
2007-11-26,-0.07364816963672638
2007-11-27,-0.08531025797128677
2007-11-28,-0.10653107613325119
2007-11-29,-0.12481402605772018
2007-11-30,-0.1298142522573471
2007-12-01,-0.14411355555057526
2007-12-02,-0.14614014327526093
2007-12-03,-0.1587236076593399
2007-12-04,-0.1667976975440979
2007-12-05,-0.15969079732894897
2007-12-06,-0.1591271609067917
2007-12-07,-0.15645526349544525
2007-12-08,-0.1403612494468689
2007-12-09,-0.11689697951078415
2007-12-10,-0.11329753696918488
2007-12-11,-0.11053286492824554
2007-12-12,-0.12142913043498993
2007-12-13,-0.13034436106681824
2007-12-14,-0.13012483716011047
2007-12-15,-0.14223533868789673
2007-12-16,-0.11792407184839249
2007-12-17,-0.0972909927368164
2007-12-18,-0.1085062026977539
2007-12-19,-0.12447334080934525
2007-12-20,-0.13325080275535583
2007-12-21,-0.14784522354602814
2007-12-22,-0.1416512280702591
2007-12-23,-0.1388370245695114
2007-12-24,-0.12379933893680573
2007-12-25,-0.09852827340364456
2007-12-26,-0.08105376362800598
2007-12-27,-0.08281034231185913
2007-12-28,-0.09087716042995453
2007-12-29,-0.11746979504823685
2007-12-30,-0.1625490039587021
2007-12-31,-0.14322201907634735
2008-01-01,-0.12854301929473877
2008-01-02,-0.1465492695569992
2008-01-03,-0.1569346785545349
2008-01-04,-0.16482001543045044
2008-01-05,-0.21199318766593933
2008-01-06,-0.1888391375541687
2008-01-07,-0.19193902611732483
2008-01-08,-0.2080099731683731
2008-01-09,-0.19275259971618652
2008-01-10,-0.18255561590194702
2008-01-11,-0.20245464146137238
2008-01-12,-0.2187841236591339
2008-01-13,-0.2285567671060562
2008-01-14,-0.26385498046875
2008-01-15,-0.25806671380996704
2008-01-16,-0.2774622440338135
2008-01-17,-0.2815179228782654
2008-01-18,-0.26885220408439636
2008-01-19,-0.2637571096420288
2008-01-20,-0.23301009833812714
2008-01-21,-0.2563181221485138
2008-01-22,-0.27499526739120483
2008-01-23,-0.2900090515613556
2008-01-24,-0.29415473341941833
2008-01-25,-0.29735273122787476
2008-01-26,-0.29098522663116455
2008-01-27,-0.28691568970680237
2008-01-28,-0.2891368567943573
2008-01-29,-0.29004642367362976
2008-01-30,-0.2843364179134369
2008-01-31,-0.2815466523170471
2008-02-01,-0.27632543444633484
2008-02-02,-0.2962566912174225
2008-02-03,-0.29791370034217834
2008-02-04,-0.28890806436538696
2008-02-05,-0.2784527540206909
2008-02-06,-0.2763481140136719
2008-02-07,-0.2793610394001007
2008-02-08,-0.28317397832870483
2008-02-09,-0.2653723359107971
2008-02-10,-0.24270644783973694
2008-02-11,-0.2511026859283447
2008-02-12,-0.23408478498458862
2008-02-13,-0.23217223584651947
2008-02-14,-0.22192302346229553
2008-02-15,-0.22992460429668427
2008-02-16,-0.22715090215206146
2008-02-17,-0.2258365899324417
2008-02-18,-0.22058892250061035
2008-02-19,-0.21894000470638275
2008-02-20,-0.21010269224643707
2008-02-21,-0.2153349369764328
2008-02-22,-0.22788287699222565
2008-02-23,-0.2439131736755371
2008-02-24,-0.22613093256950378
2008-02-25,-0.21598249673843384
2008-02-26,-0.21292881667613983
2008-02-27,-0.21544675529003143
2008-02-28,-0.2191861867904663
2008-02-29,-0.23296226561069489
2008-03-01,-0.24387310445308685
2008-03-02,-0.23409318923950195
2008-03-03,-0.23406267166137695
2008-03-04,-0.24888698756694794
2008-03-05,-0.24731037020683289
2008-03-06,-0.24984465539455414
2008-03-07,-0.2643314301967621
2008-03-08,-0.2864738702774048
2008-03-09,-0.27347248792648315
2008-03-10,-0.30204877257347107
2008-03-11,-0.29856106638908386
2008-03-12,-0.2901386022567749
2008-03-13,-0.2923697829246521
2008-03-14,-0.2967950105667114
2008-03-15,-0.3133859634399414
2008-03-16,-0.31073883175849915
2008-03-17,-0.3241199254989624
2008-03-18,-0.3282850682735443
2008-03-19,-0.3256472647190094
2008-03-20,-0.31831416487693787
2008-03-21,-0.3389241099357605
2008-03-22,-0.3253496289253235
2008-03-23,-0.3083067536354065
2008-03-24,-0.28714317083358765
2008-03-25,-0.271492600440979
2008-03-26,-0.2731097638607025
2008-03-27,-0.25413838028907776
2008-03-28,-0.2636371850967407
2008-03-29,-0.270768940448761
2008-03-30,-0.24868261814117432
2008-03-31,-0.2548966705799103
2008-04-01,-0.2553255558013916
2008-04-02,-0.2507260739803314
2008-04-03,-0.2504897713661194
2008-04-04,-0.2664922773838043
2008-04-05,-0.276520699262619
2008-04-06,-0.26886633038520813
2008-04-07,-0.251787394285202
2008-04-08,-0.24491344392299652
2008-04-09,-0.25055816769599915
2008-04-10,-0.2689991891384125
2008-04-11,-0.2707245349884033
2008-04-12,-0.27268314361572266
2008-04-13,-0.2738797664642334
2008-04-14,-0.27411970496177673
2008-04-15,-0.2745968997478485
2008-04-16,-0.27150049805641174
2008-04-17,-0.28076282143592834
2008-04-18,-0.2794833481311798
2008-04-19,-0.2718805968761444
2008-04-20,-0.249747171998024
2008-04-21,-0.2316281795501709
2008-04-22,-0.217693030834198
2008-04-23,-0.20787453651428223
2008-04-24,-0.20768359303474426
2008-04-25,-0.21586833894252777
2008-04-26,-0.21979354321956635
2008-04-27,-0.2156381756067276
2008-04-28,-0.2311452031135559
2008-04-29,-0.23796463012695312
2008-04-30,-0.263725608587265
2008-05-01,-0.25929850339889526
2008-05-02,-0.26159438490867615
2008-05-03,-0.25812262296676636
2008-05-04,-0.241167813539505
2008-05-05,-0.25307539105415344
2008-05-06,-0.2654401361942291
2008-05-07,-0.2711575925350189
2008-05-08,-0.2577880322933197
2008-05-09,-0.25059419870376587
2008-05-10,-0.2614916265010834
2008-05-11,-0.2567991018295288
2008-05-12,-0.2673507630825043
2008-05-13,-0.2589230239391327
2008-05-14,-0.274948388338089
2008-05-15,-0.26096367835998535
2008-05-16,-0.27259209752082825
2008-05-17,-0.26949742436408997
2008-05-18,-0.2489585429430008
2008-05-19,-0.23866750299930573
2008-05-20,-0.2182120829820633
2008-05-21,-0.21447333693504333
2008-05-22,-0.2288861721754074
2008-05-23,-0.24122478067874908
2008-05-24,-0.24008437991142273
2008-05-25,-0.22034433484077454
2008-05-26,-0.20287011563777924
2008-05-27,-0.2104070633649826
2008-05-28,-0.217356875538826
2008-05-29,-0.20670391619205475
2008-05-30,-0.2137136459350586
2008-05-31,-0.21582086384296417
2008-06-01,-0.20913942158222198
2008-06-02,-0.22941148281097412
2008-06-03,-0.22834864258766174
2008-06-04,-0.2374984323978424
2008-06-05,-0.23533184826374054
2008-06-06,-0.2667052447795868
2008-06-07,-0.29185110330581665
2008-06-08,-0.29105180501937866
2008-06-09,-0.2749091386795044
2008-06-10,-0.2868005037307739
2008-06-11,-0.2905907928943634
2008-06-12,-0.2896784842014313
2008-06-13,-0.28862255811691284
2008-06-14,-0.3014824390411377
2008-06-15,-0.2779754400253296
2008-06-16,-0.28435051441192627
2008-06-17,-0.28662770986557007
2008-06-18,-0.29489031434059143
2008-06-19,-0.3021632134914398
2008-06-20,-0.30428633093833923
2008-06-21,-0.30596548318862915
2008-06-22,-0.3071581721305847
2008-06-23,-0.2941003143787384
2008-06-24,-0.30409613251686096
2008-06-25,-0.3067058324813843
2008-06-26,-0.3095105290412903
2008-06-27,-0.3197018504142761
2008-06-28,-0.31655752658843994
2008-06-29,-0.30474337935447693
2008-06-30,-0.30750301480293274
2008-07-01,-0.30538302659988403
2008-07-02,-0.31063321232795715
2008-07-03,-0.31903553009033203
2008-07-04,-0.33532509207725525
2008-07-05,-0.3332655727863312
2008-07-06,-0.3259642422199249
2008-07-07,-0.3135503828525543
2008-07-08,-0.3167512118816376
2008-07-09,-0.31348878145217896
2008-07-10,-0.31379199028015137
2008-07-11,-0.3121929168701172
2008-07-12,-0.33414188027381897
2008-07-13,-0.34039413928985596
2008-07-14,-0.3513832092285156
2008-07-15,-0.3512797951698303
2008-07-16,-0.36484494805336
2008-07-17,-0.3613864779472351
2008-07-18,-0.3569987714290619
2008-07-19,-0.3525637984275818
2008-07-20,-0.3360929787158966
2008-07-21,-0.34298691153526306
2008-07-22,-0.3209826648235321
2008-07-23,-0.3136407434940338
2008-07-24,-0.31828776001930237
2008-07-25,-0.3258730471134186
2008-07-26,-0.33724647760391235
2008-07-27,-0.3304687738418579
2008-07-28,-0.3090519309043884
2008-07-29,-0.33270972967147827
2008-07-30,-0.34187427163124084
2008-07-31,-0.34355220198631287
2008-08-01,-0.34865233302116394
2008-08-02,-0.35305333137512207
2008-08-03,-0.3453599512577057
2008-08-04,-0.3306761085987091
2008-08-05,-0.3367960453033447
2008-08-06,-0.33829617500305176
2008-08-07,-0.3409637212753296
2008-08-08,-0.33109256625175476
2008-08-09,-0.331514447927475
2008-08-10,-0.31987300515174866
2008-08-11,-0.3199433386325836
2008-08-12,-0.31857454776763916
2008-08-13,-0.32975685596466064
2008-08-14,-0.33050337433815
2008-08-15,-0.33346879482269287
2008-08-16,-0.32189297676086426
2008-08-17,-0.30989769101142883
2008-08-18,-0.3011128902435303
2008-08-19,-0.3055800795555115
2008-08-20,-0.3113650381565094
2008-08-21,-0.32084402441978455
2008-08-22,-0.33472734689712524
2008-08-23,-0.3361104726791382
2008-08-24,-0.30868586897850037
2008-08-25,-0.30380094051361084
2008-08-26,-0.3189220130443573
2008-08-27,-0.3187113404273987
2008-08-28,-0.3151169419288635
2008-08-29,-0.2830076515674591
2008-08-30,-0.28544601798057556
2008-08-31,-0.2788766324520111
2008-09-01,-0.2622864842414856
2008-09-02,-0.258478581905365
2008-09-03,-0.27141907811164856
2008-09-04,-0.2809494733810425
2008-09-05,-0.30323877930641174
2008-09-06,-0.3417476713657379
2008-09-07,-0.3404363691806793
2008-09-08,-0.3365628719329834
2008-09-09,-0.33049270510673523
2008-09-10,-0.3266255855560303
2008-09-11,-0.336426705121994
2008-09-12,-0.348507821559906
2008-09-13,-0.35681527853012085
2008-09-14,-0.36452293395996094
2008-09-15,-0.3590952157974243
2008-09-16,-0.38361096382141113
2008-09-17,-0.39751747250556946
2008-09-18,-0.40149280428886414
2008-09-19,-0.40475794672966003
2008-09-20,-0.42226067185401917
2008-09-21,-0.42544829845428467
2008-09-22,-0.4173787534236908
2008-09-23,-0.401803195476532
2008-09-24,-0.4016282558441162
2008-09-25,-0.40249186754226685
2008-09-26,-0.41905203461647034
2008-09-27,-0.4250319302082062
2008-09-28,-0.39526721835136414
2008-09-29,-0.4129158556461334
2008-09-30,-0.4437965154647827
2008-10-01,-0.45224809646606445
2008-10-02,-0.44479691982269287
2008-10-03,-0.45315882563591003
2008-10-04,-0.47404855489730835
2008-10-05,-0.44601383805274963
2008-10-06,-0.44531089067459106
2008-10-07,-0.4540466070175171
2008-10-08,-0.463295578956604
2008-10-09,-0.4669923782348633
2008-10-10,-0.4730180501937866
2008-10-11,-0.49647486209869385
2008-10-12,-0.46861186623573303
2008-10-13,-0.4528196454048157
2008-10-14,-0.44619205594062805
2008-10-15,-0.4400360882282257
2008-10-16,-0.46473294496536255
2008-10-17,-0.4742392301559448
2008-10-18,-0.45772382616996765
2008-10-19,-0.4433038830757141
2008-10-20,-0.43571045994758606
2008-10-21,-0.4050695598125458
2008-10-22,-0.4058104157447815
2008-10-23,-0.412583589553833
2008-10-24,-0.41966181993484497
2008-10-25,-0.4363366961479187
2008-10-26,-0.42355430126190186
2008-10-27,-0.4261406660079956
2008-10-28,-0.4322986602783203
2008-10-29,-0.4362749755382538
2008-10-30,-0.42077717185020447
2008-10-31,-0.4131002128124237
2008-11-01,-0.41598203778266907
2008-11-02,-0.39971989393234253
2008-11-03,-0.384688138961792
2008-11-04,-0.3926960229873657
2008-11-05,-0.3851534128189087
2008-11-06,-0.37409162521362305
2008-11-07,-0.3757757842540741
2008-11-08,-0.37492045760154724
2008-11-09,-0.37814050912857056
2008-11-10,-0.3673747479915619
2008-11-11,-0.3560117185115814
2008-11-12,-0.36975178122520447
2008-11-13,-0.3708675503730774
2008-11-14,-0.3800259828567505
2008-11-15,-0.39003047347068787
2008-11-16,-0.3896397054195404
2008-11-17,-0.3975427448749542
2008-11-18,-0.401579886674881
2008-11-19,-0.4146822392940521
2008-11-20,-0.4286966621875763
2008-11-21,-0.4561562240123749
2008-11-22,-0.465196818113327
2008-11-23,-0.4613402187824249
2008-11-24,-0.4376584589481354
2008-11-25,-0.4401692748069763
2008-11-26,-0.43578821420669556
2008-11-27,-0.42166322469711304
2008-11-28,-0.4061393141746521
2008-11-29,-0.41006043553352356
2008-11-30,-0.41101890802383423
2008-12-01,-0.4140333831310272
2008-12-02,-0.41096949577331543
2008-12-03,-0.4085352420806885
2008-12-04,-0.40608644485473633
2008-12-05,-0.40958520770072937
2008-12-06,-0.44105851650238037
2008-12-07,-0.43477344512939453
2008-12-08,-0.43467527627944946
2008-12-09,-0.41933876276016235
2008-12-10,-0.4249339699745178
2008-12-11,-0.4289320409297943
2008-12-12,-0.44039398431777954
2008-12-13,-0.44864535331726074
2008-12-14,-0.43565165996551514
2008-12-15,-0.4418666958808899
2008-12-16,-0.44724446535110474
2008-12-17,-0.4529361128807068
2008-12-18,-0.450243204832077
2008-12-19,-0.43200796842575073
2008-12-20,-0.4242052435874939
2008-12-21,-0.4051298499107361
2008-12-22,-0.4054722189903259
2008-12-23,-0.40006279945373535
2008-12-24,-0.397615909576416
2008-12-25,-0.40634557604789734
2008-12-26,-0.41050004959106445
2008-12-27,-0.387816846370697
2008-12-28,-0.3541104793548584
2008-12-29,-0.3374134302139282
2008-12-30,-0.3284228444099426
2008-12-31,-0.3325050473213196
2009-01-01,-0.35026901960372925
2009-01-02,-0.3614962100982666
2009-01-03,-0.34265151619911194
2009-01-04,-0.3374122381210327
2009-01-05,-0.3267152011394501
2009-01-06,-0.33645960688591003
2009-01-07,-0.34096500277519226
2009-01-08,-0.3466275632381439
2009-01-09,-0.3485647737979889
2009-01-10,-0.38438141345977783
2009-01-11,-0.3737982511520386
2009-01-12,-0.3718257248401642
2009-01-13,-0.36829131841659546
2009-01-14,-0.36845114827156067
2009-01-15,-0.3792227506637573
2009-01-16,-0.39834821224212646
2009-01-17,-0.40283533930778503
2009-01-18,-0.3963029384613037
2009-01-19,-0.39423590898513794
2009-01-20,-0.3774110972881317
2009-01-21,-0.36597874760627747
2009-01-22,-0.37369900941848755
2009-01-23,-0.39341893792152405
2009-01-24,-0.3900296092033386
2009-01-25,-0.37872281670570374
2009-01-26,-0.379906564950943
2009-01-27,-0.3705301284790039
2009-01-28,-0.38060373067855835
2009-01-29,-0.3657575249671936
2009-01-30,-0.36884403228759766
2009-01-31,-0.3714829385280609
2009-02-01,-0.35844552516937256
2009-02-02,-0.3436718285083771
2009-02-03,-0.3395228087902069
2009-02-04,-0.34589242935180664
2009-02-05,-0.33914756774902344
2009-02-06,-0.3549126982688904
2009-02-07,-0.37578001618385315
2009-02-08,-0.3680606186389923
2009-02-09,-0.368297815322876
2009-02-10,-0.35038796067237854
2009-02-11,-0.35681745409965515
2009-02-12,-0.3524268567562103
2009-02-13,-0.3553157448768616
2009-02-14,-0.3452026844024658
2009-02-15,-0.3443993926048279
2009-02-16,-0.34613895416259766
2009-02-17,-0.3252382278442383
2009-02-18,-0.3331725597381592
2009-02-19,-0.344933420419693
2009-02-20,-0.3538583815097809
2009-02-21,-0.34632813930511475
2009-02-22,-0.3362409770488739
2009-02-23,-0.32418352365493774
2009-02-24,-0.3322199583053589
2009-02-25,-0.3181903660297394
2009-02-26,-0.3094346523284912
2009-02-27,-0.30921196937561035
2009-02-28,-0.32765382528305054
2009-03-01,-0.30205971002578735
2009-03-02,-0.29768314957618713
2009-03-03,-0.3082540035247803
2009-03-04,-0.3133487403392792
2009-03-05,-0.3103194534778595
2009-03-06,-0.33206626772880554
2009-03-07,-0.3581605851650238
2009-03-08,-0.34617146849632263
2009-03-09,-0.3326886296272278
2009-03-10,-0.3298388123512268
2009-03-11,-0.3270690143108368
2009-03-12,-0.3315058648586273
2009-03-13,-0.3300153613090515
2009-03-14,-0.326828271150589
2009-03-15,-0.322984904050827
2009-03-16,-0.3183434009552002
2009-03-17,-0.32029321789741516
2009-03-18,-0.3111104667186737
2009-03-19,-0.30223146080970764
2009-03-20,-0.31467920541763306
2009-03-21,-0.31266361474990845
2009-03-22,-0.3040449917316437
2009-03-23,-0.3032623529434204
2009-03-24,-0.2680504620075226
2009-03-25,-0.26112931966781616
2009-03-26,-0.2613430321216583
2009-03-27,-0.2791554033756256
2009-03-28,-0.28071486949920654
2009-03-29,-0.280564546585083
2009-03-30,-0.27409258484840393
2009-03-31,-0.27631238102912903
2009-04-01,-0.2782347500324249
2009-04-02,-0.27094313502311707
2009-04-03,-0.2736392319202423
2009-04-04,-0.27686429023742676
2009-04-05,-0.27201294898986816
2009-04-06,-0.2556992769241333
2009-04-07,-0.23049141466617584
2009-04-08,-0.2485809177160263
2009-04-09,-0.24172575771808624
2009-04-10,-0.22855320572853088
2009-04-11,-0.21026082336902618
2009-04-12,-0.21784082055091858
2009-04-13,-0.20408490300178528
2009-04-14,-0.21006989479064941
2009-04-15,-0.23268549144268036
2009-04-16,-0.23391111195087433
2009-04-17,-0.23767292499542236
2009-04-18,-0.24498379230499268
2009-04-19,-0.25013601779937744
2009-04-20,-0.23893335461616516
2009-04-21,-0.2286081314086914
2009-04-22,-0.23587119579315186
2009-04-23,-0.26254022121429443
2009-04-24,-0.27606862783432007
2009-04-25,-0.284187912940979
2009-04-26,-0.2544008195400238
2009-04-27,-0.24834579229354858
2009-04-28,-0.2611958980560303
2009-04-29,-0.22766798734664917
2009-04-30,-0.22692768275737762
2009-05-01,-0.23895689845085144
2009-05-02,-0.2361312210559845
2009-05-03,-0.2310132384300232
2009-05-04,-0.22916632890701294
2009-05-05,-0.24550418555736542
2009-05-06,-0.2419654279947281
2009-05-07,-0.23883555829524994
2009-05-08,-0.23959213495254517
2009-05-09,-0.24524478614330292
2009-05-10,-0.2519698739051819
2009-05-11,-0.2696598470211029
2009-05-12,-0.28431829810142517
2009-05-13,-0.29569315910339355
2009-05-14,-0.30328214168548584
2009-05-15,-0.32133179903030396
2009-05-16,-0.30805423855781555
2009-05-17,-0.29541468620300293
2009-05-18,-0.2923470139503479
2009-05-19,-0.28706875443458557
2009-05-20,-0.28913700580596924
2009-05-21,-0.30351364612579346
2009-05-22,-0.3179521858692169
2009-05-23,-0.3200381398200989
2009-05-24,-0.2937823534011841
2009-05-25,-0.2734118402004242
2009-05-26,-0.26439398527145386
2009-05-27,-0.26031461358070374
2009-05-28,-0.2713676691055298
2009-05-29,-0.28465595841407776
2009-05-30,-0.2771494388580322
2009-05-31,-0.27761417627334595
2009-06-01,-0.2875281274318695
2009-06-02,-0.2812325358390808
2009-06-03,-0.28790563344955444
2009-06-04,-0.2959021329879761
2009-06-05,-0.3087552487850189
2009-06-06,-0.3331054151058197
2009-06-07,-0.33554837107658386
2009-06-08,-0.3245621919631958
2009-06-09,-0.34877297282218933
2009-06-10,-0.36415451765060425
2009-06-11,-0.3739674687385559
2009-06-12,-0.37940338253974915
2009-06-13,-0.37795621156692505
2009-06-14,-0.35956916213035583
2009-06-15,-0.31225767731666565
2009-06-16,-0.31239399313926697
2009-06-17,-0.3295869529247284
2009-06-18,-0.33129218220710754
2009-06-19,-0.34061968326568604
2009-06-20,-0.33777764439582825
2009-06-21,-0.3324001431465149
2009-06-22,-0.3472985029220581
2009-06-23,-0.3157775402069092
2009-06-24,-0.32458236813545227
2009-06-25,-0.32116374373435974
2009-06-26,-0.3354000747203827
2009-06-27,-0.33118581771850586
2009-06-28,-0.3314596712589264
2009-06-29,-0.342134565114975
2009-06-30,-0.3309154212474823
2009-07-01,-0.3342302441596985
2009-07-02,-0.3363014757633209
2009-07-03,-0.3487457036972046
2009-07-04,-0.3338261544704437
2009-07-05,-0.3222492039203644
2009-07-06,-0.3016534745693207
2009-07-07,-0.2902710735797882
2009-07-08,-0.2803367078304291
2009-07-09,-0.2779525816440582
2009-07-10,-0.2860872745513916
2009-07-11,-0.3078747093677521
2009-07-12,-0.3155094385147095
2009-07-13,-0.3116588890552521
2009-07-14,-0.31930747628211975
2009-07-15,-0.315654993057251
2009-07-16,-0.3142011761665344
2009-07-17,-0.3086758553981781
2009-07-18,-0.32076263427734375
2009-07-19,-0.3433718979358673
2009-07-20,-0.31603744626045227
2009-07-21,-0.30387330055236816
2009-07-22,-0.31732669472694397
2009-07-23,-0.3089238703250885
2009-07-24,-0.30210670828819275
2009-07-25,-0.30024728178977966
2009-07-26,-0.2911914885044098
2009-07-27,-0.2735579013824463
2009-07-28,-0.27780401706695557
2009-07-29,-0.2561971843242645
2009-07-30,-0.2692525088787079
2009-07-31,-0.2608329951763153
2009-08-01,-0.2737675607204437
2009-08-02,-0.2629888355731964
2009-08-03,-0.25738704204559326
2009-08-04,-0.2475217580795288
2009-08-05,-0.24144454300403595
2009-08-06,-0.24559196829795837
2009-08-07,-0.2529233694076538
2009-08-08,-0.25736504793167114
2009-08-09,-0.24538053572177887
2009-08-10,-0.22716116905212402
2009-08-11,-0.2307925522327423
2009-08-12,-0.22391797602176666
2009-08-13,-0.22251231968402863
2009-08-14,-0.20391777157783508
2009-08-15,-0.21370179951190948
2009-08-16,-0.22133465111255646
2009-08-17,-0.21819742023944855
2009-08-18,-0.20815910398960114
2009-08-19,-0.1993049681186676
2009-08-20,-0.2064834088087082
2009-08-21,-0.23662985861301422
2009-08-22,-0.22902478277683258
2009-08-23,-0.22457389533519745
2009-08-24,-0.19635559618473053
2009-08-25,-0.20429417490959167
2009-08-26,-0.18940265476703644
2009-08-27,-0.18221518397331238
2009-08-28,-0.18494752049446106
2009-08-29,-0.19093303382396698
2009-08-30,-0.18855468928813934
2009-08-31,-0.16578742861747742
2009-09-01,-0.16879528760910034
2009-09-02,-0.1610477715730667
2009-09-03,-0.13576439023017883
2009-09-04,-0.13538138568401337
2009-09-05,-0.16401202976703644
2009-09-06,-0.15580424666404724
2009-09-07,-0.15479758381843567
2009-09-08,-0.16344279050827026
2009-09-09,-0.15140590071678162
2009-09-10,-0.15096063911914825
2009-09-11,-0.15552829205989838
2009-09-12,-0.15201127529144287
2009-09-13,-0.13416974246501923
2009-09-14,-0.15221178531646729
2009-09-15,-0.1493292599916458
2009-09-16,-0.14262434840202332
2009-09-17,-0.13678616285324097
2009-09-18,-0.14343440532684326
2009-09-19,-0.14647787809371948
2009-09-20,-0.1359611302614212
2009-09-21,-0.11540940403938293
2009-09-22,-0.11798050254583359
2009-09-23,-0.10976668447256088
2009-09-24,-0.10465891659259796
2009-09-25,-0.10674840211868286
2009-09-26,-0.10574040561914444
2009-09-27,-0.09044735133647919
2009-09-28,-0.06595620512962341
2009-09-29,-0.048295293003320694
2009-09-30,-0.04350936785340309
2009-10-01,-0.03551654517650604
2009-10-02,-0.04950790852308273
2009-10-03,-0.08244211226701736
2009-10-04,-0.0835973471403122
2009-10-05,-0.07155920565128326
2009-10-06,-0.07736844569444656
2009-10-07,-0.0906972736120224
2009-10-08,-0.0833713710308075
2009-10-09,-0.08755628764629364
2009-10-10,-0.10549827665090561
2009-10-11,-0.09086016565561295
2009-10-12,-0.09986081719398499
2009-10-13,-0.08710514008998871
2009-10-14,-0.07860798388719559
2009-10-15,-0.07779236137866974
2009-10-16,-0.08101585507392883
2009-10-17,-0.07159224152565002
2009-10-18,-0.08438423275947571
2009-10-19,-0.06462074816226959
2009-10-20,-0.0778825581073761
2009-10-21,-0.07676544040441513
2009-10-22,-0.06935549527406693
2009-10-23,-0.07345164567232132
2009-10-24,-0.06975290924310684
2009-10-25,-0.07216411828994751
2009-10-26,-0.0736747682094574
2009-10-27,-0.0643649473786354
2009-10-28,-0.06986983865499496
2009-10-29,-0.048181790858507156
2009-10-30,-0.043701618909835815
2009-10-31,-0.050185445696115494
2009-11-01,-0.035624198615550995
2009-11-02,-0.024068767204880714
2009-11-03,-0.012000747956335545
2009-11-04,0.0059977006167173386
2009-11-05,0.008287329226732254
2009-11-06,0.00747777009382844
2009-11-07,-0.020081020891666412
2009-11-08,-0.0017009194707497954
2009-11-09,0.01570901833474636
2009-11-10,0.018146146088838577
2009-11-11,0.014745097607374191
2009-11-12,0.003980184439569712
2009-11-13,0.007219464052468538
2009-11-14,0.020097581669688225
2009-11-15,0.045429207384586334
2009-11-16,0.03977165371179581
2009-11-17,0.045474573969841
2009-11-18,0.03273480013012886
2009-11-19,0.020708316937088966
2009-11-20,-0.00615872023627162
2009-11-21,-0.01019894890487194
2009-11-22,-0.0007147249998524785
2009-11-23,-0.01077342964708805
2009-11-24,-0.00452139088883996
2009-11-25,-0.0011161983711645007
2009-11-26,0.02632012404501438
2009-11-27,0.033495791256427765
2009-11-28,0.031600020825862885
2009-11-29,0.041733793914318085
2009-11-30,0.033024195581674576
2009-12-01,0.02986597642302513
2009-12-02,0.02004893310368061
2009-12-03,0.022960441187024117
2009-12-04,0.019132541492581367
2009-12-05,0.029471537098288536
2009-12-06,0.03943143039941788
2009-12-07,0.052767328917980194
2009-12-08,0.04846819117665291
2009-12-09,0.02268560603260994
2009-12-10,0.021340569481253624
2009-12-11,0.017912331968545914
2009-12-12,0.024179670959711075
2009-12-13,0.035514868795871735
2009-12-14,0.04343746602535248
2009-12-15,0.036138907074928284
2009-12-16,0.03043471835553646
2009-12-17,0.03828953579068184
2009-12-18,0.04842272400856018
2009-12-19,0.04979338124394417
2009-12-20,0.07071847468614578
2009-12-21,0.0848274827003479
2009-12-22,0.09353597462177277
2009-12-23,0.11280588060617447
2009-12-24,0.1090078204870224
2009-12-25,0.12234591692686081
2009-12-26,0.13524669408798218
2009-12-27,0.15670284628868103
2009-12-28,0.16585052013397217
2009-12-29,0.17542992532253265
2009-12-30,0.17295235395431519
2009-12-31,0.1579393744468689
2010-01-01,0.13514401018619537
2010-01-02,0.13005903363227844
2010-01-03,0.13588862121105194
2010-01-04,0.11073361337184906
2010-01-05,0.11489757150411606
2010-01-06,0.11761170625686646
2010-01-07,0.10077977180480957
2010-01-08,0.0843295305967331
2010-01-09,0.05781674385070801
2010-01-10,0.06049546226859093
2010-01-11,0.05231760814785957
2010-01-12,0.034603312611579895
2010-01-13,0.015432323329150677
2010-01-14,0.011284153908491135
2010-01-15,0.007637707516551018
2010-01-16,-0.002747545251622796
2010-01-17,-0.017664499580860138
2010-01-18,-0.03125132992863655
2010-01-19,-0.040978044271469116
2010-01-20,-0.039892375469207764
2010-01-21,-0.04847614839673042
2010-01-22,-0.08922187983989716
2010-01-23,-0.0885089561343193
2010-01-24,-0.07676704972982407
2010-01-25,-0.08473116904497147
2010-01-26,-0.0767107754945755
2010-01-27,-0.08025690168142319
2010-01-28,-0.09432749450206757
2010-01-29,-0.07158748060464859
2010-01-30,-0.05599534511566162
2010-01-31,-0.03046400099992752
2010-02-01,-0.018640881404280663
2010-02-02,-0.012321238406002522
2010-02-03,-0.010099882259964943
2010-02-04,-0.0024734523613005877
2010-02-05,-0.01892067864537239
2010-02-06,-0.040956005454063416
2010-02-07,-0.05223826691508293
2010-02-08,-0.0456492081284523
2010-02-09,-0.05472022667527199
2010-02-10,-0.06746963411569595
2010-02-11,-0.07315488159656525
2010-02-12,-0.08522789925336838
2010-02-13,-0.09075288474559784
2010-02-14,-0.08774477243423462
2010-02-15,-0.084562748670578
2010-02-16,-0.08148988336324692
2010-02-17,-0.08479508012533188
2010-02-18,-0.08066139370203018
2010-02-19,-0.0907074585556984
2010-02-20,-0.09150400757789612
2010-02-21,-0.0876026451587677
2010-02-22,-0.08813713490962982
2010-02-23,-0.08217885345220566
2010-02-24,-0.07271279394626617
2010-02-25,-0.06851666420698166
2010-02-26,-0.10442517697811127
2010-02-27,-0.10006929188966751
2010-02-28,-0.09195653349161148
2010-03-01,-0.10681918263435364
2010-03-02,-0.11159490048885345
2010-03-03,-0.1233203113079071
2010-03-04,-0.12589940428733826
2010-03-05,-0.12477844953536987
2010-03-06,-0.11572334170341492
2010-03-07,-0.12450345605611801
2010-03-08,-0.11827003210783005
2010-03-09,-0.10790180414915085
2010-03-10,-0.11500836908817291
2010-03-11,-0.11185615509748459
2010-03-12,-0.11568650603294373
2010-03-13,-0.09455689787864685
2010-03-14,-0.09123598039150238
2010-03-15,-0.09254863113164902
2010-03-16,-0.08346757292747498
2010-03-17,-0.08903943747282028
2010-03-18,-0.07466468214988708
2010-03-19,-0.07916759699583054
2010-03-20,-0.0709754079580307
2010-03-21,-0.062078703194856644
2010-03-22,-0.0618760921061039
2010-03-23,-0.034089867025613785
2010-03-24,-0.03577489033341408
2010-03-25,-0.04446945711970329
2010-03-26,-0.04508643224835396
2010-03-27,-0.040990300476551056
2010-03-28,-0.05004223436117172
2010-03-29,-0.04748556762933731
2010-03-30,-0.02652648091316223
2010-03-31,-0.012975932098925114
2010-04-01,-0.01184387318789959
2010-04-02,-0.009403063915669918
2010-04-03,-0.0006582568166777492
2010-04-04,0.0010040587512776256
2010-04-05,0.014199813827872276
2010-04-06,0.008936723694205284
2010-04-07,0.000949506473261863
2010-04-08,-0.03141438588500023
2010-04-09,-0.056605707854032516
2010-04-10,-0.04946558177471161
2010-04-11,-0.058172740042209625
2010-04-12,-0.08738449960947037
2010-04-13,-0.10965456813573837
2010-04-14,-0.10444433242082596
2010-04-15,-0.09134955704212189
2010-04-16,-0.10789969563484192
2010-04-17,-0.11840391159057617
2010-04-18,-0.12768422067165375
2010-04-19,-0.1324893832206726
2010-04-20,-0.1244179755449295
2010-04-21,-0.11443402618169785
2010-04-22,-0.11251787841320038
2010-04-23,-0.11199643462896347
2010-04-24,-0.08778874576091766
2010-04-25,-0.09035477787256241
2010-04-26,-0.08829473704099655
2010-04-27,-0.1138043999671936
2010-04-28,-0.13231749832630157
2010-04-29,-0.13747696578502655
2010-04-30,-0.15327072143554688
2010-05-01,-0.14750400185585022
2010-05-02,-0.1380033791065216
2010-05-03,-0.12849044799804688
2010-05-04,-0.12631945312023163
2010-05-05,-0.1421283483505249
2010-05-06,-0.14764446020126343
2010-05-07,-0.17375001311302185
2010-05-08,-0.18301138281822205
2010-05-09,-0.1958303302526474
2010-05-10,-0.20304444432258606
2010-05-11,-0.21434751152992249
2010-05-12,-0.2211819887161255
2010-05-13,-0.2185475081205368
2010-05-14,-0.22862504422664642
2010-05-15,-0.2330424189567566
2010-05-16,-0.22109714150428772
2010-05-17,-0.21826893091201782
2010-05-18,-0.2306308150291443
2010-05-19,-0.23100128769874573
2010-05-20,-0.25121960043907166
2010-05-21,-0.27401626110076904
2010-05-22,-0.2754569947719574
2010-05-23,-0.26077067852020264
2010-05-24,-0.24948088824748993
2010-05-25,-0.248233363032341
2010-05-26,-0.2527048885822296
2010-05-27,-0.2658142149448395
2010-05-28,-0.26947054266929626
2010-05-29,-0.2651955485343933
2010-05-30,-0.26933714747428894
2010-05-31,-0.25670942664146423
2010-06-01,-0.2618388235569
2010-06-02,-0.2570289373397827
2010-06-03,-0.24913547933101654
2010-06-04,-0.2369270920753479
2010-06-05,-0.24269093573093414
2010-06-06,-0.23383550345897675
2010-06-07,-0.2350861132144928
2010-06-08,-0.2610115706920624
2010-06-09,-0.25454920530319214
2010-06-10,-0.25918883085250854
2010-06-11,-0.24904747307300568
2010-06-12,-0.22903548181056976
2010-06-13,-0.23350712656974792
2010-06-14,-0.214817613363266
2010-06-15,-0.21505378186702728
2010-06-16,-0.21521171927452087
2010-06-17,-0.20879624783992767
2010-06-18,-0.21693001687526703
2010-06-19,-0.22312544286251068
2010-06-20,-0.19343850016593933
2010-06-21,-0.19071786105632782
2010-06-22,-0.174510657787323
2010-06-23,-0.17173807322978973
2010-06-24,-0.17789772152900696
2010-06-25,-0.1836804747581482
2010-06-26,-0.1859103888273239
2010-06-27,-0.17130565643310547
2010-06-28,-0.17725418508052826
2010-06-29,-0.18569236993789673
2010-06-30,-0.17301085591316223
2010-07-01,-0.17890775203704834
2010-07-02,-0.19608861207962036
2010-07-03,-0.19960619509220123
2010-07-04,-0.19677674770355225
2010-07-05,-0.2172429859638214
2010-07-06,-0.2005508989095688
2010-07-07,-0.2012617588043213
2010-07-08,-0.1886766254901886
2010-07-09,-0.1922677606344223
2010-07-10,-0.19617219269275665
2010-07-11,-0.1895567774772644
2010-07-12,-0.18922768533229828
2010-07-13,-0.20529331266880035
2010-07-14,-0.199430450797081
2010-07-15,-0.19304509460926056
2010-07-16,-0.20865589380264282
2010-07-17,-0.21095462143421173
2010-07-18,-0.21388205885887146
2010-07-19,-0.22535136342048645
2010-07-20,-0.22709837555885315
2010-07-21,-0.23032143712043762
2010-07-22,-0.22136974334716797
2010-07-23,-0.21308282017707825
2010-07-24,-0.2131332904100418
2010-07-25,-0.2052934616804123
2010-07-26,-0.21480506658554077
2010-07-27,-0.19721101224422455
2010-07-28,-0.18583491444587708
2010-07-29,-0.18199579417705536
2010-07-30,-0.18291249871253967
2010-07-31,-0.1807660460472107
2010-08-01,-0.18319223821163177
2010-08-02,-0.1607622355222702
2010-08-03,-0.14005006849765778
2010-08-04,-0.1113489419221878
2010-08-05,-0.11184527724981308
2010-08-06,-0.122716523706913
2010-08-07,-0.13674286007881165
2010-08-08,-0.11810476332902908
2010-08-09,-0.09115777909755707
2010-08-10,-0.08819884061813354
2010-08-11,-0.08822379261255264
2010-08-12,-0.10225134342908859
2010-08-13,-0.09805197268724442
2010-08-14,-0.08950576931238174
2010-08-15,-0.08849886059761047
2010-08-16,-0.09441250562667847
2010-08-17,-0.09699603915214539
2010-08-18,-0.10403349250555038
2010-08-19,-0.10730046778917313
2010-08-20,-0.13142956793308258
2010-08-21,-0.14100199937820435
2010-08-22,-0.13045845925807953
2010-08-23,-0.1327592432498932
2010-08-24,-0.15770010650157928
2010-08-25,-0.1666565239429474
2010-08-26,-0.1618691086769104
2010-08-27,-0.20760652422904968
2010-08-28,-0.19883255660533905
2010-08-29,-0.18992657959461212
2010-08-30,-0.1786176860332489
2010-08-31,-0.16726920008659363
2010-09-01,-0.14734946191310883
2010-09-02,-0.1454761028289795
2010-09-03,-0.13489186763763428
2010-09-04,-0.14468224346637726
2010-09-05,-0.13490526378154755
2010-09-06,-0.1368684619665146
2010-09-07,-0.1243455708026886
2010-09-08,-0.09642214328050613
2010-09-09,-0.09671727567911148
2010-09-10,-0.09510045498609543
2010-09-11,-0.08461932837963104
2010-09-12,-0.08049339056015015
2010-09-13,-0.08821091055870056
2010-09-14,-0.08618646115064621
2010-09-15,-0.07878819108009338
2010-09-16,-0.08895444869995117
2010-09-17,-0.10285036265850067
2010-09-18,-0.10081563889980316
2010-09-19,-0.09552327543497086
2010-09-20,-0.09237571060657501
2010-09-21,-0.10383057594299316
2010-09-22,-0.1185055524110794
2010-09-23,-0.11821453273296356
2010-09-24,-0.14646820724010468
2010-09-25,-0.1313025802373886
2010-09-26,-0.1299506425857544
2010-09-27,-0.135382741689682
2010-09-28,-0.13695257902145386
2010-09-29,-0.14267000555992126
2010-09-30,-0.14021390676498413
2010-10-01,-0.14802731573581696
2010-10-02,-0.12397363036870956
2010-10-03,-0.12361672520637512
2010-10-04,-0.12350820749998093
2010-10-05,-0.12217046320438385
2010-10-06,-0.09630624949932098
2010-10-07,-0.09946689009666443
2010-10-08,-0.10953342914581299
2010-10-09,-0.14037831127643585
2010-10-10,-0.11908414214849472
2010-10-11,-0.12285418808460236
2010-10-12,-0.12310009449720383
2010-10-13,-0.09737280756235123
2010-10-14,-0.11781097948551178
2010-10-15,-0.1386059671640396
2010-10-16,-0.15187881886959076
2010-10-17,-0.1362864077091217
2010-10-18,-0.13375063240528107
2010-10-19,-0.1322387158870697
2010-10-20,-0.13628028333187103
2010-10-21,-0.1453394889831543
2010-10-22,-0.15545591711997986
2010-10-23,-0.16932526230812073
2010-10-24,-0.1629827618598938
2010-10-25,-0.15564031898975372
2010-10-26,-0.16729626059532166
2010-10-27,-0.1622864305973053
2010-10-28,-0.16120153665542603
2010-10-29,-0.15521062910556793
2010-10-30,-0.14895473420619965
2010-10-31,-0.14077459275722504
2010-11-01,-0.14869558811187744
2010-11-02,-0.13487474620342255
2010-11-03,-0.13639092445373535
2010-11-04,-0.13030491769313812
2010-11-05,-0.12282831966876984
2010-11-06,-0.11941266804933548
2010-11-07,-0.11832290887832642
2010-11-08,-0.11892130970954895
2010-11-09,-0.12889906764030457
2010-11-10,-0.11472024768590927
2010-11-11,-0.10893086344003677
2010-11-12,-0.11127772927284241
2010-11-13,-0.09338948130607605
2010-11-14,-0.06854672729969025
2010-11-15,-0.05104117840528488
2010-11-16,-0.05805330350995064
2010-11-17,-0.07164421677589417
2010-11-18,-0.07532491534948349
2010-11-19,-0.09811951220035553
2010-11-20,-0.10559307783842087
2010-11-21,-0.08754988014698029
2010-11-22,-0.07126682996749878
2010-11-23,-0.06371176987886429
2010-11-24,-0.08216484636068344
2010-11-25,-0.09037064015865326
2010-11-26,-0.09019910544157028
2010-11-27,-0.0903799906373024
2010-11-28,-0.06320914626121521
2010-11-29,-0.05274863541126251
2010-11-30,-0.07410178333520889
2010-12-01,-0.077766552567482
2010-12-02,-0.0651746615767479
2010-12-03,-0.07214662432670593
2010-12-04,-0.08025030791759491
2010-12-05,-0.09608768671751022
2010-12-06,-0.11671025305986404
2010-12-07,-0.11448179185390472
2010-12-08,-0.08765461295843124
2010-12-09,-0.08943572640419006
2010-12-10,-0.08543690294027328
2010-12-11,-0.07045144587755203
2010-12-12,-0.06567135453224182
2010-12-13,-0.052938658744096756
2010-12-14,-0.05486207455396652
2010-12-15,-0.043077703565359116
2010-12-16,-0.041244614869356155
2010-12-17,-0.046472083777189255
2010-12-18,-0.04384167119860649
2010-12-19,-0.04386517405509949
2010-12-20,-0.02847588248550892
2010-12-21,-0.04498856142163277
2010-12-22,-0.06026799976825714
2010-12-23,-0.05827004462480545
2010-12-24,-0.0436219722032547
2010-12-25,-0.02932416833937168
2010-12-26,-0.022319776937365532
2010-12-27,-0.019767621532082558
2010-12-28,-0.024474088102579117
2010-12-29,-0.0050760782323777676
2010-12-30,0.00960689876228571
2010-12-31,0.012833581306040287
2011-01-01,0.021697716787457466
2011-01-02,0.04449716955423355
2011-01-03,0.03060414269566536
2011-01-04,0.031796347349882126
2011-01-05,0.04864203929901123
2011-01-06,0.04691702499985695
2011-01-07,0.021356260403990746
2011-01-08,0.0021063354797661304
2011-01-09,0.003920655697584152
2011-01-10,0.007817935198545456
2011-01-11,-0.010369272902607918
2011-01-12,-0.015326246619224548
2011-01-13,-0.004555513616651297
2011-01-14,-0.01465123426169157
2011-01-15,-0.005039832554757595
2011-01-16,-0.002762307645753026
2011-01-17,-0.013536770828068256
2011-01-18,-0.0199288297444582
2011-01-19,-0.022877827286720276
2011-01-20,-0.01939321681857109
2011-01-21,-0.02807535231113434
2011-01-22,-0.027373937889933586
2011-01-23,-0.01999099738895893
2011-01-24,-0.0006257924251258373
2011-01-25,-0.0029918707441538572
2011-01-26,-0.003976138774305582
2011-01-27,-0.01009327545762062
2011-01-28,-0.028709568083286285
2011-01-29,-0.011467956937849522
2011-01-30,-0.008954617194831371
2011-01-31,-0.020159166306257248
2011-02-01,-0.011549100279808044
2011-02-02,0.009254524484276772
2011-02-03,0.009904777631163597
2011-02-04,0.01190457958728075
2011-02-05,-0.0057700397446751595
2011-02-06,0.004564365837723017
2011-02-07,0.007577953394502401
2011-02-08,0.01904601790010929
2011-02-09,0.01106144580990076
2011-02-10,0.007313380017876625
2011-02-11,-0.009844750165939331
2011-02-12,-0.007488571107387543
2011-02-13,0.0028062663041055202
2011-02-14,-0.003663379931822419
2011-02-15,-0.009569082409143448
2011-02-16,-0.01439587865024805
2011-02-17,-0.023385871201753616
2011-02-18,-0.0454554557800293
2011-02-19,-0.04982653260231018
2011-02-20,-0.034299448132514954
2011-02-21,-0.04645660147070885
2011-02-22,-0.06059058755636215
2011-02-23,-0.055473703891038895
2011-02-24,-0.050076842308044434
2011-02-25,-0.05426330491900444
2011-02-26,-0.050291866064071655
2011-02-27,-0.04865781217813492
2011-02-28,-0.057350751012563705
2011-03-01,-0.05311564728617668
2011-03-02,-0.05929837003350258
2011-03-03,-0.0613282173871994
2011-03-04,-0.06293284893035889
2011-03-05,-0.06478731334209442
2011-03-06,-0.06101593002676964
2011-03-07,-0.06821777671575546
2011-03-08,-0.07963306456804276
2011-03-09,-0.07792966067790985
2011-03-10,-0.08094516396522522
2011-03-11,-0.0954994484782219
2011-03-12,-0.10611627995967865
2011-03-13,-0.08950131386518478
2011-03-14,-0.08130040019750595
2011-03-15,-0.1077609732747078
2011-03-16,-0.12117040157318115
2011-03-17,-0.13776849210262299
2011-03-18,-0.1398496776819229
2011-03-19,-0.1420987993478775
2011-03-20,-0.13781291246414185
2011-03-21,-0.11487820744514465
2011-03-22,-0.12146713584661484
2011-03-23,-0.12836940586566925
2011-03-24,-0.12946109473705292
2011-03-25,-0.13836230337619781
2011-03-26,-0.13536514341831207
2011-03-27,-0.12643849849700928
2011-03-28,-0.13531965017318726
2011-03-29,-0.1448621153831482
2011-03-30,-0.15732251107692719
2011-03-31,-0.14764384925365448
2011-04-01,-0.15905311703681946
2011-04-02,-0.14899206161499023
2011-04-03,-0.133863165974617
2011-04-04,-0.1229805052280426
2011-04-05,-0.12081091105937958
2011-04-06,-0.12461613118648529
2011-04-07,-0.11199452728033066
2011-04-08,-0.11878638714551926
2011-04-09,-0.12829728424549103
2011-04-10,-0.12536616623401642
2011-04-11,-0.11630018800497055
2011-04-12,-0.12758196890354156
2011-04-13,-0.12898875772953033
2011-04-14,-0.13825903832912445
2011-04-15,-0.1530270129442215
2011-04-16,-0.14885328710079193
2011-04-17,-0.13888059556484222
2011-04-18,-0.14418163895606995
2011-04-19,-0.16188381612300873
2011-04-20,-0.15374459326267242
2011-04-21,-0.13871285319328308
2011-04-22,-0.13397714495658875
2011-04-23,-0.1397227793931961
2011-04-24,-0.10550064593553543
2011-04-25,-0.09951133280992508
2011-04-26,-0.09239212423563004
2011-04-27,-0.09210768342018127
2011-04-28,-0.08111465722322464
2011-04-29,-0.07920248061418533
2011-04-30,-0.06268035620450974
2011-05-01,-0.04513370245695114
2011-05-02,-0.024839702993631363
2011-05-03,-0.03107544220983982
2011-05-04,-0.0458085723221302
2011-05-05,-0.05586640536785126
2011-05-06,-0.08050680160522461
2011-05-07,-0.09580457210540771
2011-05-08,-0.08634248375892639
2011-05-09,-0.07709438353776932
2011-05-10,-0.09053292125463486
2011-05-11,-0.0864972397685051
2011-05-12,-0.1022568792104721
2011-05-13,-0.09906744211912155
2011-05-14,-0.09998682886362076
2011-05-15,-0.12480142712593079
2011-05-16,-0.13671158254146576
2011-05-17,-0.12592089176177979
2011-05-18,-0.13393202424049377
2011-05-19,-0.14552615582942963
2011-05-20,-0.1589752733707428
2011-05-21,-0.17786911129951477
2011-05-22,-0.1599617451429367
2011-05-23,-0.17245376110076904
2011-05-24,-0.19740505516529083
2011-05-25,-0.2063182145357132
2011-05-26,-0.19105704128742218
2011-05-27,-0.20338909327983856
2011-05-28,-0.2058805525302887
2011-05-29,-0.18961569666862488
2011-05-30,-0.1908794790506363
2011-05-31,-0.17852072417736053
2011-06-01,-0.1843107044696808
2011-06-02,-0.1821347177028656
2011-06-03,-0.18746648728847504
2011-06-04,-0.19493024051189423
2011-06-05,-0.20889046788215637
2011-06-06,-0.2124767154455185
2011-06-07,-0.2068329006433487
2011-06-08,-0.2076229453086853
2011-06-09,-0.19555625319480896
2011-06-10,-0.20950788259506226
2011-06-11,-0.2182626873254776
2011-06-12,-0.21356041729450226
2011-06-13,-0.1922275573015213
2011-06-14,-0.2030443698167801
2011-06-15,-0.2055666446685791
2011-06-16,-0.2213643193244934
2011-06-17,-0.22498127818107605
2011-06-18,-0.2268742173910141
2011-06-19,-0.23240134119987488
2011-06-20,-0.2379293292760849
2011-06-21,-0.25512269139289856
2011-06-22,-0.25843289494514465
2011-06-23,-0.2563835084438324
2011-06-24,-0.26271483302116394
2011-06-25,-0.25368574261665344
2011-06-26,-0.2441151887178421
2011-06-27,-0.2442016303539276
2011-06-28,-0.24117769300937653
2011-06-29,-0.24356816709041595
2011-06-30,-0.24349430203437805
2011-07-01,-0.25933316349983215
2011-07-02,-0.2588615119457245
2011-07-03,-0.25662025809288025
2011-07-04,-0.2765827476978302
2011-07-05,-0.28972479701042175
2011-07-06,-0.28842437267303467
2011-07-07,-0.29488039016723633
2011-07-08,-0.2866564989089966
2011-07-09,-0.30122852325439453
2011-07-10,-0.28624093532562256
2011-07-11,-0.27741485834121704
2011-07-12,-0.29051142930984497
2011-07-13,-0.29992178082466125
2011-07-14,-0.31262069940567017
2011-07-15,-0.3371877670288086
2011-07-16,-0.33997151255607605
2011-07-17,-0.32618770003318787
2011-07-18,-0.34232765436172485
2011-07-19,-0.38056471943855286
2011-07-20,-0.3628913164138794
2011-07-21,-0.3558158874511719
2011-07-22,-0.3667636513710022
2011-07-23,-0.39115452766418457
2011-07-24,-0.36178985238075256
2011-07-25,-0.38084378838539124
2011-07-26,-0.4083608090877533
2011-07-27,-0.41558465361595154
2011-07-28,-0.4205244183540344
2011-07-29,-0.4289270043373108
2011-07-30,-0.4457293152809143
2011-07-31,-0.42879316210746765
2011-08-01,-0.4292107820510864
2011-08-02,-0.4324011206626892
2011-08-03,-0.44227856397628784
2011-08-04,-0.43146342039108276
2011-08-05,-0.4398246109485626
2011-08-06,-0.4531482756137848
2011-08-07,-0.4367009997367859
2011-08-08,-0.465906023979187
2011-08-09,-0.4832022488117218
2011-08-10,-0.47122129797935486
2011-08-11,-0.4596553444862366
2011-08-12,-0.46611881256103516
2011-08-13,-0.46955496072769165
2011-08-14,-0.43303489685058594
2011-08-15,-0.41090190410614014
2011-08-16,-0.4018506705760956
2011-08-17,-0.3884650766849518
2011-08-18,-0.37291833758354187
2011-08-19,-0.37389975786209106
2011-08-20,-0.37543031573295593
2011-08-21,-0.3470713198184967
2011-08-22,-0.33172670006752014
2011-08-23,-0.3435753583908081
2011-08-24,-0.34936264157295227
2011-08-25,-0.34841397404670715
2011-08-26,-0.34373944997787476
2011-08-27,-0.3276537358760834
2011-08-28,-0.29982754588127136
2011-08-29,-0.28849855065345764
2011-08-30,-0.26348677277565
2011-08-31,-0.2671051621437073
2011-09-01,-0.2711372971534729
2011-09-02,-0.27648770809173584
2011-09-03,-0.30185550451278687
2011-09-04,-0.3003161549568176
2011-09-05,-0.2912706434726715
2011-09-06,-0.30728277564048767
2011-09-07,-0.3057680130004883
2011-09-08,-0.29350191354751587
2011-09-09,-0.2825523912906647
2011-09-10,-0.2921297252178192
2011-09-11,-0.2764699459075928
2011-09-12,-0.2764192223548889
2011-09-13,-0.28440436720848083
2011-09-14,-0.2846284806728363
2011-09-15,-0.30330559611320496
2011-09-16,-0.3190317153930664
2011-09-17,-0.32588812708854675
2011-09-18,-0.30915969610214233
2011-09-19,-0.3138861656188965
2011-09-20,-0.30549946427345276
2011-09-21,-0.3124133348464966
2011-09-22,-0.3090420067310333
2011-09-23,-0.3209148645401001
2011-09-24,-0.31801697611808777
2011-09-25,-0.3054130971431732
2011-09-26,-0.314624547958374
2011-09-27,-0.31603527069091797
2011-09-28,-0.3015253245830536
2011-09-29,-0.29297417402267456
2011-09-30,-0.2947476804256439
2011-10-01,-0.2962101995944977
2011-10-02,-0.29759538173675537
2011-10-03,-0.2938583195209503
2011-10-04,-0.282883882522583
2011-10-05,-0.2832198739051819
2011-10-06,-0.26020511984825134
2011-10-07,-0.25978460907936096
2011-10-08,-0.2665059268474579
2011-10-09,-0.2623162269592285
2011-10-10,-0.27536740899086
2011-10-11,-0.2667286992073059
2011-10-12,-0.2495267242193222
2011-10-13,-0.22957146167755127
2011-10-14,-0.21905356645584106
2011-10-15,-0.20187053084373474
2011-10-16,-0.1767210215330124
2011-10-17,-0.17099454998970032
2011-10-18,-0.17116527259349823
2011-10-19,-0.17031905055046082
2011-10-20,-0.16288669407367706
2011-10-21,-0.16082045435905457
2011-10-22,-0.1662077009677887
2011-10-23,-0.16084279119968414
2011-10-24,-0.1543300449848175
2011-10-25,-0.13867327570915222
2011-10-26,-0.13161808252334595
2011-10-27,-0.12683498859405518
2011-10-28,-0.13161706924438477
2011-10-29,-0.11579010635614395
2011-10-30,-0.08657393604516983
2011-10-31,-0.09357309341430664
2011-11-01,-0.10489808022975922
2011-11-02,-0.11563074588775635
2011-11-03,-0.11207455396652222
2011-11-04,-0.122965969145298
2011-11-05,-0.14425793290138245
2011-11-06,-0.14191721379756927
2011-11-07,-0.15785427391529083
2011-11-08,-0.1513577252626419
2011-11-09,-0.160599946975708
2011-11-10,-0.1871759295463562
2011-11-11,-0.19221873581409454
2011-11-12,-0.19410546123981476
2011-11-13,-0.16930554807186127
2011-11-14,-0.1634320765733719
2011-11-15,-0.17408645153045654
2011-11-16,-0.15631285309791565
2011-11-17,-0.1700676530599594
2011-11-18,-0.16472816467285156
2011-11-19,-0.16837356984615326
2011-11-20,-0.173383891582489
2011-11-21,-0.17643553018569946
2011-11-22,-0.20062489807605743
2011-11-23,-0.2020319700241089
2011-11-24,-0.21267646551132202
2011-11-25,-0.22392646968364716
2011-11-26,-0.22578978538513184
2011-11-27,-0.21159124374389648
2011-11-28,-0.21132245659828186
2011-11-29,-0.23175829648971558
2011-11-30,-0.23846782743930817
2011-12-01,-0.250895619392395
2011-12-02,-0.2610088586807251
2011-12-03,-0.2765862047672272
2011-12-04,-0.26888054609298706
2011-12-05,-0.2479139119386673
2011-12-06,-0.25861963629722595
2011-12-07,-0.26426830887794495
2011-12-08,-0.2671675980091095
2011-12-09,-0.2777344882488251
2011-12-10,-0.27642104029655457
2011-12-11,-0.2716541290283203
2011-12-12,-0.2842157185077667
2011-12-13,-0.2898803949356079
2011-12-14,-0.29329127073287964
2011-12-15,-0.3109767436981201
2011-12-16,-0.30468952655792236
2011-12-17,-0.3184225559234619
2011-12-18,-0.3202355206012726
2011-12-19,-0.2879335582256317
2011-12-20,-0.30244874954223633
2011-12-21,-0.30026009678840637
2011-12-22,-0.309393972158432
2011-12-23,-0.3234078288078308
2011-12-24,-0.2907431125640869
2011-12-25,-0.2931559979915619
2011-12-26,-0.2969334125518799
2011-12-27,-0.3049883246421814
2011-12-28,-0.28952446579933167
2011-12-29,-0.29649481177330017
2011-12-30,-0.3137063980102539
2011-12-31,-0.3223007321357727
2012-01-01,-0.29971784353256226
2012-01-02,-0.2851860225200653
2012-01-03,-0.3097550868988037
2012-01-04,-0.2842714786529541
2012-01-05,-0.265484482049942
2012-01-06,-0.2507934272289276
2012-01-07,-0.2544093430042267
2012-01-08,-0.22993655502796173
2012-01-09,-0.2056056410074234
2012-01-10,-0.20620708167552948
2012-01-11,-0.19076119363307953
2012-01-12,-0.18940819799900055
2012-01-13,-0.205291286110878
2012-01-14,-0.24299456179141998
2012-01-15,-0.21996892988681793
2012-01-16,-0.21970345079898834
2012-01-17,-0.21746353805065155
2012-01-18,-0.20345640182495117
2012-01-19,-0.20016764104366302
2012-01-20,-0.18102480471134186
2012-01-21,-0.17353811860084534
2012-01-22,-0.17491893470287323
2012-01-23,-0.1840052306652069
2012-01-24,-0.16695605218410492
2012-01-25,-0.1620458960533142
2012-01-26,-0.14164665341377258
2012-01-27,-0.12866097688674927
2012-01-28,-0.10406632721424103
2012-01-29,-0.08571721613407135
2012-01-30,-0.0845627561211586
2012-01-31,-0.07092014700174332
2012-02-01,-0.07510420680046082
2012-02-02,-0.07823413610458374
2012-02-03,-0.07961533963680267
2012-02-04,-0.06545588374137878
2012-02-05,-0.04576149582862854
2012-02-06,-0.032731056213378906
2012-02-07,-0.06280360370874405
2012-02-08,-0.08123309910297394
2012-02-09,-0.09415663778781891
2012-02-10,-0.11108805984258652
2012-02-11,-0.11784438043832779
2012-02-12,-0.10207032412290573
2012-02-13,-0.09164156764745712
2012-02-14,-0.0940394327044487
2012-02-15,-0.0896807387471199
2012-02-16,-0.09799281507730484
2012-02-17,-0.10485684126615524
2012-02-18,-0.10028993338346481
2012-02-19,-0.08703182637691498
2012-02-20,-0.09232550859451294
2012-02-21,-0.10157260298728943
2012-02-22,-0.09541228413581848
2012-02-23,-0.08257970958948135
2012-02-24,-0.08652890473604202
2012-02-25,-0.08877474814653397
2012-02-26,-0.07892532646656036
2012-02-27,-0.08605564385652542
2012-02-28,-0.07814864069223404
2012-02-29,-0.07924126088619232
2012-03-01,-0.08676747977733612
2012-03-02,-0.06554324924945831
2012-03-03,-0.06565893441438675
2012-03-04,-0.051135189831256866
2012-03-05,-0.03001323901116848
2012-03-06,-0.0336514487862587
2012-03-07,-0.034705713391304016
2012-03-08,-0.027519283816218376
2012-03-09,-0.03541185334324837
2012-03-10,-0.021797293797135353
2012-03-11,-0.018702475354075432
2012-03-12,-0.021684585139155388
2012-03-13,-0.03750307857990265
2012-03-14,-0.025250233709812164
2012-03-15,-0.008235672488808632
2012-03-16,-0.007724268361926079
2012-03-17,-0.002667143475264311
2012-03-18,0.0026685448829084635
2012-03-19,0.008111968636512756
2012-03-20,0.0005954420194029808
2012-03-21,-0.007506787311285734
2012-03-22,-0.0024572317488491535
2012-03-23,-0.001716009108349681
2012-03-24,0.012254482135176659
2012-03-25,0.008912568911910057
2012-03-26,0.012187838554382324
2012-03-27,-0.006204546894878149
2012-03-28,-0.013548815622925758
2012-03-29,-0.0032037650234997272
2012-03-30,-0.0029955643694847822
2012-03-31,0.0016695241210982203
2012-04-01,0.005676717963069677
2012-04-02,0.017605425789952278
2012-04-03,0.0005498899845406413
2012-04-04,0.005844844970852137
2012-04-05,0.0046770283952355385
2012-04-06,-0.00878017209470272
2012-04-07,-0.01810867339372635
2012-04-08,-0.014647483825683594
2012-04-09,-0.002518610330298543
2012-04-10,-0.0004006222588941455
2012-04-11,0.006643550004810095
2012-04-12,-0.019851045683026314
2012-04-13,-0.02868690900504589
2012-04-14,-0.03077480010688305
2012-04-15,-0.016273705288767815
2012-04-16,-0.0037463176995515823
2012-04-17,0.006419217213988304
2012-04-18,0.016678644344210625
2012-04-19,0.027624713256955147
2012-04-20,0.017421765252947807
2012-04-21,0.010299436748027802
2012-04-22,0.002821225905790925
2012-04-23,0.004042866174131632
2012-04-24,-0.017700791358947754
2012-04-25,-0.010683096945285797
2012-04-26,-0.004238840192556381
2012-04-27,-0.0016186644788831472
2012-04-28,0.012293548323214054
2012-04-29,0.012521381489932537
2012-04-30,0.023106181994080544
2012-05-01,0.02522927150130272
2012-05-02,0.023457549512386322
2012-05-03,0.013511354103684425
2012-05-04,0.003820171346887946
2012-05-05,-0.02041451819241047
2012-05-06,-0.01432681642472744
2012-05-07,-0.017244180664420128
2012-05-08,-0.028879830613732338
2012-05-09,-0.054112497717142105
2012-05-10,-0.05439113825559616
2012-05-11,-0.07780901342630386
2012-05-12,-0.08311913162469864
2012-05-13,-0.10427087545394897
2012-05-14,-0.13509508967399597
2012-05-15,-0.17152376472949982
2012-05-16,-0.17504414916038513
2012-05-17,-0.18673306703567505
2012-05-18,-0.19304026663303375
2012-05-19,-0.21512360870838165
2012-05-20,-0.2326023429632187
2012-05-21,-0.21636518836021423
2012-05-22,-0.20006544888019562
2012-05-23,-0.19749799370765686
2012-05-24,-0.20525862276554108
2012-05-25,-0.2016577571630478
2012-05-26,-0.1907273232936859
2012-05-27,-0.1816970556974411
2012-05-28,-0.163069486618042
2012-05-29,-0.17513242363929749
2012-05-30,-0.17527970671653748
2012-05-31,-0.17064325511455536
2012-06-01,-0.2009260356426239
2012-06-02,-0.23855385184288025
2012-06-03,-0.24168089032173157
2012-06-04,-0.26829537749290466
2012-06-05,-0.27111294865608215
2012-06-06,-0.26566457748413086
2012-06-07,-0.25773927569389343
2012-06-08,-0.25589603185653687
2012-06-09,-0.24918216466903687
2012-06-10,-0.24155370891094208
2012-06-11,-0.24509702622890472
2012-06-12,-0.24207645654678345
2012-06-13,-0.23755593597888947
2012-06-14,-0.24077846109867096
2012-06-15,-0.24211059510707855
2012-06-16,-0.24693605303764343
2012-06-17,-0.24358001351356506
2012-06-18,-0.25068333745002747
2012-06-19,-0.2479984015226364
2012-06-20,-0.23159097135066986
2012-06-21,-0.22811228036880493
2012-06-22,-0.23373030126094818
2012-06-23,-0.2419927567243576
2012-06-24,-0.21845005452632904
2012-06-25,-0.23050162196159363
2012-06-26,-0.2385527789592743
2012-06-27,-0.2209571748971939
2012-06-28,-0.21485863626003265
2012-06-29,-0.20222637057304382
2012-06-30,-0.20429567992687225
2012-07-01,-0.20178380608558655
2012-07-02,-0.2116106003522873
2012-07-03,-0.21982568502426147
2012-07-04,-0.2015681266784668
2012-07-05,-0.19886565208435059
2012-07-06,-0.19951771199703217
2012-07-07,-0.22404393553733826
2012-07-08,-0.20211748778820038
2012-07-09,-0.18895375728607178
2012-07-10,-0.18220089375972748
2012-07-11,-0.18856623768806458
2012-07-12,-0.20703168213367462
2012-07-13,-0.22666552662849426
2012-07-14,-0.22214703261852264
2012-07-15,-0.2206571102142334
2012-07-16,-0.22476740181446075
2012-07-17,-0.23516495525836945
2012-07-18,-0.2538917362689972
2012-07-19,-0.2510535418987274
2012-07-20,-0.24750813841819763
2012-07-21,-0.2563956379890442
2012-07-22,-0.23899857699871063
2012-07-23,-0.23172084987163544
2012-07-24,-0.25615957379341125
2012-07-25,-0.25795242190361023
2012-07-26,-0.2698245048522949
2012-07-27,-0.26893672347068787
2012-07-28,-0.3114064633846283
2012-07-29,-0.2924209237098694
2012-07-30,-0.29125750064849854
2012-07-31,-0.29273247718811035
2012-08-01,-0.28371313214302063
2012-08-02,-0.2858310043811798
2012-08-03,-0.2760552167892456
2012-08-04,-0.28071683645248413
2012-08-05,-0.28394919633865356
2012-08-06,-0.25039345026016235
2012-08-07,-0.2380744218826294
2012-08-08,-0.2290365844964981
2012-08-09,-0.21939297020435333
2012-08-10,-0.21658456325531006
2012-08-11,-0.19840764999389648
2012-08-12,-0.18429389595985413
2012-08-13,-0.17474587261676788
2012-08-14,-0.16412445902824402
2012-08-15,-0.16821135580539703
2012-08-16,-0.1511540561914444
2012-08-17,-0.13883499801158905
2012-08-18,-0.11649052053689957
2012-08-19,-0.09462018311023712
2012-08-20,-0.08749863505363464
2012-08-21,-0.10370922088623047
2012-08-22,-0.09658093750476837
2012-08-23,-0.1010599434375763
2012-08-24,-0.11928074061870575
2012-08-25,-0.14372412860393524
2012-08-26,-0.14701317250728607
2012-08-27,-0.13957807421684265
2012-08-28,-0.10790044069290161
2012-08-29,-0.0940883457660675
2012-08-30,-0.08035189658403397
2012-08-31,-0.0595056377351284
2012-09-01,-0.056683652102947235
2012-09-02,-0.0658189132809639
2012-09-03,-0.055097389966249466
2012-09-04,-0.05291380733251572
2012-09-05,-0.057638440281152725
2012-09-06,-0.062105510383844376
2012-09-07,-0.07615075260400772
2012-09-08,-0.09957585483789444
2012-09-09,-0.07720041275024414
2012-09-10,-0.07111922651529312
2012-09-11,-0.07762066274881363
2012-09-12,-0.07983600348234177
2012-09-13,-0.08266853541135788
2012-09-14,-0.07727512717247009
2012-09-15,-0.07278606295585632
2012-09-16,-0.05569247156381607
2012-09-17,-0.03977160528302193
2012-09-18,-0.056835900992155075
2012-09-19,-0.0547058992087841
2012-09-20,-0.05206829681992531
2012-09-21,-0.05106095224618912
2012-09-22,-0.03348348289728165
2012-09-23,-0.027050858363509178
2012-09-24,-0.008868653327226639
2012-09-25,0.0010862585622817278
2012-09-26,0.024367166683077812
2012-09-27,0.01858125999569893
2012-09-28,0.013054615817964077
2012-09-29,0.008285150863230228
2012-09-30,0.011346100829541683
2012-10-01,0.003322036238387227
2012-10-02,-0.013992913998663425
2012-10-03,-0.010252503678202629
2012-10-04,-0.006154472474008799
2012-10-05,0.002394018927589059
2012-10-06,-0.00410328758880496
2012-10-07,-0.0001895247696666047
2012-10-08,-0.00916851032525301
2012-10-09,-0.022382328286767006
2012-10-10,-0.03709114342927933
2012-10-11,-0.03828831762075424
2012-10-12,-0.03523707389831543
2012-10-13,-0.027164574712514877
2012-10-14,-0.0207222793251276
2012-10-15,0.004709596745669842
2012-10-16,0.033368103206157684
2012-10-17,0.03900684788823128
2012-10-18,0.038000237196683884
2012-10-19,0.02897004783153534
2012-10-20,0.029493659734725952
2012-10-21,0.025518208742141724
2012-10-22,0.04502761736512184
2012-10-23,0.034776631742715836
2012-10-24,0.006624789908528328
2012-10-25,0.01574688032269478
2012-10-26,0.007822452113032341
2012-10-27,0.0007810972747392952
2012-10-28,0.0037489186506718397
2012-10-29,0.005995888728648424
2012-10-30,0.019666502252221107
2012-10-31,0.01798642799258232
2012-11-01,0.018318869173526764
2012-11-02,0.02192707173526287
2012-11-03,0.015531862154603004
2012-11-04,0.029606981202960014
2012-11-05,0.02324829064309597
2012-11-06,0.007317684590816498
2012-11-07,0.016775785014033318
2012-11-08,-0.002470993436872959
2012-11-09,-0.008639813400804996
2012-11-10,-0.00020372266590129584
2012-11-11,-0.006708324886858463
2012-11-12,-0.012845262885093689
2012-11-13,-0.014021089300513268
2012-11-14,-0.01674928143620491
2012-11-15,-0.032255351543426514
2012-11-16,-0.04924280196428299
2012-11-17,-0.03319884464144707
2012-11-18,-0.021893922239542007
2012-11-19,-0.007517951540648937
2012-11-20,0.005474163219332695
2012-11-21,-0.022684035822749138
2012-11-22,-0.034934692084789276
2012-11-23,-0.01276746392250061
2012-11-24,-0.009170938283205032
2012-11-25,0.00812403205782175
2012-11-26,0.022019177675247192
2012-11-27,0.030675508081912994
2012-11-28,0.03872639685869217
2012-11-29,0.03622866049408913
2012-11-30,0.02273518592119217
2012-12-01,0.026272457093000412
2012-12-02,0.02354365587234497
2012-12-03,0.02820540778338909
2012-12-04,0.028583163395524025
2012-12-05,0.02459140494465828
2012-12-06,0.020501043647527695
2012-12-07,0.009785975329577923
2012-12-08,-0.0017996900714933872
2012-12-09,0.0009159856708720326
2012-12-10,0.006342509761452675
2012-12-11,0.00837638322263956
2012-12-12,0.009286347776651382
2012-12-13,0.013128338381648064
2012-12-14,0.016104750335216522
2012-12-15,0.01917138323187828
2012-12-16,0.01743868924677372
2012-12-17,0.027972694486379623
2012-12-18,0.018940027803182602
2012-12-19,0.017873968929052353
2012-12-20,0.010618320666253567
2012-12-21,0.01043862383812666
2012-12-22,0.00294678402133286
2012-12-23,-0.005715127103030682
2012-12-24,-0.031249582767486572
2012-12-25,-0.06664590537548065
2012-12-26,-0.058238595724105835
2012-12-27,-0.054873526096343994
2012-12-28,-0.06696091592311859
2012-12-29,-0.07363758981227875
2012-12-30,-0.06608928740024567
2012-12-31,-0.07605305314064026
2013-01-01,-0.07837334275245667
2013-01-02,-0.07846098393201828
2013-01-03,-0.07836510986089706
2013-01-04,-0.06446023285388947
2013-01-05,-0.05623093992471695
2013-01-06,-0.04495670646429062
2013-01-07,-0.05080166831612587
2013-01-08,-0.06711990386247635
2013-01-09,-0.06525470316410065
2013-01-10,-0.04986653849482536
2013-01-11,-0.05601603165268898
2013-01-12,-0.04484619200229645
2013-01-13,-0.04183261841535568
2013-01-14,-0.05791836604475975
2013-01-15,-0.09348401427268982
2013-01-16,-0.10842715948820114
2013-01-17,-0.11543634533882141
2013-01-18,-0.12379677593708038
2013-01-19,-0.1355505883693695
2013-01-20,-0.1421932727098465
2013-01-21,-0.11666274070739746
2013-01-22,-0.11729592829942703
2013-01-23,-0.10857124626636505
2013-01-24,-0.10764695703983307
2013-01-25,-0.09910477697849274
2013-01-26,-0.07578641176223755
2013-01-27,-0.06038292497396469
2013-01-28,-0.04123339802026749
2013-01-29,-0.038967713713645935
2013-01-30,-0.027387069538235664
2013-01-31,-0.03288476541638374
2013-02-01,-0.039430756121873856
2013-02-02,-0.03358956426382065
2013-02-03,-0.022364867851138115
2013-02-04,-0.00852040946483612
2013-02-05,-0.025919301435351372
2013-02-06,-0.043124351650476456
2013-02-07,-0.05279091000556946
2013-02-08,-0.04642240330576897
2013-02-09,-0.04507147893309593
2013-02-10,-0.018081646412611008
2013-02-11,-0.038668178021907806
2013-02-12,-0.0433364063501358
2013-02-13,-0.04210181534290314
2013-02-14,-0.03633475676178932
2013-02-15,-0.03324094042181969
2013-02-16,-0.024777671322226524
2013-02-17,-0.029033072292804718
2013-02-18,-0.0008759021875448525
2013-02-19,0.0037951834965497255
2013-02-20,-0.006266153417527676
2013-02-21,-0.0218958780169487
2013-02-22,-0.021017761901021004
2013-02-23,-0.033690083771944046
2013-02-24,-0.054783958941698074
2013-02-25,-0.0680900365114212
2013-02-26,-0.0872238278388977
2013-02-27,-0.08810830861330032
2013-02-28,-0.0889701396226883
2013-03-01,-0.089850515127182
2013-03-02,-0.11280597746372223
2013-03-03,-0.11324309557676315
2013-03-04,-0.11551176011562347
2013-03-05,-0.1162150502204895
2013-03-06,-0.11297416687011719
2013-03-07,-0.10436661541461945
2013-03-08,-0.09393706917762756
2013-03-09,-0.07497088611125946
2013-03-10,-0.06177697330713272
2013-03-11,-0.0631580576300621
2013-03-12,-0.05365903675556183
2013-03-13,-0.04854421690106392
2013-03-14,-0.032238930463790894
2013-03-15,-0.04151728376746178
2013-03-16,-0.025936182588338852
2013-03-17,0.0002140516444342211
2013-03-18,0.004771654028445482
2013-03-19,-0.005168137606233358
2013-03-20,-0.02196190319955349
2013-03-21,-0.03594653680920601
2013-03-22,-0.030362820252776146
2013-03-23,-0.0014137481339275837
2013-03-24,-0.01045480091124773
2013-03-25,-0.014181592501699924
2013-03-26,-0.020422987639904022
2013-03-27,-0.01070251315832138
2013-03-28,-0.0035264973994344473
2013-03-29,-0.0026450182776898146
2013-03-30,-0.013829967938363552
2013-03-31,-0.006617767736315727
2013-04-01,0.005219153594225645
2013-04-02,-0.009685594588518143
2013-04-03,0.004645300563424826
2013-04-04,-0.010757742449641228
2013-04-05,-0.017195507884025574
2013-04-06,-0.027186835184693336
2013-04-07,-0.016715656965970993
2013-04-08,-0.020784422755241394
2013-04-09,-0.015543968416750431
2013-04-10,-0.024420607835054398
2013-04-11,-0.01983429677784443
2013-04-12,-0.014682578854262829
2013-04-13,-0.017259009182453156
2013-04-14,0.0006945207715034485
2013-04-15,0.004671044182032347
2013-04-16,0.01579674333333969
2013-04-17,0.0197514109313488
2013-04-18,0.001976322615519166
2013-04-19,0.010029823519289494
2013-04-20,0.0016742460429668427
2013-04-21,0.017077147960662842
2013-04-22,0.03261478617787361
2013-04-23,0.028529303148388863
2013-04-24,0.022974489256739616
2013-04-25,0.048364996910095215
2013-04-26,0.05309745669364929
2013-04-27,0.045066528022289276
2013-04-28,0.04225995019078255
2013-04-29,0.030869942158460617
2013-04-30,0.03439175710082054
2013-05-01,0.04313814640045166
2013-05-02,0.04416671022772789
2013-05-03,0.043462272733449936
2013-05-04,0.04489408805966377
2013-05-05,0.054648496210575104
2013-05-06,0.04502600431442261
2013-05-07,0.04674288257956505
2013-05-08,0.03772754222154617
2013-05-09,0.03761737793684006
2013-05-10,0.02947329916059971
2013-05-11,0.017814571037888527
2013-05-12,0.012572853825986385
2013-05-13,0.005815404932945967
2013-05-14,-0.0020613681990653276
2013-05-15,-0.016549127176404
2013-05-16,-0.023179467767477036
2013-05-17,-0.02644338272511959
2013-05-18,-0.017746424302458763
2013-05-19,-0.020817656069993973
2013-05-20,-0.034188173711299896
2013-05-21,-0.0283295139670372
2013-05-22,-0.019812755286693573
2013-05-23,-0.01883864402770996
2013-05-24,-0.02130924165248871
2013-05-25,-0.02625621296465397
2013-05-26,-0.010565916076302528
2013-05-27,0.0016062224749475718
2013-05-28,0.02247113361954689
2013-05-29,0.03766067326068878
2013-05-30,0.045885179191827774
2013-05-31,0.05407741665840149
2013-06-01,0.04775353521108627
2013-06-02,0.04768490418791771
2013-06-03,0.036180607974529266
2013-06-04,0.04192839935421944
2013-06-05,0.049658309668302536
2013-06-06,0.04104335606098175
2013-06-07,0.03980989754199982
2013-06-08,0.05207321047782898
2013-06-09,0.05943770334124565
2013-06-10,0.06879333406686783
2013-06-11,0.06631874293088913
2013-06-12,0.05167325213551521
2013-06-13,0.03252122923731804
2013-06-14,0.05086010694503784
2013-06-15,0.04809143394231796
2013-06-16,0.05105465650558472
2013-06-17,0.060762904584407806
2013-06-18,0.06396196782588959
2013-06-19,0.06575819849967957
2013-06-20,0.07085581868886948
2013-06-21,0.06407304853200912
2013-06-22,0.05709192156791687
2013-06-23,0.06716693192720413
2013-06-24,0.07044172286987305
2013-06-25,0.06284160166978836
2013-06-26,0.0798984095454216
2013-06-27,0.08257164061069489
2013-06-28,0.08405089378356934
2013-06-29,0.08400721848011017
2013-06-30,0.09600341320037842
2013-07-01,0.09762079268693924
2013-07-02,0.10016512870788574
2013-07-03,0.10459178686141968
2013-07-04,0.09443691372871399
2013-07-05,0.11175499856472015
2013-07-06,0.12951229512691498
2013-07-07,0.16445931792259216
2013-07-08,0.18962809443473816
2013-07-09,0.17329910397529602
2013-07-10,0.14978870749473572
2013-07-11,0.1437973529100418
2013-07-12,0.13858334720134735
2013-07-13,0.14531221985816956
2013-07-14,0.12423684448003769
2013-07-15,0.13374413549900055
2013-07-16,0.14787644147872925
2013-07-17,0.15743450820446014
2013-07-18,0.14706841111183167
2013-07-19,0.12033721059560776
2013-07-20,0.10620803385972977
2013-07-21,0.09805549681186676
2013-07-22,0.08965235948562622
2013-07-23,0.08010637015104294
2013-07-24,0.08398419618606567
2013-07-25,0.10698027163743973
2013-07-26,0.09582527726888657
2013-07-27,0.10788828134536743
2013-07-28,0.09242092818021774
2013-07-29,0.08676467835903168
2013-07-30,0.07624228298664093
2013-07-31,0.0874832421541214
2013-08-01,0.09303118288516998
2013-08-02,0.08423268795013428
2013-08-03,0.06896522641181946
2013-08-04,0.07646376639604568
2013-08-05,0.06754257529973984
2013-08-06,0.05761677399277687
2013-08-07,0.04644796624779701
2013-08-08,0.05503995344042778
2013-08-09,0.05258410423994064
2013-08-10,0.052729301154613495
2013-08-11,0.0548015832901001
2013-08-12,0.06121773645281792
2013-08-13,0.053111832588911057
2013-08-14,0.05929141119122505
2013-08-15,0.04933885484933853
2013-08-16,0.050608232617378235
2013-08-17,0.05142891779541969
2013-08-18,0.06314390152692795
2013-08-19,0.07269148528575897
2013-08-20,0.05509178712964058
2013-08-21,0.05401363968849182
2013-08-22,0.050700608640909195
2013-08-23,0.06682343035936356
2013-08-24,0.06392232328653336
2013-08-25,0.05919632315635681
2013-08-26,0.054666608572006226
2013-08-27,0.05814342573285103
2013-08-28,0.059235911816358566
2013-08-29,0.05542613938450813
2013-08-30,0.059990592300891876
2013-08-31,0.06770537048578262
2013-09-01,0.08316265046596527
2013-09-02,0.0761173740029335
2013-09-03,0.08368106931447983
2013-09-04,0.09081915766000748
2013-09-05,0.11176995187997818
2013-09-06,0.10991261899471283
2013-09-07,0.09901849180459976
2013-09-08,0.09518817067146301
2013-09-09,0.0881962776184082
2013-09-10,0.0630888044834137
2013-09-11,0.047239456325769424
2013-09-12,0.03321485593914986
2013-09-13,0.02368355542421341
2013-09-14,0.01513243280351162
2013-09-15,0.01625107228755951
2013-09-16,0.014014015905559063
2013-09-17,-0.004884379915893078
2013-09-18,-0.004524719901382923
2013-09-19,-0.011767630465328693
2013-09-20,-0.01063562836498022
2013-09-21,-0.01918964646756649
2013-09-22,-0.03707893565297127
2013-09-23,-0.05831452086567879
2013-09-24,-0.06458374112844467
2013-09-25,-0.0712786316871643
2013-09-26,-0.08380625396966934
2013-09-27,-0.0931786447763443
2013-09-28,-0.08626092225313187
2013-09-29,-0.08344729989767075
2013-09-30,-0.10414919257164001
2013-10-01,-0.12187543511390686
2013-10-02,-0.13485348224639893
2013-10-03,-0.16197481751441956
2013-10-04,-0.19209279119968414
2013-10-05,-0.20990078151226044
2013-10-06,-0.20760641992092133
2013-10-07,-0.2247571349143982
2013-10-08,-0.23662874102592468
2013-10-09,-0.25062477588653564
2013-10-10,-0.24377264082431793
2013-10-11,-0.2458236813545227
2013-10-12,-0.24635671079158783
2013-10-13,-0.2319367676973343
2013-10-14,-0.247674360871315
2013-10-15,-0.25552380084991455
2013-10-16,-0.275338351726532
2013-10-17,-0.26879024505615234
2013-10-18,-0.2745846211910248
2013-10-19,-0.2900541126728058
2013-10-20,-0.2707069218158722
2013-10-21,-0.27757564187049866
2013-10-22,-0.2798462510108948
2013-10-23,-0.29376375675201416
2013-10-24,-0.30914735794067383
2013-10-25,-0.2953571379184723
2013-10-26,-0.2813749611377716
2013-10-27,-0.26923632621765137
2013-10-28,-0.2619163990020752
2013-10-29,-0.2539450228214264
2013-10-30,-0.24341478943824768
2013-10-31,-0.24154534935951233
2013-11-01,-0.251798540353775
2013-11-02,-0.21514831483364105
2013-11-03,-0.20392099022865295
2013-11-04,-0.18399947881698608
2013-11-05,-0.1759391576051712
2013-11-06,-0.16073967516422272
2013-11-07,-0.1619691103696823
2013-11-08,-0.15881521999835968
2013-11-09,-0.1396092176437378
2013-11-10,-0.13124962151050568
2013-11-11,-0.11378855258226395
2013-11-12,-0.09370553493499756
2013-11-13,-0.08553682267665863
2013-11-14,-0.09210170805454254
2013-11-15,-0.0823175311088562
2013-11-16,-0.06641819328069687
2013-11-17,-0.039415184408426285
2013-11-18,-0.03689415007829666
2013-11-19,-0.03366205841302872
2013-11-20,-0.02721256949007511
2013-11-21,-0.02311568520963192
2013-11-22,-0.011691995896399021
2013-11-23,-0.009746896103024483
2013-11-24,0.00325331324711442
2013-11-25,0.026939012110233307
2013-11-26,0.029005760326981544
2013-11-27,0.03475519269704819
2013-11-28,0.03164713829755783
2013-11-29,0.04184791445732117
2013-11-30,0.06156177073717117
2013-12-01,0.07414117455482483
2013-12-02,0.08543726801872253
2013-12-03,0.07630114257335663
2013-12-04,0.06169208139181137
2013-12-05,0.068442203104496
2013-12-06,0.06790736317634583
2013-12-07,0.08546174317598343
2013-12-08,0.09430517256259918
2013-12-09,0.09375731647014618
2013-12-10,0.10180746763944626
2013-12-11,0.10707028955221176
2013-12-12,0.11187895387411118
2013-12-13,0.0924689769744873
2013-12-14,0.08144386857748032
2013-12-15,0.07210943102836609
2013-12-16,0.08491410315036774
2013-12-17,0.09038129448890686
2013-12-18,0.0941561833024025
2013-12-19,0.09435783326625824
2013-12-20,0.09406863152980804
2013-12-21,0.09577793627977371
2013-12-22,0.10172630101442337
2013-12-23,0.1301942765712738
2013-12-24,0.1656252145767212
2013-12-25,0.15721549093723297
2013-12-26,0.16216842830181122
2013-12-27,0.16185779869556427
2013-12-28,0.15277156233787537
2013-12-29,0.15856629610061646
2013-12-30,0.1751585453748703
2013-12-31,0.1647704392671585
2014-01-01,0.17332224547863007
2014-01-02,0.16930750012397766
2014-01-03,0.17307651042938232
2014-01-04,0.18458200991153717
2014-01-05,0.18009109795093536
2014-01-06,0.18674933910369873
2014-01-07,0.18410411477088928
2014-01-08,0.1735401153564453
2014-01-09,0.16803394258022308
2014-01-10,0.15432283282279968
2014-01-11,0.14023298025131226
2014-01-12,0.1398918330669403
2014-01-13,0.1459423005580902
2014-01-14,0.13770394027233124
2014-01-15,0.1268894076347351
2014-01-16,0.11702054738998413
2014-01-17,0.1116836667060852
2014-01-18,0.11192409694194794
2014-01-19,0.11978833377361298
2014-01-20,0.12469688057899475
2014-01-21,0.1285286694765091
2014-01-22,0.11864558607339859
2014-01-23,0.1202319785952568
2014-01-24,0.11096391081809998
2014-01-25,0.10177506506443024
2014-01-26,0.10702406615018845
2014-01-27,0.10623923689126968
2014-01-28,0.114050954580307
2014-01-29,0.12387631833553314
2014-01-30,0.12982343137264252
2014-01-31,0.13759936392307281
2014-02-01,0.14766564965248108
2014-02-02,0.1541152447462082
2014-02-03,0.15013299882411957
2014-02-04,0.1407380849123001
2014-02-05,0.13826775550842285
2014-02-06,0.14453594386577606
2014-02-07,0.13081344962120056
2014-02-08,0.1223703920841217
2014-02-09,0.13015758991241455
2014-02-10,0.13233061134815216
2014-02-11,0.12387663871049881
2014-02-12,0.1227661743760109
2014-02-13,0.10224368423223495
2014-02-14,0.0734167993068695
2014-02-15,0.060764480382204056
2014-02-16,0.092086061835289
2014-02-17,0.10362547636032104
2014-02-18,0.09472368657588959
2014-02-19,0.08606822043657303
2014-02-20,0.07663267105817795
2014-02-21,0.06842739880084991
2014-02-22,0.05699070543050766
2014-02-23,0.06327677518129349
2014-02-24,0.04260467737913132
2014-02-25,0.04608303681015968
2014-02-26,0.06001419946551323
2014-02-27,0.06415405869483948
2014-02-28,0.06302982568740845
2014-03-01,0.06697960197925568
2014-03-02,0.0741627961397171
2014-03-03,0.08069385588169098
2014-03-04,0.07558679580688477
2014-03-05,0.07751581072807312
2014-03-06,0.07830280065536499
2014-03-07,0.08183403313159943
2014-03-08,0.08722705394029617
2014-03-09,0.09077592939138412
2014-03-10,0.07670293748378754
2014-03-11,0.07875114679336548
2014-03-12,0.07320355623960495
2014-03-13,0.07045876979827881
2014-03-14,0.06298147886991501
2014-03-15,0.04922390356659889
2014-03-16,0.061523959040641785
2014-03-17,0.07275078445672989
2014-03-18,0.05864536017179489
2014-03-19,0.04299672693014145
2014-03-20,0.03870544955134392
2014-03-21,0.02701648697257042
2014-03-22,0.02646748535335064
2014-03-23,0.03908001631498337
2014-03-24,0.03717305511236191
2014-03-25,0.035162050276994705
2014-03-26,0.04683159291744232
2014-03-27,0.06363680213689804
2014-03-28,0.06435948610305786
2014-03-29,0.07761191576719284
2014-03-30,0.05789555236697197
2014-03-31,0.07881400734186172
2014-04-01,0.08251909911632538
2014-04-02,0.09534882009029388
2014-04-03,0.0893830731511116
2014-04-04,0.08899052441120148
2014-04-05,0.09660457819700241
2014-04-06,0.1120128482580185
2014-04-07,0.11580567806959152
2014-04-08,0.11262033879756927
2014-04-09,0.09549446403980255
2014-04-10,0.09521818161010742
2014-04-11,0.07120899856090546
2014-04-12,0.08306775987148285
2014-04-13,0.09474428743124008
2014-04-14,0.08811382949352264
2014-04-15,0.078371562063694
2014-04-16,0.08814632892608643
2014-04-17,0.08946485072374344
2014-04-18,0.10108168423175812
2014-04-19,0.11265501379966736
2014-04-20,0.09504339843988419
2014-04-21,0.07129989564418793
2014-04-22,0.07376887649297714
2014-04-23,0.06855644285678864
2014-04-24,0.06720032542943954
2014-04-25,0.06323345005512238
2014-04-26,0.056612636893987656
2014-04-27,0.05059143528342247
2014-04-28,0.034736618399620056
2014-04-29,0.017774494364857674
2014-04-30,0.019567953422665596
2014-05-01,0.02168206498026848
2014-05-02,0.024947013705968857
2014-05-03,0.018044792115688324
2014-05-04,0.0352189838886261
2014-05-05,0.0399986132979393
2014-05-06,0.044960927218198776
2014-05-07,0.055967848747968674
2014-05-08,0.06456100940704346
2014-05-09,0.05162755399942398
2014-05-10,0.06753036379814148
2014-05-11,0.09479446709156036
2014-05-12,0.07698887586593628
2014-05-13,0.07401915639638901
2014-05-14,0.06376339495182037
2014-05-15,0.06377505511045456
2014-05-16,0.03965034708380699
2014-05-17,0.04580089449882507
2014-05-18,0.04625207558274269
2014-05-19,0.02898242324590683
2014-05-20,0.018495382741093636
2014-05-21,0.013369111344218254
2014-05-22,0.020027639344334602
2014-05-23,0.00666394317522645
2014-05-24,0.001298948423936963
2014-05-25,0.008073301985859871
2014-05-26,0.007654653396457434
2014-05-27,-0.0014143014559522271
2014-05-28,-0.008596902713179588
2014-05-29,-0.009754372760653496
2014-05-30,-0.018955104053020477
2014-05-31,-0.021902022883296013
2014-06-01,-0.011824827641248703
2014-06-02,0.005810590926557779
2014-06-03,0.01603763736784458
2014-06-04,0.016134433448314667
2014-06-05,0.03342282399535179
2014-06-06,0.040247637778520584
2014-06-07,0.05545570328831673
2014-06-08,0.0775546059012413
2014-06-09,0.07657571136951447
2014-06-10,0.07265563309192657
2014-06-11,0.07701603323221207
2014-06-12,0.07303404808044434
2014-06-13,0.09185463190078735
2014-06-14,0.07128505408763885
2014-06-15,0.06068317964673042
2014-06-16,0.06204807758331299
2014-06-17,0.04936695843935013
2014-06-18,0.04870142787694931
2014-06-19,0.051341570913791656
2014-06-20,0.0543072335422039
2014-06-21,0.05226492881774902
2014-06-22,0.07680505514144897
2014-06-23,0.07953260838985443
2014-06-24,0.08892647922039032
2014-06-25,0.08066640049219131
2014-06-26,0.06686846166849136
2014-06-27,0.07801096141338348
2014-06-28,0.06418868899345398
2014-06-29,0.06158999353647232
2014-06-30,0.053313564509153366
2014-07-01,0.024875115603208542
2014-07-02,0.03249620646238327
2014-07-03,0.030154051259160042
2014-07-04,0.04691629856824875
2014-07-05,0.05676521360874176
2014-07-06,0.05514219403266907
2014-07-07,0.054486166685819626
2014-07-08,0.03805693984031677
2014-07-09,0.037042416632175446
2014-07-10,0.03670765459537506
2014-07-11,0.014894246123731136
2014-07-12,-0.011869993060827255
2014-07-13,0.01541400607675314
2014-07-14,0.007281861733645201
2014-07-15,0.02135399356484413
2014-07-16,0.029812078922986984
2014-07-17,0.033179495483636856
2014-07-18,0.013869027607142925
2014-07-19,0.023117175325751305
2014-07-20,0.02540990523993969
2014-07-21,0.02055693417787552
2014-07-22,0.012466635555028915
2014-07-23,0.01929929293692112
2014-07-24,0.03328293189406395
2014-07-25,0.04439448565244675
2014-07-26,0.028672300279140472
2014-07-27,0.011724193580448627
2014-07-28,0.011401806026697159
2014-07-29,0.007171056233346462
2014-07-30,0.012273091822862625
2014-07-31,0.017549142241477966
2014-08-01,0.021717770025134087
2014-08-02,0.038979049772024155
2014-08-03,0.05384021997451782
2014-08-04,0.062214337289333344
2014-08-05,0.061854347586631775
2014-08-06,0.05184388533234596
2014-08-07,0.024610916152596474
2014-08-08,0.010674865916371346
2014-08-09,0.0007455148734152317
2014-08-10,-0.0018215472809970379
2014-08-11,0.01825977861881256
2014-08-12,0.01741642691195011
2014-08-13,0.011183011345565319
2014-08-14,0.013599656522274017
2014-08-15,0.00542015815153718
2014-08-16,0.016125280410051346
2014-08-17,0.028162827715277672
2014-08-18,0.031157977879047394
2014-08-19,0.02354349009692669
2014-08-20,0.03197374567389488
2014-08-21,0.027512896806001663
2014-08-22,0.036751214414834976
2014-08-23,0.03175738453865051
2014-08-24,0.05036349594593048
2014-08-25,0.057067953050136566
2014-08-26,0.07206928730010986
2014-08-27,0.07966941595077515
2014-08-28,0.08725960552692413
2014-08-29,0.084963358938694
2014-08-30,0.0895305648446083
2014-08-31,0.08944222331047058
2014-09-01,0.07160139828920364
2014-09-02,0.07246806472539902
2014-09-03,0.07054539024829865
2014-09-04,0.07364851236343384
2014-09-05,0.08364187180995941
2014-09-06,0.07972177863121033
2014-09-07,0.08794073760509491
2014-09-08,0.0803755670785904
2014-09-09,0.0912274643778801
2014-09-10,0.0809391438961029
2014-09-11,0.08533043414354324
2014-09-12,0.08183787763118744
2014-09-13,0.09931961447000504
2014-09-14,0.10141363739967346
2014-09-15,0.11820095777511597
2014-09-16,0.10120488703250885
2014-09-17,0.09416718780994415
2014-09-18,0.10584965348243713
2014-09-19,0.10740886628627777
2014-09-20,0.0940265879034996
2014-09-21,0.10894133150577545
2014-09-22,0.11003252863883972
2014-09-23,0.11234940588474274
2014-09-24,0.11241990327835083
2014-09-25,0.1053687036037445
2014-09-26,0.0952308252453804
2014-09-27,0.12844593822956085
2014-09-28,0.12537331879138947
2014-09-29,0.12002138048410416
2014-09-30,0.11742310971021652
2014-10-01,0.10676900297403336
2014-10-02,0.10723462700843811
2014-10-03,0.11217720806598663
2014-10-04,0.12216649949550629
2014-10-05,0.1447252631187439
2014-10-06,0.1540086716413498
2014-10-07,0.14025208353996277
2014-10-08,0.1305091381072998
2014-10-09,0.1394670009613037
2014-10-10,0.12662595510482788
2014-10-11,0.10726018249988556
2014-10-12,0.11062335222959518
2014-10-13,0.0895649641752243
2014-10-14,0.07147166877985
2014-10-15,0.05983690172433853
2014-10-16,0.025245925411581993
2014-10-17,0.01755954511463642
2014-10-18,0.031856466084718704
2014-10-19,0.037914667278528214
2014-10-20,0.020839739590883255
2014-10-21,0.016337089240550995
2014-10-22,0.0045854877680540085
2014-10-23,0.02182288095355034
2014-10-24,0.020173626020550728
2014-10-25,0.030060719698667526
2014-10-26,0.04204016923904419
2014-10-27,0.012018827721476555
2014-10-28,0.01958748698234558
2014-10-29,0.04337817057967186
2014-10-30,0.04537206143140793
2014-10-31,0.05269358307123184
2014-11-01,0.054752614349126816
2014-11-02,0.07489872723817825
2014-11-03,0.06375571340322495
2014-11-04,0.0910748839378357
2014-11-05,0.08719057589769363
2014-11-06,0.09321616590023041
2014-11-07,0.1114969402551651
2014-11-08,0.12336317449808121
2014-11-09,0.129733145236969
2014-11-10,0.13932695984840393
2014-11-11,0.13542863726615906
2014-11-12,0.1393488049507141
2014-11-13,0.1405336707830429
2014-11-14,0.12736158072948456
2014-11-15,0.15528470277786255
2014-11-16,0.17571212351322174
2014-11-17,0.16717956960201263
2014-11-18,0.14103259146213531
2014-11-19,0.16000033915042877
2014-11-20,0.15964213013648987
2014-11-21,0.16506768763065338
2014-11-22,0.16710442304611206
2014-11-23,0.1576819121837616
2014-11-24,0.17228874564170837
2014-11-25,0.1636498123407364
2014-11-26,0.17150548100471497
2014-11-27,0.17321865260601044
2014-11-28,0.16896745562553406
2014-11-29,0.15518006682395935
2014-11-30,0.18947681784629822
2014-12-01,0.1918417364358902
2014-12-02,0.17987053096294403
2014-12-03,0.18376240134239197
2014-12-04,0.17407549917697906
2014-12-05,0.18532659113407135
2014-12-06,0.20161782205104828
2014-12-07,0.20482106506824493
2014-12-08,0.21668510138988495
2014-12-09,0.22161807119846344
2014-12-10,0.21546222269535065
2014-12-11,0.21208815276622772
2014-12-12,0.19129440188407898
2014-12-13,0.22413653135299683
2014-12-14,0.23332877457141876
2014-12-15,0.2176637202501297
2014-12-16,0.20917882025241852
2014-12-17,0.1910155713558197
2014-12-18,0.19589601457118988
2014-12-19,0.19950492680072784
2014-12-20,0.2059807926416397
2014-12-21,0.19489498436450958
2014-12-22,0.1644420325756073
2014-12-23,0.18924634158611298
2014-12-24,0.22360731661319733
2014-12-25,0.22538357973098755
2014-12-26,0.24313698709011078
2014-12-27,0.2368796169757843
2014-12-28,0.23817521333694458
2014-12-29,0.24808165431022644
2014-12-30,0.2369735836982727
2014-12-31,0.2375609129667282
2015-01-01,0.2420600950717926
2015-01-02,0.2332872897386551
2015-01-03,0.2299952507019043
2015-01-04,0.22166913747787476
2015-01-05,0.20336121320724487
2015-01-06,0.21996445953845978
2015-01-07,0.2335948944091797
2015-01-08,0.22729255259037018
2015-01-09,0.23118607699871063
2015-01-10,0.23618094623088837
2015-01-11,0.23845024406909943
2015-01-12,0.2407880574464798
2015-01-13,0.23538191616535187
2015-01-14,0.22217877209186554
2015-01-15,0.21410353481769562
2015-01-16,0.18742340803146362
2015-01-17,0.17934127151966095
2015-01-18,0.19243036210536957
2015-01-19,0.20353864133358002
2015-01-20,0.20766581594944
2015-01-21,0.22039544582366943
2015-01-22,0.21654559671878815
2015-01-23,0.2046394795179367
2015-01-24,0.21187125146389008
2015-01-25,0.21142266690731049
2015-01-26,0.1983318328857422
2015-01-27,0.19682401418685913
2015-01-28,0.19176605343818665
2015-01-29,0.1898522824048996
2015-01-30,0.1954432725906372
2015-01-31,0.20854434370994568
2015-02-01,0.22051367163658142
2015-02-02,0.21834875643253326
2015-02-03,0.20493021607398987
2015-02-04,0.1942831575870514
2015-02-05,0.2056245058774948
2015-02-06,0.20503923296928406
2015-02-07,0.22197027504444122
2015-02-08,0.2118193507194519
2015-02-09,0.18823012709617615
2015-02-10,0.18303543329238892
2015-02-11,0.1752588152885437
2015-02-12,0.17356444895267487
2015-02-13,0.17832663655281067
2015-02-14,0.17348776757717133
2015-02-15,0.17111411690711975
2015-02-16,0.16556313633918762
2015-02-17,0.14793527126312256
2015-02-18,0.13777802884578705
2015-02-19,0.11201658844947815
2015-02-20,0.1059291735291481
2015-02-21,0.06952695548534393
2015-02-22,0.08879965543746948
2015-02-23,0.09547872096300125
2015-02-24,0.08619736135005951
2015-02-25,0.10009914636611938
2015-02-26,0.1210586205124855
2015-02-27,0.13029107451438904
2015-02-28,0.14435964822769165
2015-03-01,0.1299327164888382
2015-03-02,0.13128502666950226
2015-03-03,0.1286316066980362
2015-03-04,0.13247835636138916
2015-03-05,0.12718769907951355
2015-03-06,0.12110575288534164
2015-03-07,0.13853999972343445
2015-03-08,0.1477145105600357
2015-03-09,0.1440778374671936
2015-03-10,0.13804470002651215
2015-03-11,0.12949100136756897
2015-03-12,0.12456651777029037
2015-03-13,0.10927696526050568
2015-03-14,0.1042994037270546
2015-03-15,0.11960294097661972
2015-03-16,0.12881328165531158
2015-03-17,0.12409140169620514
2015-03-18,0.12611888349056244
2015-03-19,0.13752707839012146
2015-03-20,0.12661266326904297
2015-03-21,0.12492632120847702
2015-03-22,0.1315009444952011
2015-03-23,0.13432344794273376
2015-03-24,0.13658592104911804
2015-03-25,0.1380656510591507
2015-03-26,0.13350844383239746
2015-03-27,0.13918226957321167
2015-03-28,0.14622339606285095
2015-03-29,0.1611017882823944
2015-03-30,0.16379797458648682
2015-03-31,0.16033394634723663
2015-04-01,0.17024339735507965
2015-04-02,0.17644457519054413
2015-04-03,0.17363499104976654
2015-04-04,0.1701151728630066
2015-04-05,0.1743728518486023
2015-04-06,0.162445530295372
2015-04-07,0.17379388213157654
2015-04-08,0.1832556128501892
2015-04-09,0.1914907544851303
2015-04-10,0.17144331336021423
2015-04-11,0.16084624826908112
2015-04-12,0.15769420564174652
2015-04-13,0.13858574628829956
2015-04-14,0.14220939576625824
2015-04-15,0.14476904273033142
2015-04-16,0.1364298164844513
2015-04-17,0.12889376282691956
2015-04-18,0.11503244191408157
2015-04-19,0.1321171373128891
2015-04-20,0.13221809267997742
2015-04-21,0.1320023238658905
2015-04-22,0.12636664509773254
2015-04-23,0.11591313779354095
2015-04-24,0.10261238366365433
2015-04-25,0.1095048114657402
2015-04-26,0.11961831897497177
2015-04-27,0.12849406898021698
2015-04-28,0.14352472126483917
2015-04-29,0.1465362310409546
2015-04-30,0.14801311492919922
2015-05-01,0.15604591369628906
2015-05-02,0.1686265915632248
2015-05-03,0.17103521525859833
2015-05-04,0.17093077301979065
2015-05-05,0.17091809213161469
2015-05-06,0.15427635610103607
2015-05-07,0.15586070716381073
2015-05-08,0.16756859421730042
2015-05-09,0.16471856832504272
2015-05-10,0.14539748430252075
2015-05-11,0.14876586198806763
2015-05-12,0.13408200442790985
2015-05-13,0.1329629123210907
2015-05-14,0.12780643999576569
2015-05-15,0.1263643205165863
2015-05-16,0.13761122524738312
2015-05-17,0.14322857558727264
2015-05-18,0.1481030434370041
2015-05-19,0.14397388696670532
2015-05-20,0.14533472061157227
2015-05-21,0.14338821172714233
2015-05-22,0.12732379138469696
2015-05-23,0.1406128704547882
2015-05-24,0.12290545552968979
2015-05-25,0.1079816147685051
2015-05-26,0.09994255751371384
2015-05-27,0.07809357345104218
2015-05-28,0.048207540065050125
2015-05-29,0.04023726284503937
2015-05-30,0.0428801104426384
2015-05-31,0.034082669764757156
2015-06-01,0.049048252403736115
2015-06-02,0.04814834147691727
2015-06-03,0.04249130189418793
2015-06-04,0.03271011635661125
2015-06-05,0.03460245952010155
2015-06-06,0.040752965956926346
2015-06-07,0.06334026902914047
2015-06-08,0.05979391559958458
2015-06-09,0.04173487424850464
2015-06-10,0.041305940598249435
2015-06-11,0.04384508356451988
2015-06-12,0.03965885564684868
2015-06-13,0.038648396730422974
2015-06-14,0.0463939867913723
2015-06-15,0.03685123473405838
2015-06-16,0.040760695934295654
2015-06-17,0.05160485953092575
2015-06-18,0.06582508981227875
2015-06-19,0.06892140954732895
2015-06-20,0.05863448977470398
2015-06-21,0.065090611577034
2015-06-22,0.07267837971448898
2015-06-23,0.06811552494764328
2015-06-24,0.07808610796928406
2015-06-25,0.07450053840875626
2015-06-26,0.09210880100727081
2015-06-27,0.10873287916183472
2015-06-28,0.12192343175411224
2015-06-29,0.08915171027183533
2015-06-30,0.05184393748641014
2015-07-01,0.05100300535559654
2015-07-02,0.05484616383910179
2015-07-03,0.044211700558662415
2015-07-04,0.030666448175907135
2015-07-05,0.015887539833784103
2015-07-06,-0.004248043522238731
2015-07-07,0.0041162241250276566
2015-07-08,-0.005389678291976452
2015-07-09,-0.010468091815710068
2015-07-10,-0.027458559721708298
2015-07-11,-0.03278009220957756
2015-07-12,-0.034040991216897964
2015-07-13,-0.04179051145911217
2015-07-14,-0.04191875085234642
2015-07-15,-0.04116051644086838
2015-07-16,-0.03617854416370392
2015-07-17,-0.028870180249214172
2015-07-18,-0.0010364055633544922
2015-07-19,-0.001198837417177856
2015-07-20,0.009307920932769775
2015-07-21,0.003947173245251179
2015-07-22,0.020062368363142014
2015-07-23,0.0329941101372242
2015-07-24,0.04432132467627525
2015-07-25,0.04308892413973808
2015-07-26,0.04147910699248314
2015-07-27,0.05190728232264519
2015-07-28,0.06385031342506409
2015-07-29,0.08365941792726517
2015-07-30,0.09037039428949356
2015-07-31,0.08895991742610931
2015-08-01,0.09298086911439896
2015-08-02,0.07528003305196762
2015-08-03,0.07213204354047775
2015-08-04,0.07837259024381638
2015-08-05,0.0963820368051529
2015-08-06,0.10338836908340454
2015-08-07,0.11803566664457321
2015-08-08,0.13316510617733002
2015-08-09,0.13071437180042267
2015-08-10,0.1480986475944519
2015-08-11,0.14643211662769318
2015-08-12,0.14201267063617706
2015-08-13,0.13023945689201355
2015-08-14,0.12223687767982483
2015-08-15,0.1037600040435791
2015-08-16,0.11956203728914261
2015-08-17,0.12269888073205948
2015-08-18,0.13198181986808777
2015-08-19,0.1111970841884613
2015-08-20,0.09945350140333176
2015-08-21,0.07660559564828873
2015-08-22,0.05243111029267311
2015-08-23,0.06434837728738785
2015-08-24,0.05393566936254501
2015-08-25,0.011178026907145977
2015-08-26,0.004126586951315403
2015-08-27,0.017055315896868706
2015-08-28,0.025613658130168915
2015-08-29,0.05499948933720589
2015-08-30,0.05291822925209999
2015-08-31,0.046840500086545944
2015-09-01,0.04307176545262337
2015-09-02,0.04533503204584122
2015-09-03,0.05048256367444992
2015-09-04,0.04986511915922165
2015-09-05,0.038953687995672226
2015-09-06,0.0542217455804348
2015-09-07,0.044478245079517365
2015-09-08,0.04961469769477844
2015-09-09,0.0644942969083786
2015-09-10,0.05447401478886604
2015-09-11,0.051886074244976044
2015-09-12,0.04513903707265854
2015-09-13,0.04087048023939133
2015-09-14,0.03992750123143196
2015-09-15,0.03553955256938934
2015-09-16,0.026839863508939743
2015-09-17,0.03132692724466324
2015-09-18,0.019480794668197632
2015-09-19,0.01703803613781929
2015-09-20,0.038171883672475815
2015-09-21,0.045598115772008896
2015-09-22,0.052767544984817505
2015-09-23,0.02708168514072895
2015-09-24,0.020560048520565033
2015-09-25,0.019817253574728966
2015-09-26,0.015298297628760338
2015-09-27,0.030920954421162605
2015-09-28,0.05060011148452759
2015-09-29,0.05338861048221588
2015-09-30,0.061368003487586975
2015-10-01,0.045625437051057816
2015-10-02,0.030600911006331444
2015-10-03,0.019068799912929535
2015-10-04,0.029400276020169258
2015-10-05,0.03792634233832359
2015-10-06,0.04566996544599533
2015-10-07,0.03965311869978905
2015-10-08,0.026252256706357002
2015-10-09,0.01265767402946949
2015-10-10,0.004269926343113184
2015-10-11,-0.002639373764395714
2015-10-12,0.012812395580112934
2015-10-13,0.047395009547472
2015-10-14,0.026795847341418266
2015-10-15,0.012660665437579155
2015-10-16,0.0018393842037767172
2015-10-17,0.013998216018080711
2015-10-18,0.023491136729717255
2015-10-19,0.023494217544794083
2015-10-20,0.0246089156717062
2015-10-21,0.02243277244269848
2015-10-22,0.01718493364751339
2015-10-23,0.01644940860569477
2015-10-24,0.02156212367117405
2015-10-25,0.01576313190162182
2015-10-26,0.010156100615859032
2015-10-27,0.01376466453075409
2015-10-28,0.012563119642436504
2015-10-29,0.007257380057126284
2015-10-30,0.008304907009005547
2015-10-31,-0.008153518661856651
2015-11-01,-0.014413277618587017
2015-11-02,-0.004991624504327774
2015-11-03,-0.009788312949240208
2015-11-04,0.0032606543973088264
2015-11-05,0.006311495788395405
2015-11-06,0.0034916612785309553
2015-11-07,0.030474510043859482
2015-11-08,0.065404012799263
2015-11-09,0.0851430669426918
2015-11-10,0.08927764743566513
2015-11-11,0.090021051466465
2015-11-12,0.0928221046924591
2015-11-13,0.1116715744137764
2015-11-14,0.10487807542085648
2015-11-15,0.10826782137155533
2015-11-16,0.09543334692716599
2015-11-17,0.10301481932401657
2015-11-18,0.0931975319981575
2015-11-19,0.07398487627506256
2015-11-20,0.074884794652462
2015-11-21,0.08237648010253906
2015-11-22,0.10183268040418625
2015-11-23,0.11071645468473434
2015-11-24,0.09805424511432648
2015-11-25,0.09492526203393936
2015-11-26,0.09849845618009567
2015-11-27,0.11298314481973648
2015-11-28,0.13445024192333221
2015-11-29,0.16383008658885956
2015-11-30,0.16615785658359528
2015-12-01,0.14143677055835724
2015-12-02,0.1505100131034851
2015-12-03,0.13563598692417145
2015-12-04,0.128697469830513
2015-12-05,0.15256904065608978
2015-12-06,0.16230890154838562
2015-12-07,0.17688791453838348
2015-12-08,0.17404375970363617
2015-12-09,0.1491316258907318
2015-12-10,0.14250604808330536
2015-12-11,0.1441844254732132
2015-12-12,0.1652485579252243
2015-12-13,0.17211395502090454
2015-12-14,0.1522817313671112
2015-12-15,0.15796145796775818
2015-12-16,0.15922561287879944
2015-12-17,0.16147573292255402
2015-12-18,0.15807412564754486
2015-12-19,0.1431887447834015
2015-12-20,0.14115703105926514
2015-12-21,0.13295993208885193
2015-12-22,0.13473275303840637
2015-12-23,0.13516393303871155
2015-12-24,0.1343015879392624
2015-12-25,0.14508947730064392
2015-12-26,0.19103409349918365
2015-12-27,0.18956635892391205
2015-12-28,0.1939236968755722
2015-12-29,0.21588872373104095
2015-12-30,0.20748767256736755
2015-12-31,0.18952630460262299
2016-01-01,0.16061444580554962
2016-01-02,0.1892940253019333
2016-01-03,0.17103859782218933
2016-01-04,0.18459360301494598
2016-01-05,0.1486002653837204
2016-01-06,0.14331072568893433
2016-01-07,0.1193937212228775
2016-01-08,0.11638259142637253
2016-01-09,0.12980929017066956
2016-01-10,0.1370413601398468
2016-01-11,0.13426807522773743
2016-01-12,0.11455726623535156
2016-01-13,0.11661465466022491
2016-01-14,0.11290890723466873
2016-01-15,0.10229875892400742
2016-01-16,0.06552484631538391
2016-01-17,0.06007542461156845
2016-01-18,0.05769849196076393
2016-01-19,0.05087222158908844
2016-01-20,0.025465432554483414
2016-01-21,0.006687925197184086
2016-01-22,0.010879877023398876
2016-01-23,0.00013052024587523192
2016-01-24,0.0007280534482561052
2016-01-25,-0.001304303645156324
2016-01-26,0.003282517194747925
2016-01-27,-0.000809483986813575
2016-01-28,-0.0018983782501891255
2016-01-29,-0.007898956537246704
2016-01-30,-0.005676367320120335
2016-01-31,-0.009487131610512733
2016-02-01,-0.01618770882487297
2016-02-02,-0.0020350944250822067
2016-02-03,0.006325989495962858
2016-02-04,0.003937169443815947
2016-02-05,-0.00732250465080142
2016-02-06,-0.022068234160542488
2016-02-07,-0.015662090852856636
2016-02-08,-0.01721765659749508
2016-02-09,-0.03191789612174034
2016-02-10,-0.04538355767726898
2016-02-11,-0.06628637760877609
2016-02-12,-0.0910741463303566
2016-02-13,-0.0891084298491478
2016-02-14,-0.08309414982795715
2016-02-15,-0.07986302673816681
2016-02-16,-0.09053192287683487
2016-02-17,-0.09117681533098221
2016-02-18,-0.09592592716217041
2016-02-19,-0.08530666679143906
2016-02-20,-0.07535099238157272
2016-02-21,-0.04573836922645569
2016-02-22,-0.04996643215417862
2016-02-23,-0.04356617107987404
2016-02-24,-0.052566707134246826
2016-02-25,-0.05419844388961792
2016-02-26,-0.04707702249288559
2016-02-27,-0.038526155054569244
2016-02-28,-0.021723607555031776
2016-02-29,-0.02596919983625412
2016-03-01,-0.03925676643848419
2016-03-02,-0.03237514570355415
2016-03-03,-0.03278398513793945
2016-03-04,-0.04047826677560806
2016-03-05,-0.03453700244426727
2016-03-06,-0.014983690343797207
2016-03-07,-0.01828927733004093
2016-03-08,-0.019708577543497086
2016-03-09,-0.02026207186281681
2016-03-10,-0.032626520842313766
2016-03-11,-0.03174757957458496
2016-03-12,-0.05152355507016182
2016-03-13,-0.03745777904987335
2016-03-14,-0.035469479858875275
2016-03-15,-0.029840679839253426
2016-03-16,-0.03104790672659874
2016-03-17,-0.04075034707784653
2016-03-18,-0.05073484405875206
2016-03-19,-0.04486612230539322
2016-03-20,-0.028610602021217346
2016-03-21,-0.01604050025343895
2016-03-22,-0.020745784044265747
2016-03-23,-0.015167091973125935
2016-03-24,-0.02913723886013031
2016-03-25,-0.024164117872714996
2016-03-26,0.004065449349582195
2016-03-27,-0.0032734896522015333
2016-03-28,0.0012200711062178016
2016-03-29,0.0175166092813015
2016-03-30,0.018495019525289536
2016-03-31,0.011130939237773418
2016-04-01,0.01881149783730507
2016-04-02,0.01612146385014057
2016-04-03,0.011732502840459347
2016-04-04,0.015434692613780499
2016-04-05,-0.0042685894295573235
2016-04-06,-0.010805021971464157
2016-04-07,-0.02798553742468357
2016-04-08,-0.029255108907818794
2016-04-09,-0.022396421059966087
2016-04-10,-0.00686895614489913
2016-04-11,0.0007217440288513899
2016-04-12,0.014190874993801117
2016-04-13,-0.0026774562429636717
2016-04-14,-0.009831096976995468
2016-04-15,-0.028103359043598175
2016-04-16,-0.026253987103700638
2016-04-17,-0.012897759675979614
2016-04-18,-0.017344389110803604
2016-04-19,-0.02314615063369274
2016-04-20,-0.02070840820670128
2016-04-21,-0.0189659483730793
2016-04-22,-0.015277267433702946
2016-04-23,0.007603918202221394
2016-04-24,-0.013277419842779636
2016-04-25,-0.008246383629739285
2016-04-26,-0.002798026194795966
2016-04-27,-0.016837861388921738
2016-04-28,-0.01622045785188675
2016-04-29,-0.011440019123256207
2016-04-30,-0.02060513198375702
2016-05-01,-0.01881571300327778
2016-05-02,-0.017771631479263306
2016-05-03,-0.02114592306315899
2016-05-04,-0.010246728546917439
2016-05-05,-0.016863057389855385
2016-05-06,-0.004050285089761019
2016-05-07,-0.008214370347559452
2016-05-08,0.009535235352814198
2016-05-09,0.00916952732950449
2016-05-10,0.0025360004510730505
2016-05-11,-0.002450844505801797
2016-05-12,0.00864226184785366
2016-05-13,0.007141875568777323
2016-05-14,0.022086717188358307
2016-05-15,0.015002796426415443
2016-05-16,0.0258043073117733
2016-05-17,0.04078001528978348
2016-05-18,0.03269973769783974
2016-05-19,0.04320501908659935
2016-05-20,0.03836248442530632
2016-05-21,0.0676269456744194
2016-05-22,0.09957482665777206
2016-05-23,0.08732103556394577
2016-05-24,0.07150906324386597
2016-05-25,0.06993595510721207
2016-05-26,0.07963094860315323
2016-05-27,0.09103910624980927
2016-05-28,0.10180549323558807
2016-05-29,0.09538955986499786
2016-05-30,0.1099567711353302
2016-05-31,0.12192489951848984
2016-06-01,0.1447318196296692
2016-06-02,0.13783960044384003
2016-06-03,0.12217806279659271
2016-06-04,0.10416841506958008
2016-06-05,0.1169171929359436
2016-06-06,0.12016437947750092
2016-06-07,0.11602060496807098
2016-06-08,0.12702129781246185
2016-06-09,0.12670795619487762
2016-06-10,0.11361293494701385
2016-06-11,0.09838390350341797
2016-06-12,0.10824240744113922
2016-06-13,0.0908123254776001
2016-06-14,0.08595268428325653
2016-06-15,0.08466017246246338
2016-06-16,0.06325355917215347
2016-06-17,0.05058741942048073
2016-06-18,0.002739944029599428
2016-06-19,-0.02249533124268055
2016-06-20,-0.03868973255157471
2016-06-21,-0.04054959490895271
2016-06-22,-0.04282432794570923
2016-06-23,-0.04385529085993767
2016-06-24,-0.048538003116846085
2016-06-25,-0.05239611864089966
2016-06-26,-0.055848605930805206
2016-06-27,-0.07079356163740158
2016-06-28,-0.07299952954053879
2016-06-29,-0.07304319739341736
2016-06-30,-0.07854481786489487
2016-07-01,-0.07639499753713608
2016-07-02,-0.07258498668670654
2016-07-03,-0.04897349327802658
2016-07-04,-0.0460636168718338
2016-07-05,-0.05743224918842316
2016-07-06,-0.07017970085144043
2016-07-07,-0.07247822731733322
2016-07-08,-0.060773421078920364
2016-07-09,-0.04345667362213135
2016-07-10,-0.030056433752179146
2016-07-11,-0.0322079211473465
2016-07-12,-0.04772823303937912
2016-07-13,-0.048847444355487823
2016-07-14,-0.04622899368405342
2016-07-15,-0.03285262733697891
2016-07-16,-0.01597869023680687
2016-07-17,-0.03003680147230625
2016-07-18,-0.024267880246043205
2016-07-19,-0.035017840564250946
2016-07-20,-0.01845058798789978
2016-07-21,-0.021428953856229782
2016-07-22,-0.011213375255465508
2016-07-23,0.009933311492204666
2016-07-24,0.008243993856012821
2016-07-25,0.011273117735981941
2016-07-26,0.021818319335579872
2016-07-27,0.03713950142264366
2016-07-28,0.03358489274978638
2016-07-29,0.037066444754600525
2016-07-30,0.04723650962114334
2016-07-31,0.0677175298333168
2016-08-01,0.07561995089054108
2016-08-02,0.07673552632331848
2016-08-03,0.08421497792005539
2016-08-04,0.07160443067550659
2016-08-05,0.07718425244092941
2016-08-06,0.09621882438659668
2016-08-07,0.09397346526384354
2016-08-08,0.10012880712747574
2016-08-09,0.10339465737342834
2016-08-10,0.1175902858376503
2016-08-11,0.11179700493812561
2016-08-12,0.11717645823955536
2016-08-13,0.14063230156898499
2016-08-14,0.14803586900234222
2016-08-15,0.1354566514492035
2016-08-16,0.14685839414596558
2016-08-17,0.15445153415203094
2016-08-18,0.16144923865795135
2016-08-19,0.17133617401123047
2016-08-20,0.18137603998184204
2016-08-21,0.1900106519460678
2016-08-22,0.19980628788471222
2016-08-23,0.19487915933132172
2016-08-24,0.1871739774942398
2016-08-25,0.1747911423444748
2016-08-26,0.17533458769321442
2016-08-27,0.1815055012702942
2016-08-28,0.190060555934906
2016-08-29,0.17849290370941162
2016-08-30,0.17420093715190887
2016-08-31,0.16176778078079224
2016-09-01,0.14875870943069458
2016-09-02,0.13683012127876282
2016-09-03,0.13446573913097382
2016-09-04,0.1526045799255371
2016-09-05,0.15179267525672913
2016-09-06,0.14524421095848083
2016-09-07,0.14396825432777405
2016-09-08,0.12781913578510284
2016-09-09,0.11959512531757355
2016-09-10,0.12787115573883057
2016-09-11,0.12631116807460785
2016-09-12,0.11909686774015427
2016-09-13,0.11824724078178406
2016-09-14,0.1261792778968811
2016-09-15,0.12761196494102478
2016-09-16,0.1303810328245163
2016-09-17,0.13303688168525696
2016-09-18,0.13343751430511475
2016-09-19,0.10613023489713669
2016-09-20,0.09871501475572586
2016-09-21,0.08778803050518036
2016-09-22,0.08699255436658859
2016-09-23,0.08085975795984268
2016-09-24,0.09365516901016235
2016-09-25,0.09807798266410828
2016-09-26,0.0812285766005516
2016-09-27,0.06746691465377808
2016-09-28,0.06772030144929886
2016-09-29,0.06403513997793198
2016-09-30,0.05970553308725357
2016-10-01,0.05934000387787819
2016-10-02,0.069389708340168
2016-10-03,0.06593448668718338
2016-10-04,0.057483211159706116
2016-10-05,0.055391065776348114
2016-10-06,0.05512186512351036
2016-10-07,0.05372712388634682
2016-10-08,0.05365673080086708
2016-10-09,0.0637175589799881
2016-10-10,0.07234790921211243
2016-10-11,0.07074940204620361
2016-10-12,0.0717599168419838
2016-10-13,0.061277978122234344
2016-10-14,0.06251639872789383
2016-10-15,0.06779778748750687
2016-10-16,0.059875570237636566
2016-10-17,0.048365868628025055
2016-10-18,0.0543183796107769
2016-10-19,0.05928177386522293
2016-10-20,0.0554594062268734
2016-10-21,0.05367156118154526
2016-10-22,0.07033509016036987
2016-10-23,0.07154446095228195
2016-10-24,0.07688573002815247
2016-10-25,0.10132187604904175
2016-10-26,0.09965897351503372
2016-10-27,0.09635892510414124
2016-10-28,0.09154044091701508
2016-10-29,0.11954954266548157
2016-10-30,0.11812777072191238
2016-10-31,0.10709922015666962
2016-11-01,0.10454217344522476
2016-11-02,0.08851546049118042
2016-11-03,0.08256595581769943
2016-11-04,0.09915480017662048
2016-11-05,0.11728350818157196
2016-11-06,0.1184808537364006
2016-11-07,0.11786773055791855
2016-11-08,0.13011880218982697
2016-11-09,0.13871799409389496
2016-11-10,0.1515732854604721
2016-11-11,0.16408579051494598
2016-11-12,0.1891506016254425
2016-11-13,0.21218782663345337
2016-11-14,0.22328303754329681
2016-11-15,0.22764362394809723
2016-11-16,0.2305450588464737
2016-11-17,0.22650393843650818
2016-11-18,0.24477562308311462
2016-11-19,0.25970402359962463
2016-11-20,0.26912832260131836
2016-11-21,0.27128857374191284
2016-11-22,0.2723236382007599
2016-11-23,0.28209513425827026
2016-11-24,0.2760171592235565
2016-11-25,0.2701650857925415
2016-11-26,0.2631714940071106
2016-11-27,0.28745317459106445
2016-11-28,0.2910339832305908
2016-11-29,0.2853437662124634
2016-11-30,0.2986094653606415
2016-12-01,0.3043210506439209
2016-12-02,0.3053310215473175
2016-12-03,0.3136047124862671
2016-12-04,0.3241659104824066
2016-12-05,0.32174789905548096
2016-12-06,0.3126995265483856
2016-12-07,0.3088821470737457
2016-12-08,0.30750250816345215
2016-12-09,0.3115718364715576
2016-12-10,0.32856348156929016
2016-12-11,0.32870957255363464
2016-12-12,0.3228108286857605
2016-12-13,0.31250280141830444
2016-12-14,0.3207607567310333
2016-12-15,0.32343196868896484
2016-12-16,0.31900960206985474
2016-12-17,0.3113619387149811
2016-12-18,0.31777244806289673
2016-12-19,0.2851765751838684
2016-12-20,0.27146947383880615
2016-12-21,0.25341081619262695
2016-12-22,0.25065717101097107
2016-12-23,0.26748210191726685
2016-12-24,0.2476903647184372
2016-12-25,0.23359760642051697
2016-12-26,0.24338603019714355
2016-12-27,0.2543106973171234
2016-12-28,0.2478540539741516
2016-12-29,0.25641313195228577
2016-12-30,0.2524319291114807
2016-12-31,0.2502569854259491
2017-01-01,0.25959232449531555
2017-01-02,0.2625964879989624
2017-01-03,0.2719239890575409
2017-01-04,0.2830655574798584
2017-01-05,0.29143112897872925
2017-01-06,0.30842116475105286
2017-01-07,0.3284938335418701
2017-01-08,0.3207504451274872
2017-01-09,0.31112250685691833
2017-01-10,0.3002138137817383
2017-01-11,0.298652708530426
2017-01-12,0.27503466606140137
2017-01-13,0.27238744497299194
2017-01-14,0.29710742831230164
2017-01-15,0.29916587471961975
2017-01-16,0.3115631341934204
2017-01-17,0.31633898615837097
2017-01-18,0.32560867071151733
2017-01-19,0.32850977778434753
2017-01-20,0.3212089538574219
2017-01-21,0.31540173292160034
2017-01-22,0.3167490065097809
2017-01-23,0.3193741738796234
2017-01-24,0.31808918714523315
2017-01-25,0.31285560131073
2017-01-26,0.3028910756111145
2017-01-27,0.298886775970459
2017-01-28,0.3097781538963318
2017-01-29,0.3133777379989624
2017-01-30,0.2991321086883545
2017-01-31,0.2890222370624542
2017-02-01,0.28402531147003174
2017-02-02,0.28812623023986816
2017-02-03,0.2869091331958771
2017-02-04,0.3108888268470764
2017-02-05,0.3240486979484558
2017-02-06,0.31653741002082825
2017-02-07,0.31818610429763794
2017-02-08,0.314819872379303
2017-02-09,0.30898532271385193
2017-02-10,0.3070749342441559
2017-02-11,0.3046700060367584
2017-02-12,0.29474273324012756
2017-02-13,0.30466848611831665
2017-02-14,0.30729350447654724
2017-02-15,0.3099649250507355
2017-02-16,0.3077850341796875
2017-02-17,0.30005431175231934
2017-02-18,0.3044109642505646
2017-02-19,0.33042097091674805
2017-02-20,0.3275744616985321
2017-02-21,0.32188111543655396
2017-02-22,0.31442055106163025
2017-02-23,0.31653234362602234
2017-02-24,0.3129381835460663
2017-02-25,0.32078173756599426
2017-02-26,0.3231929540634155
2017-02-27,0.33488035202026367
2017-02-28,0.3348299562931061
2017-03-01,0.33309394121170044
2017-03-02,0.3277951180934906
2017-03-03,0.327213853597641
2017-03-04,0.32947227358818054
2017-03-05,0.334790974855423
2017-03-06,0.3241255581378937
2017-03-07,0.31545042991638184
2017-03-08,0.30068081617355347
2017-03-09,0.2860213816165924
2017-03-10,0.27990856766700745
2017-03-11,0.2959608733654022
2017-03-12,0.27899566292762756
2017-03-13,0.27762913703918457
2017-03-14,0.26375365257263184
2017-03-15,0.26073163747787476
2017-03-16,0.26248469948768616
2017-03-17,0.25892704725265503
2017-03-18,0.2636512815952301
2017-03-19,0.260376900434494
2017-03-20,0.25709328055381775
2017-03-21,0.24749016761779785
2017-03-22,0.23701520264148712
2017-03-23,0.2337694615125656
2017-03-24,0.23426243662834167
2017-03-25,0.2209244817495346
2017-03-26,0.23923279345035553
2017-03-27,0.23780930042266846
2017-03-28,0.223222017288208
2017-03-29,0.23350472748279572
2017-03-30,0.22090928256511688
2017-03-31,0.2207472175359726
2017-04-01,0.2213176041841507
2017-04-02,0.22837038338184357
2017-04-03,0.23273326456546783
2017-04-04,0.21942897140979767
2017-04-05,0.20554447174072266
2017-04-06,0.1964418590068817
2017-04-07,0.19716466963291168
2017-04-08,0.19399289786815643
2017-04-09,0.205548495054245
2017-04-10,0.1991833746433258
2017-04-11,0.18826737999916077
2017-04-12,0.17524123191833496
2017-04-13,0.18391656875610352
2017-04-14,0.19813501834869385
2017-04-15,0.17150592803955078
2017-04-16,0.17853571474552155
2017-04-17,0.1968492567539215
2017-04-18,0.19009914994239807
2017-04-19,0.19077332317829132
2017-04-20,0.18683265149593353
2017-04-21,0.1649470031261444
2017-04-22,0.16092655062675476
2017-04-23,0.16282135248184204
2017-04-24,0.16535158455371857
2017-04-25,0.16137467324733734
2017-04-26,0.1668556183576584
2017-04-27,0.18128803372383118
2017-04-28,0.18332475423812866
2017-04-29,0.18697813153266907
2017-04-30,0.20081773400306702
2017-05-01,0.21277165412902832
2017-05-02,0.2237779200077057
2017-05-03,0.22400908172130585
2017-05-04,0.208870530128479
2017-05-05,0.2076576054096222
2017-05-06,0.21081194281578064
2017-05-07,0.2210642546415329
2017-05-08,0.22789369523525238
2017-05-09,0.21485869586467743
2017-05-10,0.22536759078502655
2017-05-11,0.2206019163131714
2017-05-12,0.2340804487466812
2017-05-13,0.22724609076976776
2017-05-14,0.2267763614654541
2017-05-15,0.24496105313301086
2017-05-16,0.23642559349536896
2017-05-17,0.22664862871170044
2017-05-18,0.21616370975971222
2017-05-19,0.21438118815422058
2017-05-20,0.19739727675914764
2017-05-21,0.19816385209560394
2017-05-22,0.1997727006673813
2017-05-23,0.19234822690486908
2017-05-24,0.18912051618099213
2017-05-25,0.17892980575561523
2017-05-26,0.16586241126060486
2017-05-27,0.16738827526569366
2017-05-28,0.18640215694904327
2017-05-29,0.18171854317188263
2017-05-30,0.18054081499576569
2017-05-31,0.18495751917362213
2017-06-01,0.18553577363491058
2017-06-02,0.1703922003507614
2017-06-03,0.16375882923603058
2017-06-04,0.1509304940700531
2017-06-05,0.144878551363945
2017-06-06,0.14237500727176666
2017-06-07,0.13138572871685028
2017-06-08,0.1111360564827919
2017-06-09,0.09887053817510605
2017-06-10,0.08149801194667816
2017-06-11,0.09153604507446289
2017-06-12,0.09837645292282104
2017-06-13,0.08884552121162415
2017-06-14,0.09656989574432373
2017-06-15,0.09268660843372345
2017-06-16,0.09920728951692581
2017-06-17,0.10658477246761322
2017-06-18,0.11231844127178192
2017-06-19,0.11033237725496292
2017-06-20,0.11356744170188904
2017-06-21,0.11653155833482742
2017-06-22,0.1132955253124237
2017-06-23,0.10309574753046036
2017-06-24,0.08194632828235626
2017-06-25,0.08983826637268066
2017-06-26,0.09451527148485184
2017-06-27,0.08033877611160278
2017-06-28,0.07731348276138306
2017-06-29,0.0670204907655716
2017-06-30,0.05886254459619522
2017-07-01,0.04151037707924843
2017-07-02,0.031449683010578156
2017-07-03,0.038461241871118546
2017-07-04,0.04272101819515228
2017-07-05,0.030443508177995682
2017-07-06,0.02737600915133953
2017-07-07,0.03742564097046852
2017-07-08,0.04212236776947975
2017-07-09,0.0368519201874733
2017-07-10,0.05142205208539963
2017-07-11,0.049934059381484985
2017-07-12,0.053127944469451904
2017-07-13,0.05554291978478432
2017-07-14,0.06852338463068008
2017-07-15,0.07822505384683609
2017-07-16,0.07709217071533203
2017-07-17,0.08318508416414261
2017-07-18,0.09175235033035278
2017-07-19,0.10062664747238159
2017-07-20,0.09795571863651276
2017-07-21,0.10419829189777374
2017-07-22,0.09372038394212723
2017-07-23,0.10237149894237518
2017-07-24,0.09979519993066788
2017-07-25,0.10365727543830872
2017-07-26,0.11789440363645554
2017-07-27,0.1177687868475914
2017-07-28,0.13370072841644287
2017-07-29,0.15431751310825348
2017-07-30,0.1454634964466095
2017-07-31,0.14540314674377441
2017-08-01,0.16088803112506866
2017-08-02,0.15190599858760834
2017-08-03,0.15573851764202118
2017-08-04,0.15520340204238892
2017-08-05,0.17795321345329285
2017-08-06,0.18279467523097992
2017-08-07,0.1860143095254898
2017-08-08,0.17145158350467682
2017-08-09,0.19299116730690002
2017-08-10,0.17809584736824036
2017-08-11,0.15715302526950836
2017-08-12,0.13467970490455627
2017-08-13,0.11991514265537262
2017-08-14,0.1434139907360077
2017-08-15,0.1458701342344284
2017-08-16,0.14043161273002625
2017-08-17,0.1381673812866211
2017-08-18,0.13837629556655884
2017-08-19,0.13923276960849762
2017-08-20,0.14950095117092133
2017-08-21,0.1616363376379013
2017-08-22,0.14983367919921875
2017-08-23,0.1310385763645172
2017-08-24,0.1011771410703659
2017-08-25,0.0783979669213295
2017-08-26,0.0746665820479393
2017-08-27,0.08890269696712494
2017-08-28,0.10562258958816528
2017-08-29,0.10198494046926498
2017-08-30,0.12137935310602188
2017-08-31,0.1419554352760315
2017-09-01,0.14742425084114075
2017-09-02,0.1352395862340927
2017-09-03,0.11377714574337006
2017-09-04,0.07827870547771454
2017-09-05,0.06611362844705582
2017-09-06,0.058881573379039764
2017-09-07,0.04222497344017029
2017-09-08,0.031482890248298645
2017-09-09,0.018425846472382545
2017-09-10,0.03566069155931473
2017-09-11,0.020750725641846657
2017-09-12,0.016935914754867554
2017-09-13,0.025239884853363037
2017-09-14,0.03223733603954315
2017-09-15,0.020759914070367813
2017-09-16,0.018379295244812965
2017-09-17,0.01891426555812359
2017-09-18,0.029844118282198906
2017-09-19,0.040712665766477585
2017-09-20,0.03794625774025917
2017-09-21,0.048271648585796356
2017-09-22,0.042371299117803574
2017-09-23,0.045029133558273315
2017-09-24,0.057643502950668335
2017-09-25,0.05138449743390083
2017-09-26,0.048208773136138916
2017-09-27,0.05740733444690704
2017-09-28,0.0752016231417656
2017-09-29,0.10126090049743652
2017-09-30,0.12138329446315765
2017-10-01,0.136964350938797
2017-10-02,0.1533699482679367
2017-10-03,0.15234173834323883
2017-10-04,0.15387345850467682
2017-10-05,0.1464783251285553
2017-10-06,0.14626085758209229
2017-10-07,0.13204389810562134
2017-10-08,0.11524318903684616
2017-10-09,0.10892791301012039
2017-10-10,0.1002032458782196
2017-10-11,0.1080593392252922
2017-10-12,0.1102311834692955
2017-10-13,0.12253544479608536
2017-10-14,0.10498703271150589
2017-10-15,0.11570392549037933
2017-10-16,0.13846266269683838
2017-10-17,0.15399238467216492
2017-10-18,0.1719609797000885
2017-10-19,0.17406682670116425
2017-10-20,0.17026010155677795
2017-10-21,0.15415579080581665
2017-10-22,0.15046535432338715
2017-10-23,0.1668487936258316
2017-10-24,0.16585953533649445
2017-10-25,0.17682534456253052
2017-10-26,0.18178579211235046
2017-10-27,0.2001398652791977
2017-10-28,0.22072875499725342
2017-10-29,0.23070886731147766
2017-10-30,0.23644313216209412
2017-10-31,0.2492384910583496
2017-11-01,0.25069090723991394
2017-11-02,0.25535130500793457
2017-11-03,0.2618909776210785
2017-11-04,0.2639991343021393
2017-11-05,0.27373525500297546
2017-11-06,0.2793545424938202
2017-11-07,0.2877550721168518
2017-11-08,0.3027113974094391
2017-11-09,0.2977258265018463
2017-11-10,0.29107820987701416
2017-11-11,0.2910170555114746
2017-11-12,0.2972789704799652
2017-11-13,0.30472758412361145
2017-11-14,0.2986805737018585
2017-11-15,0.3009950816631317
2017-11-16,0.2950524389743805
2017-11-17,0.27733367681503296
2017-11-18,0.2659516930580139
2017-11-19,0.27305108308792114
2017-11-20,0.28604549169540405
2017-11-21,0.28979822993278503
2017-11-22,0.27092447876930237
2017-11-23,0.24170516431331635
2017-11-24,0.2415892779827118
2017-11-25,0.2020527422428131
2017-11-26,0.20113220810890198
2017-11-27,0.1957719326019287
2017-11-28,0.2105066329240799
2017-11-29,0.20907580852508545
2017-11-30,0.211988627910614
2017-12-01,0.2104804515838623
2017-12-02,0.20517686009407043
2017-12-03,0.19716894626617432
2017-12-04,0.19966572523117065
2017-12-05,0.20874765515327454
2017-12-06,0.2072141021490097
2017-12-07,0.20131424069404602
2017-12-08,0.21670754253864288
2017-12-09,0.22950394451618195
2017-12-10,0.24649271368980408
2017-12-11,0.25305578112602234
2017-12-12,0.2676208019256592
2017-12-13,0.26360586285591125
2017-12-14,0.2596527934074402
2017-12-15,0.2688021957874298
2017-12-16,0.28179651498794556
2017-12-17,0.2890557646751404
2017-12-18,0.28676703572273254
2017-12-19,0.2781551480293274
2017-12-20,0.277675598859787
2017-12-21,0.28421416878700256
2017-12-22,0.28144124150276184
2017-12-23,0.29167672991752625
2017-12-24,0.29303279519081116
2017-12-25,0.30911681056022644
2017-12-26,0.31181997060775757
2017-12-27,0.3136465847492218
2017-12-28,0.30032914876937866
2017-12-29,0.28769007325172424
2017-12-30,0.2753168046474457
2017-12-31,0.2897646725177765
2018-01-01,0.2728036940097809
2018-01-02,0.26570478081703186
2018-01-03,0.28406602144241333
2018-01-04,0.25536060333251953
2018-01-05,0.25428181886672974
2018-01-06,0.2662164568901062
2018-01-07,0.2748599648475647
2018-01-08,0.2873312532901764
2018-01-09,0.2929131090641022
2018-01-10,0.3006388545036316
2018-01-11,0.29536956548690796
2018-01-12,0.29947370290756226
2018-01-13,0.2916531264781952
2018-01-14,0.2897942066192627
2018-01-15,0.254932701587677
2018-01-16,0.24500925838947296
2018-01-17,0.24658450484275818
2018-01-18,0.23747850954532623
2018-01-19,0.2373487502336502
2018-01-20,0.22344587743282318
2018-01-21,0.19030939042568207
2018-01-22,0.18256407976150513
2018-01-23,0.18380841612815857
2018-01-24,0.18440896272659302
2018-01-25,0.19163434207439423
2018-01-26,0.20687083899974823
2018-01-27,0.21518811583518982
2018-01-28,0.20714884996414185
2018-01-29,0.19953271746635437
2018-01-30,0.2147759050130844
2018-01-31,0.2284940481185913
2018-02-01,0.22737255692481995
2018-02-02,0.23272010684013367
2018-02-03,0.23447030782699585
2018-02-04,0.24241311848163605
2018-02-05,0.2560698091983795
2018-02-06,0.23080229759216309
2018-02-07,0.20925742387771606
2018-02-08,0.1902199387550354
2018-02-09,0.17546404898166656
2018-02-10,0.17337791621685028
2018-02-11,0.16474634408950806
2018-02-12,0.16069068014621735
2018-02-13,0.16641755402088165
2018-02-14,0.17110982537269592
2018-02-15,0.17095543444156647
2018-02-16,0.17172551155090332
2018-02-17,0.16291213035583496
2018-02-18,0.14897271990776062
2018-02-19,0.1308523267507553
2018-02-20,0.13839907944202423
2018-02-21,0.1377759426832199
2018-02-22,0.1345045268535614
2018-02-23,0.1366349458694458
2018-02-24,0.13877439498901367
2018-02-25,0.13947220146656036
2018-02-26,0.15745136141777039
2018-02-27,0.16830644011497498
2018-02-28,0.19173330068588257
2018-03-01,0.18386609852313995
2018-03-02,0.16696810722351074
2018-03-03,0.14966513216495514
2018-03-04,0.13829194009304047
2018-03-05,0.1284947544336319
2018-03-06,0.12239855527877808
2018-03-07,0.11446955800056458
2018-03-08,0.10602323710918427
2018-03-09,0.10307611525058746
2018-03-10,0.11554936319589615
2018-03-11,0.12019659578800201
2018-03-12,0.12793222069740295
2018-03-13,0.131062850356102
2018-03-14,0.14354179799556732
2018-03-15,0.13837119936943054
2018-03-16,0.14041583240032196
2018-03-17,0.15221109986305237
2018-03-18,0.16087102890014648
2018-03-19,0.14929482340812683
2018-03-20,0.1449929028749466
2018-03-21,0.13427790999412537
2018-03-22,0.13125844299793243
2018-03-23,0.11385998874902725
2018-03-24,0.09407217055559158
2018-03-25,0.09242679178714752
2018-03-26,0.08559437096118927
2018-03-27,0.07608095556497574
2018-03-28,0.08076022565364838
2018-03-29,0.08640427142381668
2018-03-30,0.08737635612487793
2018-03-31,0.08485326170921326
2018-04-01,0.0778646245598793
2018-04-02,0.052541546523571014
2018-04-03,0.06242664158344269
2018-04-04,0.04988383874297142
2018-04-05,0.026892075315117836
2018-04-06,0.008290090598165989
2018-04-07,-0.006271797232329845
2018-04-08,0.006431777495890856
2018-04-09,-0.003275802358984947
2018-04-10,-0.021455729380249977
2018-04-11,-0.018345192074775696
2018-04-12,-0.013329153880476952
2018-04-13,-0.0051055606454610825
2018-04-14,0.0010814990382641554
2018-04-15,0.019287757575511932
2018-04-16,0.01257973350584507
2018-04-17,0.01934732124209404
2018-04-18,0.007688439916819334
2018-04-19,0.013332794420421124
2018-04-20,0.005974425468593836
2018-04-21,0.021681854501366615
2018-04-22,0.00019525019160937518
2018-04-23,0.011951267719268799
2018-04-24,0.02229989878833294
2018-04-25,0.020808309316635132
2018-04-26,0.014791480265557766
2018-04-27,0.03366236388683319
2018-04-28,0.043907854706048965
2018-04-29,0.057780876755714417
2018-04-30,0.05682123079895973
2018-05-01,0.053208161145448685
2018-05-02,0.054313354194164276
2018-05-03,0.051465149968862534
2018-05-04,0.053126461803913116
2018-05-05,0.059072576463222504
2018-05-06,0.057497184723615646
2018-05-07,0.06515541672706604
2018-05-08,0.07456033676862717
2018-05-09,0.07357805967330933
2018-05-10,0.053502291440963745
2018-05-11,0.051848772913217545
2018-05-12,0.04964708164334297
2018-05-13,0.05911393463611603
2018-05-14,0.060068752616643906
2018-05-15,0.0634523555636406
2018-05-16,0.05377669632434845
2018-05-17,0.053365327417850494
2018-05-18,0.04612017795443535
2018-05-19,0.048792850226163864
2018-05-20,0.05348031222820282
2018-05-21,0.06028875708580017
2018-05-22,0.04171111434698105
2018-05-23,0.027119457721710205
2018-05-24,0.01965898647904396
2018-05-25,0.016020577400922775
2018-05-26,0.02240944840013981
2018-05-27,0.03739168122410774
2018-05-28,0.038407400250434875
2018-05-29,0.018620526418089867
2018-05-30,-0.002072637900710106
2018-05-31,-0.014019705355167389
2018-06-01,-0.026980837807059288
2018-06-02,-0.02793927863240242
2018-06-03,-0.04243253543972969
2018-06-04,-0.049033936113119125
2018-06-05,-0.06083143502473831
2018-06-06,-0.06519715487957001
2018-06-07,-0.0637817233800888
2018-06-08,-0.05076036602258682
2018-06-09,-0.04248158261179924
2018-06-10,-0.045072395354509354
2018-06-11,-0.05284885689616203
2018-06-12,-0.048604417592287064
2018-06-13,-0.03737028315663338
2018-06-14,-0.030571438372135162
2018-06-15,-0.0280220415443182
2018-06-16,-0.03362768143415451
2018-06-17,-0.03418166562914848
2018-06-18,-0.0382065549492836
2018-06-19,-0.06186751648783684
2018-06-20,-0.08129855990409851
2018-06-21,-0.09220107644796371
2018-06-22,-0.09237674623727798
2018-06-23,-0.0945805162191391
2018-06-24,-0.09520143270492554
2018-06-25,-0.10876210033893585
2018-06-26,-0.12972518801689148
2018-06-27,-0.1386234313249588
2018-06-28,-0.13603803515434265
2018-06-29,-0.13314837217330933
2018-06-30,-0.13922011852264404
2018-07-01,-0.13104858994483948
2018-07-02,-0.12932948768138885
2018-07-03,-0.13028690218925476
2018-07-04,-0.14027529954910278
2018-07-05,-0.15166470408439636
2018-07-06,-0.15315426886081696
2018-07-07,-0.16716444492340088
2018-07-08,-0.1696348935365677
2018-07-09,-0.15016336739063263
2018-07-10,-0.13792625069618225
2018-07-11,-0.1432540863752365
2018-07-12,-0.15006844699382782
2018-07-13,-0.14005425572395325
2018-07-14,-0.13913536071777344
2018-07-15,-0.12546773254871368
2018-07-16,-0.12340075522661209
2018-07-17,-0.12038108706474304
2018-07-18,-0.12118478864431381
2018-07-19,-0.12569500505924225
2018-07-20,-0.13014501333236694
2018-07-21,-0.1207619458436966
2018-07-22,-0.11615109443664551
2018-07-23,-0.10531788319349289
2018-07-24,-0.09541971981525421
2018-07-25,-0.09520355612039566
2018-07-26,-0.0865306481719017
2018-07-27,-0.07133851945400238
2018-07-28,-0.030882390215992928
2018-07-29,-0.029088106006383896
2018-07-30,-0.03680213540792465
2018-07-31,-0.019573912024497986
2018-08-01,-0.009166717529296875
2018-08-02,-1.800861173251178e-05
2018-08-03,0.008744151331484318
2018-08-04,-0.003908655606210232
2018-08-05,-0.01477122213691473
2018-08-06,-0.015924014151096344
2018-08-07,-0.027722876518964767
2018-08-08,-0.025660715997219086
2018-08-09,-0.028071243315935135
2018-08-10,-0.011873495765030384
2018-08-11,-0.024866895750164986
2018-08-12,-0.01879878342151642
2018-08-13,-0.02463170513510704
2018-08-14,-0.04766518250107765
2018-08-15,-0.07937287539243698
2018-08-16,-0.08311370760202408
2018-08-17,-0.08543563634157181
2018-08-18,-0.09251987934112549
2018-08-19,-0.06752915680408478
2018-08-20,-0.06727801263332367
2018-08-21,-0.04987949877977371
2018-08-22,-0.039764534682035446
2018-08-23,-0.04032101854681969
2018-08-24,-0.03348543867468834
2018-08-25,-0.032656263560056686
2018-08-26,-0.04519671946763992
2018-08-27,-0.03866502642631531
2018-08-28,-0.0149949686601758
2018-08-29,0.002631777198985219
2018-08-30,0.013950883410871029
2018-08-31,0.0192927997559309
2018-09-01,0.038557760417461395
2018-09-02,0.040518756955862045
2018-09-03,0.027467813342809677
2018-09-04,0.01706821843981743
2018-09-05,0.02331458404660225
2018-09-06,0.0317562073469162
2018-09-07,0.0434524267911911
2018-09-08,0.043976977467536926
2018-09-09,0.03609677031636238
2018-09-10,0.029526084661483765
2018-09-11,0.02245475724339485
2018-09-12,0.019718268886208534
2018-09-13,0.007748187053948641
2018-09-14,-0.0025559077039361
2018-09-15,-0.008600417524576187
2018-09-16,-0.030141865834593773
2018-09-17,-0.011298089288175106
2018-09-18,-0.013115191832184792
2018-09-19,-0.01836065575480461
2018-09-20,-0.01837659254670143
2018-09-21,-0.03093072772026062
2018-09-22,-0.031060492619872093
2018-09-23,-0.02007536217570305
2018-09-24,-0.019419440999627113
2018-09-25,-0.01577957719564438
2018-09-26,-0.014345440082252026
2018-09-27,-0.0010428810492157936
2018-09-28,-0.0025069620460271835
2018-09-29,0.019838552922010422
2018-09-30,0.030521756038069725
2018-10-01,0.05659987032413483
2018-10-02,0.08140834420919418
2018-10-03,0.09771503508090973
2018-10-04,0.10210609436035156
2018-10-05,0.09572786092758179
2018-10-06,0.08828514814376831
2018-10-07,0.09742258489131927
2018-10-08,0.110654816031456
2018-10-09,0.09172355383634567
2018-10-10,0.09805892407894135
2018-10-11,0.08712705224752426
2018-10-12,0.08035028725862503
2018-10-13,0.0691719502210617
2018-10-14,0.07002037018537521
2018-10-15,0.04917050153017044
2018-10-16,0.04782090336084366
2018-10-17,0.039084963500499725
2018-10-18,0.024426084011793137
2018-10-19,-0.00532951345667243
2018-10-20,0.016171671450138092
2018-10-21,0.0007992302998900414
2018-10-22,0.0032179078552871943
2018-10-23,-6.425484025385231e-05
2018-10-24,0.006408948916941881
2018-10-25,-0.005160740111023188
2018-10-26,7.871596608310938e-05
2018-10-27,0.009714046493172646
2018-10-28,0.019084135070443153
2018-10-29,0.027264121919870377
2018-10-30,0.018987856805324554
2018-10-31,0.03215264156460762
2018-11-01,0.04274319112300873
2018-11-02,0.04426073282957077
2018-11-03,0.054411619901657104
2018-11-04,0.03994660824537277
2018-11-05,0.046208932995796204
2018-11-06,0.044367510825395584
2018-11-07,0.03465830162167549
2018-11-08,0.03058035857975483
2018-11-09,0.03918912634253502
2018-11-10,0.043175749480724335
2018-11-11,0.03509830683469772
2018-11-12,0.04172179102897644
2018-11-13,0.05490509048104286
2018-11-14,0.06935879588127136
2018-11-15,0.06587650626897812
2018-11-16,0.06393035501241684
2018-11-17,0.07143393903970718
2018-11-18,0.06215734779834747
2018-11-19,0.05141230300068855
2018-11-20,0.06676889955997467
2018-11-21,0.04350109398365021
2018-11-22,0.045937925577163696
2018-11-23,0.04264526814222336
2018-11-24,0.05261669680476189
2018-11-25,0.08173472434282303
2018-11-26,0.08829118311405182
2018-11-27,0.08277415484189987
2018-11-28,0.08711200952529907
2018-11-29,0.08132290095090866
2018-11-30,0.08028947561979294
2018-12-01,0.08605309575796127
2018-12-02,0.08792684972286224
2018-12-03,0.09131159633398056
2018-12-04,0.08676695823669434
2018-12-05,0.09117038547992706
2018-12-06,0.07773756980895996
2018-12-07,0.062406186014413834
2018-12-08,0.04984768107533455
2018-12-09,0.0687321275472641
2018-12-10,0.059494998306035995
2018-12-11,0.03273199498653412
2018-12-12,0.020874591544270515
2018-12-13,0.010228334926068783
2018-12-14,0.008861090056598186
2018-12-15,0.0063105057924985886
2018-12-16,0.008149557746946812
2018-12-17,0.004533424042165279
2018-12-18,-0.012923887930810452
2018-12-19,-0.012324774637818336
2018-12-20,-0.02713046781718731
2018-12-21,-0.04034991189837456
2018-12-22,-0.04086378961801529
2018-12-23,-0.03914410248398781
2018-12-24,-0.034562233835458755
2018-12-25,-0.06081661581993103
2018-12-26,-0.07357064634561539
2018-12-27,-0.06719400733709335
2018-12-28,-0.07045614719390869
2018-12-29,-0.07221442461013794
2018-12-30,-0.060075778514146805
2018-12-31,-0.055794063955545425
2019-01-01,-0.06801006942987442
2019-01-02,-0.07873620837926865
2019-01-03,-0.09169057011604309
2019-01-04,-0.09174823015928268
2019-01-05,-0.09001018106937408
2019-01-06,-0.08415599167346954
2019-01-07,-0.0728299617767334
2019-01-08,-0.06664688140153885
2019-01-09,-0.07124347239732742
2019-01-10,-0.08214785158634186
2019-01-11,-0.0898769274353981
2019-01-12,-0.09758782386779785
2019-01-13,-0.08380842208862305
2019-01-14,-0.09696966409683228
2019-01-15,-0.09617239236831665
2019-01-16,-0.08701592683792114
2019-01-17,-0.09575138241052628
2019-01-18,-0.09052334725856781
2019-01-19,-0.08135863393545151
2019-01-20,-0.07312890142202377
2019-01-21,-0.07032374292612076
2019-01-22,-0.09134485572576523
2019-01-23,-0.10519617050886154
2019-01-24,-0.11096828430891037
2019-01-25,-0.1054602712392807
2019-01-26,-0.08547608554363251
2019-01-27,-0.08394801616668701
2019-01-28,-0.0919356420636177
2019-01-29,-0.10502313077449799
2019-01-30,-0.10850393027067184
2019-01-31,-0.11027348786592484
2019-02-01,-0.09475229680538177
2019-02-02,-0.07726223766803741
2019-02-03,-0.056706707924604416
2019-02-04,-0.04733653739094734
2019-02-05,-0.037007786333560944
2019-02-06,-0.03257220983505249
2019-02-07,-0.030369414016604424
2019-02-08,-0.026903798803687096
2019-02-09,-0.0189813282340765
2019-02-10,-0.0004920416395179927
2019-02-11,-0.006896142847836018
2019-02-12,-0.01478372048586607
2019-02-13,-0.007454987149685621
2019-02-14,-0.0182014349848032
2019-02-15,-0.015494998544454575
2019-02-16,-0.019920701161026955
2019-02-17,-0.0032045277766883373
2019-02-18,0.003286538412794471
2019-02-19,0.012375825084745884
2019-02-20,0.01903347857296467
2019-02-21,0.03498915582895279
2019-02-22,0.038040176033973694
2019-02-23,0.04223087057471275
2019-02-24,0.0616304948925972
2019-02-25,0.05241592228412628
2019-02-26,0.052352823317050934
2019-02-27,0.05534607172012329
2019-02-28,0.05937451869249344
2019-03-01,0.07176019996404648
2019-03-02,0.08867894858121872
2019-03-03,0.10005680471658707
2019-03-04,0.11547805368900299
2019-03-05,0.1294991374015808
2019-03-06,0.1308218389749527
2019-03-07,0.12206444144248962
2019-03-08,0.1160053238272667
2019-03-09,0.10775511711835861
2019-03-10,0.10039525479078293
2019-03-11,0.10097968578338623
2019-03-12,0.10211820155382156
2019-03-13,0.10468874126672745
2019-03-14,0.10064193606376648
2019-03-15,0.10035999119281769
2019-03-16,0.12585531175136566
2019-03-17,0.11532295495271683
2019-03-18,0.13127297163009644
2019-03-19,0.1444297730922699
2019-03-20,0.15240851044654846
2019-03-21,0.14953912794589996
2019-03-22,0.13219860196113586
2019-03-23,0.11054041236639023
2019-03-24,0.11238516867160797
2019-03-25,0.09572087228298187
2019-03-26,0.0875074565410614
2019-03-27,0.08119815587997437
2019-03-28,0.07036332786083221
2019-03-29,0.06344039738178253
2019-03-30,0.041506826877593994
2019-03-31,0.036379605531692505
2019-04-01,0.03280521556735039
2019-04-02,0.03271673619747162
2019-04-03,0.03339909017086029
2019-04-04,0.04859088733792305
2019-04-05,0.056319184601306915
2019-04-06,0.07694068551063538
2019-04-07,0.08135030418634415
2019-04-08,0.0868106260895729
2019-04-09,0.07676257193088531
2019-04-10,0.06751658767461777
2019-04-11,0.05996883660554886
2019-04-12,0.06767585873603821
2019-04-13,0.07734586298465729
2019-04-14,0.08591055124998093
2019-04-15,0.10858623683452606
2019-04-16,0.10700620710849762
2019-04-17,0.11494296789169312
2019-04-18,0.1237645298242569
2019-04-19,0.13885237276554108
2019-04-20,0.13657811284065247
2019-04-21,0.1423749476671219
2019-04-22,0.14317511022090912
2019-04-23,0.15287086367607117
2019-04-24,0.15844431519508362
2019-04-25,0.14571470022201538
2019-04-26,0.1468038707971573
2019-04-27,0.1649416983127594
2019-04-28,0.1852228343486786
2019-04-29,0.186233252286911
2019-04-30,0.20330923795700073
2019-05-01,0.1920425295829773
2019-05-02,0.17921039462089539
2019-05-03,0.19280388951301575
2019-05-04,0.21771714091300964
2019-05-05,0.23486490547657013
2019-05-06,0.22069260478019714
2019-05-07,0.1942564845085144
2019-05-08,0.1744014322757721
2019-05-09,0.157852903008461
2019-05-10,0.14301741123199463
2019-05-11,0.12456029653549194
2019-05-12,0.10706818848848343
2019-05-13,0.08217548578977585
2019-05-14,0.0644693672657013
2019-05-15,0.055854108184576035
2019-05-16,0.05024739354848862
2019-05-17,0.04344223812222481
2019-05-18,0.04188361018896103
2019-05-19,0.06755190342664719
2019-05-20,0.058279912918806076
2019-05-21,0.04427452012896538
2019-05-22,0.03148505464196205
2019-05-23,0.010875086300075054
2019-05-24,-0.0050383564084768295
2019-05-25,-0.006087890360504389
2019-05-26,0.00210909778252244
2019-05-27,0.0072748395614326
2019-05-28,-0.002526101190596819
2019-05-29,-0.01343563199043274
2019-05-30,-0.031223779544234276
2019-05-31,-0.05060989409685135
2019-06-01,-0.09022662043571472
2019-06-02,-0.1066165417432785
2019-06-03,-0.12020287662744522
2019-06-04,-0.14135167002677917
2019-06-05,-0.1651073545217514
2019-06-06,-0.17811504006385803
2019-06-07,-0.19358162581920624
2019-06-08,-0.20489896833896637
2019-06-09,-0.21847085654735565
2019-06-10,-0.21751169860363007
2019-06-11,-0.21485348045825958
2019-06-12,-0.2108403593301773
2019-06-13,-0.20936185121536255
2019-06-14,-0.20610763132572174
2019-06-15,-0.19186435639858246
2019-06-16,-0.19763772189617157
2019-06-17,-0.18463265895843506
2019-06-18,-0.18490877747535706
2019-06-19,-0.16450193524360657
2019-06-20,-0.16264894604682922
2019-06-21,-0.16747653484344482
2019-06-22,-0.18210041522979736
2019-06-23,-0.1749751716852188
2019-06-24,-0.1800956428050995
2019-06-25,-0.18260449171066284
2019-06-26,-0.18057407438755035
2019-06-27,-0.17513632774353027
2019-06-28,-0.16016724705696106
2019-06-29,-0.14361582696437836
2019-06-30,-0.14694631099700928
2019-07-01,-0.1571827232837677
2019-07-02,-0.16227731108665466
2019-07-03,-0.14524692296981812
2019-07-04,-0.15300869941711426
2019-07-05,-0.13896295428276062
2019-07-06,-0.1494714468717575
2019-07-07,-0.12540902197360992
2019-07-08,-0.13511034846305847
2019-07-09,-0.14237797260284424
2019-07-10,-0.13111837208271027
2019-07-11,-0.1231546700000763
2019-07-12,-0.12426605075597763
2019-07-13,-0.1091860681772232
2019-07-14,-0.10492803901433945
2019-07-15,-0.1023426502943039
2019-07-16,-0.10517682135105133
2019-07-17,-0.0975639820098877
2019-07-18,-0.08895227313041687
2019-07-19,-0.09023496508598328
2019-07-20,-0.07116962969303131
2019-07-21,-0.046776894479990005
2019-07-22,-0.03785356134176254
2019-07-23,-0.03162021562457085
2019-07-24,-0.04356689378619194
2019-07-25,-0.07037582993507385
2019-07-26,-0.06625732034444809
2019-07-27,-0.05508102849125862
2019-07-28,-0.043823305517435074
2019-07-29,-0.042842235416173935
2019-07-30,-0.03840538114309311
2019-07-31,-0.03798608481884003
2019-08-01,-0.057681359350681305
2019-08-02,-0.07408440113067627
2019-08-03,-0.0824076309800148
2019-08-04,-0.06292590498924255
2019-08-05,-0.06724978983402252
2019-08-06,-0.1137295514345169
2019-08-07,-0.1367352157831192
2019-08-08,-0.15021297335624695
2019-08-09,-0.18696723878383636
2019-08-10,-0.1851830780506134
2019-08-11,-0.17146895825862885
2019-08-12,-0.18522551655769348
2019-08-13,-0.20212756097316742
2019-08-14,-0.21791335940361023
2019-08-15,-0.24499985575675964
2019-08-16,-0.25805288553237915
2019-08-17,-0.28475362062454224
2019-08-18,-0.2942315936088562
2019-08-19,-0.2818179428577423
2019-08-20,-0.28923434019088745
2019-08-21,-0.28742656111717224
2019-08-22,-0.29043152928352356
2019-08-23,-0.29171404242515564
2019-08-24,-0.30857402086257935
2019-08-25,-0.30703455209732056
2019-08-26,-0.2996038496494293
2019-08-27,-0.27686604857444763
2019-08-28,-0.2509387135505676
2019-08-29,-0.20616063475608826
2019-08-30,-0.20451247692108154
2019-08-31,-0.19588935375213623
2019-09-01,-0.17712675034999847
2019-09-02,-0.17370250821113586
2019-09-03,-0.19289585947990417
2019-09-04,-0.19229242205619812
2019-09-05,-0.1882745772600174
2019-09-06,-0.18691466748714447
2019-09-07,-0.19104857742786407
2019-09-08,-0.20221731066703796
2019-09-09,-0.2014523595571518
2019-09-10,-0.19837485253810883
2019-09-11,-0.19638343155384064
2019-09-12,-0.18127861618995667
2019-09-13,-0.17161986231803894
2019-09-14,-0.1716468632221222
2019-09-15,-0.16413336992263794
2019-09-16,-0.1776202768087387
2019-09-17,-0.18559661507606506
2019-09-18,-0.1819237768650055
2019-09-19,-0.19603224098682404
2019-09-20,-0.19473764300346375
2019-09-21,-0.1981533020734787
2019-09-22,-0.1867438107728958
2019-09-23,-0.18304620683193207
2019-09-24,-0.15632352232933044
2019-09-25,-0.14933961629867554
2019-09-26,-0.1416921317577362
2019-09-27,-0.14043597877025604
2019-09-28,-0.16416166722774506
2019-09-29,-0.1539905071258545
2019-09-30,-0.14801068603992462
2019-10-01,-0.16450588405132294
2019-10-02,-0.1870003193616867
2019-10-03,-0.19790446758270264
2019-10-04,-0.19885291159152985
2019-10-05,-0.20239873230457306
2019-10-06,-0.22190096974372864
2019-10-07,-0.22739297151565552
2019-10-08,-0.2463560551404953
2019-10-09,-0.247453972697258
2019-10-10,-0.2577642500400543
2019-10-11,-0.23851554095745087
2019-10-12,-0.21422433853149414
2019-10-13,-0.19527257978916168
2019-10-14,-0.19378015398979187
2019-10-15,-0.18585006892681122
2019-10-16,-0.182438462972641
2019-10-17,-0.1932339370250702
2019-10-18,-0.18699930608272552
2019-10-19,-0.19088459014892578
2019-10-20,-0.18713709712028503
2019-10-21,-0.18069246411323547
2019-10-22,-0.17903073132038116
2019-10-23,-0.17035606503486633
2019-10-24,-0.16398164629936218
2019-10-25,-0.17753341794013977
2019-10-26,-0.19614249467849731
2019-10-27,-0.1782630980014801
2019-10-28,-0.17016537487506866
2019-10-29,-0.17204150557518005
2019-10-30,-0.1595059633255005
2019-10-31,-0.16165335476398468
2019-11-01,-0.14425528049468994
2019-11-02,-0.13297724723815918
2019-11-03,-0.13774988055229187
2019-11-04,-0.126200869679451
2019-11-05,-0.101845383644104
2019-11-06,-0.09484753757715225
2019-11-07,-0.09134212881326675
2019-11-08,-0.06944728642702103
2019-11-09,-0.06687244772911072
2019-11-10,-0.04390883445739746
2019-11-11,-0.032354917377233505
2019-11-12,-0.02326214872300625
2019-11-13,-0.020992815494537354
2019-11-14,-0.012396047823131084
2019-11-15,0.008836389519274235
2019-11-16,0.019704682752490044
2019-11-17,0.01413668878376484
2019-11-18,-0.022029384970664978
2019-11-19,-0.025402070954442024
2019-11-20,-0.030202044174075127
2019-11-21,-0.029635025188326836
2019-11-22,-0.027462173253297806
2019-11-23,-0.02365424670279026
2019-11-24,-0.04517549276351929
2019-11-25,-0.03340975195169449
2019-11-26,-0.0304285679012537
2019-11-27,-0.03435710817575455
2019-11-28,-0.025928538292646408
2019-11-29,-0.037045106291770935
2019-11-30,-0.022132616490125656
2019-12-01,-0.00711565837264061
2019-12-02,-0.0011859126389026642
2019-12-03,-0.004238180350512266
2019-12-04,-0.0036758806090801954
2019-12-05,-0.0005056855152361095
2019-12-06,0.009463803842663765
2019-12-07,0.01997341960668564
2019-12-08,0.033764127641916275
2019-12-09,0.01488061435520649
2019-12-10,0.03386044502258301
2019-12-11,0.05499689653515816
2019-12-12,0.055057767778635025
2019-12-13,0.06720105558633804
2019-12-14,0.08320294320583344
2019-12-15,0.0993356704711914
2019-12-16,0.09584656357765198
2019-12-17,0.09240410476922989
2019-12-18,0.10854283720254898
2019-12-19,0.11388495564460754
2019-12-20,0.13702762126922607
2019-12-21,0.13540270924568176
2019-12-22,0.12168774008750916
2019-12-23,0.13197392225265503
2019-12-24,0.14869919419288635
2019-12-25,0.1578635275363922
2019-12-26,0.15657320618629456
2019-12-27,0.17443053424358368
2019-12-28,0.20416152477264404
2019-12-29,0.19699567556381226
2019-12-30,0.1760978251695633
2019-12-31,0.18678018450737
2020-01-01,0.17746202647686005
2020-01-02,0.17126347124576569
2020-01-03,0.17962367832660675
2020-01-04,0.16741310060024261
2020-01-05,0.15406404435634613
2020-01-06,0.1465742290019989
2020-01-07,0.12992848455905914
2020-01-08,0.11655018478631973
2020-01-09,0.12187151610851288
2020-01-10,0.13901536166667938
2020-01-11,0.13448753952980042
2020-01-12,0.14960156381130219
2020-01-13,0.1477542519569397
2020-01-14,0.13857531547546387
2020-01-15,0.14113010466098785
2020-01-16,0.14786382019519806
2020-01-17,0.14754268527030945
2020-01-18,0.13131515681743622
2020-01-19,0.14752495288848877
2020-01-20,0.1349014937877655
2020-01-21,0.12190984934568405
2020-01-22,0.11718546599149704
2020-01-23,0.10487169027328491
2020-01-24,0.0785081684589386
2020-01-25,0.08821076154708862
2020-01-26,0.09851627796888351
2020-01-27,0.10098273307085037
2020-01-28,0.10117776691913605
2020-01-29,0.09246891736984253
2020-01-30,0.07969056069850922
2020-01-31,0.06632682681083679
2020-02-01,0.04785465821623802
2020-02-02,0.05212896317243576
2020-02-03,0.03187679871916771
2020-02-04,0.012438795529305935
2020-02-05,0.03544115275144577
2020-02-06,0.03407663851976395
2020-02-07,0.019770532846450806
2020-02-08,0.027556810528039932
2020-02-09,0.044226303696632385
2020-02-10,0.047914814203977585
2020-02-11,0.051804352551698685
2020-02-12,0.04504120349884033
2020-02-13,0.054305754601955414
2020-02-14,0.050129570066928864
2020-02-15,0.049767423421144485
2020-02-16,0.04829835891723633
2020-02-17,0.04953844100236893
2020-02-18,0.03485436737537384
2020-02-19,0.029103759676218033
2020-02-20,0.00925922580063343
2020-02-21,-0.010629097931087017
2020-02-22,-0.013688475824892521
2020-02-23,-0.012139600701630116
2020-02-24,-0.0018696506740525365
2020-02-25,-0.013018345460295677
2020-02-26,-0.006269949954003096
2020-02-27,-0.02056003548204899
2020-02-28,-0.07479660958051682
2020-02-29,-0.12369201332330704
2020-03-01,-0.1660054475069046
2020-03-02,-0.1737280935049057
2020-03-03,-0.20375698804855347
2020-03-04,-0.24176675081253052
2020-03-05,-0.23246805369853973
2020-03-06,-0.24683670699596405
2020-03-07,-0.2598452866077423
2020-03-08,-0.23812007904052734
2020-03-09,-0.2592530846595764
2020-03-10,-0.29492276906967163
2020-03-11,-0.30258437991142273
2020-03-12,-0.32821205258369446
2020-03-13,-0.3527488708496094
2020-03-14,-0.36042067408561707
2020-03-15,-0.37400445342063904
2020-03-16,-0.38506054878234863
2020-03-17,-0.4127797782421112
2020-03-18,-0.4202089011669159
2020-03-19,-0.4351547360420227
2020-03-20,-0.45456379652023315
2020-03-21,-0.47040674090385437
2020-03-22,-0.4923884868621826
2020-03-23,-0.5064994692802429
2020-03-24,-0.5204820036888123
2020-03-25,-0.5152194499969482
2020-03-26,-0.5211619138717651
2020-03-27,-0.5386016964912415
2020-03-28,-0.5409208536148071
2020-03-29,-0.5450049638748169
2020-03-30,-0.5577540993690491
2020-03-31,-0.5550161004066467
2020-04-01,-0.5646886825561523
2020-04-02,-0.5744001269340515
2020-04-03,-0.5908476114273071
2020-04-04,-0.6176221966743469
2020-04-05,-0.6100223064422607
2020-04-06,-0.6085885763168335
2020-04-07,-0.6063588857650757
2020-04-08,-0.5977770686149597
2020-04-09,-0.605033814907074
2020-04-10,-0.6052204966545105
2020-04-11,-0.5882915258407593
2020-04-12,-0.5840905904769897
2020-04-13,-0.5734454393386841
2020-04-14,-0.5608846545219421
2020-04-15,-0.5774973630905151
2020-04-16,-0.583324134349823
2020-04-17,-0.5885046720504761
2020-04-18,-0.5849476456642151
2020-04-19,-0.602767825126648
2020-04-20,-0.6168509125709534
2020-04-21,-0.6187270879745483
2020-04-22,-0.6209781765937805
2020-04-23,-0.6265431046485901
2020-04-24,-0.6489189863204956
2020-04-25,-0.6428285241127014
2020-04-26,-0.6369770169258118
2020-04-27,-0.636631429195404
2020-04-28,-0.6223897337913513
2020-04-29,-0.6134769916534424
2020-04-30,-0.6060231328010559
2020-05-01,-0.6120561361312866
2020-05-02,-0.6071425080299377
2020-05-03,-0.618628203868866
2020-05-04,-0.6191785931587219
2020-05-05,-0.610435962677002
2020-05-06,-0.6076458096504211
2020-05-07,-0.6239706873893738
2020-05-08,-0.6396644115447998
2020-05-09,-0.6446680426597595
2020-05-10,-0.6601274013519287
2020-05-11,-0.6504951119422913
2020-05-12,-0.6579462289810181
2020-05-13,-0.6470857262611389
2020-05-14,-0.6472187638282776
2020-05-15,-0.665588915348053
2020-05-16,-0.6640281081199646
2020-05-17,-0.6479333639144897
2020-05-18,-0.6421825289726257
2020-05-19,-0.6371163725852966
2020-05-20,-0.6367817521095276
2020-05-21,-0.6161952614784241
2020-05-22,-0.646624743938446
2020-05-23,-0.6576477885246277
2020-05-24,-0.6311219930648804
2020-05-25,-0.6351690888404846
2020-05-26,-0.6157718300819397
2020-05-27,-0.6006064414978027
2020-05-28,-0.598655641078949
2020-05-29,-0.6205484867095947
2020-05-30,-0.6081712245941162
2020-05-31,-0.5999583601951599
2020-06-01,-0.5779764652252197
2020-06-02,-0.6007178425788879
2020-06-03,-0.6053932309150696
2020-06-04,-0.614389181137085
2020-06-05,-0.616786777973175
2020-06-06,-0.6155677437782288
2020-06-07,-0.6146212816238403
2020-06-08,-0.6088896989822388
2020-06-09,-0.6190744638442993
2020-06-10,-0.6073537468910217
2020-06-11,-0.6004221439361572
2020-06-12,-0.6191855072975159
2020-06-13,-0.6218506693840027
2020-06-14,-0.623444676399231
2020-06-15,-0.6263047456741333
2020-06-16,-0.6180549263954163
2020-06-17,-0.6132568120956421
2020-06-18,-0.6233271360397339
2020-06-19,-0.6097145676612854
2020-06-20,-0.6059642434120178
2020-06-21,-0.5926405191421509
2020-06-22,-0.5871829986572266
2020-06-23,-0.5635412335395813
2020-06-24,-0.561662495136261
2020-06-25,-0.5732596516609192
2020-06-26,-0.5809885263442993
2020-06-27,-0.5739955306053162
2020-06-28,-0.561909556388855
2020-06-29,-0.5505803823471069
2020-06-30,-0.5396981239318848
2020-07-01,-0.5222224593162537
2020-07-02,-0.5227547883987427
2020-07-03,-0.5427244305610657
2020-07-04,-0.5246331095695496
2020-07-05,-0.5138034224510193
2020-07-06,-0.5036494731903076
2020-07-07,-0.48676639795303345
2020-07-08,-0.4766547977924347
2020-07-09,-0.4570884108543396
2020-07-10,-0.46474695205688477
2020-07-11,-0.47347116470336914
2020-07-12,-0.4704829156398773
2020-07-13,-0.4622269868850708
2020-07-14,-0.47930899262428284
2020-07-15,-0.45685601234436035
2020-07-16,-0.46569618582725525
2020-07-17,-0.46591416001319885
2020-07-18,-0.4601874351501465
2020-07-19,-0.44047948718070984
2020-07-20,-0.44741716980934143
2020-07-21,-0.4536285102367401
2020-07-22,-0.42839938402175903
2020-07-23,-0.4319321811199188
2020-07-24,-0.4491974115371704
2020-07-25,-0.4606964588165283
2020-07-26,-0.4456503987312317
2020-07-27,-0.4180232286453247
2020-07-28,-0.41981950402259827
2020-07-29,-0.4116237461566925
2020-07-30,-0.414695680141449
2020-07-31,-0.4358775317668915
2020-08-01,-0.41979342699050903
2020-08-02,-0.41838738322257996
2020-08-03,-0.4151371419429779
2020-08-04,-0.41187262535095215
2020-08-05,-0.40326595306396484
2020-08-06,-0.4058474898338318
2020-08-07,-0.4136863052845001
2020-08-08,-0.420511394739151
2020-08-09,-0.404930979013443
2020-08-10,-0.4088699221611023
2020-08-11,-0.4097992777824402
2020-08-12,-0.3920673131942749
2020-08-13,-0.38596153259277344
2020-08-14,-0.39963293075561523
2020-08-15,-0.3879287540912628
2020-08-16,-0.37375935912132263
2020-08-17,-0.3496410846710205
2020-08-18,-0.34309983253479004
2020-08-19,-0.3238385319709778
2020-08-20,-0.33905819058418274
2020-08-21,-0.35999178886413574
2020-08-22,-0.3567647635936737
2020-08-23,-0.34549492597579956
2020-08-24,-0.34509509801864624
2020-08-25,-0.3254148066043854
2020-08-26,-0.3144128620624542
2020-08-27,-0.3183680772781372
2020-08-28,-0.33041661977767944
2020-08-29,-0.33190038800239563
2020-08-30,-0.33201438188552856
2020-08-31,-0.339013010263443
2020-09-01,-0.32375773787498474
2020-09-02,-0.32649654150009155
2020-09-03,-0.32285088300704956
2020-09-04,-0.32395997643470764
2020-09-05,-0.3222084939479828
2020-09-06,-0.3015585243701935
2020-09-07,-0.3085785210132599
2020-09-08,-0.3052172362804413
2020-09-09,-0.3004457950592041
2020-09-10,-0.28843241930007935
2020-09-11,-0.2936856150627136
2020-09-12,-0.2870628535747528
2020-09-13,-0.2694290578365326
2020-09-14,-0.2823142111301422
2020-09-15,-0.2806475758552551
2020-09-16,-0.27477434277534485
2020-09-17,-0.2648291289806366
2020-09-18,-0.2823943495750427
2020-09-19,-0.26537764072418213
2020-09-20,-0.26493123173713684
2020-09-21,-0.27044743299484253
2020-09-22,-0.2644035518169403
2020-09-23,-0.2471168488264084
2020-09-24,-0.2465982288122177
2020-09-25,-0.26038870215415955
2020-09-26,-0.22917230427265167
2020-09-27,-0.23915185034275055
2020-09-28,-0.21589872241020203
2020-09-29,-0.19505439698696136
2020-09-30,-0.18628372251987457
2020-10-01,-0.19145813584327698
2020-10-02,-0.20543436706066132
2020-10-03,-0.24848723411560059
2020-10-04,-0.24434731900691986
2020-10-05,-0.2219015508890152
2020-10-06,-0.22401581704616547
2020-10-07,-0.22419986128807068
2020-10-08,-0.24485699832439423
2020-10-09,-0.2610359787940979
2020-10-10,-0.2509446144104004
2020-10-11,-0.22390276193618774
2020-10-12,-0.20309650897979736
2020-10-13,-0.2092428356409073
2020-10-14,-0.19286438822746277
2020-10-15,-0.1955851912498474
2020-10-16,-0.20860058069229126
2020-10-17,-0.2147860825061798
2020-10-18,-0.1873752772808075
2020-10-19,-0.18444736301898956
2020-10-20,-0.17664064466953278
2020-10-21,-0.15879419445991516
2020-10-22,-0.15600453317165375
2020-10-23,-0.1651766300201416
2020-10-24,-0.16304519772529602
2020-10-25,-0.1651584953069687
2020-10-26,-0.1404302567243576
2020-10-27,-0.13444548845291138
2020-10-28,-0.13162103295326233
2020-10-29,-0.13561521470546722
2020-10-30,-0.13330285251140594
2020-10-31,-0.10528691112995148
2020-11-01,-0.09541913866996765
2020-11-02,-0.0840839073061943
2020-11-03,-0.09418955445289612
2020-11-04,-0.09357337653636932
2020-11-05,-0.08712418377399445
2020-11-06,-0.11818227916955948
2020-11-07,-0.12199342995882034
2020-11-08,-0.1168566569685936
2020-11-09,-0.10037477314472198
2020-11-10,-0.09824182093143463
2020-11-11,-0.11004405468702316
2020-11-12,-0.12237189710140228
2020-11-13,-0.1475258320569992
2020-11-14,-0.15030452609062195
2020-11-15,-0.14087407290935516
2020-11-16,-0.15434789657592773
2020-11-17,-0.13731922209262848
2020-11-18,-0.13547785580158234
2020-11-19,-0.1285068690776825
2020-11-20,-0.15414206683635712
2020-11-21,-0.1409418135881424
2020-11-22,-0.12709954380989075
2020-11-23,-0.10492069274187088
2020-11-24,-0.09667057543992996
2020-11-25,-0.11520236730575562
2020-11-26,-0.1510276049375534
2020-11-27,-0.1515985131263733
2020-11-28,-0.16468693315982819
2020-11-29,-0.17268015444278717
2020-11-30,-0.16731508076190948
2020-12-01,-0.18585720658302307
2020-12-02,-0.16777320206165314
2020-12-03,-0.16117307543754578
2020-12-04,-0.17477117478847504
2020-12-05,-0.1784147024154663
2020-12-06,-0.1711171269416809
2020-12-07,-0.17193858325481415
2020-12-08,-0.17099028825759888
2020-12-09,-0.1638430804014206
2020-12-10,-0.16665661334991455
2020-12-11,-0.17125755548477173
2020-12-12,-0.15385444462299347
2020-12-13,-0.15835919976234436
2020-12-14,-0.13897599279880524
2020-12-15,-0.1571301966905594
2020-12-16,-0.15579867362976074
2020-12-17,-0.1621178537607193
2020-12-18,-0.16559137403964996
2020-12-19,-0.17177769541740417
2020-12-20,-0.1975584775209427
2020-12-21,-0.18184716999530792
2020-12-22,-0.17433463037014008
2020-12-23,-0.15572987496852875
2020-12-24,-0.15822462737560272
2020-12-25,-0.13834090530872345
2020-12-26,-0.1267240345478058
2020-12-27,-0.1303127557039261
2020-12-28,-0.12271642684936523
2020-12-29,-0.10411848872900009
2020-12-30,-0.09335574507713318
2020-12-31,-0.09344600141048431
2021-01-01,-0.11782099306583405
2021-01-02,-0.09846215695142746
2021-01-03,-0.09674488008022308
2021-01-04,-0.09314241260290146
2021-01-05,-0.09841474890708923
2021-01-06,-0.09237968176603317
2021-01-07,-0.07562475651502609
2021-01-08,-0.07926366478204727
2021-01-09,-0.09141603857278824
2021-01-10,-0.09010668843984604
2021-01-11,-0.06410589814186096
2021-01-12,-0.060647930949926376
2021-01-13,-0.05511728674173355
2021-01-14,-0.0565832145512104
2021-01-15,-0.07985828071832657
2021-01-16,-0.059495922178030014
2021-01-17,-0.08026819676160812
2021-01-18,-0.07546865940093994
2021-01-19,-0.07903703302145004
2021-01-20,-0.08450227230787277
2021-01-21,-0.08490525931119919
2021-01-22,-0.1011054739356041
2021-01-23,-0.11440249532461166
2021-01-24,-0.1016976609826088
2021-01-25,-0.08700807392597198
2021-01-26,-0.08100125193595886
2021-01-27,-0.06430990248918533
2021-01-28,-0.0574784055352211
2021-01-29,-0.0706433579325676
2021-01-30,-0.07785258442163467
2021-01-31,-0.047455690801143646
2021-02-01,-0.03218620643019676
2021-02-02,-0.02595561370253563
2021-02-03,-0.022658538073301315
2021-02-04,-0.032385244965553284
2021-02-05,-0.03915349394083023
2021-02-06,-0.035148002207279205
2021-02-07,-0.041051171720027924
2021-02-08,-0.035413455218076706
2021-02-09,-0.025599025189876556
2021-02-10,-0.024963166564702988
2021-02-11,-0.013244853354990482
2021-02-12,-0.024068627506494522
2021-02-13,-0.03139631450176239
2021-02-14,-0.036085113883018494
2021-02-15,-0.043541789054870605
2021-02-16,-0.048366617411375046
2021-02-17,-0.03891398012638092
2021-02-18,-0.030003774911165237
2021-02-19,-0.03833921626210213
2021-02-20,-0.02541019767522812
2021-02-21,-0.005378121975809336
2021-02-22,0.0028548112604767084
2021-02-23,-0.004188017453998327
2021-02-24,0.00723129790276289
2021-02-25,0.01310763694345951
2021-02-26,-0.009371195919811726
2021-02-27,0.0021438749972730875
2021-02-28,0.00016419563326053321
2021-03-01,-0.0027922180015593767
2021-03-02,0.01855424977838993
2021-03-03,0.037051133811473846
2021-03-04,0.043680913746356964
2021-03-05,0.03744914010167122
2021-03-06,0.0527404248714447
2021-03-07,0.04490723833441734
2021-03-08,0.06041477248072624
2021-03-09,0.06034090742468834
2021-03-10,0.05897964909672737
2021-03-11,0.06344787031412125
2021-03-12,0.05936570093035698
2021-03-13,0.05821346491575241
2021-03-14,0.0696137323975563
2021-03-15,0.06322571635246277
2021-03-16,0.05983629822731018
2021-03-17,0.06770432740449905
2021-03-18,0.06513061374425888
2021-03-19,0.0709872618317604
2021-03-20,0.06457040458917618
2021-03-21,0.06069155037403107
2021-03-22,0.0681682601571083
2021-03-23,0.061263442039489746
2021-03-24,0.0687672421336174
2021-03-25,0.07181278616189957
2021-03-26,0.05746735632419586
2021-03-27,0.036785297095775604
2021-03-28,0.054848235100507736
2021-03-29,0.051480043679475784
2021-03-30,0.05344514921307564
2021-03-31,0.0649668499827385
2021-04-01,0.062114134430885315
2021-04-02,0.058995895087718964
2021-04-03,0.07752764225006104
2021-04-04,0.08800682425498962
2021-04-05,0.10381754487752914
2021-04-06,0.11721324920654297
2021-04-07,0.12096486985683441
2021-04-08,0.12299921363592148
2021-04-09,0.11631456017494202
2021-04-10,0.112401582300663
2021-04-11,0.12272375077009201
2021-04-12,0.13750799000263214
2021-04-13,0.1374777853488922
2021-04-14,0.13858382403850555
2021-04-15,0.13523800671100616
2021-04-16,0.13555455207824707
2021-04-17,0.11436574906110764
2021-04-18,0.11168655008077621
2021-04-19,0.09751501679420471
2021-04-20,0.10192224383354187
2021-04-21,0.09585423022508621
2021-04-22,0.10410177707672119
2021-04-23,0.0888570174574852
2021-04-24,0.08859026432037354
2021-04-25,0.09829079359769821
2021-04-26,0.11044906079769135
2021-04-27,0.11808205395936966
2021-04-28,0.1378774344921112
2021-04-29,0.15611013770103455
2021-04-30,0.15793780982494354
2021-05-01,0.1812182068824768
2021-05-02,0.1742837280035019
2021-05-03,0.20022286474704742
2021-05-04,0.1944492757320404
2021-05-05,0.19288142025470734
2021-05-06,0.18478557467460632
2021-05-07,0.15008047223091125
2021-05-08,0.1331748068332672
2021-05-09,0.14298762381076813
2021-05-10,0.14556871354579926
2021-05-11,0.12453624606132507
2021-05-12,0.11100304126739502
2021-05-13,0.10471419245004654
2021-05-14,0.09369529783725739
2021-05-15,0.10087190568447113
2021-05-16,0.10696634650230408
2021-05-17,0.10161318629980087
2021-05-18,0.10884594172239304
2021-05-19,0.11883250623941422
2021-05-20,0.1079028844833374
2021-05-21,0.0867537409067154
2021-05-22,0.11146309971809387
2021-05-23,0.10234290361404419
2021-05-24,0.09812245517969131
2021-05-25,0.10145045071840286
2021-05-26,0.10182559490203857
2021-05-27,0.09811025857925415
2021-05-28,0.09920994937419891
2021-05-29,0.10156509280204773
2021-05-30,0.10501591861248016
2021-05-31,0.09374981373548508
2021-06-01,0.0796809047460556
2021-06-02,0.07218006253242493
2021-06-03,0.07436784356832504
2021-06-04,0.06934236735105515
2021-06-05,0.08161003142595291
2021-06-06,0.08928317576646805
2021-06-07,0.0780954584479332
2021-06-08,0.07507188618183136
2021-06-09,0.1027345061302185
2021-06-10,0.10259467363357544
2021-06-11,0.08906453102827072
2021-06-12,0.07350117713212967
2021-06-13,0.08570753782987595
2021-06-14,0.08869018405675888
2021-06-15,0.07873496413230896
2021-06-16,0.07282135635614395
2021-06-17,0.08600514382123947
2021-06-18,0.08164789527654648
2021-06-19,0.08555539697408676
2021-06-20,0.09225086122751236
2021-06-21,0.10825183987617493
2021-06-22,0.10594844073057175
2021-06-23,0.09324143826961517
2021-06-24,0.08860420435667038
2021-06-25,0.06988711655139923
2021-06-26,0.07153386622667313
2021-06-27,0.0851045474410057
2021-06-28,0.09580781310796738
2021-06-29,0.08222483843564987
2021-06-30,0.08014915138483047
2021-07-01,0.08186755329370499
2021-07-02,0.0800737515091896
2021-07-03,0.09080140292644501
2021-07-04,0.09120116382837296
2021-07-05,0.07929351925849915
2021-07-06,0.08488932251930237
2021-07-07,0.07693479210138321
2021-07-08,0.06884739547967911
2021-07-09,0.05393686890602112
2021-07-10,0.07589864730834961
2021-07-11,0.08186006546020508
2021-07-12,0.08672365546226501
2021-07-13,0.08797583729028702
2021-07-14,0.10935243219137192
2021-07-15,0.12966518104076385
2021-07-16,0.12091334909200668
2021-07-17,0.11075453460216522
2021-07-18,0.1113753467798233
2021-07-19,0.11490447074174881
2021-07-20,0.0997619479894638
2021-07-21,0.10957488417625427
2021-07-22,0.09105784446001053
2021-07-23,0.0768764391541481
2021-07-24,0.06061287224292755
2021-07-25,0.07770689576864243
2021-07-26,0.0990605279803276
2021-07-27,0.09774996340274811
2021-07-28,0.09529125690460205
2021-07-29,0.09314444661140442
2021-07-30,0.09564600884914398
2021-07-31,0.0774933248758316
2021-08-01,0.07096238434314728
2021-08-02,0.06348418444395065
2021-08-03,0.073404461145401
2021-08-04,0.06483465433120728
2021-08-05,0.0720553994178772
2021-08-06,0.06828048825263977
2021-08-07,0.08263397961854935
2021-08-08,0.06370993703603745
2021-08-09,0.046536125242710114
2021-08-10,0.05744718015193939
2021-08-11,0.05678868666291237
2021-08-12,0.05011627450585365
2021-08-13,0.06563861668109894
2021-08-14,0.06743615120649338
2021-08-15,0.07892488688230515
2021-08-16,0.07793646305799484
2021-08-17,0.05889274924993515
2021-08-18,0.052853431552648544
2021-08-19,0.06101609021425247
2021-08-20,0.04409857839345932
2021-08-21,0.03238561376929283
2021-08-22,0.005991276819258928
2021-08-23,-0.0047906446270644665
2021-08-24,-0.007582271471619606
2021-08-25,-0.0011737680761143565
2021-08-26,0.0011719519970938563
2021-08-27,0.004625494126230478
2021-08-28,0.0279095396399498
2021-08-29,0.04710029810667038
2021-08-30,0.054310716688632965
2021-08-31,0.05508233234286308
2021-09-01,0.04122648760676384
2021-09-02,0.02630186825990677
2021-09-03,0.0119390320032835
2021-09-04,-0.00012814244837500155
2021-09-05,0.005096424371004105
2021-09-06,0.0016264370642602444
2021-09-07,-0.00021924094471614808
2021-09-08,0.0006367132300511003
2021-09-09,-0.00624480564147234
2021-09-10,-0.014697574079036713
2021-09-11,-0.021874960511922836
2021-09-12,-0.03232167661190033
2021-09-13,-0.025205854326486588
2021-09-14,-0.01912214234471321
2021-09-15,-0.03337966650724411
2021-09-16,-0.029291827231645584
2021-09-17,-0.019358493387699127
2021-09-18,-0.0046255942434072495
2021-09-19,0.01012387778609991
2021-09-20,-0.0011947914026677608
2021-09-21,-0.04819870740175247
2021-09-22,-0.059739843010902405
2021-09-23,-0.07602518051862717
2021-09-24,-0.08302038908004761
2021-09-25,-0.08761703968048096
2021-09-26,-0.10412167012691498
2021-09-27,-0.10065681487321854
2021-09-28,-0.12193494290113449
2021-09-29,-0.1421392261981964
2021-09-30,-0.1565876454114914
2021-10-01,-0.15635469555854797
2021-10-02,-0.13896405696868896
2021-10-03,-0.14524708688259125
2021-10-04,-0.13350652158260345
2021-10-05,-0.1371621936559677
2021-10-06,-0.15244461596012115
2021-10-07,-0.17495033144950867
2021-10-08,-0.19722937047481537
2021-10-09,-0.19262607395648956
2021-10-10,-0.18599370121955872
2021-10-11,-0.1550973653793335
2021-10-12,-0.14422401785850525
2021-10-13,-0.16857881844043732
2021-10-14,-0.16003863513469696
2021-10-15,-0.16134034097194672
2021-10-16,-0.1640838384628296
2021-10-17,-0.15820705890655518
2021-10-18,-0.15416021645069122
2021-10-19,-0.1830970048904419
2021-10-20,-0.17360332608222961
2021-10-21,-0.15082845091819763
2021-10-22,-0.14898371696472168
2021-10-23,-0.13812045753002167
2021-10-24,-0.10892531275749207
2021-10-25,-0.09239917993545532
2021-10-26,-0.06256364285945892
2021-10-27,-0.0508996807038784
2021-10-28,-0.027431655675172806
2021-10-29,-0.0202571339905262
2021-10-30,-0.0033073811791837215
2021-10-31,-0.006820237264037132
2021-11-01,-0.00989499781280756
2021-11-02,-0.021592844277620316
2021-11-03,-0.013945914804935455
2021-11-04,-0.002886506263166666
2021-11-05,0.011907865293323994
2021-11-06,0.03448577970266342
2021-11-07,0.051364779472351074
2021-11-08,0.06994380056858063
2021-11-09,0.07437267899513245
2021-11-10,0.0692453533411026
2021-11-11,0.06144008785486221
2021-11-12,0.05816567316651344
2021-11-13,0.06696706265211105
2021-11-14,0.05922199413180351
2021-11-15,0.05135476216673851
2021-11-16,0.05792829021811485
2021-11-17,0.05564012750983238
2021-11-18,0.05478329211473465
2021-11-19,0.060333192348480225
2021-11-20,0.08846762776374817
2021-11-21,0.09223924577236176
2021-11-22,0.10051941871643066
2021-11-23,0.10896747559309006
2021-11-24,0.10266629606485367
2021-11-25,0.09131915122270584
2021-11-26,0.09153680503368378
2021-11-27,0.07865381985902786
2021-11-28,0.08570626378059387
2021-11-29,0.09075532108545303
2021-11-30,0.058695994317531586
2021-12-01,0.05147424340248108
2021-12-02,0.053592149168252945
2021-12-03,0.03742891177535057
2021-12-04,0.045412808656692505
2021-12-05,0.07826118916273117
2021-12-06,0.0668746754527092
2021-12-07,0.06373703479766846
2021-12-08,0.03925313055515289
2021-12-09,0.020170291885733604
2021-12-10,0.007495589088648558
2021-12-11,0.011160408146679401
2021-12-12,0.010804310441017151
2021-12-13,0.004146242048591375
2021-12-14,-0.010010558180510998
2021-12-15,-0.00976458191871643
2021-12-16,-0.014830712229013443
2021-12-17,-0.034162916243076324
2021-12-18,-0.02749866433441639
2021-12-19,-0.01430682186037302
2021-12-20,-0.015453950501978397
2021-12-21,-0.008783990517258644
2021-12-22,0.0010493936715647578
2021-12-23,0.01586618274450302
2021-12-24,0.03877989575266838
2021-12-25,-0.03756765276193619
2021-12-26,-0.02835404872894287
2021-12-27,-0.007103660609573126
2021-12-28,0.011579732410609722
2021-12-29,0.020867926999926567
2021-12-30,0.018906641751527786
2021-12-31,0.025949716567993164
2022-01-01,0.04004479572176933
2022-01-02,0.05788140371441841
2022-01-03,0.07476409524679184
2022-01-04,0.09454622864723206
2022-01-05,0.0894063338637352
2022-01-06,0.06952293962240219
2022-01-07,0.06189171224832535
2022-01-08,0.05379312485456467
2022-01-09,0.06237352266907692
2022-01-10,0.06336207687854767
2022-01-11,0.04161985591053963
2022-01-12,0.033440642058849335
2022-01-13,0.026771854609251022
2022-01-14,0.010963663458824158
2022-01-15,0.027289899066090584
2022-01-16,0.024925759062170982
2022-01-17,0.03230686113238335
2022-01-18,0.02053426206111908
2022-01-19,0.01632832922041416
2022-01-20,0.02495386451482773
2022-01-21,0.013310354202985764
2022-01-22,-0.011584268882870674
2022-01-23,-0.012552417814731598
2022-01-24,-0.017743274569511414
2022-01-25,-0.03356992453336716
2022-01-26,-0.04748408868908882
2022-01-27,-0.04390063136816025
2022-01-28,-0.05418825149536133
2022-01-29,-0.05890480428934097
2022-01-30,-0.06107490137219429
2022-01-31,-0.06343690305948257
2022-02-01,-0.0656798854470253
2022-02-02,-0.056545618921518326
2022-02-03,-0.06220949441194534
2022-02-04,-0.057483091950416565
2022-02-05,-0.01957719400525093
2022-02-06,-0.018616095185279846
2022-02-07,-0.02068900130689144
2022-02-08,-0.029267001897096634
2022-02-09,-0.02429172210395336
2022-02-10,-0.019422316923737526
2022-02-11,-0.03503517434000969
2022-02-12,-0.041377946734428406
2022-02-13,-0.021085411310195923
2022-02-14,-0.011921010911464691
2022-02-15,-0.014012973755598068
2022-02-16,-0.015529396943747997
2022-02-17,-0.015382342040538788
2022-02-18,-0.02433880604803562
2022-02-19,-0.02997494488954544
2022-02-20,-0.036679670214653015
2022-02-21,-0.022765018045902252
2022-02-22,-0.0340825691819191
2022-02-23,-0.04849183186888695
2022-02-24,-0.05799199268221855
2022-02-25,-0.08207628130912781
2022-02-26,-0.09134625643491745
2022-02-27,-0.1027023196220398
2022-02-28,-0.11294543743133545
2022-03-01,-0.13959574699401855
2022-03-02,-0.14297203719615936
2022-03-03,-0.14874441921710968
2022-03-04,-0.15178200602531433
2022-03-05,-0.16435642540454865
2022-03-06,-0.1720748096704483
2022-03-07,-0.17179825901985168
2022-03-08,-0.18642055988311768
2022-03-09,-0.19451819360256195
2022-03-10,-0.18568013608455658
2022-03-11,-0.2043636441230774
2022-03-12,-0.20181027054786682
2022-03-13,-0.18407362699508667
2022-03-14,-0.16770215332508087
2022-03-15,-0.18854215741157532
2022-03-16,-0.19516271352767944
2022-03-17,-0.2005186527967453
2022-03-18,-0.20496971905231476
2022-03-19,-0.2172861248254776
2022-03-20,-0.20972850918769836
2022-03-21,-0.217235267162323
2022-03-22,-0.20622609555721283
2022-03-23,-0.19670526683330536
2022-03-24,-0.20677541196346283
2022-03-25,-0.21263878047466278
2022-03-26,-0.20122404396533966
2022-03-27,-0.17743539810180664
2022-03-28,-0.1759827733039856
2022-03-29,-0.1596713662147522
2022-03-30,-0.13877086341381073
2022-03-31,-0.14774952828884125
2022-04-01,-0.1334826499223709
2022-04-02,-0.1131422147154808
2022-04-03,-0.11486958712339401
2022-04-04,-0.11116565018892288
2022-04-05,-0.11336663365364075
2022-04-06,-0.12865374982357025
2022-04-07,-0.13683639466762543
2022-04-08,-0.14812588691711426
2022-04-09,-0.14960794150829315
2022-04-10,-0.13947898149490356
2022-04-11,-0.13360369205474854
2022-04-12,-0.13478006422519684
2022-04-13,-0.13952918350696564
2022-04-14,-0.13480624556541443
2022-04-15,-0.12305217236280441
2022-04-16,-0.10324135422706604
2022-04-17,-0.07831092923879623
2022-04-18,-0.06876706331968307
2022-04-19,-0.061040639877319336
2022-04-20,-0.04461629316210747
2022-04-21,-0.047303296625614166
2022-04-22,-0.05372493714094162
2022-04-23,-0.05278701335191727
2022-04-24,-0.04994792863726616
2022-04-25,-0.02028471976518631
2022-04-26,-0.007735768798738718
2022-04-27,-2.241514084744267e-05
2022-04-28,-0.018640700727701187
2022-04-29,-0.03243503347039223
2022-04-30,-0.04593929648399353
2022-05-01,-0.0632830336689949
2022-05-02,-0.06670599430799484
2022-05-03,-0.06371283531188965
2022-05-04,-0.06092621013522148
2022-05-05,-0.06256819516420364
2022-05-06,-0.06883607804775238
2022-05-07,-0.07705558091402054
2022-05-08,-0.07006839662790298
2022-05-09,-0.06411729007959366
2022-05-10,-0.06467387080192566
2022-05-11,-0.07247539609670639
2022-05-12,-0.07279785722494125
2022-05-13,-0.059366632252931595
2022-05-14,-0.05436481535434723
2022-05-15,-0.03986620530486107
2022-05-16,-0.032531335949897766
2022-05-17,-0.018158141523599625
2022-05-18,-0.03350919112563133
2022-05-19,-0.05910002067685127
2022-05-20,-0.07033934444189072
2022-05-21,-0.07966654002666473
2022-05-22,-0.08038370311260223
2022-05-23,-0.06829444319009781
2022-05-24,-0.0817064419388771
2022-05-25,-0.10134445130825043
2022-05-26,-0.10849590599536896
2022-05-27,-0.09586820006370544
2022-05-28,-0.0810009315609932
2022-05-29,-0.07109217345714569
2022-05-30,-0.05423387140035629
2022-05-31,-0.05638127028942108
2022-06-01,-0.041807565838098526
2022-06-02,-0.03556005656719208
2022-06-03,-0.023045115172863007
2022-06-04,-0.01624305360019207
2022-06-05,-0.0005340498755685985
2022-06-06,-0.0019876749720424414
2022-06-07,-0.026392949745059013
2022-06-08,-0.04262708127498627
2022-06-09,-0.05934111028909683
2022-06-10,-0.06501161307096481
2022-06-11,-0.08793269842863083
2022-06-12,-0.08620045334100723
2022-06-13,-0.09164579957723618
2022-06-14,-0.10066868364810944
2022-06-15,-0.1219545528292656
2022-06-16,-0.13085530698299408
2022-06-17,-0.14643967151641846
2022-06-18,-0.150801882147789
2022-06-19,-0.16351763904094696
2022-06-20,-0.1442139744758606
2022-06-21,-0.15187634527683258
2022-06-22,-0.16608095169067383
2022-06-23,-0.17977675795555115
2022-06-24,-0.1897415965795517
2022-06-25,-0.1680532842874527
2022-06-26,-0.16266347467899323
2022-06-27,-0.16214923560619354
2022-06-28,-0.17029477655887604
2022-06-29,-0.1621040552854538
2022-06-30,-0.17342042922973633
2022-07-01,-0.1749759018421173
2022-07-02,-0.17411282658576965
2022-07-03,-0.17109045386314392
2022-07-04,-0.1718534678220749
2022-07-05,-0.1818811297416687
2022-07-06,-0.20362043380737305
2022-07-07,-0.20014581084251404
2022-07-08,-0.19444452226161957
2022-07-09,-0.1756678819656372
2022-07-10,-0.18114247918128967
2022-07-11,-0.16419844329357147
2022-07-12,-0.1718669980764389
2022-07-13,-0.17405501008033752
2022-07-14,-0.19259428977966309
2022-07-15,-0.19099456071853638
2022-07-16,-0.17889943718910217
2022-07-17,-0.18499387800693512
2022-07-18,-0.1954362541437149
2022-07-19,-0.18862242996692657
2022-07-20,-0.2024613320827484
2022-07-21,-0.19404155015945435
2022-07-22,-0.1946021467447281
2022-07-23,-0.18404395878314972
2022-07-24,-0.17813023924827576
2022-07-25,-0.2006627470254898
2022-07-26,-0.20768952369689941
2022-07-27,-0.20661191642284393
2022-07-28,-0.21637097001075745
2022-07-29,-0.22096917033195496
2022-07-30,-0.21720583736896515
2022-07-31,-0.20762474834918976
2022-08-01,-0.2057439684867859
2022-08-02,-0.20345741510391235
2022-08-03,-0.20305567979812622
2022-08-04,-0.2146064192056656
2022-08-05,-0.20783016085624695
2022-08-06,-0.19103603065013885
2022-08-07,-0.16532188653945923
2022-08-08,-0.15153682231903076
2022-08-09,-0.13864929974079132
2022-08-10,-0.12110794335603714
2022-08-11,-0.12116517871618271
2022-08-12,-0.10662678629159927
2022-08-13,-0.08810824900865555
2022-08-14,-0.052754636853933334
2022-08-15,-0.04878360405564308
2022-08-16,-0.06211382895708084
2022-08-17,-0.054709434509277344
2022-08-18,-0.04988930746912956
2022-08-19,-0.04296846315264702
2022-08-20,-0.03326614201068878
2022-08-21,-0.02119736559689045
2022-08-22,-0.03367755934596062
2022-08-23,-0.03521192818880081
2022-08-24,-0.06695612519979477
2022-08-25,-0.07528718560934067
2022-08-26,-0.09371308237314224
2022-08-27,-0.09162601083517075
2022-08-28,-0.08033090084791183
2022-08-29,-0.0942823737859726
2022-08-30,-0.08930359035730362
2022-08-31,-0.10339811444282532
2022-09-01,-0.1166677176952362
2022-09-02,-0.10333001613616943
2022-09-03,-0.08471985906362534
2022-09-04,-0.09771330654621124
2022-09-05,-0.07930952310562134
2022-09-06,-0.08739275485277176
2022-09-07,-0.08644666522741318
2022-09-08,-0.08320546895265579
2022-09-09,-0.07394667714834213
2022-09-10,-0.06612931936979294
2022-09-11,-0.05906892567873001
2022-09-12,-0.05865282192826271
2022-09-13,-0.06765803694725037
2022-09-14,-0.0775279700756073
2022-09-15,-0.0724974274635315
2022-09-16,-0.0786437839269638
2022-09-17,-0.0710461288690567
2022-09-18,-0.09279636293649673
2022-09-19,-0.09299580752849579
2022-09-20,-0.10430850088596344
2022-09-21,-0.11247731745243073
2022-09-22,-0.12244440615177155
2022-09-23,-0.12665362656116486
2022-09-24,-0.11181597411632538
2022-09-25,-0.10697473585605621
2022-09-26,-0.1307501494884491
2022-09-27,-0.14294499158859253
2022-09-28,-0.1395248919725418
2022-09-29,-0.14857448637485504
2022-09-30,-0.17155754566192627
2022-10-01,-0.18292595446109772
2022-10-02,-0.18515025079250336
2022-10-03,-0.17803262174129486
2022-10-04,-0.17651797831058502
2022-10-05,-0.1949358880519867
2022-10-06,-0.22926397621631622
2022-10-07,-0.22594492137432098
2022-10-08,-0.22084538638591766
2022-10-09,-0.18540216982364655
2022-10-10,-0.18064604699611664
2022-10-11,-0.19552718102931976
2022-10-12,-0.2253657430410385
2022-10-13,-0.23709771037101746
2022-10-14,-0.2466159462928772
2022-10-15,-0.23007832467556
2022-10-16,-0.22469653189182281
2022-10-17,-0.21267400681972504
2022-10-18,-0.2121853530406952
2022-10-19,-0.21434286236763
2022-10-20,-0.22500906884670258
2022-10-21,-0.2502482235431671
2022-10-22,-0.27437207102775574
2022-10-23,-0.2724553942680359
2022-10-24,-0.25663426518440247
2022-10-25,-0.23923857510089874
2022-10-26,-0.24683545529842377
2022-10-27,-0.24909913539886475
2022-10-28,-0.24541476368904114
2022-10-29,-0.22357416152954102
2022-10-30,-0.2007114291191101
2022-10-31,-0.19034838676452637
2022-11-01,-0.18330180644989014
2022-11-02,-0.17726191878318787
2022-11-03,-0.16318674385547638
2022-11-04,-0.15451283752918243
2022-11-05,-0.1395445615053177
2022-11-06,-0.1345372200012207
2022-11-07,-0.11692199856042862
2022-11-08,-0.11210869252681732
2022-11-09,-0.11201988905668259
2022-11-10,-0.12117407470941544
2022-11-11,-0.12171023339033127
2022-11-12,-0.1478305459022522
2022-11-13,-0.13120272755622864
2022-11-14,-0.11565392464399338
2022-11-15,-0.10293056815862656
2022-11-16,-0.0971558690071106
2022-11-17,-0.10142578184604645
2022-11-18,-0.10194624215364456
2022-11-19,-0.11335399746894836
2022-11-20,-0.09867493063211441
2022-11-21,-0.09825415909290314
2022-11-22,-0.11846192181110382
2022-11-23,-0.12423288077116013
2022-11-24,-0.12512457370758057
2022-11-25,-0.12001165747642517
2022-11-26,-0.10594247281551361
2022-11-27,-0.10013411194086075
2022-11-28,-0.09441801905632019
2022-11-29,-0.0922870859503746
2022-11-30,-0.08795411139726639
2022-12-01,-0.08781810849905014
2022-12-02,-0.08377178758382797
2022-12-03,-0.07348176836967468
2022-12-04,-0.09456110745668411
2022-12-05,-0.10441525280475616
2022-12-06,-0.1094030886888504
2022-12-07,-0.1095481663942337
2022-12-08,-0.1210787445306778
2022-12-09,-0.14686591923236847
2022-12-10,-0.16145901381969452
2022-12-11,-0.15188412368297577
2022-12-12,-0.15387310087680817
2022-12-13,-0.15227718651294708
2022-12-14,-0.15306420624256134
2022-12-15,-0.13962537050247192
2022-12-16,-0.1386442631483078
2022-12-17,-0.16360798478126526
2022-12-18,-0.1616985946893692
2022-12-19,-0.15575045347213745
2022-12-20,-0.14905773103237152
2022-12-21,-0.14688755571842194
2022-12-22,-0.14668338000774384
2022-12-23,-0.13797059655189514
2022-12-24,-0.12852050364017487
2022-12-25,-0.1165766641497612
2022-12-26,-0.0917186364531517
2022-12-27,-0.09383980929851532
2022-12-28,-0.08351615071296692
2022-12-29,-0.07808520644903183
2022-12-30,-0.07713044434785843
2022-12-31,-0.08098649978637695
2023-01-01,-0.06165513023734093
2023-01-02,-0.05797914043068886
2023-01-03,-0.04358816519379616
2023-01-04,-0.044087279587984085
2023-01-05,-0.04941210150718689
2023-01-06,-0.04285397753119469
2023-01-07,-0.05930069833993912
2023-01-08,-0.059505779296159744
2023-01-09,-0.04715936258435249
2023-01-10,-0.060900282114744186
2023-01-11,-0.07687851786613464
2023-01-12,-0.06185851991176605
2023-01-13,-0.07880998402833939
2023-01-14,-0.09110410511493683
2023-01-15,-0.08289877325296402
2023-01-16,-0.09403494000434875
2023-01-17,-0.09847833961248398
2023-01-18,-0.098640576004982
2023-01-19,-0.12282780557870865
2023-01-20,-0.14081333577632904
2023-01-21,-0.14309029281139374
2023-01-22,-0.17304687201976776
2023-01-23,-0.18024297058582306
2023-01-24,-0.1698060929775238
2023-01-25,-0.16194626688957214
2023-01-26,-0.1682559996843338
2023-01-27,-0.1674947440624237
2023-01-28,-0.14510487020015717
2023-01-29,-0.1397414207458496
2023-01-30,-0.15896177291870117
2023-01-31,-0.16913656890392303
2023-02-01,-0.1446443647146225
2023-02-02,-0.13321420550346375
2023-02-03,-0.1328880935907364
2023-02-04,-0.12486078590154648
2023-02-05,-0.10416506975889206
2023-02-06,-0.08759494125843048
2023-02-07,-0.07850265502929688
2023-02-08,-0.06703057885169983
2023-02-09,-0.05057657137513161
2023-02-10,-0.038991451263427734
2023-02-11,-0.0365314744412899
2023-02-12,-0.007860236801207066
2023-02-13,0.0027237434405833483
2023-02-14,0.02620890364050865
2023-02-15,0.02705266885459423
2023-02-16,0.030033452436327934
2023-02-17,0.007490640040487051
2023-02-18,0.011544838547706604
2023-02-19,0.003129335353150964
2023-02-20,-0.008786721155047417
2023-02-21,-0.009458968415856361
2023-02-22,-0.011439092457294464
2023-02-23,-0.022421931847929955
2023-02-24,-0.021981844678521156
2023-02-25,-0.022437548264861107
2023-02-26,-0.02943320758640766
2023-02-27,-0.01443033292889595
2023-02-28,-0.0018829613691195846
2023-03-01,-0.015971124172210693
2023-03-02,-0.020781997591257095
2023-03-03,-0.002276717685163021
2023-03-04,-0.013258120976388454
2023-03-05,0.008187132887542248
2023-03-06,0.021476179361343384
2023-03-07,0.034470271319150925
2023-03-08,0.026197969913482666
2023-03-09,0.029166484251618385
2023-03-10,0.019484510645270348
2023-03-11,0.010805120691657066
2023-03-12,0.004899310413748026
2023-03-13,-0.01383394654840231
2023-03-14,-0.045093461871147156
2023-03-15,-0.07225754112005234
2023-03-16,-0.10283857583999634
2023-03-17,-0.12438806146383286
2023-03-18,-0.14479848742485046
2023-03-19,-0.16755536198616028
2023-03-20,-0.20160910487174988
2023-03-21,-0.23583583533763885
2023-03-22,-0.2538427710533142
2023-03-23,-0.25982362031936646
2023-03-24,-0.2622838020324707
2023-03-25,-0.2702280282974243
2023-03-26,-0.2698914408683777
2023-03-27,-0.29595354199409485
2023-03-28,-0.3246088922023773
2023-03-29,-0.33342650532722473
2023-03-30,-0.341167688369751
2023-03-31,-0.31699010729789734
2023-04-01,-0.2897109091281891
2023-04-02,-0.2867133319377899
2023-04-03,-0.277403861284256
2023-04-04,-0.2614707052707672
2023-04-05,-0.26260045170783997
2023-04-06,-0.25758448243141174
2023-04-07,-0.252432644367218
2023-04-08,-0.21885772049427032
2023-04-09,-0.222934290766716
2023-04-10,-0.21615630388259888
2023-04-11,-0.21734368801116943
2023-04-12,-0.21210120618343353
2023-04-13,-0.20411022007465363
2023-04-14,-0.19805151224136353
2023-04-15,-0.1883372813463211
2023-04-16,-0.16760973632335663
2023-04-17,-0.17722274363040924
2023-04-18,-0.16581282019615173
2023-04-19,-0.169570192694664
2023-04-20,-0.1607748121023178
2023-04-21,-0.17632874846458435
2023-04-22,-0.18719229102134705
2023-04-23,-0.18906621634960175
2023-04-24,-0.17326787114143372
2023-04-25,-0.18469488620758057
2023-04-26,-0.2030164748430252
2023-04-27,-0.20890899002552032
2023-04-28,-0.22136665880680084
2023-04-29,-0.24404218792915344
2023-04-30,-0.2502378225326538
2023-05-01,-0.24070806801319122
2023-05-02,-0.2553696632385254
2023-05-03,-0.26306429505348206
2023-05-04,-0.2640998363494873
2023-05-05,-0.28051620721817017
2023-05-06,-0.27069833874702454
2023-05-07,-0.2719208002090454
2023-05-08,-0.30062776803970337
2023-05-09,-0.31534746289253235
2023-05-10,-0.3368073105812073
2023-05-11,-0.34329479932785034
2023-05-12,-0.36527860164642334
2023-05-13,-0.36837321519851685
2023-05-14,-0.3542992174625397
2023-05-15,-0.3610215485095978
2023-05-16,-0.34784361720085144
2023-05-17,-0.34423330426216125
2023-05-18,-0.3389549255371094
2023-05-19,-0.3306998014450073
2023-05-20,-0.33017584681510925
2023-05-21,-0.33417221903800964
2023-05-22,-0.3521072268486023
2023-05-23,-0.3535817861557007
2023-05-24,-0.36615023016929626
2023-05-25,-0.36788541078567505
2023-05-26,-0.38412562012672424
2023-05-27,-0.38414761424064636
2023-05-28,-0.3860434293746948
2023-05-29,-0.4066735506057739
2023-05-30,-0.41488370299339294
2023-05-31,-0.4262941777706146
2023-06-01,-0.40076133608818054
2023-06-02,-0.4049958884716034
2023-06-03,-0.4014628529548645
2023-06-04,-0.3917730152606964
2023-06-05,-0.3724433183670044
2023-06-06,-0.3768331706523895
2023-06-07,-0.37879085540771484
2023-06-08,-0.3762248754501343
2023-06-09,-0.3831954896450043
2023-06-10,-0.36200329661369324
2023-06-11,-0.3331621587276459
2023-06-12,-0.3078365921974182
2023-06-13,-0.3019390106201172
2023-06-14,-0.2770788073539734
2023-06-15,-0.2694763243198395
2023-06-16,-0.26363638043403625
2023-06-17,-0.25042179226875305
2023-06-18,-0.21747739613056183
2023-06-19,-0.20972077548503876
2023-06-20,-0.22370865941047668
2023-06-21,-0.2489803284406662
2023-06-22,-0.24370120465755463
2023-06-23,-0.2424498349428177
2023-06-24,-0.23701876401901245
2023-06-25,-0.20992276072502136
2023-06-26,-0.20309695601463318
2023-06-27,-0.1826641708612442
2023-06-28,-0.17705796658992767
2023-06-29,-0.16233333945274353
2023-06-30,-0.1376039832830429
2023-07-01,-0.1189287006855011
2023-07-02,-0.08309360593557358
2023-07-03,-0.07587458938360214
2023-07-04,-0.05789094418287277
2023-07-05,-0.06092463806271553
2023-07-06,-0.07158360630273819
2023-07-07,-0.05610208585858345
2023-07-08,-0.036150943487882614
2023-07-09,-0.042652811855077744
2023-07-10,-0.05028529837727547
2023-07-11,-0.052804432809352875
2023-07-12,-0.038139984011650085
2023-07-13,-0.04247666150331497
2023-07-14,-0.04787309840321541
2023-07-15,-0.05609358102083206
2023-07-16,-0.03521609678864479
2023-07-17,-0.017511503770947456
2023-07-18,-0.011538553982973099
2023-07-19,-0.01358150877058506
2023-07-20,-0.016411984339356422
2023-07-21,-0.008526485413312912
2023-07-22,0.007899906486272812
2023-07-23,0.0032541234977543354
2023-07-24,-0.006855489686131477
2023-07-25,-0.01941770873963833
2023-07-26,-0.04175640642642975
2023-07-27,-0.04234681650996208
2023-07-28,-0.03607900068163872
2023-07-29,-0.046658217906951904
2023-07-30,-0.030507799237966537
2023-07-31,-0.036327071487903595
2023-08-01,-0.051416732370853424
2023-08-02,-0.08631954342126846
2023-08-03,-0.08440954983234406
2023-08-04,-0.08462598919868469
2023-08-05,-0.06875968724489212
2023-08-06,-0.05354662239551544
2023-08-07,-0.044882018119096756
2023-08-08,-0.06135707348585129
2023-08-09,-0.06489092111587524
2023-08-10,-0.06111689656972885
2023-08-11,-0.06055087968707085
2023-08-12,-0.076478511095047
2023-08-13,-0.0743027850985527
2023-08-14,-0.07308809459209442
2023-08-15,-0.07956522703170776
2023-08-16,-0.08695738017559052
2023-08-17,-0.08186902850866318
2023-08-18,-0.07932691276073456
2023-08-19,-0.05966871604323387
2023-08-20,-0.040237970650196075
2023-08-21,-0.04138078913092613
2023-08-22,-0.03494671732187271
2023-08-23,-0.016001608222723007
2023-08-24,-0.018079010769724846
2023-08-25,-0.015524785965681076
2023-08-26,-0.004027924966067076
2023-08-27,-0.010485469363629818
2023-08-28,-0.006285032257437706
2023-08-29,-0.001319948467426002
2023-08-30,-0.00042053544893860817
2023-08-31,0.010169354267418385
2023-09-01,0.024792395532131195
2023-09-02,0.021359823644161224
2023-09-03,0.014820942655205727
2023-09-04,-0.002175311790779233
2023-09-05,-0.008460050448775291
2023-09-06,-0.024219108745455742
2023-09-07,-0.033371053636074066
2023-09-08,-0.018640583381056786
2023-09-09,-0.0027225774247199297
2023-09-10,0.012101749889552593
2023-09-11,0.006449960172176361
2023-09-12,0.008556625805795193
2023-09-13,0.008661412633955479
2023-09-14,0.010582284070551395
2023-09-15,0.022495321929454803
2023-09-16,0.002899124752730131
2023-09-17,-0.014367619529366493
2023-09-18,-0.016442282125353813
2023-09-19,-0.025916047394275665
2023-09-20,-0.025937361642718315
2023-09-21,-0.022006476297974586
2023-09-22,-0.017777126282453537
2023-09-23,-0.013160398229956627
2023-09-24,-0.016045138239860535
2023-09-25,-0.03962411358952522
2023-09-26,-0.04576045647263527
2023-09-27,-0.05295458808541298
2023-09-28,-0.07239991426467896
2023-09-29,-0.09255518019199371
2023-09-30,-0.12060733139514923
2023-10-01,-0.1182280108332634
2023-10-02,-0.13235294818878174
2023-10-03,-0.14259734749794006
2023-10-04,-0.10533459484577179
2023-10-05,-0.08937899768352509
2023-10-06,-0.09198135882616043
2023-10-07,-0.08274655789136887
2023-10-08,-0.05984342843294144
2023-10-09,-0.07277607917785645
2023-10-10,-0.10124394297599792
2023-10-11,-0.07818382978439331
2023-10-12,-0.06943140178918839
2023-10-13,-0.06915471702814102
2023-10-14,-0.06731507927179337
2023-10-15,-0.07803945988416672
2023-10-16,-0.07876812666654587
2023-10-17,-0.0725330114364624
2023-10-18,-0.05006413906812668
2023-10-19,-0.04263347014784813
2023-10-20,-0.04045341536402702
2023-10-21,-0.04230904206633568
2023-10-22,-0.03750033676624298
2023-10-23,-0.033430177718400955
2023-10-24,-0.022954721003770828
2023-10-25,-0.03231650963425636
2023-10-26,-0.023160243406891823
2023-10-27,-0.015023468062281609
2023-10-28,-0.005116275046020746
2023-10-29,0.0038558277301490307
2023-10-30,0.023443171754479408
2023-10-31,0.017696913331747055
2023-11-01,0.01693780906498432
2023-11-02,0.03361298888921738
2023-11-03,0.04248609021306038
2023-11-04,0.044298797845840454
2023-11-05,0.059809230268001556
2023-11-06,0.06044183298945427
2023-11-07,0.05215192958712578
2023-11-08,0.04146981239318848
2023-11-09,0.03545422479510307
2023-11-10,0.026355918496847153
2023-11-11,-0.004499774891883135
2023-11-12,0.006080265622586012
2023-11-13,0.0019336354453116655
2023-11-14,0.024664558470249176
2023-11-15,0.030567048117518425
2023-11-16,0.030707597732543945
2023-11-17,0.024335186928510666
2023-11-18,0.028036128729581833
2023-11-19,0.049036767333745956
2023-11-20,0.046606503427028656
2023-11-21,0.02134406380355358
2023-11-22,0.036615174263715744
2023-11-23,0.048423439264297485
2023-11-24,0.05139118805527687
2023-11-25,0.04749709740281105
2023-11-26,0.07455658912658691
2023-11-27,0.09082675725221634
2023-11-28,0.09943369776010513
2023-11-29,0.09893037378787994
2023-11-30,0.09697483479976654
2023-12-01,0.11663907021284103
2023-12-02,0.12301264703273773
2023-12-03,0.12717795372009277
2023-12-04,0.1334090232849121
2023-12-05,0.11817317456007004
2023-12-06,0.12546852231025696
2023-12-07,0.11517143994569778
2023-12-08,0.1071578860282898
2023-12-09,0.0811413824558258
2023-12-10,0.09313155710697174
2023-12-11,0.10738988220691681
2023-12-12,0.10468291491270065
2023-12-13,0.10558593273162842
2023-12-14,0.11482779681682587
2023-12-15,0.13179486989974976
2023-12-16,0.12451759725809097
2023-12-17,0.13183005154132843
2023-12-18,0.12557747960090637
2023-12-19,0.11020715534687042
2023-12-20,0.09089638292789459
2023-12-21,0.10231000185012817
2023-12-22,0.12084583938121796
2023-12-23,0.11760427057743073
2023-12-24,0.09532243758440018
2023-12-25,0.11266551166772842
2023-12-26,0.1251777559518814
2023-12-27,0.11950846016407013
2023-12-28,0.12224511802196503
2023-12-29,0.12319692224264145
2023-12-30,0.10907402634620667
2023-12-31,0.12211047112941742
2024-01-01,0.1510937362909317
2024-01-02,0.14887870848178864
2024-01-03,0.1511874943971634
2024-01-04,0.126594677567482
2024-01-05,0.1253494918346405
2024-01-06,0.13713255524635315
2024-01-07,0.12568508088588715
2024-01-08,0.1314496099948883
2024-01-09,0.1038036197423935
2024-01-10,0.09213468432426453
2024-01-11,0.08992138504981995
2024-01-12,0.06617214530706406
2024-01-13,0.0400158166885376
2024-01-14,0.04189622774720192
2024-01-15,0.026480693370103836
2024-01-16,0.02050872892141342
2024-01-17,0.012428703717887402
2024-01-18,0.019905146211385727
2024-01-19,0.03111804462969303
2024-01-20,0.029040265828371048
2024-01-21,0.04248760640621185
2024-01-22,0.0413317009806633
2024-01-23,0.03541039675474167
2024-01-24,0.04329454153776169
2024-01-25,0.052122294902801514
2024-01-26,0.08058007806539536
2024-01-27,0.0781976655125618
2024-01-28,0.07517509907484055
2024-01-29,0.06866496056318283
2024-01-30,0.0436101108789444
2024-01-31,0.04958218336105347
2024-02-01,0.0660315454006195
2024-02-02,0.09052468091249466
2024-02-03,0.12084022164344788
2024-02-04,0.12253124266862869
2024-02-05,0.14662998914718628
2024-02-06,0.16182903945446014
2024-02-07,0.16719874739646912
2024-02-08,0.1618008315563202
2024-02-09,0.15832899510860443
2024-02-10,0.1614137589931488
2024-02-11,0.17104335129261017
2024-02-12,0.17686182260513306
2024-02-13,0.1715432107448578
2024-02-14,0.17160564661026
2024-02-15,0.17198756337165833
2024-02-16,0.16392230987548828
2024-02-17,0.17260874807834625
2024-02-18,0.18486067652702332
2024-02-19,0.1867390125989914
2024-02-20,0.17971377074718475
2024-02-21,0.1839684098958969
2024-02-22,0.17799615859985352
2024-02-23,0.14910076558589935
2024-02-24,0.12505531311035156
2024-02-25,0.14329898357391357
2024-02-26,0.12932392954826355
2024-02-27,0.1570594608783722
2024-02-28,0.15706568956375122
2024-02-29,0.1718258559703827
2024-03-01,0.1639493703842163
2024-03-02,0.1466885805130005
2024-03-03,0.1413164734840393
2024-03-04,0.14596228301525116
2024-03-05,0.146214559674263
2024-03-06,0.1486242562532425
2024-03-07,0.15043704211711884
2024-03-08,0.15411467850208282
2024-03-09,0.1512473225593567
2024-03-10,0.1552710235118866
2024-03-11,0.16294562816619873
2024-03-12,0.16568821668624878
2024-03-13,0.18091532588005066
2024-03-14,0.18961161375045776
2024-03-15,0.1956566423177719
2024-03-16,0.18424084782600403
2024-03-17,0.1989436000585556
2024-03-18,0.17886285483837128
2024-03-19,0.17078275978565216
2024-03-20,0.17896908521652222
2024-03-21,0.17369438707828522
2024-03-22,0.16771666705608368
2024-03-23,0.14588718116283417
2024-03-24,0.1508042961359024
2024-03-25,0.15238159894943237
2024-03-26,0.1588204950094223
2024-03-27,0.15157151222229004
2024-03-28,0.134700208902359
2024-03-29,0.1191696971654892
2024-03-30,0.1290871500968933
2024-03-31,0.11991498619318008
2024-04-01,0.1448582112789154
2024-04-02,0.1700124740600586
2024-04-03,0.15756595134735107
2024-04-04,0.1442819982767105
2024-04-05,0.15455538034439087
2024-04-06,0.1717953085899353
2024-04-07,0.16219060122966766
2024-04-08,0.15499188005924225
2024-04-09,0.15873298048973083
2024-04-10,0.1423901915550232
2024-04-11,0.12584233283996582
2024-04-12,0.1243182122707367
2024-04-13,0.11826527118682861
2024-04-14,0.11725486069917679
2024-04-15,0.12026110291481018
2024-04-16,0.128897562623024
2024-04-17,0.12462771683931351
2024-04-18,0.11164535582065582
2024-04-19,0.0812322124838829
2024-04-20,0.08024038374423981
2024-04-21,0.10778214782476425
2024-04-22,0.10730142891407013
2024-04-23,0.11265947669744492
2024-04-24,0.08123240619897842
2024-04-25,0.05643179267644882
2024-04-26,0.06211496889591217
2024-04-27,0.08396723121404648
2024-04-28,0.07227059453725815
2024-04-29,0.06921578198671341
2024-04-30,0.057911086827516556
2024-05-01,0.05001874268054962
2024-05-02,0.0346093513071537
2024-05-03,0.022586092352867126
2024-05-04,0.053671352565288544
2024-05-05,0.04750203713774681
2024-05-06,0.043348971754312515
2024-05-07,0.056814778596162796
2024-05-08,0.058983974158763885
2024-05-09,0.047175128012895584
2024-05-10,0.038750242441892624
2024-05-11,0.047287676483392715
2024-05-12,0.05653451755642891
2024-05-13,0.04061500355601311
2024-05-14,0.05622822418808937
2024-05-15,0.05078515782952309
2024-05-16,0.05256545543670654
2024-05-17,0.06588355451822281
2024-05-18,0.052901897579431534
2024-05-19,0.052591338753700256
2024-05-20,0.06560114771127701
2024-05-21,0.07391670346260071
2024-05-22,0.0711941346526146
2024-05-23,0.09471119940280914
2024-05-24,0.09527041763067245
2024-05-25,0.08405312895774841
2024-05-26,0.07857457548379898
2024-05-27,0.08250007778406143
2024-05-28,0.07129744440317154
2024-05-29,0.06486691534519196
2024-05-30,0.071906179189682
2024-05-31,0.0632753074169159
2024-06-01,0.07255500555038452
2024-06-02,0.09755810350179672
2024-06-03,0.08940601348876953
2024-06-04,0.06693942099809647
2024-06-05,0.07777952402830124
2024-06-06,0.0857468917965889
2024-06-07,0.08816128224134445
2024-06-08,0.08956695348024368
2024-06-09,0.11523502320051193
2024-06-10,0.12780402600765228
2024-06-11,0.14009158313274384
2024-06-12,0.1323886215686798
2024-06-13,0.14093291759490967
2024-06-14,0.13725173473358154
2024-06-15,0.12136612087488174
2024-06-16,0.1223645806312561
2024-06-17,0.12204395234584808
2024-06-18,0.12615849077701569
2024-06-19,0.09722904115915298
2024-06-20,0.09435117244720459
2024-06-21,0.07065719366073608
2024-06-22,0.0589434988796711
2024-06-23,0.061169613152742386
2024-06-24,0.053876928985118866
2024-06-25,0.05227163806557655
2024-06-26,0.04827439412474632
2024-06-27,0.024768099188804626
2024-06-28,0.015156540088355541
2024-06-29,0.01358187384903431
2024-06-30,0.027107825502753258
2024-07-01,0.03465781360864639
2024-07-02,0.02536030299961567
2024-07-03,0.030423225834965706
2024-07-04,0.03222722187638283
2024-07-05,0.052889399230480194
2024-07-06,0.07602854818105698
2024-07-07,0.06022811308503151
2024-07-08,0.06450937688350677
2024-07-09,0.08154544234275818
2024-07-10,0.09411940723657608
2024-07-11,0.10151330381631851
2024-07-12,0.09796968102455139
2024-07-13,0.07521723210811615
2024-07-14,0.07083258777856827
2024-07-15,0.08323442190885544
2024-07-16,0.09213411062955856
2024-07-17,0.11183531582355499
2024-07-18,0.12173823267221451
2024-07-19,0.11695779114961624
2024-07-20,0.0681300014257431
2024-07-21,0.09426786005496979
2024-07-22,0.12198594957590103
2024-07-23,0.12606385350227356
2024-07-24,0.12373203039169312
2024-07-25,0.12769947946071625
2024-07-26,0.13013996183872223
2024-07-27,0.13803909718990326
2024-07-28,0.1287386566400528
2024-07-29,0.11733226478099823
2024-07-30,0.11860647797584534
2024-07-31,0.11710310727357864
2024-08-01,0.11323815584182739
2024-08-02,0.08222486078739166
2024-08-03,0.0422513522207737
2024-08-04,0.04910574108362198
2024-08-05,0.008918173611164093
2024-08-06,-0.030865905806422234
2024-08-07,-0.04091821238398552
2024-08-08,-0.0370112806558609
2024-08-09,-0.05990908667445183
2024-08-10,-0.06192673742771149
2024-08-11,-0.05473575368523598
2024-08-12,-0.02824564278125763
2024-08-13,-0.0033075432293117046
2024-08-14,0.007989502511918545
2024-08-15,0.01603763736784458
2024-08-16,0.028553951531648636
2024-08-17,0.04808923229575157
2024-08-18,0.06654439866542816
2024-08-19,0.06226952001452446
2024-08-20,0.07621895521879196
2024-08-21,0.0528007447719574
2024-08-22,0.036073554307222366
2024-08-23,0.03899328038096428
2024-08-24,0.03726669028401375
2024-08-25,0.05636085942387581
2024-08-26,0.059840112924575806
2024-08-27,0.07894252985715866
2024-08-28,0.08077589422464371
2024-08-29,0.08735102415084839
2024-08-30,0.10445442795753479
2024-08-31,0.09244631975889206
2024-09-01,0.10132981836795807
2024-09-02,0.0958758220076561
2024-09-03,0.09900996088981628
2024-09-04,0.10886994004249573
2024-09-05,0.11263768374919891
2024-09-06,0.07182712852954865
2024-09-07,0.05435657501220703
2024-09-08,0.07405123114585876
2024-09-09,0.07110463827848434
2024-09-10,0.06780749559402466
2024-09-11,0.05531715229153633
2024-09-12,0.05406085029244423
2024-09-13,0.06132343038916588
2024-09-14,0.06543301045894623
2024-09-15,0.09689266234636307
2024-09-16,0.07969016581773758
2024-09-17,0.08399786055088043
2024-09-18,0.08902879059314728
2024-09-19,0.08885899186134338
2024-09-20,0.10209263861179352
2024-09-21,0.09758066385984421
2024-09-22,0.09801021218299866
2024-09-23,0.10592213273048401
2024-09-24,0.08759826421737671
2024-09-25,0.08923296630382538
2024-09-26,0.10187824815511703
2024-09-27,0.08039458096027374
2024-09-28,0.09426721185445786
2024-09-29,0.11258148401975632
2024-09-30,0.11683860421180725
2024-10-01,0.11415066570043564
2024-10-02,0.10437364876270294
2024-10-03,0.12246602028608322
2024-10-04,0.12388727813959122
2024-10-05,0.14558643102645874
2024-10-06,0.14755772054195404
2024-10-07,0.15475250780582428
2024-10-08,0.1340237706899643
2024-10-09,0.1370798796415329
2024-10-10,0.13106456398963928
2024-10-11,0.13445407152175903
2024-10-12,0.12639519572257996
2024-10-13,0.1413242071866989
2024-10-14,0.13233906030654907
2024-10-15,0.1383271962404251
2024-10-16,0.15315940976142883
2024-10-17,0.15634532272815704
2024-10-18,0.16308583319187164
2024-10-19,0.16983699798583984
2024-10-20,0.18088041245937347
2024-10-21,0.20505747199058533
2024-10-22,0.2192457765340805
2024-10-23,0.2141152173280716
2024-10-24,0.20966887474060059
2024-10-25,0.20072877407073975
2024-10-26,0.1987868845462799
2024-10-27,0.21802006661891937
2024-10-28,0.19996550679206848
2024-10-29,0.178538978099823
2024-10-30,0.18528150022029877
2024-10-31,0.18912313878536224
2024-11-01,0.2023041695356369
2024-11-02,0.20315518975257874
2024-11-03,0.20225121080875397
2024-11-04,0.2156725376844406
2024-11-05,0.2377159297466278
2024-11-06,0.25002607703208923
2024-11-07,0.2482316493988037
2024-11-08,0.25857022404670715
2024-11-09,0.2640498876571655
2024-11-10,0.26225733757019043
2024-11-11,0.26808875799179077
2024-11-12,0.2666179835796356
2024-11-13,0.29365259408950806
2024-11-14,0.300632506608963
2024-11-15,0.2926407754421234
2024-11-16,0.2754231095314026
2024-11-17,0.2652292251586914
2024-11-18,0.2517149746417999
2024-11-19,0.25668764114379883
2024-11-20,0.25269266963005066
2024-11-21,0.24466142058372498
2024-11-22,0.24229875206947327
2024-11-23,0.2447192668914795
2024-11-24,0.23603315651416779
2024-11-25,0.23308269679546356
2024-11-26,0.2316335141658783
2024-11-27,0.21482723951339722
2024-11-28,0.21160823106765747
2024-11-29,0.1956845074892044
2024-11-30,0.17034265398979187
2024-12-01,0.19386136531829834
2024-12-02,0.19247253239154816
2024-12-03,0.19287210702896118
2024-12-04,0.1907082200050354
2024-12-05,0.19405613839626312
2024-12-06,0.190792053937912
2024-12-07,0.20562408864498138
2024-12-08,0.22444801032543182
2024-12-09,0.2463928759098053
2024-12-10,0.25986596941947937
2024-12-11,0.2462424784898758
2024-12-12,0.23842519521713257
2024-12-13,0.22590504586696625
2024-12-14,0.23265156149864197
2024-12-15,0.20686858892440796
2024-12-16,0.19472691416740417
2024-12-17,0.20514322817325592
2024-12-18,0.19316226243972778
2024-12-19,0.17166079580783844
2024-12-20,0.1487286239862442
2024-12-21,0.132269486784935
2024-12-22,0.1261025220155716
2024-12-23,0.12361393123865128
2024-12-24,0.13186617195606232
2024-12-25,0.12699583172798157
2024-12-26,0.12905748188495636
2024-12-27,0.12826552987098694
2024-12-28,0.10715404152870178
2024-12-29,0.08834153413772583
2024-12-30,0.10741303861141205
2024-12-31,0.13624359667301178
2025-01-01,0.1436702460050583
2025-01-02,0.16226643323898315
2025-01-03,0.17876683175563812
2025-01-04,0.18497146666049957
2025-01-05,0.17846760153770447
2025-01-06,0.1739836484193802
2025-01-07,0.18029285967350006
2025-01-08,0.17579008638858795
2025-01-09,0.14804577827453613
2025-01-10,0.16387484967708588
2025-01-11,0.1695254147052765
2025-01-12,0.17912302911281586
2025-01-13,0.1844140887260437
2025-01-14,0.16770386695861816
2025-01-15,0.16662228107452393
2025-01-16,0.15309013426303864
2025-01-17,0.1516057252883911
2025-01-18,0.12676574289798737
2025-01-19,0.10844734311103821
2025-01-20,0.097000852227211
2025-01-21,0.09357285499572754
2025-01-22,0.09745387732982635
2025-01-23,0.0991111472249031
2025-01-24,0.1099066510796547
2025-01-25,0.10920724272727966
2025-01-26,0.10587109625339508
2025-01-27,0.10047964006662369
2025-01-28,0.0930076390504837
2025-01-29,0.07889217138290405
2025-01-30,0.08267682790756226
2025-01-31,0.09034349024295807
2025-02-01,0.07564669847488403
2025-02-02,0.06996206939220428
2025-02-03,0.06223122030496597
2025-02-04,0.04753023013472557
2025-02-05,0.039577681571245193
2025-02-06,0.04150758311152458
2025-02-07,0.03960682824254036
2025-02-08,0.03897685185074806
2025-02-09,0.04319732263684273
2025-02-10,0.03018181025981903
2025-02-11,0.021363263949751854
2025-02-12,0.03183402866125107
2025-02-13,0.03811980038881302
2025-02-14,0.04069528356194496
2025-02-15,0.05832419544458389
2025-02-16,0.07821033895015717
2025-02-17,0.08309364318847656
2025-02-18,0.10009550303220749
2025-02-19,0.10203776508569717
2025-02-20,0.10959074646234512
2025-02-21,0.12174543738365173
2025-02-22,0.10855700820684433
2025-02-23,0.09448546916246414
2025-02-24,0.09251610934734344
2025-02-25,0.08331502228975296
2025-02-26,0.08861839026212692
2025-02-27,0.07895086705684662
2025-02-28,0.061915334314107895
2025-03-01,0.06137550249695778
2025-03-02,0.05341072008013725
2025-03-03,0.049706071615219116
2025-03-04,0.04499475285410881
2025-03-05,0.033345140516757965
2025-03-06,0.020668592303991318
2025-03-07,0.005681410897523165
2025-03-08,-0.025623522698879242
2025-03-09,-0.03610912337899208
2025-03-10,-0.03455713391304016
2025-03-11,-0.04996297508478165
2025-03-12,-0.06588384509086609
2025-03-13,-0.08180976659059525
2025-03-14,-0.08938274532556534
2025-03-15,-0.09759492427110672
2025-03-16,-0.12114335596561432
2025-03-17,-0.11264780908823013
2025-03-18,-0.125450998544693
2025-03-19,-0.1341462880373001
2025-03-20,-0.13802312314510345
2025-03-21,-0.12478500604629517
2025-03-22,-0.13020780682563782
2025-03-23,-0.13378742337226868
2025-03-24,-0.12989166378974915
2025-03-25,-0.13077060878276825
2025-03-26,-0.1353987455368042
2025-03-27,-0.13450407981872559
2025-03-28,-0.13285712897777557
2025-03-29,-0.12478408217430115
2025-03-30,-0.11067606508731842
2025-03-31,-0.10463403165340424
2025-04-01,-0.12036213278770447
2025-04-02,-0.12340588867664337
2025-04-03,-0.13143587112426758
2025-04-04,-0.13558433949947357
2025-04-05,-0.14412041008472443
2025-04-06,-0.14200501143932343
2025-04-07,-0.14683479070663452
2025-04-08,-0.1554216742515564
2025-04-09,-0.16106323897838593
2025-04-10,-0.15613408386707306
2025-04-11,-0.16542808711528778
2025-04-12,-0.15788501501083374
2025-04-13,-0.14541223645210266
2025-04-14,-0.13972075283527374
2025-04-15,-0.1402018815279007
2025-04-16,-0.1518993228673935
2025-04-17,-0.14700885117053986
2025-04-18,-0.14410558342933655
2025-04-19,-0.14026667177677155
2025-04-20,-0.141876682639122
2025-04-21,-0.14092576503753662
2025-04-22,-0.14246104657649994
2025-04-23,-0.13150842487812042
2025-04-24,-0.13177475333213806
2025-04-25,-0.14225181937217712
2025-04-26,-0.14108341932296753
2025-04-27,-0.1346205621957779
2025-04-28,-0.11567818373441696
2025-04-29,-0.1073773205280304
2025-04-30,-0.10493047535419464
2025-05-01,-0.1082426980137825
2025-05-02,-0.10391591489315033
2025-05-03,-0.09507002681493759
2025-05-04,-0.07788034528493881
2025-05-05,-0.06884465366601944
2025-05-06,-0.0794333666563034
2025-05-07,-0.06188158318400383
2025-05-08,-0.04840541258454323
2025-05-09,-0.03259704262018204
2025-05-10,-0.0346524678170681
2025-05-11,-0.02840903401374817
2025-05-12,-0.015590965747833252
2025-05-13,-0.0077588981948792934
2025-05-14,-0.018980370834469795
2025-05-15,-0.026825696229934692
2025-05-16,-0.023074250668287277
2025-05-17,-0.025902481749653816
2025-05-18,-0.041168373078107834
2025-05-19,-0.04008004069328308
2025-05-20,-0.05076847970485687
2025-05-21,-0.05856553837656975
2025-05-22,-0.0668296366930008
2025-05-23,-0.07399113476276398
2025-05-24,-0.08151736110448837
2025-05-25,-0.08446773141622543
2025-05-26,-0.085529625415802
2025-05-27,-0.08245556056499481
2025-05-28,-0.07625968754291534
2025-05-29,-0.07043668627738953
2025-05-30,-0.0719246193766594
2025-05-31,-0.08244732022285461
2025-06-01,-0.06647123396396637
2025-06-02,-0.0740320011973381
2025-06-03,-0.07415348291397095
2025-06-04,-0.08610526472330093
2025-06-05,-0.09896112978458405
2025-06-06,-0.09935294836759567
2025-06-07,-0.08902426809072495
2025-06-08,-0.08231257647275925
2025-06-09,-0.07518737763166428
2025-06-10,-0.07807865738868713
2025-06-11,-0.06949785351753235
2025-06-12,-0.06843102723360062
2025-06-13,-0.07723452895879745
2025-06-14,-0.07445602118968964
2025-06-15,-0.07007698714733124
2025-06-16,-0.059178829193115234
2025-06-17,-0.0585644505918026
2025-06-18,-0.06064107269048691
2025-06-19,-0.07387237995862961
2025-06-20,-0.07673269510269165
2025-06-21,-0.0829765722155571
2025-06-22,-0.06754827499389648
2025-06-23,-0.053113412111997604
2025-06-24,-0.05662833899259567
2025-06-25,-0.0657888725399971
2025-06-26,-0.07640985399484634
2025-06-27,-0.07623502612113953
2025-06-28,-0.0918768122792244
2025-06-29,-0.08212962746620178
2025-06-30,-0.08230099827051163
2025-07-01,-0.08564368635416031
2025-07-02,-0.08723599463701248
2025-07-03,-0.0778968334197998
2025-07-04,-0.07476884126663208
2025-07-05,-0.06416893005371094
2025-07-06,-0.04786093533039093
2025-07-07,-0.04129224643111229
2025-07-08,-0.03201282396912575
2025-07-09,-0.02146283909678459
2025-07-10,-0.011622879654169083
2025-07-11,-0.023713067173957825
2025-07-12,-0.024105388671159744
2025-07-13,-0.0178826916962862
2025-07-14,-0.015801936388015747
2025-07-15,-0.009522141888737679
2025-07-16,-0.019818738102912903
2025-07-17,-0.01904163509607315
2025-07-18,-0.023780997842550278
2025-07-19,-0.0300129484385252
2025-07-20,-0.017324604094028473
2025-07-21,-0.025392945855855942
2025-07-22,-0.027916457504034042
2025-07-23,-0.015522063709795475
2025-07-24,-0.007800505496561527
2025-07-25,0.002870472613722086
2025-07-26,0.021023785695433617
2025-07-27,0.018969014286994934
2025-07-28,0.03926532715559006
2025-07-29,0.045109961181879044
2025-07-30,0.0404023677110672
2025-07-31,0.02861127257347107
2025-08-01,0.026284558698534966
2025-08-02,0.02639603801071644
2025-08-03,0.025203758850693703
2025-08-04,0.039361920207738876
2025-08-05,0.03295957297086716
2025-08-06,0.02042132057249546
2025-08-07,0.023366037756204605
2025-08-08,0.021909575909376144
2025-08-09,0.002082614693790674
2025-08-10,-4.24343379563652e-05
2025-08-11,0.02208992838859558
2025-08-12,0.03812272846698761
2025-08-13,0.04757284000515938
2025-08-14,0.060696180909872055
2025-08-15,0.07307488471269608
2025-08-16,0.07301582396030426
2025-08-17,0.08742374926805496
2025-08-18,0.07052528858184814
2025-08-19,0.05540221184492111
2025-08-20,0.06033049151301384
2025-08-21,0.05511970445513725
2025-08-22,0.04811093211174011
2025-08-23,0.046678636223077774
2025-08-24,0.06745164841413498
2025-08-25,0.05853302404284477
2025-08-26,0.04475363716483116
2025-08-27,0.03943197801709175
2025-08-28,0.01836666651070118
2025-08-29,0.012559648603200912
2025-08-30,-0.008898970670998096
2025-08-31,0.0027642359491437674
2025-09-01,-0.011259695515036583
2025-09-02,-0.004093884490430355
2025-09-03,-0.007608722895383835
2025-09-04,-0.02521304413676262
2025-09-05,-0.04285883158445358
2025-09-06,-0.042881887406110764
2025-09-07,-0.035966385155916214
2025-09-08,-0.0411066897213459
2025-09-09,-0.03996365889906883
2025-09-10,-0.0314982645213604
2025-09-11,-0.0476813018321991
2025-09-12,-0.05474856123328209
2025-09-13,-0.04373994469642639
2025-09-14,-0.03272426873445511
2025-09-15,-0.024787843227386475
2025-09-16,-0.03139093890786171
2025-09-17,-0.04006208851933479
2025-09-18,-0.04838960990309715
2025-09-19,-0.04974748194217682
2025-09-20,-0.06050003692507744
2025-09-21,-0.04866382107138634
2025-09-22,-0.032373394817113876
2025-09-23,-0.018718408420681953
2025-09-24,-0.02194279246032238
2025-09-25,-0.026748962700366974
2025-09-26,-0.03554578870534897
2025-09-27,-0.05638609081506729
2025-09-28,-0.042576611042022705
2025-09-29,-0.042076874524354935
2025-09-30,-0.07382259517908096
2025-10-01,-0.08103454858064651
2025-10-02,-0.09147095680236816
2025-10-03,-0.10185080021619797
2025-10-04,-0.11588618159294128
2025-10-05,-0.1297949254512787
2025-10-06,-0.1272319257259369
2025-10-07,-0.12035077810287476
2025-10-08,-0.11420726776123047
2025-10-09,-0.10631562024354935
2025-10-10,-0.12199587374925613
2025-10-11,-0.15737029910087585
2025-10-12,-0.1684412807226181
2025-10-13,-0.16362997889518738
2025-10-14,-0.15741746127605438
2025-10-15,-0.15996171534061432
2025-10-16,-0.15994901955127716
2025-10-17,-0.16174398362636566
2025-10-18,-0.15547171235084534
2025-10-19,-0.13530178368091583
2025-10-20,-0.14260612428188324
2025-10-21,-0.1265265941619873
2025-10-22,-0.13024745881557465
2025-10-23,-0.1422329694032669
2025-10-24,-0.13927164673805237
2025-10-25,-0.12794233858585358
2025-10-26,-0.11228390038013458
2025-10-27,-0.09095747023820877
2025-10-28,-0.09993383288383484
2025-10-29,-0.09566089510917664
2025-10-30,-0.07381120324134827
2025-10-31,-0.07168018072843552
2025-11-01,-0.0782698318362236
2025-11-02,-0.08001786470413208
2025-11-03,-0.09027194231748581
2025-11-04,-0.09089891612529755
2025-11-05,-0.1105252280831337
2025-11-06,-0.11226190626621246
2025-11-07,-0.12410727143287659
2025-11-08,-0.11827153712511063
2025-11-09,-0.0911339670419693
2025-11-10,-0.07414209097623825
2025-11-11,-0.06643429398536682
2025-11-12,-0.08889472484588623
2025-11-13,-0.09231462329626083
2025-11-14,-0.08802341669797897
2025-11-15,-0.09492066502571106
2025-11-16,-0.06238279864192009
2025-11-17,-0.07724817097187042
2025-11-18,-0.06604842841625214
2025-11-19,-0.0757606253027916
2025-11-20,-0.07415764033794403
2025-11-21,-0.09765941649675369
2025-11-22,-0.08327578753232956
2025-11-23,-0.03944021090865135
2025-11-24,-0.059584517031908035
2025-11-25,-0.0638335570693016
2025-11-26,-0.07585058361291885
2025-11-27,-0.06508910655975342
2025-11-28,-0.06072893366217613
2025-11-29,-0.03339887037873268
2025-11-30,-0.026746641844511032
2025-12-01,-0.020670592784881592
2025-12-02,-0.009288922883570194
2025-12-03,-0.015784353017807007
2025-12-04,-0.026448212563991547
2025-12-05,-0.02950984612107277
2025-12-06,-0.02126082219183445
2025-12-07,0.015410015359520912
2025-12-08,0.024171819910407066
2025-12-09,0.03146582469344139
2025-12-10,0.03208336606621742
2025-12-11,0.009952968917787075
2025-12-12,0.004084484651684761
2025-12-13,-0.003977252170443535
2025-12-14,0.0033651809208095074
2025-12-15,0.015144774690270424
2025-12-16,0.017771819606423378
2025-12-17,0.0003143499488942325
2025-12-18,-0.014708880335092545
2025-12-19,-0.02109520509839058
2025-12-20,-0.04069916158914566
2025-12-21,-0.03901120647788048
2025-12-22,-0.020030980929732323
2025-12-23,0.0029855510219931602
2025-12-24,0.018344569951295853
2025-12-25,0.003268423955887556
2025-12-26,0.00804449338465929
2025-12-27,0.03557533398270607
2025-12-28,0.05201909691095352
2025-12-29,0.04871966317296028
2025-12-30,0.04404311627149582
2025-12-31,0.04760940745472908
2026-01-01,0.03845860809087753
2026-01-02,0.03603580594062805
2026-01-03,0.04692520573735237
2026-01-04,0.06714438647031784
2026-01-05,0.06819076091051102
2026-01-06,0.050368085503578186
2026-01-07,0.032522931694984436
2026-01-08,0.0220536757260561
2026-01-09,0.026661070063710213
2026-01-10,0.03725690767168999
2026-01-11,0.02090447023510933
2026-01-12,0.014085755683481693
2026-01-13,0.008441215381026268
2026-01-14,0.004242357332259417
2026-01-15,0.016032101586461067
2026-01-16,0.021034739911556244
2026-01-17,0.011867542751133442
2026-01-18,0.00943414494395256
2026-01-19,0.00385276204906404
2026-01-20,-0.012660866603255272
2026-01-21,-0.014686807058751583
2026-01-22,-0.013701217249035835
2026-01-23,-0.0030191601254045963
2026-01-24,-0.005646029021590948
2026-01-25,0.011115348897874355
2026-01-26,0.02883594110608101
2026-01-27,0.024382909759879112
2026-01-28,0.028479905799031258
2026-01-29,0.015188596211373806
2026-01-30,0.01999213546514511
2026-01-31,0.006783197168260813
2026-02-01,0.012699002400040627
2026-02-02,0.014448790811002254
2026-02-03,0.004961566533893347
2026-02-04,0.007234691176563501
2026-02-05,0.008381025865674019
2026-02-06,0.024070637300610542
2026-02-07,0.023625116795301437
2026-02-08,0.01962009072303772
2026-02-09,0.04194352403283119
2026-02-10,0.04534287750720978
2026-02-11,0.04691769555211067
2026-02-12,0.038669317960739136
2026-02-13,0.049460120499134064
2026-02-14,0.019106460735201836
2026-02-15,0.025776272639632225
2026-02-16,0.037868741899728775
2026-02-17,0.025767987594008446
2026-02-18,0.04740835353732109
2026-02-19,0.04869649559259415
2026-02-20,0.04089588671922684
2026-02-21,0.03002675250172615
2026-02-22,0.05480068922042847
2026-02-23,0.056126680225133896
2026-02-24,0.048128966242074966
2026-02-25,0.02740417793393135
2026-02-26,0.03691256791353226
2026-02-27,0.03407420590519905
2026-02-28,0.02160288393497467
2026-03-01,0.011700429953634739
2026-03-02,0.0031544938683509827
2026-03-03,-0.02128778211772442
2026-03-04,-0.04124592989683151
2026-03-05,-0.051435112953186035
2026-03-06,-0.06807412952184677
2026-03-07,-0.10764246433973312
2026-03-08,-0.10809528082609177
2026-03-09,-0.13370251655578613
2026-03-10,-0.1354561299085617
2026-03-11,-0.13888287544250488
2026-03-12,-0.1589381843805313
2026-03-13,-0.1652252972126007
2026-03-14,-0.193399578332901
2026-03-15,-0.16979855298995972
2026-03-16,-0.17578871548175812
2026-03-17,-0.19384242594242096
2026-03-18,-0.18210235238075256
2026-03-19,-0.21179167926311493
2026-03-20,-0.21280434727668762
2026-03-21,-0.2159871757030487
2026-03-22,-0.21808913350105286
2026-03-23,-0.2197972536087036
2026-03-24,-0.21653592586517334
2026-03-25,-0.2145804762840271
2026-03-26,-0.22457453608512878
2026-03-27,-0.22381670773029327
2026-03-28,-0.22767189145088196
2026-03-29,-0.21062517166137695
2026-03-30,-0.20924973487854004
2026-03-31,-0.19700239598751068
2026-04-01,-0.19484232366085052
2026-04-02,-0.19106446206569672
2026-04-03,-0.19651922583580017
2026-04-04,-0.1989530473947525
2026-04-05,-0.19984032213687897
2026-04-06,-0.1869286149740219
2026-04-07,-0.19639839231967926
2026-04-08,-0.20951281487941742
2026-04-09,-0.2054722011089325
2026-04-10,-0.2084365040063858
2026-04-11,-0.20607884228229523
2026-04-12,-0.20301875472068787
2026-04-13,-0.21252065896987915
2026-04-14,-0.2148449718952179
2026-04-15,-0.2214028537273407
2026-04-16,-0.21884381771087646
2026-04-17,-0.20662634074687958
2026-04-18,-0.1992189586162567
2026-04-19,-0.16873566806316376
2026-04-20,-0.15311728417873383
2026-04-21,-0.12977226078510284
2026-04-22,-0.1299416720867157
2026-04-23,-0.12228716164827347
2026-04-24,-0.119062140583992
2026-04-25,-0.14066936075687408
2026-04-26,-0.13045333325862885
2026-04-27,-0.11748193204402924
2026-04-28,-0.11033271253108978
2026-04-29,-0.1297062635421753
2026-04-30,-0.12154021114110947
2026-05-01,-0.11474005877971649
2026-05-02,-0.12637841701507568
2026-05-03,-0.11115729808807373
2026-05-04,-0.09634402394294739
2026-05-05,-0.0764627531170845
2026-05-06,-0.07622995972633362
2026-05-07,-0.07173488289117813
2026-05-08,-0.07295342534780502
2026-05-09,-0.06499386578798294
2026-05-10,-0.06939388811588287
2026-05-11,-0.071682408452034
2026-05-12,-0.08251456916332245
2026-05-13,-0.08941975980997086
2026-05-14,-0.08898686617612839
2026-05-15,-0.08707718551158905
2026-05-16,-0.08543574810028076
2026-05-17,-0.08102140575647354
2026-05-18,-0.08018647134304047
2026-05-19,-0.09720455855131149
2026-05-20,-0.0922381654381752
2026-05-21,-0.10639328509569168
2026-05-22,-0.1018146276473999
2026-05-23,-0.08024098724126816
2026-05-24,-0.061625923961400986
2026-05-25,-0.03494056686758995
2026-05-26,-0.03853581100702286
2026-05-27,-0.03249228373169899
2026-05-28,-0.04837017133831978
2026-05-29,-0.03935226798057556
2026-05-30,-0.028130369260907173
2026-05-31,-0.017157096415758133
2026-06-01,-0.019982604309916496
2026-06-02,-0.018792573362588882
2026-06-03,-0.033534761518239975
2026-06-04,-0.04460662975907326
2026-06-05,-0.05271349474787712
2026-06-06,-0.05486476421356201
2026-06-07,-0.04841669648885727
2026-06-08,-0.052092134952545166
2026-06-09,-0.06316651403903961
2026-06-10,-0.04814674332737923
2026-06-11,-0.04471149668097496
2026-06-12,-0.041663605719804764
2026-06-13,-0.05766693130135536
2026-06-14,-0.06836125254631042
2026-06-15,-0.04556325450539589
2026-06-16,-0.03154115006327629
2026-06-17,-0.02583775855600834
2026-06-18,-0.03925461322069168
2026-06-19,-0.020297059789299965
2026-06-20,0.005425257608294487
2026-06-21,0.011474410071969032
2026-06-22,0.00984470546245575
2026-06-23,0.00593182910233736
2026-06-24,0.006197198294103146
2026-06-25,0.003162192879244685
2026-06-26,0.009148779325187206
2026-06-27,0.021591277793049812
2026-06-28,0.027845676988363266
2026-06-29,0.04368044063448906
2026-06-30,0.048283472657203674
2026-07-01,0.04990015923976898
2026-07-02,0.05884161219000816
2026-07-03,0.061120957136154175
2026-07-04,0.08979540318250656
2026-07-05,0.09696032106876373
2026-07-06,0.10241595655679703
2026-07-07,0.11361299455165863
2026-07-08,0.10682865232229233
2026-07-09,0.10724092274904251
2026-07-10,0.10318472236394882
2026-07-11,0.1065630316734314
2026-07-12,0.11626214534044266
2026-07-13,0.10761601477861404
2026-07-14,0.10464398562908173
2026-07-15,0.08950487524271011
2026-07-16,0.06969258189201355
2026-07-17,0.05219075828790665
2026-07-18,0.04532121121883392
2026-07-19,-0.0022456422448158264
2026-07-20,0.0029216003604233265
2026-07-21,0.004179182928055525
2026-07-22,0.007765595801174641
2026-07-23,-0.0016804963815957308
2026-07-24,-0.009843996725976467
2026-07-25,0.004684649873524904
2026-07-26,0.0054261027835309505
2026-07-27,0.009036273695528507
2026-07-28,0.015389042906463146
2026-07-29,0.00701797055080533
2026-07-30,0.005903506185859442
2026-07-31,0.008346189744770527
2026-08-01,-0.012191470712423325
2026-08-02,0.019475921988487244
2026-08-03,0.016641749069094658
2026-08-04,0.018239637836813927
2026-08-05,0.01624259166419506
2026-08-06,0.0033347918651998043
2026-08-07,0.015445437282323837
2026-08-08,0.013453018851578236
2026-08-09,0.005395293235778809
2026-08-10,-0.007809402886778116
2026-08-11,-0.010434392839670181
2026-08-12,0.00026800314662978053
2026-08-13,0.0048949988558888435
2026-08-14,0.01887117512524128
2026-08-15,-0.0016559106297791004
2026-08-16,0.012312885373830795
2026-08-17,-0.0007242131978273392
2026-08-18,-0.018899235874414444
2026-08-19,-0.020655101165175438
2026-08-20,-0.004295998718589544
2026-08-21,-0.0031674974597990513
2026-08-22,-0.015003174543380737
2026-08-23,-0.004418293945491314
2026-08-24,-0.014315813779830933
2026-08-25,-0.01386583037674427
2026-08-26,-0.009034745395183563
2026-08-27,-0.009236260317265987
2026-08-28,-0.005450048949569464
2026-08-29,0.002954155905172229
2026-08-30,-0.007162980269640684
2026-08-31,-0.006974081974476576
2026-09-01,7.037601608317345e-05
2026-09-02,-0.003916470799595118
2026-09-03,-0.0153949661180377
2026-09-04,-0.019422497600317
2026-09-05,-0.00016257594688795507
2026-09-06,0.014497124589979649
2026-09-07,0.02112397737801075
2026-09-08,0.027419796213507652
2026-09-09,0.02256917953491211
2026-09-10,0.009897473268210888
2026-09-11,0.00872116070240736
2026-09-12,0.004184934310615063
2026-09-13,0.01732545904815197
2026-09-14,0.025208132341504097
2026-09-15,0.01898384466767311
2026-09-16,0.022736428305506706
2026-09-17,0.016447117552161217
2026-09-18,0.02771320939064026
2026-09-19,0.013707153499126434
2026-09-20,0.011434774845838547
2026-09-21,0.010971257463097572
2026-09-22,0.009734531864523888
2026-09-23,0.004444815684109926
2026-09-24,0.00222063809633255
2026-09-25,0.004701029509305954
2026-09-26,0.0050898222252726555
2026-09-27,0.022730352357029915
