Date,Close
2003-01-02,82.0
2003-01-03,82.01
2003-01-06,81.96
2003-01-07,82.02
2003-01-08,82.09
2003-01-09,81.94
2003-01-10,82.05
2003-01-13,82.03
2003-01-14,82.06
2003-01-15,82.09
2003-01-16,82.14
2003-01-17,82.12
2003-01-21,82.22
2003-01-22,82.28
2003-01-23,82.23
2003-01-24,82.22
2003-01-27,82.22
2003-01-28,82.24
2003-01-29,82.17
2003-01-30,82.27
2003-01-31,82.25
2003-02-03,82.08
2003-02-04,82.17
2003-02-05,82.14
2003-02-06,82.18
2003-02-07,82.25
2003-02-10,82.19
2003-02-11,82.22
2003-02-12,82.29
2003-02-13,82.36
2003-02-14,82.29
2003-02-18,82.26
2003-02-19,82.3
2003-02-20,82.35
2003-02-21,82.28
2003-02-24,82.32
2003-02-25,82.37
2003-02-26,82.41
2003-02-27,82.41
2003-02-28,82.45
2003-03-03,82.37
2003-03-04,82.36
2003-03-05,82.43
2003-03-06,82.46
2003-03-07,82.54
2003-03-10,82.62
2003-03-11,82.55
2003-03-12,82.49
2003-03-13,82.24
2003-03-14,82.32
2003-03-17,82.22
2003-03-18,82.15
2003-03-19,82.13
2003-03-20,82.23
2003-03-21,82.02
2003-03-24,82.2
2003-03-25,82.2
2003-03-26,82.3
2003-03-27,82.32
2003-03-28,82.43
2003-03-31,82.49
2003-04-01,82.36
2003-04-02,82.27
2003-04-03,82.32
2003-04-04,82.3
2003-04-07,82.25
2003-04-08,82.33
2003-04-09,82.38
2003-04-10,82.27
2003-04-11,82.23
2003-04-14,82.16
2003-04-15,82.22
2003-04-16,82.23
2003-04-17,82.16
2003-04-21,82.21
2003-04-22,82.2
2003-04-23,82.26
2003-04-24,82.34
2003-04-25,82.42
2003-04-28,82.4
2003-04-29,82.34
2003-04-30,82.51
2003-05-01,82.38
2003-05-02,82.29
2003-05-05,82.35
2003-05-06,82.47
2003-05-07,82.49
2003-05-08,82.45
2003-05-09,82.43
2003-05-12,82.49
2003-05-13,82.47
2003-05-14,82.52
2003-05-15,82.49
2003-05-16,82.58
2003-05-19,82.6
2003-05-20,82.71
2003-05-21,82.6
2003-05-22,82.63
2003-05-23,82.66
2003-05-27,82.63
2003-05-28,82.68
2003-05-29,82.71
2003-05-30,82.68
2003-06-02,82.53
2003-06-03,82.69
2003-06-04,82.76
2003-06-05,82.71
2003-06-06,82.69
2003-06-09,82.8
2003-06-10,82.89
2003-06-11,82.83
2003-06-12,82.88
2003-06-13,82.95
2003-06-16,82.85
2003-06-17,82.73
2003-06-18,82.74
2003-06-19,82.82
2003-06-20,82.8
2003-06-23,82.88
2003-06-24,82.94
2003-06-25,82.77
2003-06-26,82.62
2003-06-27,82.64
2003-06-30,82.71
2003-07-01,82.61
2003-07-02,82.65
2003-07-03,82.56
2003-07-07,82.54
2003-07-08,82.51
2003-07-09,82.53
2003-07-10,82.6
2003-07-11,82.63
2003-07-14,82.56
2003-07-15,82.46
2003-07-16,82.47
2003-07-17,82.42
2003-07-18,82.41
2003-07-21,82.27
2003-07-22,82.35
2003-07-23,82.39
2003-07-24,82.38
2003-07-25,82.42
2003-07-28,82.31
2003-07-29,82.24
2003-07-30,82.28
2003-07-31,82.19
2003-08-01,82.0
2003-08-04,82.13
2003-08-05,81.98
2003-08-06,82.06
2003-08-07,82.15
2003-08-08,82.17
2003-08-11,82.06
2003-08-12,82.2
2003-08-13,82.04
2003-08-14,82.02
2003-08-15,82.08
2003-08-18,82.07
2003-08-19,82.17
2003-08-20,82.11
2003-08-21,81.99
2003-08-22,81.97
2003-08-25,81.93
2003-08-26,82.02
2003-08-27,81.94
2003-08-28,82.06
2003-08-29,82.05
2003-09-02,81.84
2003-09-03,81.9
2003-09-04,82.01
2003-09-05,82.29
2003-09-08,82.19
2003-09-09,82.33
2003-09-10,82.38
2003-09-11,82.32
2003-09-12,82.39
2003-09-15,82.47
2003-09-16,82.48
2003-09-17,82.47
2003-09-18,82.39
2003-09-19,82.39
2003-09-22,82.42
2003-09-23,82.44
2003-09-24,82.49
2003-09-25,82.5
2003-09-26,82.6
2003-09-29,82.56
2003-09-30,82.73
2003-10-01,82.65
2003-10-02,82.65
2003-10-03,82.44
2003-10-06,82.5
2003-10-07,82.42
2003-10-08,82.42
2003-10-09,82.41
2003-10-10,82.46
2003-10-13,82.47
2003-10-14,82.39
2003-10-15,82.29
2003-10-16,82.1
2003-10-17,82.2
2003-10-20,82.21
2003-10-21,82.23
2003-10-22,82.32
2003-10-23,82.3
2003-10-24,82.4
2003-10-27,82.31
2003-10-28,82.45
2003-10-29,82.36
2003-10-30,82.29
2003-10-31,82.3
2003-11-03,82.14
2003-11-04,82.2
2003-11-05,82.12
2003-11-06,82.03
2003-11-07,81.96
2003-11-10,81.98
2003-11-11,81.98
2003-11-12,82.03
2003-11-13,82.21
2003-11-14,82.31
2003-11-17,82.36
2003-11-18,82.37
2003-11-19,82.22
2003-11-20,82.38
2003-11-21,82.35
2003-11-24,82.24
2003-11-25,82.33
2003-11-26,82.24
2003-11-28,82.14
2003-12-01,81.92
2003-12-02,82.01
2003-12-03,81.94
2003-12-04,82.02
2003-12-05,82.28
2003-12-08,82.19
2003-12-09,82.14
2003-12-10,82.24
2003-12-11,82.41
2003-12-12,82.39
2003-12-15,82.37
2003-12-16,82.42
2003-12-17,82.43
2003-12-18,82.45
2003-12-19,82.47
2003-12-22,82.42
2003-12-23,82.29
2003-12-24,82.48
2003-12-26,82.55
2003-12-29,82.44
2003-12-30,82.48
2003-12-31,82.47
2004-01-02,82.27
2004-01-05,82.28
2004-01-06,82.38
2004-01-07,82.44
2004-01-08,82.45
2004-01-09,82.65
2004-01-12,82.7
2004-01-13,82.8
2004-01-14,82.72
2004-01-15,82.71
2004-01-16,82.65
2004-01-20,82.69
2004-01-21,82.74
2004-01-22,82.8
2004-01-23,82.68
2004-01-26,82.62
2004-01-27,82.72
2004-01-28,82.51
2004-01-29,82.53
2004-01-30,82.57
2004-02-02,82.48
2004-02-03,82.56
2004-02-04,82.51
2004-02-05,82.45
2004-02-06,82.58
2004-02-09,82.61
2004-02-10,82.5
2004-02-11,82.63
2004-02-12,82.66
2004-02-13,82.78
2004-02-17,82.71
2004-02-18,82.72
2004-02-19,82.76
2004-02-20,82.67
2004-02-23,82.75
2004-02-24,82.76
2004-02-25,82.82
2004-02-26,82.79
2004-02-27,82.85
2004-03-01,82.71
2004-03-02,82.63
2004-03-03,82.57
2004-03-04,82.64
2004-03-05,82.82
2004-03-08,82.95
2004-03-09,83.0
2004-03-10,82.95
2004-03-11,83.02
2004-03-12,82.96
2004-03-15,82.92
2004-03-16,82.98
2004-03-17,82.98
2004-03-18,82.95
2004-03-19,82.98
2004-03-22,83.03
2004-03-23,83.05
2004-03-24,83.07
2004-03-25,83.06
2004-03-26,82.98
2004-03-29,82.92
2004-03-30,82.91
2004-03-31,82.97
2004-04-01,82.75
2004-04-02,82.46
2004-04-05,82.38
2004-04-06,82.48
2004-04-07,82.5
2004-04-08,82.5
2004-04-12,82.42
2004-04-13,82.31
2004-04-14,82.17
2004-04-15,82.22
2004-04-16,82.33
2004-04-19,82.23
2004-04-20,82.04
2004-04-21,82.05
2004-04-22,82.17
2004-04-23,82.0
2004-04-26,82.01
2004-04-27,82.11
2004-04-28,81.94
2004-04-29,81.93
2004-04-30,81.97
2004-05-03,81.89
2004-05-04,81.87
2004-05-05,81.84
2004-05-06,81.82
2004-05-07,81.48
2004-05-10,81.52
2004-05-11,81.53
2004-05-12,81.55
2004-05-13,81.51
2004-05-14,81.64
2004-05-17,81.75
2004-05-18,81.67
2004-05-19,81.63
2004-05-20,81.67
2004-05-21,81.67
2004-05-24,81.69
2004-05-25,81.69
2004-05-26,81.84
2004-05-27,81.88
2004-05-28,81.85
2004-06-01,81.61
2004-06-02,81.56
2004-06-03,81.58
2004-06-04,81.45
2004-06-07,81.48
2004-06-08,81.49
2004-06-09,81.36
2004-06-10,81.35
2004-06-14,81.14
2004-06-15,81.41
2004-06-16,81.35
2004-06-17,81.45
2004-06-18,81.4
2004-06-21,81.46
2004-06-22,81.49
2004-06-23,81.51
2004-06-24,81.59
2004-06-25,81.6
2004-06-28,81.41
2004-06-29,81.49
2004-06-30,81.71
2004-07-01,81.58
2004-07-02,81.8
2004-07-06,81.78
2004-07-07,81.79
2004-07-08,81.82
2004-07-09,81.82
2004-07-12,81.85
2004-07-13,81.79
2004-07-14,81.76
2004-07-15,81.76
2004-07-16,81.92
2004-07-19,81.88
2004-07-20,81.73
2004-07-21,81.71
2004-07-22,81.73
2004-07-23,81.73
2004-07-26,81.67
2004-07-27,81.6
2004-07-28,81.65
2004-07-29,81.67
2004-07-30,81.79
2004-08-02,81.71
2004-08-03,81.73
2004-08-04,81.72
2004-08-05,81.77
2004-08-06,82.06
2004-08-09,82.05
2004-08-10,81.85
2004-08-11,81.98
2004-08-12,82.0
2004-08-13,82.08
2004-08-16,82.06
2004-08-17,82.14
2004-08-18,82.12
2004-08-19,82.17
2004-08-20,82.12
2004-08-23,82.05
2004-08-24,82.09
2004-08-25,82.06
2004-08-26,82.14
2004-08-27,82.11
2004-08-30,82.13
2004-08-31,82.25
2004-09-01,82.14
2004-09-02,82.01
2004-09-03,81.9
2004-09-07,81.9
2004-09-08,82.02
2004-09-09,82.03
2004-09-10,82.05
2004-09-13,82.06
2004-09-14,82.08
2004-09-15,82.03
2004-09-16,82.17
2004-09-17,82.07
2004-09-20,82.2
2004-09-21,82.08
2004-09-22,82.16
2004-09-23,82.06
2004-09-24,82.01
2004-09-27,82.06
2004-09-28,82.11
2004-09-29,82.01
2004-09-30,82.04
2004-10-01,81.85
2004-10-04,81.86
2004-10-05,81.87
2004-10-06,81.8
2004-10-07,81.77
2004-10-08,81.98
2004-10-11,82.04
2004-10-12,82.06
2004-10-13,82.12
2004-10-14,82.14
2004-10-15,82.11
2004-10-18,82.12
2004-10-19,82.09
2004-10-20,82.16
2004-10-21,82.06
2004-10-22,82.14
2004-10-25,82.17
2004-10-26,82.16
2004-10-27,82.05
2004-10-28,82.08
2004-10-29,82.15
2004-11-01,81.96
2004-11-02,82.0
2004-11-03,81.99
2004-11-04,81.92
2004-11-05,81.71
2004-11-08,81.67
2004-11-09,81.73
2004-11-10,81.63
2004-11-11,81.69
2004-11-12,81.67
2004-11-15,81.67
2004-11-16,81.61
2004-11-17,81.73
2004-11-18,81.72
2004-11-19,81.59
2004-11-22,81.61
2004-11-23,81.6
2004-11-24,81.59
2004-11-26,81.51
2004-11-29,81.52
2004-11-30,81.54
2004-12-01,81.45
2004-12-02,81.42
2004-12-03,81.6
2004-12-06,81.61
2004-12-07,81.61
2004-12-08,81.64
2004-12-09,81.63
2004-12-10,81.64
2004-12-13,81.58
2004-12-14,81.6
2004-12-15,81.68
2004-12-16,81.59
2004-12-17,81.56
2004-12-20,81.56
2004-12-21,81.57
2004-12-22,81.57
2004-12-23,81.55
2004-12-27,81.5
2004-12-28,81.53
2004-12-29,81.52
2004-12-30,81.55
2004-12-31,81.43
2005-01-03,81.44
2005-01-04,81.26
2005-01-05,81.28
2005-01-06,81.32
2005-01-07,81.33
2005-01-10,81.28
2005-01-11,81.3
2005-01-12,81.31
2005-01-13,81.41
2005-01-14,81.37
2005-01-18,81.34
2005-01-19,81.35
2005-01-20,81.42
2005-01-21,81.5
2005-01-24,81.45
2005-01-25,81.42
2005-01-26,81.39
2005-01-27,81.37
2005-01-28,81.41
2005-01-31,81.4
2005-02-01,81.25
2005-02-02,81.22
2005-02-03,81.17
2005-02-04,81.25
2005-02-07,81.23
2005-02-08,81.2
2005-02-09,81.35
2005-02-10,81.29
2005-02-11,81.25
2005-02-14,81.21
2005-02-15,81.22
2005-02-16,81.18
2005-02-17,81.22
2005-02-18,81.11
2005-02-22,81.14
2005-02-23,81.13
2005-02-24,81.11
2005-02-25,81.07
2005-02-28,81.02
2005-03-01,80.84
2005-03-02,80.89
2005-03-03,80.92
2005-03-04,80.92
2005-03-07,80.89
2005-03-08,80.89
2005-03-09,80.86
2005-03-10,80.8
2005-03-11,80.78
2005-03-14,80.75
2005-03-15,80.72
2005-03-16,80.82
2005-03-17,80.85
2005-03-18,80.81
2005-03-21,80.86
2005-03-22,80.72
2005-03-23,80.71
2005-03-24,80.73
2005-03-28,80.69
2005-03-29,80.75
2005-03-30,80.76
2005-03-31,80.87
2005-04-01,80.73
2005-04-04,80.73
2005-04-05,80.75
2005-04-06,80.81
2005-04-07,80.78
2005-04-08,80.77
2005-04-11,80.77
2005-04-12,80.82
2005-04-13,80.94
2005-04-14,81.01
2005-04-15,81.14
2005-04-18,81.1
2005-04-19,81.2
2005-04-20,81.17
2005-04-21,81.03
2005-04-22,81.05
2005-04-25,81.07
2005-04-26,81.05
2005-04-27,81.11
2005-04-28,81.18
2005-04-29,81.1
2005-05-02,80.92
2005-05-03,80.97
2005-05-04,81.0
2005-05-05,81.08
2005-05-06,80.9
2005-05-09,80.86
2005-05-10,80.92
2005-05-11,80.97
2005-05-12,81.01
2005-05-13,81.1
2005-05-16,81.08
2005-05-17,81.08
2005-05-18,81.16
2005-05-19,81.04
2005-05-20,81.04
2005-05-23,81.09
2005-05-24,81.14
2005-05-25,81.17
2005-05-26,81.14
2005-05-27,81.17
2005-05-31,81.23
2005-06-01,81.2
2005-06-02,81.17
2005-06-03,81.07
2005-06-06,81.11
2005-06-07,81.13
2005-06-08,81.11
2005-06-09,81.06
2005-06-10,80.99
2005-06-13,80.99
2005-06-14,81.01
2005-06-15,80.99
2005-06-16,81.06
2005-06-17,81.05
2005-06-20,81.03
2005-06-21,81.04
2005-06-22,81.22
2005-06-23,81.19
2005-06-24,81.23
2005-06-27,81.26
2005-06-28,81.17
2005-06-29,81.19
2005-06-30,81.24
2005-07-01,80.83
2005-07-05,80.85
2005-07-06,80.9
2005-07-07,80.97
2005-07-08,80.88
2005-07-11,80.82
2005-07-12,80.82
2005-07-13,80.83
2005-07-14,80.83
2005-07-15,80.84
2005-07-18,80.82
2005-07-19,80.85
2005-07-20,80.84
2005-07-21,80.76
2005-07-22,80.84
2005-07-25,80.81
2005-07-26,80.79
2005-07-27,80.79
2005-07-28,80.8
2005-07-29,80.75
2005-08-01,80.52
2005-08-02,80.53
2005-08-03,80.56
2005-08-04,80.56
2005-08-05,80.49
2005-08-08,80.41
2005-08-09,80.5
2005-08-10,80.5
2005-08-11,80.56
2005-08-12,80.66
2005-08-15,80.62
2005-08-16,80.66
2005-08-17,80.68
2005-08-18,80.75
2005-08-19,80.72
2005-08-22,80.73
2005-08-23,80.81
2005-08-24,80.82
2005-08-25,80.81
2005-08-26,80.75
2005-08-29,80.77
2005-08-30,80.89
2005-08-31,81.1
2005-09-01,80.97
2005-09-02,81.07
2005-09-06,80.94
2005-09-07,80.88
2005-09-08,80.84
2005-09-09,80.86
2005-09-12,80.83
2005-09-13,80.88
2005-09-14,80.87
2005-09-15,80.85
2005-09-16,80.79
2005-09-19,80.81
2005-09-20,80.75
2005-09-21,80.83
2005-09-22,80.86
2005-09-23,80.79
2005-09-26,80.73
2005-09-27,80.7
2005-09-28,80.73
2005-09-29,80.7
2005-09-30,80.63
2005-10-03,80.36
2005-10-04,80.35
2005-10-05,80.39
2005-10-06,80.39
2005-10-07,80.45
2005-10-10,80.44
2005-10-11,80.42
2005-10-12,80.36
2005-10-13,80.36
2005-10-14,80.38
2005-10-17,80.34
2005-10-18,80.41
2005-10-19,80.45
2005-10-20,80.45
2005-10-21,80.5
2005-10-24,80.47
2005-10-25,80.33
2005-10-26,80.3
2005-10-27,80.36
2005-10-28,80.36
2005-10-31,80.33
2005-11-01,80.12
2005-11-02,80.11
2005-11-03,80.07
2005-11-04,80.07
2005-11-07,80.06
2005-11-08,80.16
2005-11-09,80.06
2005-11-10,80.17
2005-11-11,80.2
2005-11-14,80.08
2005-11-15,80.14
2005-11-16,80.24
2005-11-17,80.31
2005-11-18,80.31
2005-11-21,80.36
2005-11-22,80.47
2005-11-23,80.37
2005-11-25,80.44
2005-11-28,80.46
2005-11-29,80.4
2005-11-30,80.41
2005-12-01,80.1
2005-12-02,80.17
2005-12-05,80.08
2005-12-06,80.19
2005-12-07,80.2
2005-12-08,80.3
2005-12-09,80.22
2005-12-12,80.21
2005-12-13,80.25
2005-12-14,80.34
2005-12-15,80.34
2005-12-16,80.39
2005-12-19,80.34
2005-12-20,80.33
2005-12-21,80.33
2005-12-22,80.4
2005-12-23,80.44
2005-12-27,80.45
2005-12-28,80.3
2005-12-29,80.24
2005-12-30,80.21
2006-01-03,80.32
2006-01-04,80.4
2006-01-05,80.33
2006-01-06,80.35
2006-01-09,80.36
2006-01-10,80.28
2006-01-11,80.28
2006-01-12,80.32
2006-01-13,80.48
2006-01-17,80.45
2006-01-18,80.44
2006-01-19,80.45
2006-01-20,80.48
2006-01-23,80.49
2006-01-24,80.47
2006-01-25,80.36
2006-01-26,80.37
2006-01-27,80.31
2006-01-30,80.35
2006-01-31,80.35
2006-02-01,80.03
2006-02-02,80.03
2006-02-03,80.07
2006-02-06,80.03
2006-02-07,80.04
2006-02-08,80.01
2006-02-09,79.99
2006-02-10,79.93
2006-02-13,79.99
2006-02-14,79.99
2006-02-15,79.98
2006-02-16,80.04
2006-02-17,80.1
2006-02-21,80.04
2006-02-22,80.1
2006-02-23,80.03
2006-02-24,80.06
2006-02-27,80.02
2006-02-28,80.13
2006-03-01,79.81
2006-03-02,79.84
2006-03-03,79.76
2006-03-06,79.79
2006-03-07,79.79
2006-03-08,79.84
2006-03-09,79.87
2006-03-10,79.79
2006-03-13,79.79
2006-03-14,79.95
2006-03-15,79.97
2006-03-16,80.11
2006-03-17,80.08
2006-03-20,80.12
2006-03-21,79.98
2006-03-22,80.0
2006-03-23,79.98
2006-03-24,80.09
2006-03-27,80.07
2006-03-28,80.0
2006-03-29,80.0
2006-03-30,79.96
2006-03-31,79.99
2006-04-03,79.68
2006-04-04,79.74
2006-04-05,79.75
2006-04-06,79.74
2006-04-07,79.69
2006-04-10,79.71
2006-04-11,79.78
2006-04-12,79.73
2006-04-13,79.72
2006-04-17,79.77
2006-04-18,79.88
2006-04-19,79.86
2006-04-20,79.83
2006-04-21,79.83
2006-04-24,79.87
2006-04-25,79.81
2006-04-26,79.75
2006-04-27,79.88
2006-04-28,79.9
2006-05-01,79.59
2006-05-02,79.6
2006-05-03,79.6
2006-05-04,79.61
2006-05-05,79.63
2006-05-08,79.62
2006-05-09,79.63
2006-05-10,79.63
2006-05-11,79.66
2006-05-12,79.63
2006-05-15,79.67
2006-05-16,79.74
2006-05-17,79.7
2006-05-18,79.78
2006-05-19,79.76
2006-05-22,79.76
2006-05-23,79.81
2006-05-24,79.86
2006-05-25,79.86
2006-05-26,79.89
2006-05-30,79.83
2006-05-31,79.77
2006-06-01,79.6
2006-06-02,79.72
2006-06-05,79.65
2006-06-06,79.65
2006-06-07,79.6
2006-06-08,79.69
2006-06-09,79.69
2006-06-12,79.7
2006-06-13,79.68
2006-06-14,79.6
2006-06-15,79.58
2006-06-16,79.54
2006-06-19,79.51
2006-06-20,79.5
2006-06-21,79.52
2006-06-22,79.48
2006-06-23,79.46
2006-06-26,79.47
2006-06-27,79.52
2006-06-28,79.48
2006-06-29,79.62
2006-06-30,79.69
2006-07-03,79.4
2006-07-05,79.33
2006-07-06,79.39
2006-07-07,79.45
2006-07-10,79.45
2006-07-11,79.45
2006-07-12,79.48
2006-07-13,79.58
2006-07-14,79.59
2006-07-17,79.58
2006-07-18,79.52
2006-07-19,79.63
2006-07-20,79.73
2006-07-21,79.71
2006-07-24,79.71
2006-07-25,79.69
2006-07-26,79.79
2006-07-27,79.83
2006-07-28,79.93
2006-07-31,79.94
2006-08-01,79.7
2006-08-02,79.7
2006-08-03,79.69
2006-08-04,79.76
2006-08-07,79.79
2006-08-08,79.83
2006-08-09,79.86
2006-08-10,79.84
2006-08-11,79.77
2006-08-14,79.73
2006-08-15,79.84
2006-08-16,79.97
2006-08-17,79.96
2006-08-18,79.99
2006-08-21,80.04
2006-08-22,80.03
2006-08-23,80.01
2006-08-24,80.06
2006-08-25,80.08
2006-08-28,80.1
2006-08-29,80.13
2006-08-30,80.18
2006-08-31,80.25
2006-09-01,80.05
2006-09-05,79.96
2006-09-06,79.96
2006-09-07,79.96
2006-09-08,80.01
2006-09-11,80.0
2006-09-12,80.04
2006-09-13,80.05
2006-09-14,79.98
2006-09-15,80.01
2006-09-18,80.0
2006-09-19,80.11
2006-09-20,80.14
2006-09-21,80.28
2006-09-22,80.32
2006-09-25,80.39
2006-09-26,80.3
2006-09-27,80.36
2006-09-28,80.39
2006-09-29,80.31
2006-10-02,80.11
2006-10-03,80.12
2006-10-04,80.26
2006-10-05,80.18
2006-10-06,80.08
2006-10-09,80.09
2006-10-10,79.98
2006-10-11,79.97
2006-10-12,80.01
2006-10-13,79.98
2006-10-16,80.02
2006-10-17,80.03
2006-10-18,80.04
2006-10-19,80.03
2006-10-20,80.06
2006-10-23,80.02
2006-10-24,80.02
2006-10-25,80.11
2006-10-26,80.21
2006-10-27,80.29
2006-10-30,80.24
2006-10-31,80.35
2006-11-01,80.11
2006-11-02,80.09
2006-11-03,79.94
2006-11-06,79.93
2006-11-07,80.03
2006-11-08,80.07
2006-11-09,80.06
2006-11-10,80.12
2006-11-13,80.12
2006-11-14,80.13
2006-11-15,80.08
2006-11-16,80.05
2006-11-17,80.15
2006-11-20,80.17
2006-11-21,80.19
2006-11-22,80.25
2006-11-24,80.26
2006-11-27,80.31
2006-11-28,80.35
2006-11-29,80.35
2006-11-30,80.44
2006-12-01,80.31
2006-12-04,80.3
2006-12-05,80.3
2006-12-06,80.29
2006-12-07,80.27
2006-12-08,80.17
2006-12-11,80.18
2006-12-12,80.29
2006-12-13,80.18
2006-12-14,80.14
2006-12-15,80.17
2006-12-18,80.17
2006-12-19,80.18
2006-12-20,80.23
2006-12-21,80.29
2006-12-22,80.28
2006-12-26,80.28
2006-12-27,79.99
2006-12-28,79.94
2006-12-29,79.96
2007-01-03,80.04
2007-01-04,80.12
2007-01-05,80.07
2007-01-08,80.02
2007-01-09,80.05
2007-01-10,80.03
2007-01-11,79.97
2007-01-12,79.92
2007-01-16,80.0
2007-01-17,79.97
2007-01-18,80.0
2007-01-19,79.99
2007-01-22,80.02
2007-01-23,79.98
2007-01-24,80.02
2007-01-25,79.96
2007-01-26,79.97
2007-01-29,79.98
2007-01-30,80.0
2007-01-31,80.09
2007-02-01,79.78
2007-02-02,79.81
2007-02-05,79.79
2007-02-06,79.88
2007-02-07,79.92
2007-02-08,79.95
2007-02-09,79.87
2007-02-12,79.87
2007-02-13,79.86
2007-02-14,80.04
2007-02-15,80.08
2007-02-16,80.1
2007-02-20,80.09
2007-02-21,80.14
2007-02-22,80.09
2007-02-23,80.18
2007-02-26,80.24
2007-02-27,80.43
2007-02-28,80.37
2007-03-01,80.21
2007-03-02,80.3
2007-03-05,80.33
2007-03-06,80.26
2007-03-07,80.34
2007-03-08,80.34
2007-03-09,80.2
2007-03-12,80.27
2007-03-13,80.38
2007-03-14,80.4
2007-03-15,80.38
2007-03-16,80.37
2007-03-19,80.3
2007-03-20,80.37
2007-03-21,80.5
2007-03-22,80.42
2007-03-23,80.37
2007-03-26,80.45
2007-03-27,80.46
2007-03-28,80.5
2007-03-29,80.46
2007-03-30,80.46
2007-04-02,80.18
2007-04-03,80.18
2007-04-04,80.23
2007-04-05,80.2
2007-04-09,80.02
2007-04-10,80.12
2007-04-11,80.12
2007-04-12,80.11
2007-04-13,80.07
2007-04-16,80.06
2007-04-17,80.19
2007-04-18,80.3
2007-04-19,80.3
2007-04-20,80.28
2007-04-23,80.34
2007-04-24,80.41
2007-04-25,80.38
2007-04-26,80.32
2007-04-27,80.35
2007-04-30,80.41
2007-05-01,80.09
2007-05-02,80.13
2007-05-03,80.07
2007-05-04,80.11
2007-05-07,80.11
2007-05-08,80.15
2007-05-09,80.09
2007-05-10,80.16
2007-05-11,80.13
2007-05-14,80.07
2007-05-15,80.09
2007-05-16,80.17
2007-05-17,80.12
2007-05-18,80.04
2007-05-21,80.06
2007-05-22,80.08
2007-05-23,80.06
2007-05-24,80.09
2007-05-25,80.14
2007-05-29,80.06
2007-05-30,80.12
2007-05-31,80.07
2007-06-01,79.74
2007-06-04,79.77
2007-06-05,79.7
2007-06-06,79.8
2007-06-07,79.71
2007-06-08,79.74
2007-06-11,79.75
2007-06-12,79.68
2007-06-13,79.7
2007-06-14,79.7
2007-06-15,79.81
2007-06-18,79.81
2007-06-19,79.95
2007-06-20,79.87
2007-06-21,79.9
2007-06-22,80.01
2007-06-25,80.08
2007-06-26,80.03
2007-06-27,80.02
2007-06-28,80.0
2007-06-29,80.16
2007-07-02,79.91
2007-07-03,79.88
2007-07-05,79.77
2007-07-06,79.76
2007-07-09,79.82
2007-07-10,79.97
2007-07-11,79.93
2007-07-12,79.88
2007-07-13,79.92
2007-07-16,80.0
2007-07-17,79.95
2007-07-18,80.07
2007-07-19,80.06
2007-07-20,80.19
2007-07-23,80.13
2007-07-24,80.21
2007-07-25,80.27
2007-07-26,80.46
2007-07-27,80.55
2007-07-30,80.45
2007-07-31,80.58
2007-08-01,80.2
2007-08-02,80.24
2007-08-03,80.44
2007-08-06,80.34
2007-08-07,80.27
2007-08-08,80.21
2007-08-09,80.44
2007-08-10,80.41
2007-08-13,80.48
2007-08-14,80.59
2007-08-15,80.7
2007-08-16,80.86
2007-08-17,80.93
2007-08-20,81.03
2007-08-21,81.14
2007-08-22,81.03
2007-08-23,80.98
2007-08-24,80.83
2007-08-27,80.94
2007-08-28,81.15
2007-08-29,81.05
2007-08-30,81.12
2007-08-31,81.12
2007-09-04,80.81
2007-09-05,81.02
2007-09-06,80.92
2007-09-07,81.2
2007-09-10,81.23
2007-09-11,81.11
2007-09-12,81.18
2007-09-13,81.06
2007-09-14,81.05
2007-09-17,81.04
2007-09-18,81.15
2007-09-19,81.15
2007-09-20,80.98
2007-09-21,81.09
2007-09-24,81.18
2007-09-25,81.25
2007-09-26,81.2
2007-09-27,81.35
2007-09-28,81.26
2007-10-01,80.98
2007-10-02,81.03
2007-10-03,81.02
2007-10-04,81.06
2007-10-05,80.97
2007-10-08,81.05
2007-10-09,80.87
2007-10-10,80.89
2007-10-11,80.91
2007-10-12,80.82
2007-10-15,80.82
2007-10-16,80.92
2007-10-17,81.11
2007-10-18,81.22
2007-10-19,81.43
2007-10-22,81.36
2007-10-23,81.37
2007-10-24,81.53
2007-10-25,81.48
2007-10-26,81.49
2007-10-29,81.49
2007-10-30,81.48
2007-10-31,81.35
2007-11-01,81.31
2007-11-02,81.41
2007-11-05,81.4
2007-11-06,81.35
2007-11-07,81.58
2007-11-08,81.71
2007-11-09,81.74
2007-11-12,81.93
2007-11-13,81.68
2007-11-14,81.72
2007-11-15,81.99
2007-11-16,81.99
2007-11-19,82.26
2007-11-20,82.23
2007-11-21,82.49
2007-11-23,82.4
2007-11-26,82.63
2007-11-27,82.38
2007-11-28,82.31
2007-11-29,82.46
2007-11-30,82.5
2007-12-03,82.41
2007-12-04,82.4
2007-12-05,82.43
2007-12-06,82.26
2007-12-07,82.17
2007-12-10,82.11
2007-12-11,82.41
2007-12-12,82.2
2007-12-13,82.08
2007-12-14,81.88
2007-12-17,82.12
2007-12-18,82.07
2007-12-19,82.28
2007-12-20,82.34
2007-12-21,82.21
2007-12-24,82.14
2007-12-26,82.06
2007-12-27,81.96
2007-12-28,82.06
2007-12-31,82.19
2008-01-02,82.34
2008-01-03,82.47
2008-01-04,82.59
2008-01-07,82.54
2008-01-08,82.66
2008-01-09,82.62
2008-01-10,82.62
2008-01-11,82.85
2008-01-14,82.88
2008-01-15,82.95
2008-01-16,83.02
2008-01-17,83.16
2008-01-18,83.23
2008-01-22,83.58
2008-01-23,83.54
2008-01-24,83.28
2008-01-25,83.5
2008-01-28,83.46
2008-01-29,83.41
2008-01-30,83.47
2008-01-31,83.55
2008-02-01,83.42
2008-02-04,83.43
2008-02-05,83.62
2008-02-06,83.65
2008-02-07,83.54
2008-02-08,83.69
2008-02-11,83.72
2008-02-12,83.75
2008-02-13,83.78
2008-02-14,83.72
2008-02-15,83.63
2008-02-19,83.57
2008-02-20,83.47
2008-02-21,83.7
2008-02-22,83.61
2008-02-25,83.48
2008-02-26,83.6
2008-02-27,83.7
2008-02-28,83.9
2008-02-29,84.19
2008-03-03,84.03
2008-03-04,84.01
2008-03-05,83.96
2008-03-06,84.21
2008-03-07,84.17
2008-03-10,84.26
2008-03-11,83.84
2008-03-12,84.11
2008-03-13,84.07
2008-03-14,84.32
2008-03-17,84.51
2008-03-18,84.21
2008-03-19,84.3
2008-03-20,84.2
2008-03-24,83.85
2008-03-25,83.91
2008-03-26,84.09
2008-03-27,84.18
2008-03-28,84.22
2008-03-31,84.24
2008-04-01,83.76
2008-04-02,83.69
2008-04-03,83.63
2008-04-04,83.78
2008-04-07,83.62
2008-04-08,83.67
2008-04-09,83.83
2008-04-10,83.8
2008-04-11,83.94
2008-04-14,83.89
2008-04-15,83.78
2008-04-16,83.6
2008-04-17,83.45
2008-04-18,83.4
2008-04-21,83.32
2008-04-22,83.35
2008-04-23,83.35
2008-04-24,83.12
2008-04-25,83.13
2008-04-28,83.22
2008-04-29,83.2
2008-04-30,83.36
2008-05-01,83.05
2008-05-02,82.94
2008-05-05,83.03
2008-05-06,83.08
2008-05-07,83.18
2008-05-08,83.25
2008-05-09,83.28
2008-05-12,83.12
2008-05-13,82.98
2008-05-14,82.92
2008-05-15,82.99
2008-05-16,83.01
2008-05-19,83.1
2008-05-20,83.22
2008-05-21,83.13
2008-05-22,82.9
2008-05-23,83.06
2008-05-27,82.97
2008-05-28,82.82
2008-05-29,82.79
2008-05-30,82.91
2008-06-02,82.85
2008-06-03,82.97
2008-06-04,82.94
2008-06-05,82.83
2008-06-06,82.94
2008-06-09,82.52
2008-06-10,82.33
2008-06-11,82.47
2008-06-12,82.07
2008-06-13,82.16
2008-06-16,82.21
2008-06-17,82.37
2008-06-18,82.45
2008-06-19,82.29
2008-06-20,82.44
2008-06-23,82.35
2008-06-24,82.5
2008-06-25,82.56
2008-06-26,82.8
2008-06-27,82.84
2008-06-30,82.89
2008-07-01,82.65
2008-07-02,82.66
2008-07-03,82.8
2008-07-07,82.85
2008-07-08,82.86
2008-07-09,83.0
2008-07-10,82.9
2008-07-11,82.73
2008-07-14,82.92
2008-07-15,83.04
2008-07-16,82.96
2008-07-17,82.84
2008-07-18,82.69
2008-07-21,82.73
2008-07-22,82.66
2008-07-23,82.62
2008-07-24,82.85
2008-07-25,82.74
2008-07-28,82.91
2008-07-29,82.84
2008-07-30,82.86
2008-07-31,83.03
2008-08-01,82.78
2008-08-04,82.77
2008-08-05,82.73
2008-08-06,82.74
2008-08-07,82.92
2008-08-08,82.85
2008-08-11,82.74
2008-08-12,82.89
2008-08-13,82.88
2008-08-14,82.91
2008-08-15,82.97
2008-08-18,83.04
2008-08-19,83.1
2008-08-20,83.21
2008-08-21,83.14
2008-08-22,82.99
2008-08-25,83.13
2008-08-26,83.1
2008-08-27,83.15
2008-08-28,83.11
2008-08-29,83.15
2008-09-02,83.02
2008-09-03,83.05
2008-09-04,83.1
2008-09-05,83.07
2008-09-08,83.03
2008-09-09,83.16
2008-09-10,83.18
2008-09-11,83.15
2008-09-12,83.16
2008-09-15,83.75
2008-09-16,83.6
2008-09-17,84.0
2008-09-18,83.73
2008-09-19,83.26
2008-09-22,83.32
2008-09-23,83.38
2008-09-24,83.56
2008-09-25,83.41
2008-09-26,83.41
2008-09-29,83.89
2008-09-30,83.56
2008-10-01,83.54
2008-10-02,83.72
2008-10-03,83.95
2008-10-06,84.12
2008-10-07,84.14
2008-10-08,83.78
2008-10-09,83.83
2008-10-10,83.96
2008-10-13,83.59
2008-10-14,83.61
2008-10-15,83.89
2008-10-16,83.84
2008-10-17,83.9
2008-10-20,83.84
2008-10-21,84.01
2008-10-22,84.13
2008-10-23,84.08
2008-10-24,84.15
2008-10-27,83.94
2008-10-28,84.04
2008-10-29,84.09
2008-10-30,84.16
2008-10-31,84.2
2008-11-03,84.03
2008-11-04,84.0
2008-11-05,84.15
2008-11-06,84.18
2008-11-07,84.03
2008-11-10,84.29
2008-11-11,84.35
2008-11-12,84.48
2008-11-13,84.27
2008-11-14,84.25
2008-11-17,84.4
2008-11-18,84.49
2008-11-19,84.61
2008-11-20,84.77
2008-11-21,84.63
2008-11-24,84.42
2008-11-25,84.49
2008-11-26,84.75
2008-11-28,84.8
2008-12-01,84.66
2008-12-02,84.65
2008-12-03,84.72
2008-12-04,84.74
2008-12-05,84.64
2008-12-08,84.52
2008-12-09,84.78
2008-12-10,84.67
2008-12-11,84.87
2008-12-12,84.91
2008-12-15,84.97
2008-12-16,85.01
2008-12-17,84.83
2008-12-18,84.87
2008-12-19,84.79
2008-12-22,84.63
2008-12-23,84.65
2008-12-24,84.67
2008-12-26,84.77
2008-12-29,84.62
2008-12-30,84.7
2008-12-31,84.66
2009-01-02,84.21
2009-01-05,84.38
2009-01-06,84.42
2009-01-07,84.36
2009-01-08,84.38
2009-01-09,84.44
2009-01-12,84.46
2009-01-13,84.47
2009-01-14,84.57
2009-01-15,84.48
2009-01-16,84.52
2009-01-20,84.56
2009-01-21,84.43
2009-01-22,84.47
2009-01-23,84.45
2009-01-26,84.34
2009-01-27,84.43
2009-01-28,84.4
2009-01-29,84.24
2009-01-30,84.29
2009-02-02,84.23
2009-02-03,84.14
2009-02-04,84.0
2009-02-05,84.02
2009-02-06,83.97
2009-02-09,83.94
2009-02-10,84.13
2009-02-11,84.11
2009-02-12,84.21
2009-02-13,84.05
2009-02-17,84.27
2009-02-18,84.13
2009-02-19,84.1
2009-02-20,84.17
2009-02-23,84.16
2009-02-24,84.1
2009-02-25,83.94
2009-02-26,83.98
2009-02-27,84.03
2009-03-02,84.09
2009-03-03,84.02
2009-03-04,83.93
2009-03-05,84.03
2009-03-06,83.97
2009-03-09,83.89
2009-03-10,83.84
2009-03-11,83.88
2009-03-12,83.91
2009-03-13,83.98
2009-03-16,83.87
2009-03-17,83.85
2009-03-18,84.17
2009-03-19,84.07
2009-03-20,84.17
2009-03-23,84.1
2009-03-24,83.99
2009-03-25,83.97
2009-03-26,84.08
2009-03-27,84.12
2009-03-30,84.2
2009-03-31,84.32
2009-04-01,84.16
2009-04-02,84.02
2009-04-03,83.83
2009-04-06,83.89
2009-04-07,83.92
2009-04-08,83.92
2009-04-09,83.82
2009-04-13,83.98
2009-04-14,84.05
2009-04-15,84.09
2009-04-16,83.97
2009-04-17,83.88
2009-04-20,83.96
2009-04-21,83.97
2009-04-22,83.97
2009-04-23,83.91
2009-04-24,83.91
2009-04-27,84.01
2009-04-28,83.93
2009-04-29,83.97
2009-04-30,84.04
2009-05-01,83.81
2009-05-04,83.79
2009-05-05,83.77
2009-05-06,83.82
2009-05-07,83.7
2009-05-08,83.76
2009-05-11,83.9
2009-05-12,83.89
2009-05-13,83.93
2009-05-14,83.96
2009-05-15,83.95
2009-05-18,83.87
2009-05-19,83.92
2009-05-20,84.03
2009-05-21,83.92
2009-05-22,83.94
2009-05-26,83.83
2009-05-27,83.81
2009-05-28,83.8
2009-05-29,83.92
2009-06-01,83.72
2009-06-02,83.69
2009-06-03,83.84
2009-06-04,83.76
2009-06-05,83.21
2009-06-08,82.99
2009-06-09,83.18
2009-06-10,83.17
2009-06-11,83.18
2009-06-12,83.27
2009-06-15,83.33
2009-06-16,83.42
2009-06-17,83.51
2009-06-18,83.37
2009-06-19,83.42
2009-06-22,83.53
2009-06-23,83.53
2009-06-24,83.52
2009-06-25,83.68
2009-06-26,83.72
2009-06-29,83.72
2009-06-30,83.71
2009-07-01,83.68
2009-07-02,83.77
2009-07-06,83.8
2009-07-07,83.79
2009-07-08,83.92
2009-07-09,83.88
2009-07-10,83.96
2009-07-13,83.91
2009-07-14,83.85
2009-07-15,83.65
2009-07-16,83.78
2009-07-17,83.75
2009-07-20,83.74
2009-07-21,83.84
2009-07-22,83.8
2009-07-23,83.65
2009-07-24,83.7
2009-07-27,83.64
2009-07-28,83.59
2009-07-29,83.54
2009-07-30,83.55
2009-07-31,83.69
2009-08-03,83.46
2009-08-04,83.39
2009-08-05,83.36
2009-08-06,83.36
2009-08-07,83.22
2009-08-10,83.35
2009-08-11,83.44
2009-08-12,83.47
2009-08-13,83.61
2009-08-14,83.67
2009-08-17,83.76
2009-08-18,83.74
2009-08-19,83.78
2009-08-20,83.76
2009-08-21,83.63
2009-08-24,83.73
2009-08-25,83.73
2009-08-26,83.78
2009-08-27,83.77
2009-08-28,83.86
2009-08-31,83.92
2009-09-01,83.88
2009-09-02,83.97
2009-09-03,83.89
2009-09-04,83.85
2009-09-08,83.86
2009-09-09,83.87
2009-09-10,83.92
2009-09-11,83.89
2009-09-14,83.84
2009-09-15,83.88
2009-09-16,83.77
2009-09-17,83.89
2009-09-18,83.81
2009-09-21,83.84
2009-09-22,83.82
2009-09-23,83.95
2009-09-24,83.97
2009-09-25,83.94
2009-09-28,83.93
2009-09-29,83.92
2009-09-30,84.01
2009-10-01,83.99
2009-10-02,84.02
2009-10-05,84.02
2009-10-06,83.97
2009-10-07,84.08
2009-10-08,84.0
2009-10-09,83.88
2009-10-12,83.98
2009-10-13,84.03
2009-10-14,83.92
2009-10-15,83.87
2009-10-16,83.92
2009-10-19,83.92
2009-10-20,83.96
2009-10-21,83.92
2009-10-22,83.93
2009-10-23,83.79
2009-10-26,83.7
2009-10-27,83.87
2009-10-28,83.99
2009-10-29,83.92
2009-10-30,84.02
2009-11-02,83.84
2009-11-03,83.83
2009-11-04,83.82
2009-11-05,83.9
2009-11-06,83.96
2009-11-09,83.96
2009-11-10,83.94
2009-11-11,84.03
2009-11-12,84.02
2009-11-13,84.04
2009-11-16,84.09
2009-11-17,84.11
2009-11-18,84.11
2009-11-19,84.14
2009-11-20,84.16
2009-11-23,84.15
2009-11-24,84.22
2009-11-25,84.26
2009-11-27,84.32
2009-11-30,84.33
2009-12-01,83.77
2009-12-02,83.7
2009-12-03,83.65
2009-12-04,83.44
2009-12-07,83.62
2009-12-08,83.7
2009-12-09,83.64
2009-12-10,83.61
2009-12-11,83.52
2009-12-14,83.43
2009-12-15,83.41
2009-12-16,83.47
2009-12-17,83.63
2009-12-18,83.57
2009-12-21,83.44
2009-12-22,83.34
2009-12-23,83.34
2009-12-24,83.24
2009-12-28,83.12
2009-12-29,83.09
2009-12-30,83.06
2009-12-31,82.96
2010-01-04,83.07
2010-01-05,83.17
2010-01-06,83.18
2010-01-07,83.16
2010-01-08,83.24
2010-01-11,83.28
2010-01-12,83.35
2010-01-13,83.28
2010-01-14,83.36
2010-01-15,83.43
2010-01-19,83.45
2010-01-20,83.45
2010-01-21,83.52
2010-01-22,83.59
2010-01-25,83.52
2010-01-26,83.53
2010-01-27,83.5
2010-01-28,83.54
2010-01-29,83.62
2010-02-01,83.5
2010-02-02,83.51
2010-02-03,83.45
2010-02-04,83.57
2010-02-05,83.7
2010-02-08,83.64
2010-02-09,83.56
2010-02-10,83.47
2010-02-11,83.5
2010-02-12,83.57
2010-02-16,83.58
2010-02-17,83.51
2010-02-18,83.46
2010-02-19,83.43
2010-02-22,83.46
2010-02-23,83.53
2010-02-24,83.57
2010-02-25,83.64
2010-02-26,83.67
2010-03-01,83.58
2010-03-02,83.58
2010-03-03,83.57
2010-03-04,83.54
2010-03-05,83.47
2010-03-08,83.43
2010-03-09,83.49
2010-03-10,83.47
2010-03-11,83.37
2010-03-12,83.38
2010-03-15,83.41
2010-03-16,83.43
2010-03-17,83.45
2010-03-18,83.4
2010-03-19,83.34
2010-03-22,83.37
2010-03-23,83.34
2010-03-24,83.21
2010-03-25,83.24
2010-03-26,83.29
2010-03-29,83.33
2010-03-30,83.31
2010-03-31,83.37
2010-04-01,83.26
2010-04-05,83.03
2010-04-06,83.09
2010-04-07,83.22
2010-04-08,83.2
2010-04-09,83.22
2010-04-12,83.26
2010-04-13,83.24
2010-04-14,83.24
2010-04-15,83.3
2010-04-16,83.43
2010-04-19,83.35
2010-04-20,83.36
2010-04-21,83.37
2010-04-22,83.31
2010-04-23,83.28
2010-04-26,83.28
2010-04-27,83.44
2010-04-28,83.42
2010-04-29,83.44
2010-04-30,83.54
2010-05-03,83.38
2010-05-04,83.43
2010-05-05,83.54
2010-05-06,83.72
2010-05-07,83.69
2010-05-10,83.58
2010-05-11,83.63
2010-05-12,83.61
2010-05-13,83.66
2010-05-14,83.77
2010-05-17,83.74
2010-05-18,83.83
2010-05-19,83.79
2010-05-20,83.89
2010-05-21,83.83
2010-05-24,83.82
2010-05-25,83.81
2010-05-26,83.74
2010-05-27,83.68
2010-05-28,83.84
2010-06-01,83.77
2010-06-02,83.71
2010-06-03,83.69
2010-06-04,83.88
2010-06-07,83.85
2010-06-08,83.84
2010-06-09,83.85
2010-06-10,83.74
2010-06-11,83.83
2010-06-14,83.85
2010-06-15,83.81
2010-06-16,83.83
2010-06-17,83.88
2010-06-18,83.89
2010-06-21,83.9
2010-06-22,83.94
2010-06-23,84.0
2010-06-24,84.02
2010-06-25,84.05
2010-06-28,84.1
2010-06-29,84.14
2010-06-30,84.12
2010-07-01,84.02
2010-07-02,84.02
2010-07-06,84.02
2010-07-07,84.01
2010-07-08,84.02
2010-07-09,83.99
2010-07-12,84.0
2010-07-13,83.94
2010-07-14,84.03
2010-07-15,84.05
2010-07-16,84.13
2010-07-19,84.1
2010-07-20,84.13
2010-07-21,84.17
2010-07-22,84.14
2010-07-23,84.1
2010-07-26,84.07
2010-07-27,84.02
2010-07-28,84.1
2010-07-29,84.17
2010-07-30,84.21
2010-08-02,84.12
2010-08-03,84.18
2010-08-04,84.11
2010-08-05,84.21
2010-08-06,84.23
2010-08-09,84.18
2010-08-10,84.22
2010-08-11,84.24
2010-08-12,84.22
2010-08-13,84.21
2010-08-16,84.29
2010-08-17,84.27
2010-08-18,84.29
2010-08-19,84.31
2010-08-20,84.28
2010-08-23,84.29
2010-08-24,84.35
2010-08-25,84.27
2010-08-26,84.27
2010-08-27,84.21
2010-08-30,84.31
2010-08-31,84.34
2010-09-01,84.22
2010-09-02,84.2
2010-09-03,84.16
2010-09-07,84.25
2010-09-08,84.19
2010-09-09,84.1
2010-09-10,84.09
2010-09-13,84.16
2010-09-14,84.22
2010-09-15,84.24
2010-09-16,84.26
2010-09-17,84.28
2010-09-20,84.29
2010-09-21,84.35
2010-09-22,84.34
2010-09-23,84.35
2010-09-24,84.34
2010-09-27,84.36
2010-09-28,84.38
2010-09-29,84.36
2010-09-30,84.37
2010-10-01,84.32
2010-10-04,84.33
2010-10-05,84.37
2010-10-06,84.38
2010-10-07,84.45
2010-10-08,84.45
2010-10-11,84.46
2010-10-12,84.4
2010-10-13,84.41
2010-10-14,84.37
2010-10-15,84.4
2010-10-18,84.42
2010-10-19,84.46
2010-10-20,84.47
2010-10-21,84.48
2010-10-22,84.46
2010-10-25,84.48
2010-10-26,84.4
2010-10-27,84.36
2010-10-28,84.47
2010-10-29,84.49
2010-11-01,84.46
2010-11-02,84.41
2010-11-03,84.44
2010-11-04,84.46
2010-11-05,84.39
2010-11-08,84.35
2010-11-09,84.24
2010-11-10,84.29
2010-11-11,84.16
2010-11-12,84.16
2010-11-15,84.11
2010-11-16,84.15
2010-11-17,84.2
2010-11-18,84.21
2010-11-19,84.16
2010-11-22,84.24
2010-11-23,84.29
2010-11-24,84.14
2010-11-26,84.2
2010-11-29,84.19
2010-11-30,84.25
2010-12-01,84.06
2010-12-02,84.06
2010-12-03,84.17
2010-12-06,84.22
2010-12-07,84.07
2010-12-08,83.94
2010-12-09,83.93
2010-12-10,83.9
2010-12-13,83.95
2010-12-14,83.91
2010-12-15,83.88
2010-12-16,83.9
2010-12-17,83.97
2010-12-20,83.99
2010-12-21,83.97
2010-12-22,83.95
2010-12-23,83.84
2010-12-27,83.89
2010-12-28,83.71
2010-12-29,83.91
2010-12-30,83.88
2010-12-31,83.98
2011-01-03,83.96
2011-01-04,83.94
2011-01-05,83.79
2011-01-06,83.88
2011-01-07,84.0
2011-01-10,84.04
2011-01-11,83.99
2011-01-12,83.99
2011-01-13,84.02
2011-01-14,84.02
2011-01-18,84.0
2011-01-19,84.04
2011-01-20,83.95
2011-01-21,83.97
2011-01-24,83.96
2011-01-25,84.02
2011-01-26,84.0
2011-01-27,84.06
2011-01-28,84.1
2011-01-31,84.09
2011-02-01,83.93
2011-02-02,83.88
2011-02-03,83.8
2011-02-04,83.73
2011-02-07,83.69
2011-02-08,83.58
2011-02-09,83.64
2011-02-10,83.6
2011-02-11,83.6
2011-02-14,83.6
2011-02-15,83.64
2011-02-16,83.63
2011-02-17,83.73
2011-02-18,83.76
2011-02-22,83.85
2011-02-23,83.83
2011-02-24,83.87
2011-02-25,83.89
2011-02-28,83.92
2011-03-01,83.91
2011-03-02,83.87
2011-03-03,83.7
2011-03-04,83.89
2011-03-07,83.83
2011-03-08,83.8
2011-03-09,83.86
2011-03-10,83.95
2011-03-11,83.96
2011-03-14,84.01
2011-03-15,83.97
2011-03-16,84.12
2011-03-17,84.08
2011-03-18,84.04
2011-03-21,83.95
2011-03-22,83.93
2011-03-23,83.94
2011-03-24,83.88
2011-03-25,83.82
2011-03-28,83.78
2011-03-29,83.75
2011-03-30,83.8
2011-03-31,83.75
2011-04-01,83.75
2011-04-04,83.77
2011-04-05,83.68
2011-04-06,83.68
2011-04-07,83.74
2011-04-08,83.71
2011-04-11,83.7
2011-04-12,83.84
2011-04-13,83.88
2011-04-14,83.8
2011-04-15,83.96
2011-04-18,83.98
2011-04-19,84.0
2011-04-20,83.99
2011-04-21,83.97
2011-04-25,83.98
2011-04-26,84.06
2011-04-27,84.09
2011-04-28,84.09
2011-04-29,84.13
2011-05-02,84.05
2011-05-03,84.08
2011-05-04,84.12
2011-05-05,84.14
2011-05-06,84.15
2011-05-09,84.19
2011-05-10,84.11
2011-05-11,84.19
2011-05-12,84.15
2011-05-13,84.19
2011-05-16,84.23
2011-05-17,84.24
2011-05-18,84.2
2011-05-19,84.21
2011-05-20,84.24
2011-05-23,84.25
2011-05-24,84.25
2011-05-25,84.29
2011-05-26,84.34
2011-05-27,84.37
2011-05-31,84.37
2011-06-01,84.36
2011-06-02,84.31
2011-06-03,84.34
2011-06-06,84.35
2011-06-07,84.41
2011-06-08,84.42
2011-06-09,84.33
2011-06-10,84.4
2011-06-13,84.37
2011-06-14,84.3
2011-06-15,84.42
2011-06-16,84.43
2011-06-17,84.45
2011-06-20,84.45
2011-06-21,84.46
2011-06-22,84.44
2011-06-23,84.49
2011-06-24,84.54
2011-06-27,84.46
2011-06-28,84.31
2011-06-29,84.31
2011-06-30,84.3
2011-07-01,84.21
2011-07-05,84.31
2011-07-06,84.34
2011-07-07,84.26
2011-07-08,84.38
2011-07-11,84.44
2011-07-12,84.43
2011-07-13,84.45
2011-07-14,84.42
2011-07-15,84.44
2011-07-18,84.44
2011-07-19,84.44
2011-07-20,84.41
2011-07-21,84.37
2011-07-22,84.38
2011-07-25,84.34
2011-07-26,84.39
2011-07-27,84.34
2011-07-28,84.39
2011-07-29,84.48
2011-08-01,84.39
2011-08-02,84.5
2011-08-03,84.49
2011-08-04,84.57
2011-08-05,84.55
2011-08-08,84.58
2011-08-09,84.67
2011-08-10,84.73
2011-08-11,84.71
2011-08-12,84.72
2011-08-15,84.69
2011-08-16,84.69
2011-08-17,84.71
2011-08-18,84.7
2011-08-19,84.7
2011-08-22,84.69
2011-08-23,84.65
2011-08-24,84.65
2011-08-25,84.7
2011-08-26,84.71
2011-08-29,84.69
2011-08-30,84.71
2011-08-31,84.71
2011-09-01,84.68
2011-09-02,84.64
2011-09-06,84.65
2011-09-07,84.63
2011-09-08,84.66
2011-09-09,84.69
2011-09-12,84.63
2011-09-13,84.64
2011-09-14,84.64
2011-09-15,84.65
2011-09-16,84.67
2011-09-19,84.71
2011-09-20,84.67
2011-09-21,84.58
2011-09-22,84.59
2011-09-23,84.6
2011-09-26,84.57
2011-09-27,84.54
2011-09-28,84.51
2011-09-29,84.53
2011-09-30,84.57
2011-10-03,84.54
2011-10-04,84.49
2011-10-05,84.49
2011-10-06,84.47
2011-10-07,84.44
2011-10-10,84.37
2011-10-11,84.41
2011-10-12,84.41
2011-10-13,84.43
2011-10-14,84.47
2011-10-17,84.48
2011-10-18,84.48
2011-10-19,84.51
2011-10-20,84.52
2011-10-21,84.49
2011-10-24,84.49
2011-10-25,84.54
2011-10-26,84.49
2011-10-27,84.43
2011-10-28,84.47
2011-10-31,84.55
2011-11-01,84.51
2011-11-02,84.53
2011-11-03,84.54
2011-11-04,84.54
2011-11-07,84.52
2011-11-08,84.51
2011-11-09,84.53
2011-11-10,84.54
2011-11-11,84.5
2011-11-14,84.54
2011-11-15,84.53
2011-11-16,84.51
2011-11-17,84.52
2011-11-18,84.49
2011-11-21,84.5
2011-11-22,84.51
2011-11-23,84.52
2011-11-25,84.52
2011-11-28,84.53
2011-11-29,84.54
2011-11-30,84.54
2011-12-01,84.5
2011-12-02,84.48
2011-12-05,84.49
2011-12-06,84.49
2011-12-07,84.52
2011-12-08,84.53
2011-12-09,84.53
2011-12-12,84.53
2011-12-13,84.53
2011-12-14,84.51
2011-12-15,84.5
2011-12-16,84.54
2011-12-19,84.53
2011-12-20,84.51
2011-12-21,84.48
2011-12-22,84.47
2011-12-23,84.49
2011-12-27,84.42
2011-12-28,84.44
2011-12-29,84.45
2011-12-30,84.5
2012-01-03,84.45
2012-01-04,84.46
2012-01-05,84.47
2012-01-06,84.46
2012-01-09,84.48
2012-01-10,84.49
2012-01-11,84.52
2012-01-12,84.51
2012-01-13,84.53
2012-01-17,84.54
2012-01-18,84.53
2012-01-19,84.53
2012-01-20,84.51
2012-01-23,84.52
2012-01-24,84.52
2012-01-25,84.57
2012-01-26,84.58
2012-01-27,84.6
2012-01-30,84.57
2012-01-31,84.57
2012-02-01,84.51
2012-02-02,84.52
2012-02-03,84.52
2012-02-06,84.5
2012-02-07,84.48
2012-02-08,84.48
2012-02-09,84.44
2012-02-10,84.46
2012-02-13,84.41
2012-02-14,84.43
2012-02-15,84.44
2012-02-16,84.41
2012-02-17,84.39
2012-02-21,84.37
2012-02-22,84.41
2012-02-23,84.4
2012-02-24,84.38
2012-02-27,84.4
2012-02-28,84.42
2012-02-29,84.42
2012-03-01,84.37
2012-03-02,84.39
2012-03-05,84.39
2012-03-06,84.39
2012-03-07,84.37
2012-03-08,84.34
2012-03-09,84.34
2012-03-12,84.35
2012-03-13,84.3
2012-03-14,84.18
2012-03-15,84.23
2012-03-16,84.28
2012-03-19,84.22
2012-03-20,84.2
2012-03-21,84.25
2012-03-22,84.26
2012-03-23,84.27
2012-03-26,84.29
2012-03-27,84.32
2012-03-28,84.3
2012-03-29,84.33
2012-03-30,84.32
2012-04-02,84.31
2012-04-03,84.25
2012-04-04,84.27
2012-04-05,84.3
2012-04-09,84.36
2012-04-10,84.4
2012-04-11,84.39
2012-04-12,84.4
2012-04-13,84.41
2012-04-16,84.41
2012-04-17,84.41
2012-04-18,84.43
2012-04-19,84.44
2012-04-20,84.44
2012-04-23,84.46
2012-04-24,84.43
2012-04-25,84.45
2012-04-26,84.46
2012-04-27,84.44
2012-04-30,84.46
2012-05-01,84.43
2012-05-02,84.44
2012-05-03,84.43
2012-05-04,84.46
2012-05-07,84.46
2012-05-08,84.47
2012-05-09,84.46
2012-05-10,84.45
2012-05-11,84.46
2012-05-14,84.45
2012-05-15,84.44
2012-05-16,84.43
2012-05-17,84.39
2012-05-18,84.4
2012-05-21,84.41
2012-05-22,84.38
2012-05-23,84.42
2012-05-24,84.39
2012-05-25,84.43
2012-05-29,84.41
2012-05-30,84.45
2012-05-31,84.48
2012-06-01,84.46
2012-06-04,84.45
2012-06-05,84.47
2012-06-06,84.44
2012-06-07,84.43
2012-06-08,84.43
2012-06-11,84.43
2012-06-12,84.39
2012-06-13,84.38
2012-06-14,84.39
2012-06-15,84.42
2012-06-18,84.4
2012-06-19,84.39
2012-06-20,84.36
2012-06-21,84.37
2012-06-22,84.38
2012-06-25,84.38
2012-06-26,84.36
2012-06-27,84.36
2012-06-28,84.37
2012-06-29,84.37
2012-07-02,84.37
2012-07-03,84.35
2012-07-05,84.38
2012-07-06,84.41
2012-07-09,84.41
2012-07-10,84.41
2012-07-11,84.42
2012-07-12,84.44
2012-07-13,84.46
2012-07-16,84.49
2012-07-17,84.48
2012-07-18,84.5
2012-07-19,84.52
2012-07-20,84.53
2012-07-23,84.54
2012-07-24,84.52
2012-07-25,84.53
2012-07-26,84.53
2012-07-27,84.47
2012-07-30,84.51
2012-07-31,84.53
2012-08-01,84.49
2012-08-02,84.5
2012-08-03,84.47
2012-08-06,84.48
2012-08-07,84.44
2012-08-08,84.41
2012-08-09,84.41
2012-08-10,84.43
2012-08-13,84.44
2012-08-14,84.42
2012-08-15,84.39
2012-08-16,84.38
2012-08-17,84.39
2012-08-20,84.39
2012-08-21,84.39
2012-08-22,84.44
2012-08-23,84.45
2012-08-24,84.45
2012-08-27,84.44
2012-08-28,84.45
2012-08-29,84.45
2012-08-30,84.46
2012-08-31,84.51
2012-09-04,84.48
2012-09-05,84.48
2012-09-06,84.44
2012-09-07,84.46
2012-09-10,84.44
2012-09-11,84.46
2012-09-12,84.45
2012-09-13,84.48
2012-09-14,84.44
2012-09-17,84.44
2012-09-18,84.45
2012-09-19,84.45
2012-09-20,84.43
2012-09-21,84.44
2012-09-24,84.45
2012-09-25,84.43
2012-09-26,84.45
2012-09-27,84.46
2012-09-28,84.5
2012-10-01,84.48
2012-10-02,84.46
2012-10-03,84.46
2012-10-04,84.46
2012-10-05,84.42
2012-10-08,84.43
2012-10-09,84.43
2012-10-10,84.42
2012-10-11,84.41
2012-10-12,84.44
2012-10-15,84.42
2012-10-16,84.42
2012-10-17,84.37
2012-10-18,84.38
2012-10-19,84.38
2012-10-22,84.35
2012-10-23,84.39
2012-10-24,84.38
2012-10-25,84.35
2012-10-26,84.37
2012-10-31,84.42
2012-11-01,84.4
2012-11-02,84.39
2012-11-05,84.39
2012-11-06,84.36
2012-11-07,84.43
2012-11-08,84.43
2012-11-09,84.43
2012-11-12,84.43
2012-11-13,84.44
2012-11-14,84.46
2012-11-15,84.46
2012-11-16,84.46
2012-11-19,84.45
2012-11-20,84.43
2012-11-21,84.42
2012-11-23,84.42
2012-11-26,84.41
2012-11-27,84.42
2012-11-28,84.43
2012-11-29,84.43
2012-11-30,84.44
2012-12-03,84.43
2012-12-04,84.43
2012-12-05,84.45
2012-12-06,84.45
2012-12-07,84.45
2012-12-10,84.45
2012-12-11,84.45
2012-12-12,84.44
2012-12-13,84.44
2012-12-14,84.46
2012-12-17,84.44
2012-12-18,84.39
2012-12-19,84.41
2012-12-20,84.4
2012-12-21,84.41
2012-12-24,84.41
2012-12-26,84.39
2012-12-27,84.42
2012-12-28,84.42
2012-12-31,84.42
2013-01-02,84.4
2013-01-03,84.4
2013-01-04,84.41
2013-01-07,84.41
2013-01-08,84.42
2013-01-09,84.45
2013-01-10,84.44
2013-01-11,84.43
2013-01-14,84.43
2013-01-15,84.44
2013-01-16,84.44
2013-01-17,84.43
2013-01-18,84.43
2013-01-22,84.45
2013-01-23,84.45
2013-01-24,84.45
2013-01-25,84.41
2013-01-28,84.38
2013-01-29,84.39
2013-01-30,84.42
2013-01-31,84.43
2013-02-01,84.4
2013-02-04,84.42
2013-02-05,84.42
2013-02-06,84.44
2013-02-07,84.44
2013-02-08,84.45
2013-02-11,84.42
2013-02-12,84.4
2013-02-13,84.39
2013-02-14,84.4
2013-02-15,84.41
2013-02-19,84.4
2013-02-20,84.4
2013-02-21,84.43
2013-02-22,84.43
2013-02-25,84.45
2013-02-26,84.47
2013-02-27,84.47
2013-02-28,84.46
2013-03-01,84.46
2013-03-04,84.45
2013-03-05,84.44
2013-03-06,84.43
2013-03-07,84.41
2013-03-08,84.42
2013-03-11,84.41
2013-03-12,84.43
2013-03-13,84.41
2013-03-14,84.41
2013-03-15,84.44
2013-03-18,84.46
2013-03-19,84.45
2013-03-20,84.44
2013-03-21,84.45
2013-03-22,84.43
2013-03-25,84.43
2013-03-26,84.44
2013-03-27,84.46
2013-03-28,84.47
2013-04-01,84.46
2013-04-02,84.46
2013-04-03,84.45
2013-04-04,84.48
2013-04-05,84.48
2013-04-08,84.46
2013-04-09,84.46
2013-04-10,84.46
2013-04-11,84.46
2013-04-12,84.47
2013-04-15,84.48
2013-04-16,84.48
2013-04-17,84.48
2013-04-18,84.48
2013-04-19,84.48
2013-04-22,84.49
2013-04-23,84.48
2013-04-24,84.49
2013-04-25,84.48
2013-04-26,84.5
2013-04-29,84.52
2013-04-30,84.51
2013-05-01,84.51
2013-05-02,84.5
2013-05-03,84.47
2013-05-06,84.47
2013-05-07,84.47
2013-05-08,84.48
2013-05-09,84.47
2013-05-10,84.46
2013-05-13,84.44
2013-05-14,84.44
2013-05-15,84.45
2013-05-16,84.47
2013-05-17,84.45
2013-05-20,84.46
2013-05-21,84.46
2013-05-22,84.43
2013-05-23,84.45
2013-05-24,84.43
2013-05-28,84.37
2013-05-29,84.37
2013-05-30,84.39
2013-05-31,84.38
2013-06-03,84.39
2013-06-04,84.39
2013-06-05,84.4
2013-06-06,84.39
2013-06-07,84.38
2013-06-10,84.35
2013-06-11,84.34
2013-06-12,84.33
2013-06-13,84.37
2013-06-14,84.43
2013-06-17,84.43
2013-06-18,84.43
2013-06-19,84.33
2013-06-20,84.32
2013-06-21,84.25
2013-06-24,84.21
2013-06-25,84.2
2013-06-26,84.24
2013-06-27,84.29
2013-06-28,84.28
2013-07-01,84.3
2013-07-02,84.31
2013-07-03,84.3
2013-07-05,84.21
2013-07-08,84.27
2013-07-09,84.26
2013-07-10,84.26
2013-07-11,84.33
2013-07-12,84.28
2013-07-15,84.32
2013-07-16,84.33
2013-07-17,84.36
2013-07-18,84.35
2013-07-19,84.39
2013-07-22,84.39
2013-07-23,84.38
2013-07-24,84.34
2013-07-25,84.39
2013-07-26,84.4
2013-07-29,84.39
2013-07-30,84.4
2013-07-31,84.4
2013-08-01,84.35
2013-08-02,84.41
2013-08-05,84.4
2013-08-06,84.39
2013-08-07,84.41
2013-08-08,84.41
2013-08-09,84.39
2013-08-12,84.39
2013-08-13,84.35
2013-08-14,84.35
2013-08-15,84.32
2013-08-16,84.33
2013-08-19,84.31
2013-08-20,84.33
2013-08-21,84.28
2013-08-22,84.25
2013-08-23,84.25
2013-08-26,84.28
2013-08-27,84.32
2013-08-28,84.27
2013-08-29,84.29
2013-08-30,84.3
2013-09-03,84.25
2013-09-04,84.17
2013-09-05,84.09
2013-09-06,84.17
2013-09-09,84.19
2013-09-10,84.16
2013-09-11,84.2
2013-09-12,84.2
2013-09-13,84.2
2013-09-16,84.26
2013-09-17,84.29
2013-09-18,84.4
2013-09-19,84.37
2013-09-20,84.38
2013-09-23,84.4
2013-09-24,84.41
2013-09-25,84.44
2013-09-26,84.4
2013-09-27,84.45
2013-09-30,84.47
2013-10-01,84.43
2013-10-02,84.44
2013-10-03,84.44
2013-10-04,84.41
2013-10-07,84.41
2013-10-08,84.34
2013-10-09,84.37
2013-10-10,84.37
2013-10-11,84.37
2013-10-14,84.34
2013-10-15,84.37
2013-10-16,84.4
2013-10-17,84.43
2013-10-18,84.43
2013-10-21,84.43
2013-10-22,84.5
2013-10-23,84.47
2013-10-24,84.46
2013-10-25,84.48
2013-10-28,84.5
2013-10-29,84.5
2013-10-30,84.5
2013-10-31,84.51
2013-11-01,84.46
2013-11-04,84.48
2013-11-05,84.48
2013-11-06,84.5
2013-11-07,84.52
2013-11-08,84.46
2013-11-11,84.48
2013-11-12,84.46
2013-11-13,84.46
2013-11-14,84.51
2013-11-15,84.51
2013-11-18,84.55
2013-11-19,84.52
2013-11-20,84.53
2013-11-21,84.57
2013-11-22,84.55
2013-11-25,84.55
2013-11-26,84.56
2013-11-27,84.56
2013-11-29,84.57
2013-12-02,84.5
2013-12-03,84.52
2013-12-04,84.5
2013-12-05,84.51
2013-12-06,84.48
2013-12-09,84.48
2013-12-10,84.51
2013-12-11,84.48
2013-12-12,84.45
2013-12-13,84.47
2013-12-16,84.47
2013-12-17,84.49
2013-12-18,84.49
2013-12-19,84.44
2013-12-20,84.41
2013-12-23,84.4
2013-12-24,84.37
2013-12-26,84.34
2013-12-27,84.38
2013-12-30,84.4
2013-12-31,84.38
2014-01-02,84.42
2014-01-03,84.39
2014-01-06,84.4
2014-01-07,84.4
2014-01-08,84.32
2014-01-09,84.34
2014-01-10,84.42
2014-01-13,84.44
2014-01-14,84.42
2014-01-15,84.39
2014-01-16,84.41
2014-01-17,84.41
2014-01-21,84.4
2014-01-22,84.36
2014-01-23,84.44
2014-01-24,84.47
2014-01-27,84.46
2014-01-28,84.46
2014-01-29,84.52
2014-01-30,84.51
2014-01-31,84.55
2014-02-03,84.55
2014-02-04,84.56
2014-02-05,84.52
2014-02-06,84.53
2014-02-07,84.55
2014-02-10,84.53
2014-02-11,84.51
2014-02-12,84.47
2014-02-13,84.52
2014-02-14,84.52
2014-02-18,84.55
2014-02-19,84.52
2014-02-20,84.53
2014-02-21,84.54
2014-02-24,84.54
2014-02-25,84.53
2014-02-26,84.57
2014-02-27,84.56
2014-02-28,84.56
2014-03-03,84.59
2014-03-04,84.52
2014-03-05,84.55
2014-03-06,84.5
2014-03-07,84.44
2014-03-10,84.45
2014-03-11,84.45
2014-03-12,84.48
2014-03-13,84.53
2014-03-14,84.51
2014-03-17,84.48
2014-03-18,84.5
2014-03-19,84.36
2014-03-20,84.37
2014-03-21,84.38
2014-03-24,84.34
2014-03-25,84.35
2014-03-26,84.41
2014-03-27,84.4
2014-03-28,84.4
2014-03-31,84.45
2014-04-01,84.38
2014-04-02,84.35
2014-04-03,84.37
2014-04-04,84.44
2014-04-07,84.45
2014-04-08,84.46
2014-04-09,84.5
2014-04-10,84.55
2014-04-11,84.54
2014-04-14,84.53
2014-04-15,84.53
2014-04-16,84.5
2014-04-17,84.48
2014-04-21,84.48
2014-04-22,84.44
2014-04-23,84.48
2014-04-24,84.46
2014-04-25,84.47
2014-04-28,84.47
2014-04-29,84.46
2014-04-30,84.52
2014-05-01,84.5
2014-05-02,84.49
2014-05-05,84.5
2014-05-06,84.47
2014-05-07,84.5
2014-05-08,84.52
2014-05-09,84.55
2014-05-12,84.53
2014-05-13,84.56
2014-05-14,84.59
2014-05-15,84.6
2014-05-16,84.61
2014-05-19,84.63
2014-05-20,84.64
2014-05-21,84.64
2014-05-22,84.62
2014-05-23,84.6
2014-05-27,84.62
2014-05-28,84.64
2014-05-29,84.63
2014-05-30,84.65
2014-06-02,84.57
2014-06-03,84.55
2014-06-04,84.58
2014-06-05,84.59
2014-06-06,84.57
2014-06-09,84.51
2014-06-10,84.49
2014-06-11,84.52
2014-06-12,84.55
2014-06-13,84.5
2014-06-16,84.48
2014-06-17,84.41
2014-06-18,84.48
2014-06-19,84.47
2014-06-20,84.47
2014-06-23,84.47
2014-06-24,84.5
2014-06-25,84.51
2014-06-26,84.53
2014-06-27,84.55
2014-06-30,84.56
2014-07-01,84.5
2014-07-02,84.47
2014-07-03,84.46
2014-07-07,84.44
2014-07-08,84.46
2014-07-09,84.47
2014-07-10,84.51
2014-07-11,84.53
2014-07-14,84.52
2014-07-15,84.48
2014-07-16,84.47
2014-07-17,84.54
2014-07-18,84.47
2014-07-21,84.48
2014-07-22,84.48
2014-07-23,84.51
2014-07-24,84.48
2014-07-25,84.49
2014-07-28,84.45
2014-07-29,84.47
2014-07-30,84.43
2014-07-31,84.47
2014-08-01,84.55
2014-08-04,84.55
2014-08-05,84.55
2014-08-06,84.57
2014-08-07,84.61
2014-08-08,84.56
2014-08-11,84.56
2014-08-12,84.56
2014-08-13,84.6
2014-08-14,84.62
2014-08-15,84.62
2014-08-18,84.62
2014-08-19,84.62
2014-08-20,84.54
2014-08-21,84.54
2014-08-22,84.52
2014-08-25,84.49
2014-08-26,84.52
2014-08-27,84.54
2014-08-28,84.56
2014-08-29,84.6
2014-09-02,84.5
2014-09-03,84.52
2014-09-04,84.51
2014-09-05,84.54
2014-09-08,84.49
2014-09-09,84.44
2014-09-10,84.45
2014-09-11,84.46
2014-09-12,84.44
2014-09-15,84.48
2014-09-16,84.53
2014-09-17,84.44
2014-09-18,84.45
2014-09-19,84.44
2014-09-22,84.5
2014-09-23,84.52
2014-09-24,84.49
2014-09-25,84.55
2014-09-26,84.51
2014-09-29,84.53
2014-09-30,84.51
2014-10-01,84.57
2014-10-02,84.56
2014-10-03,84.48
2014-10-06,84.56
2014-10-07,84.61
2014-10-08,84.7
2014-10-09,84.7
2014-10-10,84.74
2014-10-13,84.77
2014-10-14,84.82
2014-10-15,84.93
2014-10-16,84.88
2014-10-17,84.83
2014-10-20,84.88
2014-10-21,84.86
2014-10-22,84.84
2014-10-23,84.8
2014-10-24,84.82
2014-10-27,84.82
2014-10-28,84.8
2014-10-29,84.69
2014-10-30,84.72
2014-10-31,84.7
2014-11-03,84.66
2014-11-04,84.65
2014-11-05,84.63
2014-11-06,84.61
2014-11-07,84.67
2014-11-10,84.61
2014-11-11,84.6
2014-11-12,84.63
2014-11-13,84.65
2014-11-14,84.69
2014-11-17,84.68
2014-11-18,84.67
2014-11-19,84.66
2014-11-20,84.68
2014-11-21,84.7
2014-11-24,84.71
2014-11-25,84.72
2014-11-26,84.73
2014-11-28,84.76
2014-12-01,84.73
2014-12-02,84.68
2014-12-03,84.64
2014-12-04,84.69
2014-12-05,84.53
2014-12-08,84.52
2014-12-09,84.55
2014-12-10,84.62
2014-12-11,84.58
2014-12-12,84.66
2014-12-15,84.6
2014-12-16,84.65
2014-12-17,84.57
2014-12-18,84.52
2014-12-19,84.46
2014-12-22,84.48
2014-12-23,84.39
2014-12-24,84.4
2014-12-26,84.37
2014-12-29,84.45
2014-12-30,84.48
2014-12-31,84.45
2015-01-02,84.54
2015-01-05,84.54
2015-01-06,84.58
2015-01-07,84.62
2015-01-08,84.61
2015-01-09,84.68
2015-01-12,84.73
2015-01-13,84.78
2015-01-14,84.83
2015-01-15,84.96
2015-01-16,84.88
2015-01-20,84.84
2015-01-21,84.84
2015-01-22,84.81
2015-01-23,84.85
2015-01-26,84.8
2015-01-27,84.85
2015-01-28,84.91
2015-01-29,84.88
2015-01-30,84.98
2015-02-02,84.92
2015-02-03,84.85
2015-02-04,84.86
2015-02-05,84.83
2015-02-06,84.63
2015-02-09,84.62
2015-02-10,84.6
2015-02-11,84.61
2015-02-12,84.64
2015-02-13,84.64
2015-02-17,84.6
2015-02-18,84.7
2015-02-19,84.65
2015-02-20,84.64
2015-02-23,84.68
2015-02-24,84.75
2015-02-25,84.75
2015-02-26,84.67
2015-02-27,84.7
2015-03-02,84.6
2015-03-03,84.58
2015-03-04,84.6
2015-03-05,84.63
2015-03-06,84.54
2015-03-09,84.58
2015-03-10,84.6
2015-03-11,84.6
2015-03-12,84.62
2015-03-13,84.63
2015-03-16,84.64
2015-03-17,84.62
2015-03-18,84.82
2015-03-19,84.71
2015-03-20,84.77
2015-03-23,84.8
2015-03-24,84.83
2015-03-25,84.81
2015-03-26,84.77
2015-03-27,84.82
2015-03-30,84.81
2015-03-31,84.88
2015-04-01,84.88
2015-04-02,84.87
2015-04-06,84.94
2015-04-07,84.88
2015-04-08,84.88
2015-04-09,84.85
2015-04-10,84.83
2015-04-13,84.88
2015-04-14,84.92
2015-04-15,84.92
2015-04-16,84.96
2015-04-17,84.92
2015-04-20,84.91
2015-04-21,84.92
2015-04-22,84.85
2015-04-23,84.89
2015-04-24,84.92
2015-04-27,84.91
2015-04-28,84.87
2015-04-29,84.88
2015-04-30,84.87
2015-05-01,84.8
2015-05-04,84.8
2015-05-05,84.78
2015-05-06,84.75
2015-05-07,84.72
2015-05-08,84.84
2015-05-11,84.76
2015-05-12,84.77
2015-05-13,84.81
2015-05-14,84.89
2015-05-15,84.89
2015-05-18,84.84
2015-05-19,84.79
2015-05-20,84.82
2015-05-21,84.85
2015-05-22,84.79
2015-05-26,84.8
2015-05-27,84.81
2015-05-28,84.85
2015-05-29,84.87
2015-06-01,84.78
2015-06-02,84.77
2015-06-03,84.74
2015-06-04,84.75
2015-06-05,84.67
2015-06-08,84.72
2015-06-09,84.68
2015-06-10,84.66
2015-06-11,84.68
2015-06-12,84.66
2015-06-15,84.7
2015-06-16,84.73
2015-06-17,84.79
2015-06-18,84.81
2015-06-19,84.83
2015-06-22,84.77
2015-06-23,84.75
2015-06-24,84.79
2015-06-25,84.77
2015-06-26,84.72
2015-06-29,84.86
2015-06-30,84.86
2015-07-01,84.75
2015-07-02,84.88
2015-07-06,84.9
2015-07-07,84.89
2015-07-08,84.98
2015-07-09,84.92
2015-07-10,84.84
2015-07-13,84.8
2015-07-14,84.84
2015-07-15,84.87
2015-07-16,84.83
2015-07-17,84.81
2015-07-20,84.76
2015-07-21,84.77
2015-07-22,84.76
2015-07-23,84.77
2015-07-24,84.79
2015-07-27,84.85
2015-07-28,84.83
2015-07-29,84.81
2015-07-30,84.77
2015-07-31,84.86
2015-08-03,84.85
2015-08-04,84.72
2015-08-05,84.73
2015-08-06,84.75
2015-08-07,84.71
2015-08-10,84.71
2015-08-11,84.82
2015-08-12,84.82
2015-08-13,84.75
2015-08-14,84.71
2015-08-17,84.76
2015-08-18,84.75
2015-08-19,84.83
2015-08-20,84.8
2015-08-21,84.89
2015-08-24,84.93
2015-08-25,84.89
2015-08-26,84.84
2015-08-27,84.85
2015-08-28,84.81
2015-08-31,84.78
2015-09-01,84.77
2015-09-02,84.79
2015-09-03,84.79
2015-09-04,84.8
2015-09-08,84.77
2015-09-09,84.75
2015-09-10,84.78
2015-09-11,84.81
2015-09-14,84.79
2015-09-15,84.67
2015-09-16,84.66
2015-09-17,84.85
2015-09-18,84.89
2015-09-21,84.84
2015-09-22,84.89
2015-09-23,84.86
2015-09-24,84.91
2015-09-25,84.87
2015-09-28,84.93
2015-09-29,84.97
2015-09-30,84.99
2015-10-01,84.95
2015-10-02,85.07
2015-10-05,85.01
2015-10-06,85.0
2015-10-07,84.98
2015-10-08,84.96
2015-10-09,84.96
2015-10-12,84.94
2015-10-13,84.97
2015-10-14,85.09
2015-10-15,85.04
2015-10-16,85.0
2015-10-19,85.03
2015-10-20,84.98
2015-10-21,85.01
2015-10-22,85.04
2015-10-23,84.97
2015-10-26,84.97
2015-10-27,85.0
2015-10-28,84.89
2015-10-29,84.83
2015-10-30,84.83
2015-11-02,84.74
2015-11-03,84.73
2015-11-04,84.64
2015-11-05,84.64
2015-11-06,84.56
2015-11-09,84.54
2015-11-10,84.58
2015-11-11,84.56
2015-11-12,84.59
2015-11-13,84.66
2015-11-16,84.66
2015-11-17,84.63
2015-11-18,84.6
2015-11-19,84.58
2015-11-20,84.58
2015-11-23,84.57
2015-11-24,84.57
2015-11-25,84.58
2015-11-27,84.6
2015-11-30,84.57
2015-12-01,84.58
2015-12-02,84.51
2015-12-03,84.51
2015-12-04,84.53
2015-12-07,84.52
2015-12-08,84.51
2015-12-09,84.54
2015-12-10,84.49
2015-12-11,84.59
2015-12-14,84.49
2015-12-15,84.48
2015-12-16,84.41
2015-12-17,84.41
2015-12-18,84.52
2015-12-21,84.51
2015-12-22,84.49
2015-12-23,84.46
2015-12-24,84.45
2015-12-28,84.4
2015-12-29,84.38
2015-12-30,84.4
2015-12-31,84.36
2016-01-04,84.47
2016-01-05,84.42
2016-01-06,84.47
2016-01-07,84.5
2016-01-08,84.56
2016-01-11,84.59
2016-01-12,84.6
2016-01-13,84.65
2016-01-14,84.67
2016-01-15,84.74
2016-01-19,84.73
2016-01-20,84.79
2016-01-21,84.78
2016-01-22,84.75
2016-01-25,84.75
2016-01-26,84.79
2016-01-27,84.81
2016-01-28,84.81
2016-01-29,84.91
2016-02-01,84.82
2016-02-02,84.93
2016-02-03,84.95
2016-02-04,84.97
2016-02-05,84.95
2016-02-08,85.05
2016-02-09,85.02
2016-02-10,85.02
2016-02-11,85.1
2016-02-12,85.0
2016-02-16,84.95
2016-02-17,84.97
2016-02-18,85.04
2016-02-19,84.96
2016-02-22,84.97
2016-02-23,84.98
2016-02-24,85.0
2016-02-25,85.02
2016-02-26,84.91
2016-02-29,84.96
2016-03-01,84.8
2016-03-02,84.79
2016-03-03,84.82
2016-03-04,84.76
2016-03-07,84.7
2016-03-08,84.76
2016-03-09,84.73
2016-03-10,84.72
2016-03-11,84.64
2016-03-14,84.64
2016-03-15,84.67
2016-03-16,84.84
2016-03-17,84.83
2016-03-18,84.85
2016-03-21,84.84
2016-03-22,84.79
2016-03-23,84.84
2016-03-24,84.8
2016-03-28,84.82
2016-03-29,84.98
2016-03-30,84.99
2016-03-31,85.03
2016-04-01,84.93
2016-04-04,84.99
2016-04-05,85.02
2016-04-06,84.99
2016-04-07,85.04
2016-04-08,85.04
2016-04-11,85.03
2016-04-12,85.01
2016-04-13,84.97
2016-04-14,84.97
2016-04-15,85.03
2016-04-18,85.02
2016-04-19,84.99
2016-04-20,84.93
2016-04-21,84.91
2016-04-22,84.91
2016-04-25,84.89
2016-04-26,84.87
2016-04-27,84.93
2016-04-28,84.98
2016-04-29,85.01
2016-05-02,84.93
2016-05-03,85.02
2016-05-04,85.01
2016-05-05,85.04
2016-05-06,85.02
2016-05-09,85.06
2016-05-10,85.08
2016-05-11,85.05
2016-05-12,85.0
2016-05-13,85.01
2016-05-16,84.97
2016-05-17,84.94
2016-05-18,84.79
2016-05-19,84.81
2016-05-20,84.84
2016-05-23,84.83
2016-05-24,84.77
2016-05-25,84.82
2016-05-26,84.87
2016-05-27,84.82
2016-05-31,84.86
2016-06-01,84.75
2016-06-02,84.82
2016-06-03,84.96
2016-06-06,84.94
2016-06-07,84.96
2016-06-08,84.98
2016-06-09,85.0
2016-06-10,85.05
2016-06-13,85.07
2016-06-14,85.08
2016-06-15,85.18
2016-06-16,85.13
2016-06-17,85.14
2016-06-20,85.09
2016-06-21,85.03
2016-06-22,85.06
2016-06-23,85.03
2016-06-24,85.23
2016-06-27,85.28
2016-06-28,85.31
2016-06-29,85.28
2016-06-30,85.32
2016-07-01,85.3
2016-07-05,85.34
2016-07-06,85.3
2016-07-07,85.26
2016-07-08,85.26
2016-07-11,85.17
2016-07-12,85.14
2016-07-13,85.16
2016-07-14,85.11
2016-07-15,85.07
2016-07-18,85.12
2016-07-19,85.13
2016-07-20,85.09
2016-07-21,85.15
2016-07-22,85.12
2016-07-25,85.06
2016-07-26,85.07
2016-07-27,85.13
2016-07-28,85.12
2016-07-29,85.23
2016-08-01,85.15
2016-08-02,85.12
2016-08-03,85.13
2016-08-04,85.19
2016-08-05,85.07
2016-08-08,85.04
2016-08-09,85.09
2016-08-10,85.13
2016-08-11,85.05
2016-08-12,85.11
2016-08-15,85.09
2016-08-16,85.06
2016-08-17,85.06
2016-08-18,85.12
2016-08-19,85.04
2016-08-22,85.05
2016-08-23,85.06
2016-08-24,85.04
2016-08-25,85.01
2016-08-26,84.93
2016-08-29,84.98
2016-08-30,84.99
2016-08-31,84.98
2016-09-01,84.97
2016-09-02,84.97
2016-09-06,85.03
2016-09-07,85.03
2016-09-08,84.97
2016-09-09,84.94
2016-09-12,84.97
2016-09-13,84.94
2016-09-14,84.99
2016-09-15,85.06
2016-09-16,85.02
2016-09-19,85.0
2016-09-20,84.98
2016-09-21,85.0
2016-09-22,84.98
2016-09-23,85.03
2016-09-26,85.08
2016-09-27,85.09
2016-09-28,85.08
2016-09-29,85.11
2016-09-30,85.04
2016-10-03,84.98
2016-10-04,84.91
2016-10-05,84.86
2016-10-06,84.86
2016-10-07,84.89
2016-10-10,84.85
2016-10-11,84.84
2016-10-12,84.84
2016-10-13,84.87
2016-10-14,84.85
2016-10-17,84.92
2016-10-18,84.95
2016-10-19,84.95
2016-10-20,84.91
2016-10-21,84.93
2016-10-24,84.9
2016-10-25,84.9
2016-10-26,84.87
2016-10-27,84.89
2016-10-28,84.89
2016-10-31,84.95
2016-11-01,84.9
2016-11-02,84.95
2016-11-03,84.96
2016-11-04,84.99
2016-11-07,84.96
2016-11-08,84.87
2016-11-09,84.76
2016-11-10,84.73
2016-11-11,84.73
2016-11-14,84.6
2016-11-15,84.63
2016-11-16,84.62
2016-11-17,84.61
2016-11-18,84.56
2016-11-21,84.55
2016-11-22,84.53
2016-11-23,84.48
2016-11-25,84.47
2016-11-28,84.52
2016-11-29,84.53
2016-11-30,84.5
2016-12-01,84.41
2016-12-02,84.5
2016-12-05,84.5
2016-12-06,84.48
2016-12-07,84.51
2016-12-08,84.5
2016-12-09,84.49
2016-12-12,84.46
2016-12-13,84.45
2016-12-14,84.29
2016-12-15,84.25
2016-12-16,84.29
2016-12-19,84.33
2016-12-20,84.34
2016-12-21,84.38
2016-12-22,84.34
2016-12-23,84.34
2016-12-27,84.3
2016-12-28,84.33
2016-12-29,84.42
2016-12-30,84.45
2017-01-03,84.38
2017-01-04,84.4
2017-01-05,84.46
2017-01-06,84.39
2017-01-09,84.46
2017-01-10,84.43
2017-01-11,84.47
2017-01-12,84.5
2017-01-13,84.46
2017-01-17,84.52
2017-01-18,84.44
2017-01-19,84.41
2017-01-20,84.46
2017-01-23,84.54
2017-01-24,84.49
2017-01-25,84.47
2017-01-26,84.48
2017-01-27,84.52
2017-01-30,84.52
2017-01-31,84.54
2017-02-01,84.46
2017-02-02,84.49
2017-02-03,84.46
2017-02-06,84.55
2017-02-07,84.53
2017-02-08,84.61
2017-02-09,84.54
2017-02-10,84.53
2017-02-13,84.51
2017-02-14,84.45
2017-02-15,84.42
2017-02-16,84.46
2017-02-17,84.52
2017-02-21,84.53
2017-02-22,84.55
2017-02-23,84.59
2017-02-24,84.63
2017-02-27,84.56
2017-02-28,84.52
2017-03-01,84.4
2017-03-02,84.31
2017-03-03,84.33
2017-03-06,84.35
2017-03-07,84.32
2017-03-08,84.25
2017-03-09,84.24
2017-03-10,84.29
2017-03-13,84.25
2017-03-14,84.24
2017-03-15,84.4
2017-03-16,84.34
2017-03-17,84.38
2017-03-20,84.43
2017-03-21,84.47
2017-03-22,84.49
2017-03-23,84.49
2017-03-24,84.49
2017-03-27,84.52
2017-03-28,84.48
2017-03-29,84.53
2017-03-30,84.51
2017-03-31,84.52
2017-04-03,84.54
2017-04-04,84.51
2017-04-05,84.51
2017-04-06,84.53
2017-04-07,84.42
2017-04-10,84.46
2017-04-11,84.54
2017-04-12,84.6
2017-04-13,84.64
2017-04-17,84.63
2017-04-18,84.7
2017-04-19,84.66
2017-04-20,84.65
2017-04-21,84.69
2017-04-24,84.6
2017-04-25,84.52
2017-04-26,84.55
2017-04-27,84.58
2017-04-28,84.62
2017-05-01,84.5
2017-05-02,84.53
2017-05-03,84.47
2017-05-04,84.46
2017-05-05,84.49
2017-05-08,84.45
2017-05-09,84.41
2017-05-10,84.43
2017-05-11,84.44
2017-05-12,84.54
2017-05-15,84.53
2017-05-16,84.53
2017-05-17,84.62
2017-05-18,84.58
2017-05-19,84.6
2017-05-22,84.57
2017-05-23,84.54
2017-05-24,84.59
2017-05-25,84.59
2017-05-26,84.58
2017-05-30,84.61
2017-05-31,84.62
2017-06-01,84.54
2017-06-02,84.6
2017-06-05,84.53
2017-06-06,84.56
2017-06-07,84.53
2017-06-08,84.51
2017-06-09,84.48
2017-06-12,84.47
2017-06-13,84.47
2017-06-14,84.51
2017-06-15,84.48
2017-06-16,84.52
2017-06-19,84.47
2017-06-20,84.48
2017-06-21,84.49
2017-06-22,84.5
2017-06-23,84.55
2017-06-26,84.55
2017-06-27,84.5
2017-06-28,84.54
2017-06-29,84.49
2017-06-30,84.49
2017-07-03,84.36
2017-07-05,84.39
2017-07-06,84.41
2017-07-07,84.4
2017-07-10,84.44
2017-07-11,84.47
2017-07-12,84.51
2017-07-13,84.47
2017-07-14,84.51
2017-07-17,84.52
2017-07-18,84.54
2017-07-19,84.54
2017-07-20,84.54
2017-07-21,84.58
2017-07-24,84.55
2017-07-25,84.5
2017-07-26,84.56
2017-07-27,84.54
2017-07-28,84.59
2017-07-31,84.58
2017-08-01,84.54
2017-08-02,84.5
2017-08-03,84.53
2017-08-04,84.5
2017-08-07,84.53
2017-08-08,84.53
2017-08-09,84.52
2017-08-10,84.55
2017-08-11,84.66
2017-08-14,84.59
2017-08-15,84.55
2017-08-16,84.6
2017-08-17,84.62
2017-08-18,84.61
2017-08-21,84.63
2017-08-22,84.62
2017-08-23,84.7
2017-08-24,84.62
2017-08-25,84.65
2017-08-28,84.62
2017-08-29,84.66
2017-08-30,84.68
2017-08-31,84.68
2017-09-01,84.59
2017-09-05,84.67
2017-09-06,84.66
2017-09-07,84.71
2017-09-08,84.69
2017-09-11,84.61
2017-09-12,84.57
2017-09-13,84.55
2017-09-14,84.56
2017-09-15,84.55
2017-09-18,84.5
2017-09-19,84.51
2017-09-20,84.44
2017-09-21,84.42
2017-09-22,84.44
2017-09-25,84.49
2017-09-26,84.47
2017-09-27,84.46
2017-09-28,84.47
2017-09-29,84.45
2017-10-02,84.44
2017-10-03,84.39
2017-10-04,84.55
2017-10-05,84.37
2017-10-06,84.34
2017-10-09,84.34
2017-10-10,84.36
2017-10-11,84.35
2017-10-12,84.34
2017-10-13,84.39
2017-10-16,84.31
2017-10-17,84.32
2017-10-18,84.29
2017-10-19,84.34
2017-10-20,84.29
2017-10-23,84.29
2017-10-24,84.27
2017-10-25,84.25
2017-10-26,84.25
2017-10-27,84.31
2017-10-30,84.35
2017-10-31,84.3
2017-11-01,84.21
2017-11-02,84.23
2017-11-03,84.18
2017-11-06,84.23
2017-11-07,84.19
2017-11-08,84.18
2017-11-09,84.17
2017-11-10,84.14
2017-11-13,84.13
2017-11-14,84.15
2017-11-15,84.12
2017-11-16,84.13
2017-11-17,84.08
2017-11-20,84.05
2017-11-21,84.03
2017-11-22,84.1
2017-11-24,84.1
2017-11-27,84.1
2017-11-28,84.11
2017-11-29,84.09
2017-11-30,84.04
2017-12-01,83.98
2017-12-04,83.93
2017-12-05,83.92
2017-12-06,83.96
2017-12-07,83.97
2017-12-08,83.97
2017-12-11,83.93
2017-12-12,83.93
2017-12-13,84.02
2017-12-14,83.99
2017-12-15,83.95
2017-12-18,83.95
2017-12-19,83.91
2017-12-20,83.92
2017-12-21,83.82
2017-12-22,83.79
2017-12-26,83.78
2017-12-27,83.82
2017-12-28,83.83
2017-12-29,83.85
2018-01-02,83.82
2018-01-03,83.82
2018-01-04,83.78
2018-01-05,83.78
2018-01-08,83.78
2018-01-09,83.75
2018-01-10,83.78
2018-01-11,83.75
2018-01-12,83.74
2018-01-16,83.73
2018-01-17,83.7
2018-01-18,83.68
2018-01-19,83.71
2018-01-22,83.67
2018-01-23,83.72
2018-01-24,83.7
2018-01-25,83.68
2018-01-26,83.63
2018-01-29,83.6
2018-01-30,83.61
2018-01-31,83.61
2018-02-01,83.49
2018-02-02,83.5
2018-02-05,83.65
2018-02-06,83.59
2018-02-07,83.53
2018-02-08,83.54
2018-02-09,83.61
2018-02-12,83.57
2018-02-13,83.57
2018-02-14,83.45
2018-02-15,83.42
2018-02-16,83.44
2018-02-20,83.43
2018-02-21,83.44
2018-02-22,83.45
2018-02-23,83.47
2018-02-26,83.48
2018-02-27,83.42
2018-02-28,83.44
2018-03-01,83.47
2018-03-02,83.43
2018-03-05,83.43
2018-03-06,83.41
2018-03-07,83.41
2018-03-08,83.43
2018-03-09,83.39
2018-03-12,83.43
2018-03-13,83.45
2018-03-14,83.44
2018-03-15,83.45
2018-03-16,83.41
2018-03-19,83.41
2018-03-20,83.38
2018-03-21,83.44
2018-03-22,83.48
2018-03-23,83.5
2018-03-26,83.46
2018-03-27,83.52
2018-03-28,83.53
2018-03-29,83.56
2018-04-02,83.49
2018-04-03,83.45
2018-04-04,83.4
2018-04-05,83.42
2018-04-06,83.49
2018-04-09,83.48
2018-04-10,83.44
2018-04-11,83.44
2018-04-12,83.39
2018-04-13,83.37
2018-04-16,83.36
2018-04-17,83.36
2018-04-18,83.29
2018-04-19,83.29
2018-04-20,83.26
2018-04-23,83.25
2018-04-24,83.27
2018-04-25,83.26
2018-04-26,83.28
2018-04-27,83.3
2018-04-30,83.27
2018-05-01,83.13
2018-05-02,83.16
2018-05-03,83.22
2018-05-04,83.19
2018-05-07,83.19
2018-05-08,83.2
2018-05-09,83.16
2018-05-10,83.16
2018-05-11,83.16
2018-05-14,83.16
2018-05-15,83.11
2018-05-16,83.11
2018-05-17,83.13
2018-05-18,83.17
2018-05-21,83.17
2018-05-22,83.17
2018-05-23,83.24
2018-05-24,83.29
2018-05-25,83.36
2018-05-29,83.6
2018-05-30,83.5
2018-05-31,83.46
2018-06-01,83.27
2018-06-04,83.2
2018-06-05,83.25
2018-06-06,83.22
2018-06-07,83.3
2018-06-08,83.28
2018-06-11,83.25
2018-06-12,83.21
2018-06-13,83.17
2018-06-14,83.2
2018-06-15,83.24
2018-06-18,83.26
2018-06-19,83.29
2018-06-20,83.25
2018-06-21,83.3
2018-06-22,83.31
2018-06-25,83.34
2018-06-26,83.34
2018-06-27,83.39
2018-06-28,83.39
2018-06-29,83.37
2018-07-02,83.23
2018-07-03,83.26
2018-07-05,83.25
2018-07-06,83.27
2018-07-09,83.22
2018-07-10,83.21
2018-07-11,83.24
2018-07-12,83.23
2018-07-13,83.25
2018-07-16,83.23
2018-07-17,83.22
2018-07-18,83.21
2018-07-19,83.25
2018-07-20,83.25
2018-07-23,83.2
2018-07-24,83.21
2018-07-25,83.18
2018-07-26,83.18
2018-07-27,83.19
2018-07-30,83.19
2018-07-31,83.19
2018-08-01,83.06
2018-08-02,83.11
2018-08-03,83.12
2018-08-06,83.14
2018-08-07,83.11
2018-08-08,83.12
2018-08-09,83.17
2018-08-10,83.25
2018-08-13,83.23
2018-08-14,83.23
2018-08-15,83.27
2018-08-16,83.25
2018-08-17,83.28
2018-08-20,83.33
2018-08-21,83.31
2018-08-22,83.33
2018-08-23,83.32
2018-08-24,83.33
2018-08-27,83.3
2018-08-28,83.27
2018-08-29,83.26
2018-08-30,83.32
2018-08-31,83.34
2018-09-04,83.19
2018-09-05,83.19
2018-09-06,83.22
2018-09-07,83.13
2018-09-10,83.14
2018-09-11,83.09
2018-09-12,83.09
2018-09-13,83.1
2018-09-14,83.07
2018-09-17,83.05
2018-09-18,83.04
2018-09-19,83.02
2018-09-20,83.05
2018-09-21,83.03
2018-09-24,83.03
2018-09-25,83.04
2018-09-26,83.05
2018-09-27,83.05
2018-09-28,83.09
2018-10-01,82.93
2018-10-02,82.96
2018-10-03,82.92
2018-10-04,82.9
2018-10-05,82.89
2018-10-08,82.87
2018-10-09,82.9
2018-10-10,82.92
2018-10-11,82.95
2018-10-12,82.95
2018-10-15,82.98
2018-10-16,82.95
2018-10-17,82.95
2018-10-18,83.0
2018-10-19,82.95
2018-10-22,82.93
2018-10-23,82.98
2018-10-24,83.11
2018-10-25,83.08
2018-10-26,83.13
2018-10-29,83.16
2018-10-30,83.12
2018-10-31,83.08
2018-11-01,82.98
2018-11-02,82.88
2018-11-05,82.91
2018-11-06,82.89
2018-11-07,82.86
2018-11-08,82.85
2018-11-09,82.89
2018-11-12,82.95
2018-11-13,82.96
2018-11-14,83.02
2018-11-15,83.06
2018-11-16,83.12
2018-11-19,83.19
2018-11-20,83.17
2018-11-21,83.17
2018-11-23,83.15
2018-11-26,83.16
2018-11-27,83.17
2018-11-28,83.2
2018-11-29,83.22
2018-11-30,83.25
2018-12-03,83.04
2018-12-04,83.1
2018-12-06,83.18
2018-12-07,83.27
2018-12-10,83.27
2018-12-11,83.19
2018-12-12,83.18
2018-12-13,83.26
2018-12-14,83.31
2018-12-17,83.39
2018-12-18,83.32
2018-12-19,83.34
2018-12-20,83.33
2018-12-21,83.39
2018-12-24,83.46
2018-12-26,83.38
2018-12-27,83.47
2018-12-28,83.59
2018-12-31,83.62
2019-01-02,83.63
2019-01-03,83.8
2019-01-04,83.62
2019-01-07,83.56
2019-01-08,83.51
2019-01-09,83.55
2019-01-10,83.56
2019-01-11,83.61
2019-01-14,83.61
2019-01-15,83.64
2019-01-16,83.62
2019-01-17,83.61
2019-01-18,83.54
2019-01-22,83.61
2019-01-23,83.59
2019-01-24,83.66
2019-01-25,83.6
2019-01-28,83.61
2019-01-29,83.65
2019-01-30,83.76
2019-01-31,83.83
2019-02-01,83.58
2019-02-04,83.58
2019-02-05,83.58
2019-02-06,83.62
2019-02-07,83.68
2019-02-08,83.71
2019-02-11,83.68
2019-02-12,83.67
2019-02-13,83.61
2019-02-14,83.72
2019-02-15,83.68
2019-02-19,83.74
2019-02-20,83.73
2019-02-21,83.7
2019-02-22,83.76
2019-02-25,83.75
2019-02-26,83.79
2019-02-27,83.77
2019-02-28,83.75
2019-03-01,83.54
2019-03-04,83.56
2019-03-05,83.57
2019-03-06,83.63
2019-03-07,83.7
2019-03-08,83.73
2019-03-11,83.71
2019-03-12,83.74
2019-03-13,83.75
2019-03-14,83.77
2019-03-15,83.8
2019-03-18,83.78
2019-03-19,83.77
2019-03-20,83.89
2019-03-21,83.89
2019-03-22,84.03
2019-03-25,84.12
2019-03-26,84.11
2019-03-27,84.18
2019-03-28,84.17
2019-03-29,84.12
2019-04-01,83.87
2019-04-02,83.91
2019-04-03,83.87
2019-04-04,83.89
2019-04-05,83.88
2019-04-08,83.86
2019-04-09,83.87
2019-04-10,83.94
2019-04-11,83.89
2019-04-12,83.84
2019-04-15,83.85
2019-04-16,83.84
2019-04-17,83.87
2019-04-18,83.89
2019-04-22,83.9
2019-04-23,83.94
2019-04-24,83.99
2019-04-25,83.99
2019-04-26,84.08
2019-04-29,84.05
2019-04-30,84.11
2019-05-01,83.88
2019-05-02,83.84
2019-05-03,83.87
2019-05-06,83.92
2019-05-07,83.96
2019-05-08,83.95
2019-05-09,84.0
2019-05-10,84.02
2019-05-13,84.12
2019-05-14,84.12
2019-05-15,84.18
2019-05-16,84.13
2019-05-17,84.15
2019-05-20,84.11
2019-05-21,84.07
2019-05-22,84.11
2019-05-23,84.26
2019-05-24,84.23
2019-05-28,84.3
2019-05-29,84.31
2019-05-30,84.38
2019-05-31,84.56
2019-06-03,84.55
2019-06-04,84.49
2019-06-05,84.53
2019-06-06,84.48
2019-06-07,84.57
2019-06-10,84.49
2019-06-11,84.46
2019-06-12,84.53
2019-06-13,84.62
2019-06-14,84.59
2019-06-17,84.55
2019-06-18,84.56
2019-06-19,84.74
2019-06-20,84.78
2019-06-21,84.74
2019-06-24,84.79
2019-06-25,84.81
2019-06-26,84.71
2019-06-27,84.78
2019-06-28,84.78
2019-07-01,84.57
2019-07-02,84.62
2019-07-03,84.64
2019-07-05,84.47
2019-07-08,84.43
2019-07-09,84.4
2019-07-10,84.55
2019-07-11,84.51
2019-07-12,84.52
2019-07-15,84.54
2019-07-16,84.51
2019-07-17,84.59
2019-07-18,84.69
2019-07-19,84.6
2019-07-22,84.61
2019-07-23,84.59
2019-07-24,84.61
2019-07-25,84.56
2019-07-26,84.57
2019-07-29,84.57
2019-07-30,84.58
2019-07-31,84.57
2019-08-01,84.66
2019-08-02,84.68
2019-08-05,84.85
2019-08-06,84.89
2019-08-07,84.9
2019-08-08,84.87
2019-08-09,84.82
2019-08-12,84.91
2019-08-13,84.81
2019-08-14,84.92
2019-08-15,85.1
2019-08-16,85.09
2019-08-19,85.0
2019-08-20,85.06
2019-08-21,84.98
2019-08-22,84.94
2019-08-23,85.08
2019-08-26,85.04
2019-08-27,85.07
2019-08-28,85.09
2019-08-29,85.05
2019-08-30,85.08
2019-09-03,85.0
2019-09-04,85.07
2019-09-05,84.88
2019-09-06,84.89
2019-09-09,84.8
2019-09-10,84.66
2019-09-11,84.66
2019-09-12,84.64
2019-09-13,84.5
2019-09-16,84.57
2019-09-17,84.61
2019-09-18,84.56
2019-09-19,84.57
2019-09-20,84.66
2019-09-23,84.71
2019-09-24,84.8
2019-09-25,84.69
2019-09-26,84.73
2019-09-27,84.78
2019-09-30,84.82
2019-10-01,84.78
2019-10-02,84.87
2019-10-03,85.05
2019-10-04,85.04
2019-10-07,84.95
2019-10-08,85.0
2019-10-09,84.95
2019-10-10,84.85
2019-10-11,84.77
2019-10-14,84.78
2019-10-15,84.76
2019-10-16,84.8
2019-10-17,84.8
2019-10-18,84.83
2019-10-21,84.79
2019-10-22,84.82
2019-10-23,84.81
2019-10-24,84.81
2019-10-25,84.76
2019-10-28,84.73
2019-10-29,84.75
2019-10-30,84.8
2019-10-31,84.95
2019-11-01,84.76
2019-11-04,84.7
2019-11-05,84.64
2019-11-06,84.69
2019-11-07,84.59
2019-11-08,84.6
2019-11-11,84.62
2019-11-12,84.63
2019-11-13,84.67
2019-11-14,84.75
2019-11-15,84.72
2019-11-18,84.76
2019-11-19,84.75
2019-11-20,84.79
2019-11-21,84.75
2019-11-22,84.74
2019-11-25,84.75
2019-11-26,84.79
2019-11-27,84.74
2019-11-29,84.77
2019-12-02,84.61
2019-12-03,84.73
2019-12-04,84.69
2019-12-05,84.65
2019-12-06,84.62
2019-12-09,84.62
2019-12-10,84.58
2019-12-11,84.65
2019-12-12,84.57
2019-12-13,84.67
2019-12-16,84.62
2019-12-17,84.64
2019-12-18,84.65
2019-12-19,84.53
2019-12-20,84.53
2019-12-23,84.51
2019-12-24,84.52
2019-12-26,84.55
2019-12-27,84.61
2019-12-30,84.64
2019-12-31,84.63
2020-01-02,84.67
2020-01-03,84.74
2020-01-06,84.71
2020-01-07,84.71
2020-01-08,84.67
2020-01-09,84.68
2020-01-10,84.7
2020-01-13,84.69
2020-01-14,84.7
2020-01-15,84.74
2020-01-16,84.74
2020-01-17,84.77
2020-01-21,84.79
2020-01-22,84.81
2020-01-23,84.84
2020-01-24,84.87
2020-01-27,84.96
2020-01-28,84.92
2020-01-29,85.0
2020-01-30,85.01
2020-01-31,85.12
2020-02-03,84.96
2020-02-04,84.87
2020-02-05,84.81
2020-02-06,84.83
2020-02-07,84.88
2020-02-10,84.92
2020-02-11,84.88
2020-02-12,84.84
2020-02-13,84.86
2020-02-14,84.9
2020-02-18,84.93
2020-02-19,84.94
2020-02-20,84.96
2020-02-21,85.03
2020-02-24,85.17
2020-02-25,85.26
2020-02-26,85.32
2020-02-27,85.42
2020-02-28,85.73
2020-03-02,85.57
2020-03-03,85.91
2020-03-04,85.92
2020-03-05,86.1
2020-03-06,86.2
2020-03-09,86.67
2020-03-10,86.29
2020-03-11,86.19
2020-03-12,86.17
2020-03-13,86.28
2020-03-16,86.42
2020-03-17,86.22
2020-03-18,86.11
2020-03-19,86.26
2020-03-20,86.49
2020-03-23,86.59
2020-03-24,86.47
2020-03-25,86.57
2020-03-26,86.67
2020-03-27,86.65
2020-03-30,86.69
2020-03-31,86.67
2020-04-01,86.62
2020-04-02,86.64
2020-04-03,86.62
2020-04-06,86.56
2020-04-07,86.54
2020-04-08,86.59
2020-04-09,86.62
2020-04-13,86.63
2020-04-14,86.63
2020-04-15,86.66
2020-04-16,86.68
2020-04-17,86.65
2020-04-20,86.65
2020-04-21,86.67
2020-04-22,86.64
2020-04-23,86.63
2020-04-24,86.63
2020-04-27,86.63
2020-04-28,86.66
2020-04-29,86.65
2020-04-30,86.8
2020-05-01,86.6
2020-05-04,86.6
2020-05-05,86.59
2020-05-06,86.62
2020-05-07,86.68
2020-05-08,86.66
2020-05-11,86.63
2020-05-12,86.65
2020-05-13,86.65
2020-05-14,86.63
2020-05-15,86.68
2020-05-18,86.61
2020-05-19,86.66
2020-05-20,86.66
2020-05-21,86.64
2020-05-22,86.64
2020-05-26,86.64
2020-05-27,86.62
2020-05-28,86.66
2020-05-29,86.66
2020-06-01,86.58
2020-06-02,86.58
2020-06-03,86.51
2020-06-04,86.53
2020-06-05,86.5
2020-06-08,86.48
2020-06-09,86.51
2020-06-10,86.56
2020-06-11,86.52
2020-06-12,86.55
2020-06-15,86.53
2020-06-16,86.52
2020-06-17,86.55
2020-06-18,86.54
2020-06-19,86.56
2020-06-22,86.54
2020-06-23,86.56
2020-06-24,86.57
2020-06-25,86.57
2020-06-26,86.6
2020-06-29,86.62
2020-06-30,86.61
2020-07-01,86.52
2020-07-02,86.56
2020-07-06,86.53
2020-07-07,86.55
2020-07-08,86.55
2020-07-09,86.57
2020-07-10,86.54
2020-07-13,86.54
2020-07-14,86.55
2020-07-15,86.56
2020-07-16,86.56
2020-07-17,86.58
2020-07-20,86.56
2020-07-21,86.58
2020-07-22,86.57
2020-07-23,86.57
2020-07-24,86.58
2020-07-27,86.55
2020-07-28,86.57
2020-07-29,86.59
2020-07-30,86.62
2020-07-31,86.63
2020-08-03,86.58
2020-08-04,86.59
2020-08-05,86.57
2020-08-06,86.57
2020-08-07,86.56
2020-08-10,86.54
2020-08-11,86.52
2020-08-12,86.5
2020-08-13,86.49
2020-08-14,86.5
2020-08-17,86.51
2020-08-18,86.52
2020-08-19,86.52
2020-08-20,86.52
2020-08-21,86.51
2020-08-24,86.5
2020-08-25,86.51
2020-08-26,86.51
2020-08-27,86.5
2020-08-28,86.53
2020-08-31,86.56
2020-09-01,86.49
2020-09-02,86.5
2020-09-03,86.49
2020-09-04,86.46
2020-09-08,86.47
2020-09-09,86.48
2020-09-10,86.47
2020-09-11,86.49
2020-09-14,86.48
2020-09-15,86.49
2020-09-16,86.5
2020-09-17,86.48
2020-09-18,86.49
2020-09-21,86.48
2020-09-22,86.5
2020-09-23,86.5
2020-09-24,86.49
2020-09-25,86.5
2020-09-28,86.51
2020-09-29,86.5
2020-09-30,86.51
2020-10-01,86.45
2020-10-02,86.46
2020-10-05,86.43
2020-10-06,86.43
2020-10-07,86.42
2020-10-08,86.42
2020-10-09,86.42
2020-10-12,86.44
2020-10-13,86.43
2020-10-14,86.43
2020-10-15,86.45
2020-10-16,86.44
2020-10-19,86.44
2020-10-20,86.43
2020-10-21,86.43
2020-10-22,86.4
2020-10-23,86.41
2020-10-26,86.42
2020-10-27,86.42
2020-10-28,86.42
2020-10-29,86.44
2020-10-30,86.43
2020-11-02,86.39
2020-11-03,86.37
2020-11-04,86.39
2020-11-05,86.37
2020-11-06,86.38
2020-11-09,86.35
2020-11-10,86.34
2020-11-11,86.32
2020-11-12,86.33
2020-11-13,86.33
2020-11-16,86.35
2020-11-17,86.34
2020-11-18,86.34
2020-11-19,86.36
2020-11-20,86.37
2020-11-23,86.37
2020-11-24,86.38
2020-11-25,86.39
2020-11-27,86.39
2020-11-30,86.41
2020-12-01,86.33
2020-12-02,86.35
2020-12-03,86.37
2020-12-04,86.36
2020-12-07,86.38
2020-12-08,86.36
2020-12-09,86.35
2020-12-10,86.37
2020-12-11,86.42
2020-12-14,86.41
2020-12-15,86.41
2020-12-16,86.41
2020-12-17,86.38
2020-12-18,86.37
2020-12-21,86.37
2020-12-22,86.37
2020-12-23,86.39
2020-12-24,86.37
2020-12-28,86.38
2020-12-29,86.38
2020-12-30,86.39
2020-12-31,86.38
2021-01-04,86.39
2021-01-05,86.39
2021-01-06,86.34
2021-01-07,86.36
2021-01-08,86.35
2021-01-11,86.34
2021-01-12,86.34
2021-01-13,86.33
2021-01-14,86.34
2021-01-15,86.35
2021-01-19,86.38
2021-01-20,86.37
2021-01-21,86.38
2021-01-22,86.38
2021-01-25,86.39
2021-01-26,86.38
2021-01-27,86.38
2021-01-28,86.37
2021-01-29,86.4
2021-02-01,86.38
2021-02-02,86.35
2021-02-03,86.36
2021-02-04,86.36
2021-02-05,86.38
2021-02-08,86.37
2021-02-09,86.35
2021-02-10,86.36
2021-02-11,86.36
2021-02-12,86.37
2021-02-16,86.34
2021-02-17,86.36
2021-02-18,86.36
2021-02-19,86.37
2021-02-22,86.35
2021-02-23,86.36
2021-02-24,86.34
2021-02-25,86.21
2021-02-26,86.32
2021-03-01,86.29
2021-03-02,86.31
2021-03-03,86.26
2021-03-04,86.26
2021-03-05,86.26
2021-03-08,86.23
2021-03-09,86.23
2021-03-10,86.26
2021-03-11,86.26
2021-03-12,86.25
2021-03-15,86.26
2021-03-16,86.26
2021-03-17,86.28
2021-03-18,86.27
2021-03-19,86.27
2021-03-22,86.26
2021-03-23,86.27
2021-03-24,86.29
2021-03-25,86.3
2021-03-26,86.3
2021-03-29,86.28
2021-03-30,86.28
2021-03-31,86.25
2021-04-01,86.23
2021-04-05,86.21
2021-04-06,86.23
2021-04-07,86.24
2021-04-08,86.27
2021-04-09,86.24
2021-04-12,86.22
2021-04-13,86.25
2021-04-14,86.25
2021-04-15,86.27
2021-04-16,86.26
2021-04-19,86.25
2021-04-20,86.27
2021-04-21,86.29
2021-04-22,86.28
2021-04-23,86.26
2021-04-26,86.24
2021-04-27,86.23
2021-04-28,86.25
2021-04-29,86.27
2021-04-30,86.28
2021-05-03,86.26
2021-05-04,86.26
2021-05-05,86.28
2021-05-06,86.28
2021-05-07,86.31
2021-05-10,86.28
2021-05-11,86.27
2021-05-12,86.26
2021-05-13,86.28
2021-05-14,86.28
2021-05-17,86.28
2021-05-18,86.29
2021-05-19,86.26
2021-05-20,86.3
2021-05-21,86.28
2021-05-24,86.3
2021-05-25,86.3
2021-05-26,86.32
2021-05-27,86.32
2021-05-28,86.32
2021-06-01,86.29
2021-06-02,86.3
2021-06-03,86.27
2021-06-04,86.3
2021-06-07,86.29
2021-06-08,86.31
2021-06-09,86.29
2021-06-10,86.32
2021-06-11,86.3
2021-06-14,86.27
2021-06-15,86.26
2021-06-16,86.18
2021-06-17,86.18
2021-06-18,86.11
2021-06-21,86.13
2021-06-22,86.18
2021-06-23,86.12
2021-06-24,86.13
2021-06-25,86.12
2021-06-28,86.15
2021-06-29,86.14
2021-06-30,86.16
2021-07-01,86.13
2021-07-02,86.17
2021-07-06,86.2
2021-07-07,86.21
2021-07-08,86.25
2021-07-09,86.22
2021-07-12,86.2
2021-07-13,86.13
2021-07-14,86.19
2021-07-15,86.2
2021-07-16,86.19
2021-07-19,86.23
2021-07-20,86.27
2021-07-21,86.24
2021-07-22,86.25
2021-07-23,86.26
2021-07-26,86.24
2021-07-27,86.26
2021-07-28,86.27
2021-07-29,86.27
2021-07-30,86.29
2021-08-02,86.31
2021-08-03,86.31
2021-08-04,86.28
2021-08-05,86.24
2021-08-06,86.21
2021-08-09,86.18
2021-08-10,86.15
2021-08-11,86.19
2021-08-12,86.19
2021-08-13,86.2
2021-08-16,86.22
2021-08-17,86.2
2021-08-18,86.2
2021-08-19,86.2
2021-08-20,86.2
2021-08-23,86.2
2021-08-24,86.19
2021-08-25,86.18
2021-08-26,86.18
2021-08-27,86.24
2021-08-30,86.26
2021-08-31,86.25
2021-09-01,86.23
2021-09-02,86.23
2021-09-03,86.23
2021-09-07,86.2
2021-09-08,86.22
2021-09-09,86.24
2021-09-10,86.21
2021-09-13,86.23
2021-09-14,86.24
2021-09-15,86.24
2021-09-16,86.21
2021-09-17,86.19
2021-09-20,86.21
2021-09-21,86.23
2021-09-22,86.18
2021-09-23,86.13
2021-09-24,86.1
2021-09-27,86.09
2021-09-28,86.1
2021-09-29,86.13
2021-09-30,86.15
2021-10-01,86.18
2021-10-04,86.14
2021-10-05,86.13
2021-10-06,86.12
2021-10-07,86.09
2021-10-08,86.06
2021-10-11,85.99
2021-10-12,86.03
2021-10-13,86.0
2021-10-14,86.0
2021-10-15,85.95
2021-10-18,85.89
2021-10-19,85.92
2021-10-20,85.95
2021-10-21,85.85
2021-10-22,85.83
2021-10-25,85.87
2021-10-26,85.85
2021-10-27,85.83
2021-10-28,85.84
2021-10-29,85.85
2021-11-01,85.8
2021-11-02,85.89
2021-11-03,85.87
2021-11-04,85.95
2021-11-05,85.99
2021-11-08,85.89
2021-11-09,85.94
2021-11-10,85.77
2021-11-11,85.71
2021-11-12,85.78
2021-11-15,85.77
2021-11-16,85.77
2021-11-17,85.8
2021-11-18,85.79
2021-11-19,85.77
2021-11-22,85.67
2021-11-23,85.67
2021-11-24,85.65
2021-11-26,85.82
2021-11-29,85.86
2021-11-30,85.79
2021-12-01,85.75
2021-12-02,85.64
2021-12-03,85.69
2021-12-06,85.62
2021-12-07,85.51
2021-12-08,85.54
2021-12-09,85.51
2021-12-10,85.55
2021-12-13,85.6
2021-12-14,85.55
2021-12-15,85.58
2021-12-16,85.63
2021-12-17,85.59
2021-12-20,85.61
2021-12-21,85.56
2021-12-22,85.55
2021-12-23,85.54
2021-12-27,85.51
2021-12-28,85.51
2021-12-29,85.5
2021-12-30,85.55
2021-12-31,85.54
2022-01-03,85.44
2022-01-04,85.49
2022-01-05,85.38
2022-01-06,85.31
2022-01-07,85.29
2022-01-10,85.24
2022-01-11,85.27
2022-01-12,85.24
2022-01-13,85.28
2022-01-14,85.17
2022-01-18,85.04
2022-01-19,85.08
2022-01-20,85.06
2022-01-21,85.13
2022-01-24,85.18
2022-01-25,85.14
2022-01-26,84.99
2022-01-27,84.92
2022-01-28,84.95
2022-01-31,84.95
2022-02-01,84.92
2022-02-02,84.94
2022-02-03,84.87
2022-02-04,84.7
2022-02-07,84.72
2022-02-08,84.63
2022-02-09,84.62
2022-02-10,84.19
2022-02-11,84.45
2022-02-14,84.27
2022-02-15,84.3
2022-02-16,84.41
2022-02-17,84.46
2022-02-18,84.47
2022-02-22,84.39
2022-02-23,84.34
2022-02-24,84.41
2022-02-25,84.41
2022-02-28,84.56
2022-03-01,84.73
2022-03-02,84.45
2022-03-03,84.45
2022-03-04,84.54
2022-03-07,84.43
2022-03-08,84.32
2022-03-09,84.27
2022-03-10,84.2
2022-03-11,84.17
2022-03-14,83.95
2022-03-15,83.98
2022-03-16,83.9
2022-03-17,83.87
2022-03-18,83.85
2022-03-21,83.57
2022-03-22,83.51
2022-03-23,83.58
2022-03-24,83.56
2022-03-25,83.33
2022-03-28,83.25
2022-03-29,83.29
2022-03-30,83.35
2022-03-31,83.35
2022-04-01,83.14
2022-04-04,83.19
2022-04-05,83.04
2022-04-06,83.1
2022-04-07,83.16
2022-04-08,83.06
2022-04-11,83.08
2022-04-12,83.29
2022-04-13,83.33
2022-04-14,83.18
2022-04-18,83.18
2022-04-19,82.99
2022-04-20,83.04
2022-04-21,82.9
2022-04-22,82.88
2022-04-25,83.01
2022-04-26,83.16
2022-04-27,83.12
2022-04-28,83.06
2022-04-29,82.9
2022-05-02,82.85
2022-05-03,82.81
2022-05-04,83.03
2022-05-05,82.89
2022-05-06,82.88
2022-05-09,83.09
2022-05-10,83.04
2022-05-11,83.05
2022-05-12,83.17
2022-05-13,83.14
2022-05-16,83.19
2022-05-17,83.01
2022-05-18,83.05
2022-05-19,83.17
2022-05-20,83.23
2022-05-23,83.19
2022-05-24,83.38
2022-05-25,83.44
2022-05-26,83.46
2022-05-27,83.48
2022-05-31,83.35
2022-06-01,83.13
2022-06-02,83.15
2022-06-03,83.12
2022-06-06,83.01
2022-06-07,83.02
2022-06-08,82.96
2022-06-09,82.9
2022-06-10,82.55
2022-06-13,82.13
2022-06-14,81.97
2022-06-15,82.29
2022-06-16,82.4
2022-06-17,82.38
2022-06-21,82.35
2022-06-22,82.59
2022-06-23,82.66
2022-06-24,82.64
2022-06-27,82.55
2022-06-28,82.53
2022-06-29,82.63
2022-06-30,82.79
2022-07-01,82.96
2022-07-05,82.95
2022-07-06,82.72
2022-07-07,82.66
2022-07-08,82.56
2022-07-11,82.59
2022-07-12,82.63
2022-07-13,82.54
2022-07-14,82.51
2022-07-15,82.57
2022-07-18,82.52
2022-07-19,82.43
2022-07-20,82.42
2022-07-21,82.65
2022-07-22,82.86
2022-07-25,82.79
2022-07-26,82.75
2022-07-27,82.88
2022-07-28,83.06
2022-07-29,83.05
2022-08-01,82.96
2022-08-02,82.67
2022-08-03,82.7
2022-08-04,82.81
2022-08-05,82.47
2022-08-08,82.55
2022-08-09,82.47
2022-08-10,82.55
2022-08-11,82.52
2022-08-12,82.54
2022-08-15,82.61
2022-08-16,82.54
2022-08-17,82.47
2022-08-18,82.59
2022-08-19,82.53
2022-08-22,82.42
2022-08-23,82.46
2022-08-24,82.37
2022-08-25,82.42
2022-08-26,82.4
2022-08-29,82.34
2022-08-30,82.3
2022-08-31,82.29
2022-09-01,82.13
2022-09-02,82.31
2022-09-06,82.13
2022-09-07,82.25
2022-09-08,82.15
2022-09-09,82.08
2022-09-12,82.07
2022-09-13,81.79
2022-09-14,81.72
2022-09-15,81.63
2022-09-16,81.67
2022-09-19,81.58
2022-09-20,81.54
2022-09-21,81.47
2022-09-22,81.32
2022-09-23,81.22
2022-09-26,81.04
2022-09-27,81.04
2022-09-28,81.39
2022-09-29,81.28
2022-09-30,81.21
2022-10-03,81.28
2022-10-04,81.31
2022-10-05,81.23
2022-10-06,81.13
2022-10-07,81.03
2022-10-10,81.0
2022-10-11,81.04
2022-10-12,81.12
2022-10-13,80.88
2022-10-14,80.84
2022-10-17,80.93
2022-10-18,80.97
2022-10-19,80.82
2022-10-20,80.73
2022-10-21,80.94
2022-10-24,80.92
2022-10-25,81.0
2022-10-26,81.07
2022-10-27,81.24
2022-10-28,81.12
2022-10-31,81.0
2022-11-01,80.78
2022-11-02,80.74
2022-11-03,80.59
2022-11-04,80.68
2022-11-07,80.61
2022-11-08,80.69
2022-11-09,80.82
2022-11-10,81.26
2022-11-11,81.24
2022-11-14,81.17
2022-11-15,81.25
2022-11-16,81.26
2022-11-17,81.16
2022-11-18,81.07
2022-11-21,81.05
2022-11-22,81.11
2022-11-23,81.18
2022-11-25,81.19
2022-11-28,81.21
2022-11-29,81.18
2022-11-30,81.42
2022-12-01,81.43
2022-12-02,81.41
2022-12-05,81.18
2022-12-06,81.27
2022-12-07,81.44
2022-12-08,81.36
2022-12-09,81.32
2022-12-12,81.27
2022-12-13,81.51
2022-12-14,81.52
2022-12-15,81.35
2022-12-16,81.43
2022-12-19,81.33
2022-12-20,81.33
2022-12-21,81.41
2022-12-22,81.36
2022-12-23,81.32
2022-12-27,81.21
2022-12-28,81.21
2022-12-29,81.27
2022-12-30,81.17
2023-01-03,81.24
2023-01-04,81.32
2023-01-05,81.21
2023-01-06,81.52
2023-01-09,81.6
2023-01-10,81.53
2023-01-11,81.6
2023-01-12,81.78
2023-01-13,81.64
2023-01-17,81.69
2023-01-18,81.87
2023-01-19,81.85
2023-01-20,81.78
2023-01-23,81.7
2023-01-24,81.73
2023-01-25,81.78
2023-01-26,81.73
2023-01-27,81.73
2023-01-30,81.65
2023-01-31,81.8
2023-02-01,81.79
2023-02-02,81.8
2023-02-03,81.5
2023-02-06,81.27
2023-02-07,81.31
2023-02-08,81.34
2023-02-09,81.28
2023-02-10,81.24
2023-02-13,81.26
2023-02-14,81.09
2023-02-15,81.1
2023-02-16,81.11
2023-02-17,81.18
2023-02-21,81.02
2023-02-22,81.06
2023-02-23,81.11
2023-02-24,80.94
2023-02-27,81.01
2023-02-28,80.99
2023-03-01,80.68
2023-03-02,80.71
2023-03-03,80.76
2023-03-06,80.72
2023-03-07,80.55
2023-03-08,80.51
2023-03-09,80.77
2023-03-10,81.21
2023-03-13,82.02
2023-03-14,81.71
2023-03-15,82.19
2023-03-16,81.86
2023-03-17,82.27
2023-03-20,82.17
2023-03-21,81.86
2023-03-22,82.24
2023-03-23,82.48
2023-03-24,82.52
2023-03-27,82.17
2023-03-28,82.08
2023-03-29,82.05
2023-03-30,82.06
2023-03-31,82.16
2023-04-03,82.08
2023-04-04,82.27
2023-04-05,82.38
2023-04-06,82.35
2023-04-10,82.06
2023-04-11,82.05
2023-04-12,82.14
2023-04-13,82.19
2023-04-14,82.0
2023-04-17,81.88
2023-04-18,81.86
2023-04-19,81.79
2023-04-20,81.99
2023-04-21,81.94
2023-04-24,82.03
2023-04-25,82.35
2023-04-26,82.25
2023-04-27,82.09
2023-04-28,82.18
2023-05-01,81.81
2023-05-02,82.08
2023-05-03,82.28
2023-05-04,82.41
2023-05-05,82.21
2023-05-08,82.08
2023-05-09,82.06
2023-05-10,82.26
2023-05-11,82.31
2023-05-12,82.17
2023-05-15,82.18
2023-05-16,82.08
2023-05-17,81.99
2023-05-18,81.84
2023-05-19,81.78
2023-05-22,81.75
2023-05-23,81.74
2023-05-24,81.64
2023-05-25,81.46
2023-05-26,81.44
2023-05-30,81.6
2023-05-31,81.68
2023-06-01,81.61
2023-06-02,81.38
2023-06-05,81.4
2023-06-06,81.36
2023-06-07,81.3
2023-06-08,81.43
2023-06-09,81.28
2023-06-12,81.35
2023-06-13,81.2
2023-06-14,81.15
2023-06-15,81.32
2023-06-16,81.21
2023-06-20,81.24
2023-06-21,81.24
2023-06-22,81.15
2023-06-23,81.22
2023-06-26,81.28
2023-06-27,81.16
2023-06-28,81.25
2023-06-29,81.05
2023-06-30,81.08
2023-07-03,80.78
2023-07-05,80.76
2023-07-06,80.71
2023-07-07,80.8
2023-07-10,80.92
2023-07-11,80.91
2023-07-12,81.15
2023-07-13,81.38
2023-07-14,81.17
2023-07-17,81.2
2023-07-18,81.2
2023-07-19,81.23
2023-07-20,81.13
2023-07-21,81.14
2023-07-24,81.04
2023-07-25,81.03
2023-07-26,81.11
2023-07-27,80.99
2023-07-28,81.1
2023-07-31,81.12
2023-08-01,80.84
2023-08-02,80.88
2023-08-03,80.91
2023-08-04,81.07
2023-08-07,81.1
2023-08-08,81.14
2023-08-09,81.09
2023-08-10,81.05
2023-08-11,80.97
2023-08-14,80.9
2023-08-15,80.93
2023-08-16,80.89
2023-08-17,80.98
2023-08-18,81.01
2023-08-21,80.92
2023-08-22,80.88
2023-08-23,81.03
2023-08-24,80.98
2023-08-25,80.93
2023-08-28,80.98
2023-08-29,81.16
2023-08-30,81.16
2023-08-31,81.24
2023-09-01,80.99
2023-09-05,80.89
2023-09-06,80.8
2023-09-07,80.95
2023-09-08,80.91
2023-09-11,80.93
2023-09-12,80.89
2023-09-13,80.96
2023-09-14,80.94
2023-09-15,80.9
2023-09-18,80.89
2023-09-19,80.83
2023-09-20,80.78
2023-09-21,80.82
2023-09-22,80.9
2023-09-25,80.87
2023-09-26,80.88
2023-09-27,80.82
2023-09-28,80.96
2023-09-29,80.97
2023-10-02,80.68
2023-10-03,80.62
2023-10-04,80.8
2023-10-05,80.88
2023-10-06,80.81
2023-10-09,81.05
2023-10-10,81.0
2023-10-11,80.98
2023-10-12,80.88
2023-10-13,80.93
2023-10-16,80.88
2023-10-17,80.7
2023-10-18,80.7
2023-10-19,80.81
2023-10-20,80.94
2023-10-23,80.99
2023-10-24,80.97
2023-10-25,80.88
2023-10-26,81.04
2023-10-27,81.09
2023-10-30,81.06
2023-10-31,81.03
2023-11-01,80.98
2023-11-02,80.99
2023-11-03,81.21
2023-11-06,81.06
2023-11-07,81.12
2023-11-08,81.1
2023-11-09,80.98
2023-11-10,81.0
2023-11-13,81.03
2023-11-14,81.35
2023-11-15,81.2
2023-11-16,81.34
2023-11-17,81.28
2023-11-20,81.29
2023-11-21,81.34
2023-11-22,81.35
2023-11-24,81.29
2023-11-27,81.39
2023-11-28,81.54
2023-11-29,81.7
2023-11-30,81.65
2023-12-01,81.64
2023-12-04,81.52
2023-12-05,81.62
2023-12-06,81.6
2023-12-07,81.66
2023-12-08,81.48
2023-12-11,81.5
2023-12-12,81.51
2023-12-13,81.92
2023-12-14,81.8
2023-12-15,81.71
2023-12-18,81.7
2023-12-19,81.73
2023-12-20,81.84
2023-12-21,81.92
2023-12-22,81.95
2023-12-26,81.91
2023-12-27,82.01
2023-12-28,82.0
2023-12-29,82.04
2024-01-02,81.94
2024-01-03,81.96
2024-01-04,81.91
2024-01-05,81.89
2024-01-08,81.96
2024-01-09,81.98
2024-01-10,81.98
2024-01-11,82.17
2024-01-12,82.34
2024-01-16,82.21
2024-01-17,82.05
2024-01-18,82.09
2024-01-19,82.03
2024-01-22,82.07
2024-01-23,82.06
2024-01-24,82.02
2024-01-25,82.17
2024-01-26,82.12
2024-01-29,82.2
2024-01-30,82.15
2024-01-31,82.3
2024-02-01,82.18
2024-02-02,81.92
2024-02-05,81.76
2024-02-06,81.89
2024-02-07,81.86
2024-02-08,81.84
2024-02-09,81.81
2024-02-12,81.82
2024-02-13,81.56
2024-02-14,81.68
2024-02-15,81.76
2024-02-16,81.66
2024-02-20,81.71
2024-02-21,81.64
2024-02-22,81.63
2024-02-23,81.67
2024-02-26,81.61
2024-02-27,81.61
2024-02-28,81.69
2024-02-29,81.74
2024-03-01,81.66
2024-03-04,81.58
2024-03-05,81.64
2024-03-06,81.66
2024-03-07,81.76
2024-03-08,81.8
2024-03-11,81.73
2024-03-12,81.65
2024-03-13,81.61
2024-03-14,81.54
2024-03-15,81.49
2024-03-18,81.5
2024-03-19,81.57
2024-03-20,81.7
2024-03-21,81.7
2024-03-22,81.76
2024-03-25,81.72
2024-03-26,81.74
2024-03-27,81.83
2024-03-28,81.78
2024-04-01,81.34
2024-04-02,81.38
2024-04-03,81.44
2024-04-04,81.52
2024-04-05,81.39
2024-04-08,81.31
2024-04-09,81.39
2024-04-10,81.06
2024-04-11,81.16
2024-04-12,81.21
2024-04-15,81.18
2024-04-16,81.13
2024-04-17,81.19
2024-04-18,81.15
2024-04-19,81.17
2024-04-22,81.21
2024-04-23,81.28
2024-04-24,81.25
2024-04-25,81.19
2024-04-26,81.21
2024-04-29,81.25
2024-04-30,81.15
2024-05-01,81.05
2024-05-02,81.17
2024-05-03,81.3
2024-05-06,81.29
2024-05-07,81.3
2024-05-08,81.28
2024-05-09,81.35
2024-05-10,81.28
2024-05-13,81.3
2024-05-14,81.38
2024-05-15,81.53
2024-05-16,81.47
2024-05-17,81.42
2024-05-20,81.4
2024-05-21,81.44
2024-05-22,81.38
2024-05-23,81.34
2024-05-24,81.37
2024-05-28,81.3
2024-05-29,81.27
2024-05-30,81.36
2024-05-31,81.47
2024-06-03,81.3
2024-06-04,81.38
2024-06-05,81.46
2024-06-06,81.47
2024-06-07,81.26
2024-06-10,81.27
2024-06-11,81.36
2024-06-12,81.47
2024-06-13,81.6
2024-06-14,81.61
2024-06-17,81.53
2024-06-18,81.64
2024-06-20,81.61
2024-06-21,81.64
2024-06-24,81.65
2024-06-25,81.66
2024-06-26,81.58
2024-06-27,81.64
2024-06-28,81.65
2024-07-01,81.31
2024-07-02,81.38
2024-07-03,81.5
2024-07-05,81.65
2024-07-08,81.64
2024-07-09,81.62
2024-07-10,81.65
2024-07-11,81.84
2024-07-12,81.96
2024-07-15,81.96
2024-07-16,81.99
2024-07-17,82.0
2024-07-18,81.96
2024-07-19,81.92
2024-07-22,81.93
2024-07-23,81.97
2024-07-24,82.01
2024-07-25,82.02
2024-07-26,82.13
2024-07-29,82.14
2024-07-30,82.17
2024-07-31,82.34
2024-08-01,82.21
2024-08-02,82.67
2024-08-05,82.65
2024-08-06,82.55
2024-08-07,82.5
2024-08-08,82.46
2024-08-09,82.48
2024-08-12,82.53
2024-08-13,82.66
2024-08-14,82.65
2024-08-15,82.45
2024-08-16,82.54
2024-08-19,82.52
2024-08-20,82.64
2024-08-21,82.73
2024-08-22,82.62
2024-08-23,82.81
2024-08-26,82.77
2024-08-27,82.82
2024-08-28,82.81
2024-08-29,82.8
2024-08-30,82.8
2024-09-03,82.6
2024-09-04,82.78
2024-09-05,82.81
2024-09-06,82.96
2024-09-09,82.97
2024-09-10,83.09
2024-09-11,83.02
2024-09-12,83.03
2024-09-13,83.15
2024-09-16,83.2
2024-09-17,83.14
2024-09-18,83.11
2024-09-19,83.18
2024-09-20,83.21
2024-09-23,83.21
2024-09-24,83.29
2024-09-25,83.22
2024-09-26,83.14
2024-09-27,83.27
2024-09-30,83.15
2024-10-01,82.93
2024-10-02,82.91
2024-10-03,82.8
2024-10-04,82.52
2024-10-07,82.41
2024-10-08,82.48
2024-10-09,82.4
2024-10-10,82.47
2024-10-11,82.54
2024-10-14,82.5
2024-10-15,82.54
2024-10-16,82.59
2024-10-17,82.52
2024-10-18,82.59
2024-10-21,82.47
2024-10-22,82.46
2024-10-23,82.41
2024-10-24,82.45
2024-10-25,82.42
2024-10-28,82.38
2024-10-29,82.41
2024-10-30,82.34
2024-10-31,82.36
2024-11-01,82.05
2024-11-04,82.11
2024-11-05,82.09
2024-11-06,81.99
2024-11-07,82.13
2024-11-08,82.07
2024-11-11,82.01
2024-11-12,81.93
2024-11-13,82.05
2024-11-14,81.93
2024-11-15,82.02
2024-11-18,82.08
2024-11-19,82.08
2024-11-20,82.04
2024-11-21,82.02
2024-11-22,82.01
2024-11-25,82.17
2024-11-26,82.17
2024-11-27,82.22
2024-11-29,82.32
2024-12-02,82.05
2024-12-03,82.06
2024-12-04,82.15
2024-12-05,82.15
2024-12-06,82.23
2024-12-09,82.2
2024-12-10,82.19
2024-12-11,82.17
2024-12-12,82.13
2024-12-13,82.09
2024-12-16,82.1
2024-12-17,82.11
2024-12-18,81.68
2024-12-19,81.77
2024-12-20,81.78
2024-12-23,81.73
2024-12-24,81.77
2024-12-26,81.79
2024-12-27,81.81
2024-12-30,81.93
2024-12-31,81.98
2025-01-02,81.96
2025-01-03,81.96
2025-01-06,81.98
2025-01-07,81.93
2025-01-08,81.98
2025-01-10,81.83
2025-01-13,81.85
2025-01-14,81.87
2025-01-15,82.05
2025-01-16,82.1
2025-01-17,82.08
2025-01-21,82.11
2025-01-22,82.09
2025-01-23,82.09
2025-01-24,82.14
2025-01-27,82.26
2025-01-28,82.28
2025-01-29,82.23
2025-01-30,82.28
2025-01-31,82.29
2025-02-03,81.96
2025-02-04,82.04
2025-02-05,82.09
2025-02-06,82.06
2025-02-07,81.97
2025-02-10,82.01
2025-02-11,81.99
2025-02-12,81.88
2025-02-13,81.99
2025-02-14,82.1
2025-02-18,82.03
2025-02-19,82.09
2025-02-20,82.1
2025-02-21,82.24
2025-02-24,82.3
2025-02-25,82.41
2025-02-26,82.44
2025-02-27,82.47
2025-02-28,82.62
2025-03-03,82.42
2025-03-04,82.43
2025-03-05,82.34
2025-03-06,82.39
2025-03-07,82.38
2025-03-10,82.53
2025-03-11,82.48
2025-03-12,82.42
2025-03-13,82.48
2025-03-14,82.42
2025-03-17,82.39
2025-03-18,82.39
2025-03-19,82.51
2025-03-20,82.53
2025-03-21,82.58
2025-03-24,82.47
2025-03-25,82.5
2025-03-26,82.48
2025-03-27,82.52
2025-03-28,82.67
2025-03-31,82.73
2025-04-01,82.48
2025-04-02,82.42
2025-04-03,82.73
2025-04-04,82.68
2025-04-07,82.69
2025-04-08,82.64
2025-04-09,82.59
2025-04-10,82.58
2025-04-11,82.43
2025-04-14,82.61
2025-04-15,82.61
2025-04-16,82.72
2025-04-17,82.75
2025-04-21,82.7
2025-04-22,82.73
2025-04-23,82.67
2025-04-24,82.77
2025-04-25,82.84
2025-04-28,82.96
2025-04-29,83.01
2025-04-30,83.12
2025-05-01,82.69
2025-05-02,82.53
2025-05-05,82.52
2025-05-06,82.59
2025-05-07,82.62
2025-05-08,82.45
2025-05-09,82.49
2025-05-12,82.34
2025-05-13,82.32
2025-05-14,82.26
2025-05-15,82.42
2025-05-16,82.4
2025-05-19,82.43
2025-05-20,82.44
2025-05-21,82.39
2025-05-22,82.44
2025-05-23,82.49
2025-05-27,82.52
2025-05-28,82.46
2025-05-29,82.55
2025-05-30,82.65
2025-06-02,82.31
2025-06-03,82.29
2025-06-04,82.44
2025-06-05,82.35
2025-06-06,82.21
2025-06-09,82.27
2025-06-10,82.27
2025-06-11,82.4
2025-06-12,82.47
2025-06-13,82.41
2025-06-16,82.4
2025-06-17,82.44
2025-06-18,82.48
2025-06-20,82.54
2025-06-23,82.65
2025-06-24,82.72
2025-06-25,82.73
2025-06-26,82.83
2025-06-27,82.8
2025-06-30,82.86
2025-07-01,82.51
2025-07-02,82.5
2025-07-03,82.41
2025-07-07,82.39
2025-07-08,82.4
2025-07-09,82.47
2025-07-10,82.47
2025-07-11,82.45
2025-07-14,82.46
2025-07-15,82.38
2025-07-16,82.49
2025-07-17,82.46
2025-07-18,82.53
2025-07-21,82.58
2025-07-22,82.64
2025-07-23,82.57
2025-07-24,82.5
2025-07-25,82.55
2025-07-28,82.54
2025-07-29,82.61
2025-07-30,82.52
2025-07-31,82.52
2025-08-01,82.66
2025-08-04,82.68
2025-08-05,82.65
2025-08-06,82.68
2025-08-07,82.64
2025-08-08,82.62
2025-08-11,82.62
2025-08-12,82.68
2025-08-13,82.79
2025-08-14,82.7
2025-08-15,82.67
2025-08-18,82.67
2025-08-19,82.71
2025-08-20,82.74
2025-08-21,82.67
2025-08-22,82.85
2025-08-25,82.81
2025-08-26,82.88
2025-08-27,82.94
2025-08-28,82.91
2025-08-29,82.98
2025-09-02,82.68
2025-09-03,82.74
2025-09-04,82.8
2025-09-05,82.92
2025-09-08,82.97
2025-09-09,82.9
2025-09-10,82.91
2025-09-11,82.94
2025-09-12,82.93
2025-09-15,82.96
2025-09-16,83.0
2025-09-17,82.96
2025-09-18,82.93
2025-09-19,82.96
2025-09-22,82.92
2025-09-23,82.95
2025-09-24,82.91
2025-09-25,82.84
2025-09-26,82.89
2025-09-29,82.92
2025-09-30,82.96
2025-10-01,82.8
2025-10-02,82.82
2025-10-03,82.79
2025-10-06,82.77
2025-10-07,82.81
2025-10-08,82.8
2025-10-09,82.79
2025-10-10,82.93
2025-10-13,83.09
2025-10-14,83.03
2025-10-15,82.99
2025-10-16,83.1
2025-10-17,83.09
2025-10-20,83.1
2025-10-21,83.12
2025-10-22,83.12
2025-10-23,83.06
2025-10-24,83.11
2025-10-27,83.09
2025-10-28,83.1
2025-10-29,82.94
2025-10-30,82.95
2025-10-31,82.98
2025-11-03,82.72
2025-11-04,82.75
2025-11-05,82.69
2025-11-06,82.79
2025-11-07,82.83
2025-11-10,82.81
2025-11-11,82.88
2025-11-12,82.85
2025-11-13,82.8
2025-11-14,82.83
2025-11-17,82.82
2025-11-18,82.87
2025-11-19,82.86
2025-11-20,82.93
2025-11-21,83.03
2025-11-24,83.04
2025-11-25,83.09
2025-11-26,83.08
2025-11-28,83.08
2025-12-01,82.76
2025-12-02,82.81
2025-12-03,82.86
2025-12-04,82.8
2025-12-05,82.77
2025-12-08,82.75
2025-12-09,82.71
2025-12-10,82.85
2025-12-11,82.86
2025-12-12,82.87
2025-12-15,82.92
2025-12-16,82.96
2025-12-17,82.97
2025-12-18,83.03
2025-12-19,82.76
2025-12-22,82.72
2025-12-23,82.68
2025-12-24,82.73
2025-12-26,82.79
2025-12-29,82.83
2025-12-30,82.85
2025-12-31,82.82
2026-01-02,82.86
2026-01-05,82.89
2026-01-06,82.9
2026-01-07,82.89
2026-01-08,82.86
2026-01-09,82.83
2026-01-12,82.83
2026-01-13,82.85
2026-01-14,82.87
2026-01-15,82.81
2026-01-16,82.79
2026-01-20,82.8
2026-01-21,82.84
2026-01-22,82.81
2026-01-23,82.84
2026-01-26,82.87
2026-01-27,82.89
2026-01-28,82.89
2026-01-29,82.92
2026-01-30,82.99
2026-02-02,82.7
2026-02-03,82.69
2026-02-04,82.73
2026-02-05,82.86
2026-02-06,82.86
2026-02-09,82.88
2026-02-10,82.93
2026-02-11,82.85
2026-02-12,82.93
2026-02-13,83.06
2026-02-17,83.03
2026-02-18,82.98
2026-02-19,82.98
2026-02-20,82.99
2026-02-23,83.06
2026-02-24,83.06
2026-02-25,83.04
2026-02-26,83.07
2026-02-27,83.18
2026-03-02,82.81
2026-03-03,82.8
2026-03-04,82.75
2026-03-05,82.69
2026-03-06,82.73
2026-03-09,82.77
2026-03-10,82.72
2026-03-11,82.64
2026-03-12,82.5
2026-03-13,82.55
2026-03-16,82.65
2026-03-17,82.66
2026-03-18,82.51
2026-03-19,82.49
2026-03-20,82.31
2026-03-23,82.43
2026-03-24,82.31
2026-03-25,82.4
2026-03-26,82.22
2026-03-27,82.39
2026-03-30,82.5
2026-03-31,82.57
2026-04-01,82.32
2026-04-02,82.36
2026-04-06,82.28
2026-04-07,82.34
2026-04-08,82.42
2026-04-09,82.44
2026-04-10,82.41
2026-04-13,82.47
2026-04-14,82.53
2026-04-15,82.51
2026-04-16,82.48
2026-04-17,82.64
2026-04-20,82.6
2026-04-21,82.48
2026-04-22,82.52
2026-04-23,82.48
2026-04-24,82.57
2026-04-27,82.55
2026-04-28,82.5
2026-04-29,82.39
2026-04-30,82.48
2026-05-01,82.25
2026-05-04,82.15
2026-05-05,82.19
2026-05-06,82.3
2026-05-07,82.23
2026-05-08,82.3
2026-05-11,82.22
2026-05-12,82.16
2026-05-13,82.19
2026-05-14,82.16
2026-05-15,82.06
2026-05-18,82.1
2026-05-19,82.04
2026-05-20,82.15
2026-05-21,82.14
2026-05-22,82.12
2026-05-26,82.21
2026-05-27,82.22
2026-05-28,82.26
2026-05-29,82.3
2026-06-01,82.01
2026-06-02,82.01
2026-06-03,81.97
2026-06-04,82.03
2026-06-05,81.86
2026-06-08,81.9
2026-06-09,81.94
2026-06-10,81.94
2026-06-11,82.09
2026-06-12,82.07
2026-06-15,82.11
2026-06-16,82.13
2026-06-17,81.88
2026-06-18,81.99
2026-06-22,81.91
2026-06-23,81.97
2026-06-24,82.07
2026-06-25,82.09
2026-06-26,82.19
2026-06-29,82.17
2026-06-30,82.11
2026-07-01,81.84
2026-07-02,81.94
2026-07-06,81.98
2026-07-07,81.86
2026-07-08,81.84
2026-07-09,81.91
2026-07-10,81.88
2026-07-13,81.79
2026-07-14,81.93
2026-07-15,82.0
2026-07-16,82.0
2026-07-17,81.99
2026-07-20,81.96
2026-07-21,81.89
2026-07-22,81.83
2026-07-23,81.77
2026-07-24,81.85
2026-07-27,81.87
2026-07-28,81.94
2026-07-29,81.99
2026-07-30,82.01
2026-07-31,82.0
2026-08-03,81.77
2026-08-04,81.87
2026-08-05,81.9
2026-08-06,81.8
2026-08-07,81.92
2026-08-10,81.86
2026-08-11,81.87
2026-08-12,81.92
2026-08-13,82.03
2026-08-14,82.0
