Date,Close
2003-09-16,1.3807
2003-09-17,1.3858
2003-09-18,1.3669
2003-09-21,1.3528
2003-09-22,1.3587
2003-09-23,1.352
2003-09-24,1.3447
2003-09-25,1.3425
2003-09-28,1.3236
2003-09-29,1.3175
2003-09-30,1.3152
2003-10-01,1.3181
2003-10-02,1.3367
2003-10-05,1.3194
2003-10-06,1.3142
2003-10-07,1.3109
2003-10-08,1.3179
2003-10-09,1.3132
2003-10-12,1.3228
2003-10-13,1.3164
2003-10-14,1.331
2003-10-15,1.3346
2003-10-16,1.3266
2003-10-19,1.332
2003-10-20,1.3302
2003-10-21,1.3115
2003-10-22,1.309
2003-10-23,1.3124
2003-10-27,1.3179
2003-10-28,1.3312
2003-10-29,1.3305
2003-10-30,1.3336
2003-10-31,1.3382
2003-11-03,1.3598
2003-11-04,1.3643
2003-11-05,1.3708
2003-11-06,1.3779
2003-11-07,1.3669
2003-11-10,1.3741
2003-11-11,1.3623
2003-11-12,1.3494
2003-11-13,1.3352
2003-11-14,1.3267
2003-11-17,1.3252
2003-11-18,1.2937
2003-11-19,1.3056
2003-11-20,1.3007
2003-11-21,1.2983
2003-11-24,1.3185
2003-11-25,1.3194
2003-11-26,1.2941
2003-11-27,1.2989
2003-11-28,1.2911
2003-12-01,1.2981
2003-12-02,1.2872
2003-12-03,1.2852
2003-12-04,1.2885
2003-12-05,1.2724
2003-12-08,1.2674
2003-12-09,1.2632
2003-12-10,1.269
2003-12-11,1.2689
2003-12-12,1.2619
2003-12-15,1.2605
2003-12-16,1.2594
2003-12-17,1.2538
2003-12-18,1.25
2003-12-19,1.2548
2003-12-22,1.2575
2003-12-23,1.2567
2003-12-24,1.2478
2003-12-25,1.2477
2003-12-26,1.2549
2003-12-29,1.2496
2003-12-30,1.2426
2003-12-31,1.2366
2004-01-01,1.2403
2004-01-02,1.24
2004-01-05,1.232
2004-01-06,1.2319
2004-01-07,1.2395
2004-01-08,1.2266
2004-01-09,1.2212
2004-01-12,1.2277
2004-01-13,1.2195
2004-01-14,1.232
2004-01-15,1.2431
2004-01-16,1.2637
2004-01-19,1.2706
2004-01-20,1.2457
2004-01-21,1.2375
2004-01-22,1.2319
2004-01-23,1.2414
2004-01-26,1.255
2004-01-27,1.24
2004-01-28,1.2579
2004-01-29,1.2591
2004-01-30,1.2525
2004-02-02,1.261
2004-02-03,1.2483
2004-02-04,1.2505
2004-02-05,1.2482
2004-02-06,1.2349
2004-02-09,1.2354
2004-02-10,1.2375
2004-02-11,1.2292
2004-02-12,1.23
2004-02-13,1.2389
2004-02-16,1.2342
2004-02-17,1.2255
2004-02-18,1.238
2004-02-19,1.2349
2004-02-20,1.2597
2004-02-23,1.2551
2004-02-24,1.2424
2004-02-25,1.259
2004-02-26,1.2662
2004-02-27,1.2614
2004-03-01,1.2684
2004-03-02,1.2974
2004-03-03,1.2936
2004-03-04,1.2919
2004-03-05,1.2782
2004-03-08,1.2718
2004-03-09,1.2814
2004-03-10,1.2878
2004-03-11,1.2668
2004-03-12,1.2833
2004-03-15,1.2743
2004-03-16,1.2787
2004-03-17,1.2782
2004-03-18,1.257
2004-03-19,1.2697
2004-03-22,1.2567
2004-03-23,1.2565
2004-03-24,1.2766
2004-03-25,1.2799
2004-03-26,1.2837
2004-03-28,1.2836
2004-03-29,1.281
2004-03-30,1.266
2004-03-31,1.2629
2004-04-01,1.2917
2004-04-04,1.3045
2004-04-05,1.2863
2004-04-06,1.2776
2004-04-07,1.283
2004-04-08,1.2822
2004-04-11,1.2832
2004-04-12,1.3
2004-04-13,1.2992
2004-04-14,1.2944
2004-04-15,1.2955
2004-04-18,1.2917
2004-04-19,1.3137
2004-04-20,1.3163
2004-04-21,1.3066
2004-04-22,1.3143
2004-04-25,1.3078
2004-04-26,1.298
2004-04-27,1.3061
2004-04-28,1.2923
2004-04-29,1.294
2004-05-02,1.3013
2004-05-03,1.281
2004-05-04,1.2753
2004-05-05,1.2847
2004-05-06,1.2988
2004-05-09,1.2992
2004-05-10,1.295
2004-05-11,1.2935
2004-05-12,1.3041
2004-05-13,1.2969
2004-05-16,1.2753
2004-05-17,1.2834
2004-05-18,1.2788
2004-05-19,1.2852
2004-05-20,1.279
2004-05-23,1.2797
2004-05-24,1.2728
2004-05-25,1.2714
2004-05-26,1.2442
2004-05-27,1.2517
2004-05-30,1.2531
2004-05-31,1.2463
2004-06-01,1.25
2004-06-02,1.25
2004-06-03,1.2393
2004-06-06,1.2362
2004-06-07,1.2381
2004-06-08,1.2555
2004-06-09,1.245
2004-06-10,1.2597
2004-06-13,1.2552
2004-06-14,1.2486
2004-06-15,1.2676
2004-06-16,1.2546
2004-06-17,1.2435
2004-06-20,1.2452
2004-06-21,1.2482
2004-06-22,1.2534
2004-06-23,1.2443
2004-06-24,1.247
2004-06-27,1.2489
2004-06-28,1.2644
2004-06-29,1.2504
2004-06-30,1.249
2004-07-01,1.2332
2004-07-04,1.2349
2004-07-05,1.2366
2004-07-06,1.2266
2004-07-07,1.2244
2004-07-08,1.2225
2004-07-11,1.2248
2004-07-12,1.2355
2004-07-13,1.2293
2004-07-14,1.2364
2004-07-15,1.2246
2004-07-18,1.2292
2004-07-19,1.2434
2004-07-20,1.2495
2004-07-21,1.2481
2004-07-22,1.2659
2004-07-25,1.265
2004-07-26,1.2749
2004-07-27,1.2763
2004-07-28,1.281
2004-07-29,1.2813
2004-08-01,1.2799
2004-08-02,1.2791
2004-08-03,1.2749
2004-08-04,1.2754
2004-08-05,1.2505
2004-08-08,1.2539
2004-08-09,1.2617
2004-08-10,1.2613
2004-08-11,1.2571
2004-08-12,1.2383
2004-08-15,1.2406
2004-08-16,1.2447
2004-08-17,1.244
2004-08-18,1.2423
2004-08-19,1.249
2004-08-22,1.2682
2004-08-23,1.2714
2004-08-24,1.273
2004-08-25,1.2725
2004-08-26,1.2784
2004-08-29,1.2797
2004-08-30,1.2667
2004-08-31,1.2602
2004-09-01,1.2613
2004-09-02,1.2714
2004-09-05,1.2706
2004-09-06,1.2678
2004-09-07,1.2594
2004-09-08,1.2577
2004-09-09,1.2573
2004-09-12,1.2585
2004-09-13,1.2575
2004-09-14,1.2694
2004-09-15,1.2679
2004-09-16,1.2676
2004-09-19,1.2721
2004-09-20,1.2537
2004-09-21,1.2596
2004-09-22,1.2603
2004-09-23,1.2603
2004-09-26,1.2597
2004-09-27,1.2596
2004-09-28,1.2585
2004-09-29,1.2455
2004-09-30,1.2494
2004-10-03,1.2644
2004-10-04,1.2617
2004-10-05,1.2655
2004-10-06,1.2626
2004-10-07,1.2504
2004-10-10,1.2507
2004-10-11,1.256
2004-10-12,1.2519
2004-10-13,1.2439
2004-10-14,1.2333
2004-10-17,1.2323
2004-10-18,1.229
2004-10-19,1.2219
2004-10-20,1.2173
2004-10-21,1.2095
2004-10-24,1.1956
2004-10-25,1.2009
2004-10-26,1.207
2004-10-28,1.1951
2004-11-01,1.2023
2004-11-02,1.2054
2004-11-03,1.1941
2004-11-04,1.1879
2004-11-05,1.1768
2004-11-08,1.182
2004-11-09,1.1835
2004-11-10,1.1823
2004-11-11,1.1776
2004-11-12,1.1701
2004-11-15,1.1796
2004-11-16,1.1754
2004-11-17,1.1622
2004-11-18,1.1716
2004-11-19,1.1601
2004-11-22,1.1631
2004-11-23,1.1572
2004-11-24,1.1453
2004-11-25,1.14
2004-11-26,1.1387
2004-11-29,1.1432
2004-11-30,1.1395
2004-12-01,1.1405
2004-12-02,1.1526
2004-12-03,1.1297
2004-12-06,1.1414
2004-12-07,1.1404
2004-12-08,1.1485
2004-12-09,1.1509
2004-12-10,1.1607
2004-12-13,1.1531
2004-12-14,1.1536
2004-12-15,1.1419
2004-12-16,1.1584
2004-12-17,1.1564
2004-12-20,1.1496
2004-12-21,1.1537
2004-12-22,1.1525
2004-12-23,1.1431
2004-12-24,1.1441
2004-12-27,1.1346
2004-12-28,1.1349
2004-12-29,1.1337
2004-12-30,1.1334
2004-12-31,1.1405
2005-01-03,1.147
2005-01-04,1.1676
2005-01-05,1.1669
2005-01-06,1.174
2005-01-07,1.1841
2005-01-10,1.1794
2005-01-11,1.1824
2005-01-12,1.1676
2005-01-13,1.1721
2005-01-14,1.1791
2005-01-17,1.1845
2005-01-18,1.1853
2005-01-19,1.1851
2005-01-20,1.1902
2005-01-21,1.1854
2005-01-24,1.185
2005-01-25,1.1934
2005-01-26,1.1825
2005-01-27,1.1843
2005-01-28,1.1855
2005-01-31,1.1878
2005-02-01,1.1907
2005-02-02,1.193
2005-02-03,1.2025
2005-02-04,1.2132
2005-02-07,1.2238
2005-02-08,1.221
2005-02-09,1.2164
2005-02-10,1.2074
2005-02-11,1.2095
2005-02-14,1.1979
2005-02-15,1.1891
2005-02-16,1.188
2005-02-17,1.1838
2005-02-18,1.1832
2005-02-21,1.1827
2005-02-22,1.1587
2005-02-23,1.164
2005-02-24,1.1699
2005-02-25,1.162
2005-02-28,1.1638
2005-03-01,1.167
2005-03-02,1.1736
2005-03-03,1.1811
2005-03-04,1.1684
2005-03-07,1.1743
2005-03-08,1.1607
2005-03-09,1.1602
2005-03-10,1.1525
2005-03-11,1.1491
2005-03-14,1.1597
2005-03-15,1.1652
2005-03-16,1.1529
2005-03-17,1.1574
2005-03-18,1.1636
2005-03-21,1.1789
2005-03-22,1.189
2005-03-23,1.1959
2005-03-24,1.2025
2005-03-25,1.199
2005-03-27,1.2037
2005-03-28,1.2
2005-03-29,1.2
2005-03-30,1.1958
2005-03-31,1.2024
2005-04-03,1.2089
2005-04-04,1.2064
2005-04-05,1.2059
2005-04-06,1.2074
2005-04-07,1.1964
2005-04-10,1.1936
2005-04-11,1.1995
2005-04-12,1.2
2005-04-13,1.2154
2005-04-14,1.1999
2005-04-17,1.1877
2005-04-18,1.1804
2005-04-19,1.1772
2005-04-20,1.183
2005-04-21,1.1804
2005-04-24,1.1883
2005-04-25,1.1867
2005-04-26,1.1934
2005-04-27,1.1918
2005-04-28,1.195
2005-05-01,1.1988
2005-05-02,1.1973
2005-05-03,1.1913
2005-05-04,1.1936
2005-05-05,1.2055
2005-05-08,1.2043
2005-05-09,1.2
2005-05-10,1.2054
2005-05-11,1.2171
2005-05-12,1.2259
2005-05-15,1.2221
2005-05-16,1.2255
2005-05-17,1.2177
2005-05-18,1.2221
2005-05-19,1.2322
2005-05-22,1.2312
2005-05-23,1.2306
2005-05-24,1.2272
2005-05-25,1.2363
2005-05-26,1.2298
2005-05-29,1.2376
2005-05-30,1.2476
2005-05-31,1.2558
2005-06-01,1.2517
2005-06-02,1.2526
2005-06-05,1.2495
2005-06-06,1.246
2005-06-07,1.2539
2005-06-08,1.2544
2005-06-09,1.2681
2005-06-12,1.2704
2005-06-13,1.2779
2005-06-14,1.2701
2005-06-15,1.2722
2005-06-16,1.2573
2005-06-19,1.2708
2005-06-20,1.266
2005-06-21,1.2718
2005-06-22,1.2797
2005-06-23,1.275
2005-06-26,1.2682
2005-06-27,1.2796
2005-06-28,1.2814
2005-06-29,1.2831
2005-06-30,1.2964
2005-07-03,1.3031
2005-07-04,1.3023
2005-07-05,1.3026
2005-07-06,1.2988
2005-07-07,1.2989
2005-07-10,1.288
2005-07-11,1.2719
2005-07-12,1.2912
2005-07-13,1.2891
2005-07-14,1.296
2005-07-17,1.294
2005-07-18,1.3002
2005-07-19,1.2846
2005-07-20,1.2858
2005-07-21,1.2963
2005-07-24,1.295
2005-07-25,1.2996
2005-07-26,1.2955
2005-07-27,1.2851
2005-07-28,1.2886
2005-07-31,1.2785
2005-08-01,1.2765
2005-08-02,1.2612
2005-08-03,1.2579
2005-08-04,1.2618
2005-08-07,1.2615
2005-08-08,1.2587
2005-08-09,1.2564
2005-08-10,1.2451
2005-08-11,1.247
2005-08-14,1.2543
2005-08-15,1.2565
2005-08-16,1.2615
2005-08-17,1.2712
2005-08-18,1.2754
2005-08-21,1.2694
2005-08-22,1.2695
2005-08-23,1.2637
2005-08-24,1.2562
2005-08-25,1.2581
2005-08-28,1.2661
2005-08-29,1.2692
2005-08-30,1.2535
2005-08-31,1.2348
2005-09-01,1.2295
2005-09-04,1.233
2005-09-05,1.239
2005-09-06,1.2429
2005-09-07,1.2449
2005-09-08,1.2428
2005-09-11,1.2572
2005-09-12,1.2597
2005-09-13,1.2586
2005-09-14,1.2661
2005-09-15,1.2695
2005-09-18,1.2787
2005-09-19,1.2818
2005-09-21,1.2788
2005-09-22,1.2919
2005-09-25,1.2885
2005-09-26,1.2953
2005-09-27,1.2897
2005-09-28,1.2952
2005-09-29,1.2935
2005-10-02,1.3022
2005-10-03,1.3019
2005-10-04,1.2886
2005-10-05,1.2719
2005-10-06,1.278
2005-10-09,1.2852
2005-10-10,1.2905
2005-10-11,1.2871
2005-10-12,1.29
2005-10-13,1.2857
2005-10-16,1.2937
2005-10-17,1.3001
2005-10-18,1.2971
2005-10-19,1.2879
2005-10-20,1.2918
2005-10-23,1.2881
2005-10-24,1.275
2005-10-25,1.2836
2005-10-26,1.2727
2005-10-27,1.2806
2005-10-31,1.2896
2005-11-01,1.2872
2005-11-02,1.2786
2005-11-03,1.2916
2005-11-04,1.3071
2005-11-07,1.3073
2005-11-08,1.312
2005-11-09,1.3089
2005-11-10,1.3158
2005-11-11,1.3123
2005-11-14,1.3176
2005-11-15,1.3162
2005-11-16,1.3248
2005-11-17,1.3173
2005-11-18,1.3136
2005-11-21,1.3189
2005-11-22,1.3107
2005-11-23,1.3126
2005-11-24,1.3163
2005-11-25,1.3219
2005-11-28,1.3059
2005-11-29,1.315
2005-11-30,1.3139
2005-12-01,1.317
2005-12-02,1.3173
2005-12-05,1.3071
2005-12-06,1.3049
2005-12-07,1.3137
2005-12-08,1.3
2005-12-09,1.3023
2005-12-12,1.2892
2005-12-13,1.2926
2005-12-14,1.2843
2005-12-15,1.2899
2005-12-16,1.2897
2005-12-19,1.2922
2005-12-20,1.307
2005-12-21,1.3135
2005-12-22,1.3115
2005-12-23,1.3112
2005-12-26,1.3147
2005-12-27,1.3146
2005-12-28,1.3153
2005-12-29,1.3135
2005-12-30,1.3159
2006-01-02,1.3158
2006-01-03,1.2884
2006-01-04,1.2771
2006-01-05,1.2765
2006-01-06,1.2698
2006-01-09,1.2773
2006-01-10,1.2806
2006-01-11,1.2738
2006-01-12,1.2847
2006-01-13,1.2763
2006-01-16,1.2791
2006-01-17,1.2797
2006-01-18,1.2805
2006-01-19,1.2848
2006-01-20,1.277
2006-01-23,1.2575
2006-01-24,1.2626
2006-01-25,1.2645
2006-01-26,1.269
2006-01-27,1.284
2006-01-30,1.2873
2006-01-31,1.2785
2006-02-01,1.2885
2006-02-02,1.2866
2006-02-03,1.295
2006-02-06,1.3015
2006-02-07,1.2957
2006-02-08,1.2989
2006-02-09,1.2977
2006-02-10,1.3067
2006-02-13,1.3067
2006-02-14,1.3079
2006-02-15,1.3104
2006-02-16,1.3096
2006-02-17,1.3092
2006-02-20,1.3079
2006-02-21,1.3072
2006-02-22,1.3111
2006-02-23,1.3088
2006-02-24,1.3183
2006-02-27,1.3227
2006-02-28,1.3109
2006-03-01,1.3128
2006-03-02,1.2987
2006-03-03,1.2964
2006-03-06,1.2982
2006-03-07,1.3132
2006-03-08,1.3077
2006-03-09,1.3143
2006-03-10,1.3173
2006-03-13,1.3109
2006-03-14,1.3023
2006-03-15,1.2951
2006-03-16,1.2893
2006-03-17,1.2894
2006-03-20,1.2911
2006-03-21,1.2994
2006-03-22,1.305
2006-03-23,1.3164
2006-03-24,1.31
2006-03-26,1.3089
2006-03-27,1.3091
2006-03-28,1.3095
2006-03-29,1.2965
2006-03-30,1.3043
2006-04-02,1.3041
2006-04-03,1.2904
2006-04-04,1.2843
2006-04-05,1.2906
2006-04-06,1.301
2006-04-09,1.3024
2006-04-10,1.2974
2006-04-11,1.2976
2006-04-12,1.2971
2006-04-13,1.2964
2006-04-16,1.2797
2006-04-17,1.2667
2006-04-18,1.2668
2006-04-19,1.2784
2006-04-20,1.2751
2006-04-23,1.2681
2006-04-24,1.2677
2006-04-25,1.2701
2006-04-26,1.2598
2006-04-27,1.2384
2006-04-30,1.2405
2006-05-01,1.2365
2006-05-02,1.2378
2006-05-03,1.228
2006-05-04,1.2277
2006-05-07,1.2286
2006-05-08,1.2198
2006-05-09,1.2195
2006-05-10,1.2109
2006-05-11,1.1971
2006-05-14,1.2131
2006-05-15,1.2078
2006-05-16,1.2145
2006-05-17,1.205
2006-05-18,1.2175
2006-05-21,1.2053
2006-05-22,1.212
2006-05-23,1.2162
2006-05-24,1.2163
2006-05-25,1.225
2006-05-28,1.2239
2006-05-29,1.2119
2006-05-30,1.2178
2006-05-31,1.2202
2006-06-01,1.2079
2006-06-04,1.2082
2006-06-05,1.2158
2006-06-06,1.2202
2006-06-07,1.2322
2006-06-08,1.2309
2006-06-11,1.2336
2006-06-12,1.2387
2006-06-13,1.2305
2006-06-14,1.2305
2006-06-15,1.2339
2006-06-18,1.2401
2006-06-19,1.2379
2006-06-20,1.2336
2006-06-21,1.2423
2006-06-22,1.247
2006-06-25,1.2421
2006-06-26,1.2442
2006-06-27,1.2467
2006-06-28,1.2367
2006-06-29,1.2231
2006-07-02,1.2243
2006-07-03,1.224
2006-07-04,1.2313
2006-07-05,1.2286
2006-07-06,1.2238
2006-07-09,1.2297
2006-07-10,1.2263
2006-07-11,1.2328
2006-07-12,1.2287
2006-07-13,1.2361
2006-07-16,1.2482
2006-07-17,1.2528
2006-07-18,1.2475
2006-07-19,1.2434
2006-07-20,1.2358
2006-07-23,1.247
2006-07-24,1.2529
2006-07-25,1.2408
2006-07-26,1.238
2006-07-27,1.2316
2006-07-30,1.2303
2006-07-31,1.2265
2006-08-01,1.2302
2006-08-02,1.2312
2006-08-03,1.222
2006-08-06,1.2268
2006-08-07,1.2326
2006-08-08,1.2254
2006-08-09,1.234
2006-08-10,1.2445
2006-08-13,1.2415
2006-08-14,1.2368
2006-08-15,1.2292
2006-08-16,1.2324
2006-08-17,1.2322
2006-08-20,1.2261
2006-08-21,1.2335
2006-08-22,1.2357
2006-08-23,1.239
2006-08-24,1.2395
2006-08-27,1.2355
2006-08-28,1.2288
2006-08-29,1.2268
2006-08-30,1.2309
2006-08-31,1.2299
2006-09-03,1.2293
2006-09-04,1.2332
2006-09-05,1.234
2006-09-06,1.2428
2006-09-07,1.2473
2006-09-10,1.2441
2006-09-11,1.2501
2006-09-12,1.2495
2006-09-13,1.2526
2006-09-14,1.2578
2006-09-17,1.2502
2006-09-18,1.2515
2006-09-19,1.2509
2006-09-20,1.2426
2006-09-21,1.2352
2006-09-24,1.2383
2006-09-25,1.2435
2006-09-26,1.2437
2006-09-27,1.247
2006-09-28,1.2525
2006-10-01,1.2429
2006-10-02,1.2453
2006-10-03,1.2486
2006-10-04,1.252
2006-10-05,1.2601
2006-10-08,1.2611
2006-10-09,1.2715
2006-10-10,1.2722
2006-10-11,1.2679
2006-10-12,1.2734
2006-10-15,1.2698
2006-10-16,1.2679
2006-10-17,1.2698
2006-10-18,1.2571
2006-10-19,1.2591
2006-10-22,1.2666
2006-10-23,1.2669
2006-10-24,1.2638
2006-10-25,1.2536
2006-10-26,1.2494
2006-10-30,1.2492
2006-10-31,1.2435
2006-11-01,1.2453
2006-11-02,1.245
2006-11-03,1.2534
2006-11-06,1.2547
2006-11-07,1.2488
2006-11-08,1.2509
2006-11-09,1.2421
2006-11-10,1.2388
2006-11-13,1.2432
2006-11-14,1.2436
2006-11-15,1.2458
2006-11-16,1.2479
2006-11-17,1.2419
2006-11-20,1.2436
2006-11-21,1.2408
2006-11-22,1.2266
2006-11-23,1.2237
2006-11-24,1.2087
2006-11-27,1.2062
2006-11-28,1.2023
2006-11-29,1.2102
2006-11-30,1.1975
2006-12-01,1.1932
2006-12-04,1.1933
2006-12-05,1.1921
2006-12-06,1.1959
2006-12-07,1.1952
2006-12-08,1.2053
2006-12-11,1.2013
2006-12-12,1.199
2006-12-13,1.2056
2006-12-14,1.2137
2006-12-15,1.2207
2006-12-18,1.2217
2006-12-19,1.2129
2006-12-20,1.2165
2006-12-21,1.2163
2006-12-22,1.2198
2006-12-25,1.2196
2006-12-26,1.2219
2006-12-27,1.2255
2006-12-28,1.2218
2006-12-29,1.2196
2007-01-01,1.2166
2007-01-02,1.2131
2007-01-03,1.225
2007-01-04,1.232
2007-01-05,1.2374
2007-01-08,1.2348
2007-01-09,1.2415
2007-01-10,1.2461
2007-01-11,1.2496
2007-01-12,1.2475
2007-01-15,1.2483
2007-01-16,1.2486
2007-01-17,1.247
2007-01-18,1.2472
2007-01-19,1.2485
2007-01-22,1.2492
2007-01-23,1.2427
2007-01-24,1.2482
2007-01-25,1.2479
2007-01-26,1.2537
2007-01-29,1.2519
2007-01-30,1.2514
2007-01-31,1.2445
2007-02-01,1.2439
2007-02-02,1.2499
2007-02-05,1.2481
2007-02-06,1.2397
2007-02-07,1.2404
2007-02-08,1.2459
2007-02-09,1.2476
2007-02-12,1.2536
2007-02-13,1.2472
2007-02-14,1.239
2007-02-15,1.235
2007-02-16,1.2353
2007-02-19,1.2331
2007-02-20,1.2356
2007-02-21,1.238
2007-02-22,1.238
2007-02-23,1.2324
2007-02-26,1.229
2007-02-27,1.2179
2007-02-28,1.2191
2007-03-01,1.2239
2007-03-02,1.2138
2007-03-05,1.2206
2007-03-06,1.2234
2007-03-07,1.2163
2007-03-08,1.2272
2007-03-09,1.2316
2007-03-12,1.2249
2007-03-13,1.2169
2007-03-14,1.217
2007-03-15,1.213
2007-03-16,1.2082
2007-03-19,1.2111
2007-03-20,1.2118
2007-03-21,1.2087
2007-03-22,1.2139
2007-03-23,1.2187
2007-03-25,1.2153
2007-03-26,1.2107
2007-03-27,1.2165
2007-03-28,1.2172
2007-03-29,1.2137
2007-04-01,1.2148
2007-04-02,1.2228
2007-04-03,1.2193
2007-04-04,1.2148
2007-04-05,1.2233
2007-04-08,1.2266
2007-04-09,1.2174
2007-04-10,1.2199
2007-04-11,1.2161
2007-04-12,1.2147
2007-04-15,1.2146
2007-04-16,1.2088
2007-04-17,1.203
2007-04-18,1.2047
2007-04-19,1.2071
2007-04-22,1.2087
2007-04-23,1.2011
2007-04-24,1.2057
2007-04-25,1.2087
2007-04-26,1.2055
2007-04-29,1.2062
2007-04-30,1.2145
2007-05-01,1.2143
2007-05-02,1.2159
2007-05-03,1.2097
2007-05-06,1.2116
2007-05-07,1.2181
2007-05-08,1.2188
2007-05-09,1.2198
2007-05-10,1.2181
2007-05-13,1.2186
2007-05-14,1.2147
2007-05-15,1.2222
2007-05-16,1.2271
2007-05-17,1.227
2007-05-20,1.2299
2007-05-21,1.2297
2007-05-22,1.2275
2007-05-23,1.2275
2007-05-24,1.2269
2007-05-27,1.2284
2007-05-28,1.225
2007-05-29,1.2258
2007-05-30,1.2251
2007-05-31,1.2358
2007-06-03,1.2227
2007-06-04,1.218
2007-06-05,1.2167
2007-06-06,1.2239
2007-06-07,1.2347
2007-06-10,1.2381
2007-06-11,1.2418
2007-06-12,1.244
2007-06-13,1.2461
2007-06-14,1.2419
2007-06-17,1.2416
2007-06-18,1.2402
2007-06-19,1.2384
2007-06-20,1.2412
2007-06-21,1.2292
2007-06-24,1.2279
2007-06-25,1.2286
2007-06-26,1.2292
2007-06-27,1.2314
2007-06-28,1.2215
2007-07-01,1.2094
2007-07-02,1.2158
2007-07-03,1.2171
2007-07-04,1.2173
2007-07-05,1.2176
2007-07-08,1.2164
2007-07-09,1.2012
2007-07-10,1.2047
2007-07-11,1.2034
2007-07-12,1.2024
2007-07-15,1.2024
2007-07-16,1.2005
2007-07-17,1.2005
2007-07-18,1.2038
2007-07-19,1.2005
2007-07-22,1.2063
2007-07-23,1.2029
2007-07-24,1.2134
2007-07-25,1.203
2007-07-26,1.2128
2007-07-29,1.2029
2007-07-30,1.2013
2007-07-31,1.2035
2007-08-01,1.2033
2007-08-02,1.1879
2007-08-05,1.192
2007-08-06,1.197
2007-08-07,1.1954
2007-08-08,1.1968
2007-08-09,1.1992
2007-08-12,1.2047
2007-08-13,1.2105
2007-08-14,1.2186
2007-08-15,1.2168
2007-08-16,1.2051
2007-08-19,1.206
2007-08-20,1.2067
2007-08-21,1.2064
2007-08-22,1.2074
2007-08-23,1.2036
2007-08-26,1.2022
2007-08-27,1.2012
2007-08-28,1.1992
2007-08-29,1.2035
2007-08-30,1.2081
2007-09-02,1.2098
2007-09-03,1.2099
2007-09-04,1.2036
2007-09-05,1.2008
2007-09-06,1.1884
2007-09-10,1.1888
2007-09-11,1.1844
2007-09-12,1.1849
2007-09-13,1.1908
2007-09-16,1.1872
2007-09-17,1.1808
2007-09-18,1.1834
2007-09-19,1.1714
2007-09-20,1.1719
2007-09-23,1.173
2007-09-24,1.1655
2007-09-25,1.1695
2007-09-26,1.1726
2007-09-27,1.163
2007-09-30,1.1682
2007-10-01,1.175
2007-10-02,1.1799
2007-10-03,1.1745
2007-10-04,1.1773
2007-10-07,1.1862
2007-10-08,1.183
2007-10-09,1.1835
2007-10-10,1.1817
2007-10-11,1.1853
2007-10-14,1.1809
2007-10-15,1.182
2007-10-16,1.1788
2007-10-17,1.1694
2007-10-18,1.1677
2007-10-21,1.1773
2007-10-22,1.1734
2007-10-23,1.1716
2007-10-24,1.1653
2007-10-25,1.1647
2007-10-29,1.1649
2007-10-30,1.1584
2007-10-31,1.1595
2007-11-01,1.1571
2007-11-02,1.1562
2007-11-05,1.1529
2007-11-06,1.144
2007-11-07,1.134
2007-11-08,1.1271
2007-11-09,1.121
2007-11-12,1.1294
2007-11-13,1.1257
2007-11-14,1.123
2007-11-15,1.1225
2007-11-16,1.1186
2007-11-19,1.1147
2007-11-20,1.106
2007-11-21,1.1017
2007-11-22,1.101
2007-11-23,1.1019
2007-11-27,1.1051
2007-11-28,1.1108
2007-11-29,1.1167
2007-11-30,1.1321
2007-12-03,1.127
2007-12-04,1.1171
2007-12-05,1.1284
2007-12-06,1.1279
2007-12-07,1.1283
2007-12-10,1.1281
2007-12-11,1.1299
2007-12-12,1.1342
2007-12-13,1.1414
2007-12-14,1.1509
2007-12-17,1.1494
2007-12-19,1.1546
2007-12-20,1.1582
2007-12-21,1.155
2007-12-24,1.1565
2007-12-25,1.1586
2007-12-26,1.1511
2007-12-27,1.1401
2007-12-28,1.1267
2007-12-31,1.132
2008-01-01,1.1313
2008-01-02,1.1192
2008-01-03,1.1115
2008-01-04,1.1071
2008-01-07,1.1178
2008-01-08,1.1122
2008-01-09,1.1162
2008-01-10,1.1044
2008-01-11,1.1
2008-01-14,1.0929
2008-01-15,1.0913
2008-01-16,1.0989
2008-01-17,1.1005
2008-01-18,1.0993
2008-01-21,1.1102
2008-01-22,1.0968
2008-01-23,1.0918
2008-01-24,1.0866
2008-01-25,1.0978
2008-01-28,1.0896
2008-01-29,1.0939
2008-01-30,1.0842
2008-01-31,1.0807
2008-02-01,1.0887
2008-02-04,1.088
2008-02-05,1.0991
2008-02-06,1.0971
2008-02-07,1.1032
2008-02-08,1.1073
2008-02-11,1.1022
2008-02-12,1.102
2008-02-13,1.1081
2008-02-14,1.0972
2008-02-15,1.0933
2008-02-18,1.1016
2008-02-19,1.0943
2008-02-20,1.0982
2008-02-21,1.0902
2008-02-22,1.0849
2008-02-25,1.0885
2008-02-26,1.076
2008-02-27,1.0627
2008-02-28,1.051
2008-02-29,1.0422
2008-03-03,1.041
2008-03-04,1.0394
2008-03-05,1.0359
2008-03-06,1.022
2008-03-07,1.0248
2008-03-10,1.0189
2008-03-11,1.0324
2008-03-12,1.0147
2008-03-13,1.0103
2008-03-14,0.9979
2008-03-17,0.9843
2008-03-18,0.999
2008-03-19,0.9965
2008-03-20,1.0067
2008-03-21,1.0087
2008-03-24,1.0188
2008-03-25,1.0087
2008-03-26,0.9916
2008-03-27,0.992
2008-03-28,0.9925
2008-03-30,0.9945
2008-04-01,1.0085
2008-04-02,1.0106
2008-04-03,1.0055
2008-04-06,1.0126
2008-04-07,1.0162
2008-04-08,1.0024
2008-04-09,1.0083
2008-04-10,1.0004
2008-04-13,1.0004
2008-04-14,1.0081
2008-04-15,0.9991
2008-04-16,1.0061
2008-04-17,1.0179
2008-04-20,1.0084
2008-04-21,1.003
2008-04-22,1.0157
2008-04-23,1.0349
2008-04-24,1.0346
2008-04-27,1.0342
2008-04-28,1.0372
2008-04-29,1.035
2008-05-01,1.0559
2008-05-04,1.0534
2008-05-05,1.0516
2008-05-06,1.0558
2008-05-07,1.0508
2008-05-08,1.0403
2008-05-11,1.0446
2008-05-12,1.0516
2008-05-13,1.0549
2008-05-14,1.0563
2008-05-15,1.0479
2008-05-18,1.0521
2008-05-19,1.0367
2008-05-20,1.0254
2008-05-21,1.0302
2008-05-22,1.0233
2008-05-25,1.0244
2008-05-26,1.0334
2008-05-27,1.0368
2008-05-28,1.049
2008-05-29,1.0414
2008-06-01,1.0368
2008-06-02,1.0419
2008-06-03,1.042
2008-06-04,1.0384
2008-06-05,1.0185
2008-06-08,1.0271
2008-06-09,1.0421
2008-06-10,1.0312
2008-06-11,1.0398
2008-06-12,1.0469
2008-06-15,1.0445
2008-06-16,1.041
2008-06-17,1.036
2008-06-18,1.044
2008-06-19,1.0365
2008-06-22,1.0446
2008-06-23,1.041
2008-06-24,1.0346
2008-06-25,1.0237
2008-06-26,1.0181
2008-06-29,1.021
2008-07-01,1.0141
2008-07-02,1.0264
2008-07-03,1.0249
2008-07-06,1.0262
2008-07-07,1.0336
2008-07-08,1.0288
2008-07-09,1.0279
2008-07-10,1.0157
2008-07-13,1.0171
2008-07-14,1.0099
2008-07-15,1.0175
2008-07-16,1.0197
2008-07-17,1.0225
2008-07-20,1.0178
2008-07-21,1.0301
2008-07-22,1.0374
2008-07-23,1.0359
2008-07-24,1.0387
2008-07-27,1.0338
2008-07-28,1.046
2008-07-29,1.0485
2008-07-30,1.0475
2008-07-31,1.0504
2008-08-03,1.0488
2008-08-04,1.0536
2008-08-05,1.0587
2008-08-06,1.0624
2008-08-07,1.082
2008-08-10,1.0858
2008-08-11,1.0874
2008-08-12,1.0858
2008-08-13,1.0964
2008-08-14,1.0953
2008-08-17,1.0969
2008-08-18,1.0908
2008-08-19,1.098
2008-08-20,1.087
2008-08-21,1.0973
2008-08-24,1.097
2008-08-25,1.1
2008-08-26,1.0972
2008-08-27,1.0978
2008-08-28,1.0959
2008-08-31,1.1022
2008-09-01,1.1064
2008-09-02,1.1067
2008-09-03,1.1115
2008-09-04,1.1159
2008-09-07,1.1281
2008-09-08,1.126
2008-09-09,1.1363
2008-09-10,1.138
2008-09-11,1.1292
2008-09-14,1.1118
2008-09-15,1.1218
2008-09-16,1.1031
2008-09-17,1.1088
2008-09-18,1.1024
2008-09-21,1.0742
2008-09-22,1.0848
2008-09-23,1.0905
2008-09-24,1.0876
2008-09-25,1.092
2008-09-28,1.092
2008-09-29,1.1209
2008-09-30,1.1254
2008-10-01,1.1354
2008-10-02,1.1259
2008-10-05,1.1483
2008-10-06,1.1405
2008-10-07,1.1274
2008-10-08,1.1285
2008-10-09,1.151
2008-10-12,1.1355
2008-10-13,1.1358
2008-10-14,1.1336
2008-10-15,1.1335
2008-10-16,1.1358
2008-10-19,1.1507
2008-10-20,1.1522
2008-10-21,1.1651
2008-10-22,1.1591
2008-10-23,1.1663
2008-10-27,1.1566
2008-10-28,1.1511
2008-10-29,1.1326
2008-10-30,1.1389
2008-10-31,1.1595
2008-11-03,1.1768
2008-11-04,1.1629
2008-11-05,1.1602
2008-11-06,1.1774
2008-11-07,1.1786
2008-11-10,1.1785
2008-11-11,1.187
2008-11-12,1.1871
2008-11-13,1.1856
2008-11-14,1.1963
2008-11-17,1.199
2008-11-18,1.2016
2008-11-19,1.2114
2008-11-20,1.2256
2008-11-21,1.2224
2008-11-24,1.1967
2008-11-25,1.1869
2008-11-26,1.2023
2008-11-27,1.2005
2008-11-28,1.1978
2008-12-01,1.2044
2008-12-02,1.2063
2008-12-03,1.2102
2008-12-04,1.1954
2008-12-05,1.219
2008-12-08,1.2063
2008-12-09,1.2054
2008-12-10,1.1991
2008-12-11,1.1857
2008-12-12,1.1769
2008-12-15,1.158
2008-12-16,1.1199
2008-12-17,1.0733
2008-12-18,1.0786
2008-12-19,1.1009
2008-12-22,1.0937
2008-12-23,1.0879
2008-12-24,1.0728
2008-12-25,1.0769
2008-12-26,1.0724
2008-12-29,1.0574
2008-12-30,1.0558
2008-12-31,1.0429
2009-01-01,1.0647
2009-01-02,1.0791
2009-01-05,1.1086
2009-01-06,1.1164
2009-01-07,1.1038
2009-01-08,1.094
2009-01-09,1.114
2009-01-12,1.1149
2009-01-13,1.118
2009-01-14,1.1153
2009-01-15,1.1219
2009-01-16,1.1202
2009-01-19,1.1321
2009-01-20,1.147
2009-01-21,1.1554
2009-01-22,1.1536
2009-01-23,1.1461
2009-01-26,1.1382
2009-01-27,1.1399
2009-01-28,1.1524
2009-01-29,1.1541
2009-01-30,1.1605
2009-02-02,1.162
2009-02-03,1.1442
2009-02-04,1.1578
2009-02-05,1.1712
2009-02-06,1.0824
2009-02-09,1.1672
2009-02-10,1.1562
2009-02-11,1.1606
2009-02-12,1.1612
2009-02-13,1.1606
2009-02-16,1.1596
2009-02-17,1.1683
2009-02-18,1.1744
2009-02-19,1.1744
2009-02-20,1.157
2009-02-23,1.1707
2009-02-24,1.1583
2009-02-25,1.1698
2009-02-26,1.1659
2009-02-27,1.1699
2009-03-02,1.1757
2009-03-03,1.1787
2009-03-04,1.1698
2009-03-05,1.17
2009-03-06,1.1589
2009-03-09,1.1583
2009-03-10,1.1592
2009-03-11,1.1554
2009-03-12,1.1868
2009-03-13,1.1846
2009-03-16,1.1845
2009-03-17,1.1804
2009-03-18,1.1411
2009-03-19,1.123
2009-03-20,1.1278
2009-03-23,1.1255
2009-03-24,1.1306
2009-03-25,1.1216
2009-03-26,1.1269
2009-03-27,1.1433
2009-03-29,1.1509
2009-03-30,1.1389
2009-03-31,1.1458
2009-04-01,1.1342
2009-04-02,1.1299
2009-04-05,1.1366
2009-04-06,1.1414
2009-04-07,1.1481
2009-04-08,1.1563
2009-04-09,1.1531
2009-04-12,1.1324
2009-04-13,1.1367
2009-04-14,1.1423
2009-04-15,1.1468
2009-04-16,1.1653
2009-04-19,1.1688
2009-04-20,1.1687
2009-04-21,1.1637
2009-04-22,1.1506
2009-04-23,1.1358
2009-04-26,1.1567
2009-04-27,1.1439
2009-04-28,1.1363
2009-04-29,1.1402
2009-04-30,1.1351
2009-05-03,1.126
2009-05-04,1.1335
2009-05-05,1.1332
2009-05-06,1.1297
2009-05-07,1.1035
2009-05-10,1.1088
2009-05-11,1.1056
2009-05-12,1.1072
2009-05-13,1.1046
2009-05-14,1.1202
2009-05-17,1.1142
2009-05-18,1.1088
2009-05-19,1.1004
2009-05-20,1.0928
2009-05-21,1.0856
2009-05-24,1.0834
2009-05-25,1.0834
2009-05-26,1.0923
2009-05-27,1.0854
2009-05-28,1.0665
2009-05-31,1.0698
2009-06-01,1.0613
2009-06-02,1.0703
2009-06-03,1.0693
2009-06-04,1.0845
2009-06-07,1.091
2009-06-08,1.0792
2009-06-09,1.0805
2009-06-10,1.0702
2009-06-11,1.0803
2009-06-14,1.0927
2009-06-15,1.0889
2009-06-16,1.0801
2009-06-17,1.0856
2009-06-18,1.0823
2009-06-21,1.0862
2009-06-22,1.067
2009-06-23,1.0973
2009-06-24,1.0942
2009-06-25,1.0829
2009-06-28,1.0827
2009-06-29,1.0858
2009-06-30,1.075
2009-07-01,1.0873
2009-07-02,1.0902
2009-07-05,1.0848
2009-07-06,1.089
2009-07-07,1.0902
2009-07-08,1.0782
2009-07-09,1.086
2009-07-12,1.082
2009-07-13,1.0887
2009-07-14,1.0747
2009-07-15,1.0736
2009-07-16,1.0776
2009-07-19,1.069
2009-07-20,1.068
2009-07-21,1.0668
2009-07-22,1.0736
2009-07-23,1.0717
2009-07-26,1.0699
2009-07-27,1.0766
2009-07-28,1.0896
2009-07-29,1.0868
2009-07-30,1.0681
2009-08-02,1.0595
2009-08-03,1.0591
2009-08-04,1.0612
2009-08-05,1.0636
2009-08-06,1.0813
2009-08-09,1.0855
2009-08-10,1.0817
2009-08-11,1.0756
2009-08-12,1.0706
2009-08-13,1.0715
2009-08-16,1.0762
2009-08-17,1.0733
2009-08-18,1.0642
2009-08-19,1.0626
2009-08-20,1.0579
2009-08-23,1.0618
2009-08-24,1.0621
2009-08-25,1.0687
2009-08-26,1.057
2009-08-27,1.0597
2009-08-30,1.0581
2009-08-31,1.0661
2009-09-01,1.0602
2009-09-02,1.062
2009-09-03,1.0602
2009-09-06,1.0599
2009-09-07,1.0456
2009-09-08,1.0415
2009-09-09,1.0384
2009-09-10,1.0369
2009-09-13,1.0323
2009-09-14,1.0337
2009-09-15,1.032
2009-09-16,1.0288
2009-09-17,1.0278
2009-09-20,1.0318
2009-09-21,1.022
2009-09-22,1.0268
2009-09-23,1.0296
2009-09-24,1.0251
2009-09-27,1.0324
2009-09-28,1.0354
2009-09-29,1.0346
2009-09-30,1.0423
2009-10-01,1.0344
2009-10-04,1.0312
2009-10-05,1.0268
2009-10-06,1.0314
2009-10-07,1.0274
2009-10-08,1.0316
2009-10-11,1.0256
2009-10-12,1.022
2009-10-13,1.0142
2009-10-14,1.0138
2009-10-15,1.018
2009-10-18,1.0114
2009-10-19,1.0122
2009-10-20,1.0062
2009-10-21,1.004
2009-10-22,1.0083
2009-10-26,1.0188
2009-10-27,1.0208
2009-10-28,1.0262
2009-10-29,1.0181
2009-10-30,1.0265
2009-11-02,1.0219
2009-11-03,1.0255
2009-11-04,1.0155
2009-11-05,1.0159
2009-11-06,1.017
2009-11-09,1.0072
2009-11-10,1.0073
2009-11-11,1.0079
2009-11-12,1.0165
2009-11-13,1.0124
2009-11-16,1.007
2009-11-17,1.0158
2009-11-18,1.0101
2009-11-19,1.0133
2009-11-20,1.0166
2009-11-23,1.0098
2009-11-24,1.0084
2009-11-25,0.997
2009-11-26,1.0049
2009-11-27,1.0053
2009-11-30,1.0031
2009-12-01,0.9988
2009-12-02,1.0005
2009-12-03,0.9999
2009-12-04,1.0164
2009-12-07,1.0184
2009-12-08,1.0278
2009-12-09,1.0258
2009-12-10,1.0258
2009-12-11,1.0351
2009-12-14,1.0314
2009-12-15,1.0399
2009-12-16,1.039
2009-12-17,1.0464
2009-12-18,1.0429
2009-12-21,1.0454
2009-12-22,1.0481
2009-12-23,1.039
2009-12-24,1.0369
2009-12-25,1.0342
2009-12-28,1.0354
2009-12-29,1.0375
2009-12-30,1.0361
2009-12-31,1.0342
2010-01-01,1.0339
2010-01-04,1.0291
2010-01-05,1.0337
2010-01-06,1.0276
2010-01-07,1.0336
2010-01-08,1.0236
2010-01-11,1.0167
2010-01-12,1.0188
2010-01-13,1.0176
2010-01-14,1.0186
2010-01-15,1.0249
2010-01-18,1.0236
2010-01-19,1.0326
2010-01-20,1.0436
2010-01-21,1.0416
2010-01-22,1.0418
2010-01-25,1.04
2010-01-26,1.0459
2010-01-27,1.0497
2010-01-28,1.0518
2010-01-29,1.0608
2010-02-01,1.0564
2010-02-02,1.0547
2010-02-03,1.0581
2010-02-04,1.0656
2010-02-05,1.0722
2010-02-08,1.0728
2010-02-09,1.0652
2010-02-10,1.0664
2010-02-11,1.0707
2010-02-12,1.0751
2010-02-15,1.077
2010-02-16,1.0658
2010-02-17,1.0776
2010-02-18,1.0877
2010-02-19,1.0758
2010-02-22,1.0755
2010-02-23,1.0822
2010-02-24,1.0808
2010-02-25,1.0811
2010-02-26,1.0733
2010-03-01,1.079
2010-03-02,1.0741
2010-03-03,1.0675
2010-03-04,1.077
2010-03-05,1.0751
2010-03-08,1.074
2010-03-09,1.0743
2010-03-10,1.0705
2010-03-11,1.0682
2010-03-12,1.0567
2010-03-15,1.0615
2010-03-16,1.0551
2010-03-17,1.0542
2010-03-18,1.057
2010-03-19,1.0604
2010-03-22,1.0576
2010-03-23,1.0571
2010-03-24,1.0717
2010-03-25,1.0716
2010-03-26,1.0647
2010-03-28,1.0624
2010-03-29,1.0658
2010-03-30,1.0537
2010-03-31,1.0545
2010-04-01,1.061
2010-04-04,1.0622
2010-04-05,1.0686
2010-04-06,1.0733
2010-04-07,1.0732
2010-04-08,1.0662
2010-04-11,1.0594
2010-04-12,1.0544
2010-04-13,1.0514
2010-04-14,1.0564
2010-04-15,1.0613
2010-04-18,1.0629
2010-04-19,1.0683
2010-04-20,1.07
2010-04-21,1.0798
2010-04-22,1.0719
2010-04-25,1.0711
2010-04-26,1.0877
2010-04-27,1.0848
2010-04-28,1.0817
2010-04-29,1.0756
2010-05-02,1.0854
2010-05-03,1.1048
2010-05-04,1.1178
2010-05-05,1.1137
2010-05-06,1.11
2010-05-09,1.1095
2010-05-10,1.1116
2010-05-11,1.1101
2010-05-12,1.1172
2010-05-13,1.1332
2010-05-16,1.1317
2010-05-17,1.1498
2010-05-18,1.1523
2010-05-19,1.15
2010-05-20,1.1479
2010-05-23,1.1592
2010-05-24,1.1572
2010-05-25,1.1599
2010-05-26,1.153
2010-05-27,1.1591
2010-05-30,1.1563
2010-05-31,1.1555
2010-06-01,1.1552
2010-06-02,1.1561
2010-06-03,1.1621
2010-06-06,1.1627
2010-06-07,1.1524
2010-06-08,1.1479
2010-06-09,1.1433
2010-06-10,1.1489
2010-06-13,1.1428
2010-06-14,1.1338
2010-06-15,1.1306
2010-06-16,1.1115
2010-06-17,1.108
2010-06-20,1.1105
2010-06-21,1.1074
2010-06-22,1.1045
2010-06-23,1.1016
2010-06-24,1.0924
2010-06-27,1.0871
2010-06-28,1.082
2010-06-29,1.0778
2010-06-30,1.0608
2010-07-01,1.0618
2010-07-04,1.0638
2010-07-05,1.0597
2010-07-06,1.052
2010-07-07,1.0496
2010-07-08,1.0579
2010-07-11,1.0611
2010-07-12,1.0545
2010-07-13,1.052
2010-07-14,1.042
2010-07-15,1.0503
2010-07-18,1.055
2010-07-19,1.0516
2010-07-20,1.0501
2010-07-21,1.0423
2010-07-22,1.0531
2010-07-25,1.0485
2010-07-26,1.0607
2010-07-27,1.0568
2010-07-28,1.0401
2010-07-29,1.0408
2010-08-01,1.0392
2010-08-02,1.0394
2010-08-03,1.0394
2010-08-04,1.0534
2010-08-05,1.046
2010-08-08,1.0379
2010-08-09,1.0482
2010-08-10,1.0477
2010-08-11,1.0598
2010-08-12,1.0498
2010-08-15,1.0503
2010-08-16,1.0394
2010-08-17,1.0436
2010-08-18,1.0423
2010-08-19,1.0325
2010-08-22,1.0352
2010-08-23,1.0413
2010-08-24,1.0317
2010-08-25,1.0293
2010-08-26,1.0244
2010-08-29,1.0286
2010-08-30,1.0251
2010-08-31,1.0143
2010-09-01,1.015
2010-09-02,1.0128
2010-09-05,1.0163
2010-09-06,1.0103
2010-09-07,1.011
2010-09-08,1.011
2010-09-09,1.0152
2010-09-12,1.0196
2010-09-13,1.0079
2010-09-14,0.9954
2010-09-15,1.0021
2010-09-16,1.0154
2010-09-19,1.0094
2010-09-20,1.0047
2010-09-21,0.9972
2010-09-22,0.9866
2010-09-23,0.9853
2010-09-26,0.9846
2010-09-27,0.9856
2010-09-28,0.9763
2010-09-29,0.9767
2010-09-30,0.9839
2010-10-03,0.976
2010-10-04,0.9716
2010-10-05,0.966
2010-10-06,0.9621
2010-10-07,0.9656
2010-10-10,0.9616
2010-10-11,0.9642
2010-10-12,0.9572
2010-10-13,0.9578
2010-10-14,0.953
2010-10-17,0.9584
2010-10-18,0.9589
2010-10-19,0.9707
2010-10-20,0.9618
2010-10-21,0.9677
2010-10-24,0.9775
2010-10-25,0.972
2010-10-26,0.984
2010-10-27,0.9898
2010-10-28,0.9898
2010-11-01,0.9821
2010-11-02,0.9919
2010-11-03,0.9794
2010-11-04,0.972
2010-11-05,0.9579
2010-11-08,0.9604
2010-11-09,0.9673
2010-11-10,0.9683
2010-11-11,0.9705
2010-11-12,0.9763
2010-11-15,0.9791
2010-11-16,0.9851
2010-11-17,0.9963
2010-11-18,0.9907
2010-11-19,0.9954
2010-11-22,0.9922
2010-11-23,0.9878
2010-11-24,0.9966
2010-11-25,0.9944
2010-11-26,1.0
2010-11-29,1.0028
2010-11-30,1.0011
2010-12-01,1.0026
2010-12-02,1.0029
2010-12-03,0.9927
2010-12-06,0.9748
2010-12-07,0.9821
2010-12-08,0.9879
2010-12-09,0.9862
2010-12-10,0.983
2010-12-13,0.9818
2010-12-14,0.9679
2010-12-15,0.961
2010-12-16,0.9672
2010-12-17,0.9645
2010-12-20,0.9698
2010-12-21,0.9648
2010-12-22,0.9578
2010-12-23,0.9514
2010-12-24,0.9575
2010-12-27,0.9634
2010-12-28,0.9586
2010-12-29,0.9519
2010-12-30,0.9446
2010-12-31,0.9345
2011-01-03,0.932
2011-01-04,0.9342
2011-01-05,0.9472
2011-01-06,0.9658
2011-01-07,0.9659
2011-01-10,0.9666
2011-01-11,0.9659
2011-01-12,0.9735
2011-01-13,0.9671
2011-01-14,0.9639
2011-01-17,0.9637
2011-01-18,0.9646
2011-01-19,0.9638
2011-01-20,0.9558
2011-01-21,0.9668
2011-01-24,0.9582
2011-01-25,0.9492
2011-01-26,0.9421
2011-01-27,0.9426
2011-01-28,0.946
2011-01-31,0.9418
2011-02-01,0.9432
2011-02-02,0.9352
2011-02-03,0.9396
2011-02-04,0.9463
2011-02-07,0.9544
2011-02-08,0.9548
2011-02-09,0.9633
2011-02-10,0.9582
2011-02-11,0.9686
2011-02-14,0.9737
2011-02-15,0.9705
2011-02-16,0.9659
2011-02-17,0.9591
2011-02-18,0.9494
2011-02-21,0.9439
2011-02-22,0.9459
2011-02-23,0.9375
2011-02-24,0.9319
2011-02-25,0.9248
2011-02-28,0.928
2011-03-01,0.9288
2011-03-02,0.9283
2011-03-03,0.9234
2011-03-04,0.9319
2011-03-07,0.9261
2011-03-08,0.9264
2011-03-09,0.935
2011-03-10,0.9298
2011-03-11,0.9316
2011-03-14,0.9283
2011-03-15,0.9247
2011-03-16,0.9179
2011-03-17,0.9039
2011-03-18,0.8993
2011-03-21,0.9036
2011-03-22,0.905
2011-03-23,0.904
2011-03-24,0.9079
2011-03-25,0.9083
2011-03-27,0.9219
2011-03-28,0.9167
2011-03-29,0.9206
2011-03-30,0.9186
2011-03-31,0.9194
2011-04-03,0.9254
2011-04-04,0.9229
2011-04-05,0.9256
2011-04-06,0.9178
2011-04-07,0.9161
2011-04-10,0.9088
2011-04-11,0.9065
2011-04-12,0.8968
2011-04-13,0.8959
2011-04-17,0.8926
2011-04-18,0.8959
2011-04-19,0.8991
2011-04-20,0.8886
2011-04-21,0.8861
2011-04-24,0.8857
2011-04-25,0.8809
2011-04-26,0.8702
2011-04-27,0.875
2011-04-28,0.8729
2011-05-01,0.8653
2011-05-02,0.8647
2011-05-03,0.861
2011-05-04,0.861
2011-05-05,0.8699
2011-05-08,0.8783
2011-05-09,0.8712
2011-05-10,0.8801
2011-05-11,0.886
2011-05-12,0.8842
2011-05-15,0.8931
2011-05-16,0.8844
2011-05-17,0.8789
2011-05-18,0.8809
2011-05-19,0.8812
2011-05-22,0.8781
2011-05-23,0.8841
2011-05-24,0.8799
2011-05-25,0.8723
2011-05-26,0.8654
2011-05-29,0.8503
2011-05-30,0.8507
2011-05-31,0.8529
2011-06-01,0.8417
2011-06-02,0.8429
2011-06-05,0.8341
2011-06-06,0.835
2011-06-07,0.8366
2011-06-08,0.8356
2011-06-09,0.8411
2011-06-12,0.8423
2011-06-13,0.8368
2011-06-14,0.8445
2011-06-15,0.8524
2011-06-16,0.8484
2011-06-19,0.849
2011-06-20,0.8449
2011-06-21,0.8421
2011-06-22,0.8409
2011-06-23,0.8377
2011-06-26,0.8346
2011-06-27,0.834
2011-06-28,0.8326
2011-06-29,0.8331
2011-06-30,0.8411
2011-07-03,0.8476
2011-07-04,0.8472
2011-07-05,0.8406
2011-07-06,0.8393
2011-07-07,0.8447
2011-07-10,0.8368
2011-07-11,0.8357
2011-07-12,0.8314
2011-07-13,0.8109
2011-07-14,0.8152
2011-07-17,0.8108
2011-07-18,0.8174
2011-07-19,0.8241
2011-07-20,0.8229
2011-07-21,0.8173
2011-07-24,0.8135
2011-07-25,0.8067
2011-07-26,0.8015
2011-07-27,0.8014
2011-07-28,0.8012
2011-07-31,0.7908
2011-08-01,0.7848
2011-08-02,0.7651
2011-08-03,0.7705
2011-08-04,0.7659
2011-08-07,0.7614
2011-08-08,0.7539
2011-08-09,0.7228
2011-08-10,0.7262
2011-08-11,0.7618
2011-08-14,0.7827
2011-08-15,0.7842
2011-08-16,0.7956
2011-08-17,0.7894
2011-08-18,0.7941
2011-08-21,0.7876
2011-08-22,0.7895
2011-08-23,0.7929
2011-08-24,0.7952
2011-08-25,0.794
2011-08-28,0.808
2011-08-29,0.8167
2011-08-30,0.8191
2011-08-31,0.8067
2011-09-01,0.795
2011-09-04,0.7902
2011-09-05,0.7855
2011-09-06,0.8615
2011-09-07,0.8586
2011-09-08,0.8743
2011-09-11,0.8868
2011-09-12,0.8816
2011-09-13,0.8799
2011-09-14,0.8761
2011-09-15,0.8708
2011-09-18,0.88
2011-09-19,0.886
2011-09-20,0.8874
2011-09-21,0.8994
2011-09-22,0.9075
2011-09-25,0.9035
2011-09-26,0.902
2011-09-27,0.8965
2011-09-28,0.9012
2011-09-29,0.8976
2011-10-02,0.9094
2011-10-03,0.9201
2011-10-04,0.919
2011-10-05,0.9237
2011-10-06,0.9198
2011-10-09,0.9263
2011-10-10,0.9042
2011-10-11,0.9084
2011-10-12,0.8947
2011-10-13,0.8996
2011-10-16,0.8916
2011-10-17,0.8981
2011-10-18,0.8994
2011-10-19,0.9029
2011-10-20,0.8938
2011-10-23,0.8837
2011-10-24,0.8805
2011-10-25,0.8784
2011-10-26,0.8816
2011-10-27,0.8604
2011-10-31,0.8623
2011-11-01,0.8772
2011-11-02,0.8893
2011-11-03,0.8863
2011-11-04,0.8778
2011-11-07,0.8911
2011-11-08,0.9012
2011-11-09,0.8947
2011-11-10,0.9107
2011-11-11,0.9058
2011-11-14,0.8992
2011-11-15,0.9084
2011-11-16,0.9177
2011-11-17,0.9215
2011-11-18,0.9219
2011-11-21,0.9161
2011-11-22,0.9176
2011-11-23,0.9133
2011-11-24,0.9196
2011-11-25,0.9205
2011-11-28,0.9277
2011-11-29,0.9227
2011-11-30,0.9212
2011-12-01,0.9137
2011-12-02,0.9155
2011-12-05,0.9201
2011-12-06,0.9216
2011-12-07,0.9251
2011-12-08,0.9242
2011-12-09,0.9256
2011-12-12,0.9255
2011-12-13,0.9386
2011-12-14,0.9462
2011-12-15,0.9538
2011-12-16,0.9397
2011-12-19,0.9363
2011-12-20,0.9367
2011-12-21,0.9313
2011-12-22,0.9363
2011-12-23,0.9354
2011-12-26,0.9365
2011-12-27,0.9366
2011-12-28,0.9342
2011-12-29,0.9434
2011-12-30,0.9402
2012-01-02,0.9381
2012-01-03,0.9394
2012-01-04,0.9319
2012-01-05,0.9421
2012-01-06,0.9521
2012-01-09,0.9585
2012-01-10,0.9479
2012-01-11,0.9507
2012-01-12,0.9532
2012-01-13,0.9438
2012-01-16,0.9544
2012-01-17,0.9554
2012-01-18,0.949
2012-01-19,0.9388
2012-01-20,0.9322
2012-01-23,0.937
2012-01-24,0.9275
2012-01-25,0.9275
2012-01-26,0.9217
2012-01-30,0.9131
2012-02-01,0.9204
2012-02-02,0.9144
2012-02-03,0.9173
2012-02-06,0.9191
2012-02-07,0.9194
2012-02-08,0.9122
2012-02-09,0.9133
2012-02-10,0.9121
2012-02-13,0.9138
2012-02-14,0.9186
2012-02-15,0.9195
2012-02-16,0.9243
2012-02-17,0.9191
2012-02-20,0.9145
2012-02-21,0.9136
2012-02-22,0.9116
2012-02-23,0.9106
2012-02-24,0.9008
2012-02-27,0.8942
2012-02-28,0.8985
2012-02-29,0.8941
2012-03-01,0.9045
2012-03-02,0.9055
2012-03-05,0.9147
2012-03-06,0.9117
2012-03-07,0.9185
2012-03-08,0.917
2012-03-09,0.9081
2012-03-12,0.9188
2012-03-13,0.9152
2012-03-14,0.9234
2012-03-15,0.9314
2012-03-16,0.9232
2012-03-19,0.9155
2012-03-20,0.9117
2012-03-21,0.9109
2012-03-22,0.9122
2012-03-23,0.9128
2012-03-25,0.9072
2012-03-26,0.9029
2012-03-27,0.9045
2012-03-28,0.9044
2012-03-29,0.9054
2012-04-01,0.9012
2012-04-02,0.9028
2012-04-03,0.9109
2012-04-04,0.9155
2012-04-05,0.9199
2012-04-08,0.9185
2012-04-09,0.917
2012-04-10,0.9188
2012-04-11,0.9171
2012-04-12,0.9111
2012-04-15,0.9216
2012-04-16,0.9156
2012-04-17,0.9147
2012-04-18,0.9161
2012-04-19,0.9145
2012-04-22,0.9097
2012-04-23,0.9136
2012-04-24,0.9105
2012-04-25,0.908
2012-04-26,0.9109
2012-04-29,0.9071
2012-04-30,0.9074
2012-05-01,0.9075
2012-05-02,0.9138
2012-05-03,0.9133
2012-05-06,0.9262
2012-05-07,0.9198
2012-05-08,0.9243
2012-05-09,0.9284
2012-05-10,0.9286
2012-05-13,0.9311
2012-05-14,0.9361
2012-05-15,0.943
2012-05-16,0.9433
2012-05-17,0.9457
2012-05-20,0.9404
2012-05-21,0.9373
2012-05-22,0.9485
2012-05-23,0.9563
2012-05-24,0.9586
2012-05-27,0.9562
2012-05-28,0.9597
2012-05-29,0.9626
2012-05-30,0.9707
2012-05-31,0.9716
2012-06-03,0.9686
2012-06-04,0.9594
2012-06-05,0.9637
2012-06-06,0.9551
2012-06-07,0.9556
2012-06-10,0.9497
2012-06-11,0.9625
2012-06-12,0.9606
2012-06-13,0.9551
2012-06-14,0.951
2012-06-17,0.9454
2012-06-18,0.9532
2012-06-19,0.947
2012-06-20,0.9471
2012-06-21,0.9571
2012-06-24,0.9578
2012-06-25,0.9604
2012-06-26,0.9617
2012-06-27,0.963
2012-06-28,0.9652
2012-07-01,0.9496
2012-07-02,0.9547
2012-07-03,0.9529
2012-07-04,0.9595
2012-07-05,0.9694
2012-07-08,0.9788
2012-07-09,0.9749
2012-07-10,0.9798
2012-07-11,0.9806
2012-07-12,0.9848
2012-07-15,0.9804
2012-07-16,0.9789
2012-07-17,0.9769
2012-07-18,0.9781
2012-07-19,0.9781
2012-07-22,0.9903
2012-07-23,0.9904
2012-07-24,0.9956
2012-07-25,0.9891
2012-07-26,0.978
2012-07-29,0.9761
2012-07-30,0.9796
2012-07-31,0.977
2012-08-01,0.9812
2012-08-02,0.9862
2012-08-05,0.9668
2012-08-06,0.9694
2012-08-07,0.9698
2012-08-08,0.9708
2012-08-09,0.9769
2012-08-12,0.9782
2012-08-13,0.9742
2012-08-14,0.9746
2012-08-15,0.9772
2012-08-16,0.9719
2012-08-19,0.9739
2012-08-20,0.9722
2012-08-21,0.9625
2012-08-22,0.9581
2012-08-23,0.9561
2012-08-26,0.9604
2012-08-27,0.9606
2012-08-28,0.9553
2012-08-29,0.9583
2012-08-30,0.9598
2012-09-02,0.9548
2012-09-03,0.9539
2012-09-04,0.9581
2012-09-05,0.9554
2012-09-06,0.9537
2012-09-09,0.9454
2012-09-10,0.9463
2012-09-11,0.939
2012-09-12,0.9371
2012-09-13,0.9348
2012-09-16,0.9263
2012-09-17,0.9272
2012-09-18,0.9281
2012-09-19,0.9263
2012-09-20,0.9323
2012-09-23,0.9331
2012-09-24,0.9346
2012-09-25,0.9377
2012-09-26,0.939
2012-09-27,0.9372
2012-09-30,0.9435
2012-10-01,0.9384
2012-10-02,0.9369
2012-10-03,0.9369
2012-10-04,0.9309
2012-10-07,0.931
2012-10-08,0.9327
2012-10-09,0.9415
2012-10-10,0.9401
2012-10-11,0.935
2012-10-14,0.9347
2012-10-15,0.9318
2012-10-16,0.9227
2012-10-17,0.9223
2012-10-18,0.9246
2012-10-21,0.9279
2012-10-22,0.9262
2012-10-23,0.9329
2012-10-24,0.9328
2012-10-25,0.935
2012-10-29,0.9358
2012-10-30,0.9362
2012-10-31,0.9323
2012-11-01,0.9313
2012-11-02,0.9316
2012-11-05,0.9409
2012-11-06,0.943
2012-11-07,0.9431
2012-11-08,0.9455
2012-11-09,0.9461
2012-11-12,0.9477
2012-11-13,0.9483
2012-11-14,0.947
2012-11-15,0.9455
2012-11-16,0.9422
2012-11-19,0.9444
2012-11-20,0.9427
2012-11-21,0.9401
2012-11-22,0.9363
2012-11-23,0.9353
2012-11-26,0.9284
2012-11-27,0.9269
2012-11-28,0.9306
2012-11-29,0.9291
2012-11-30,0.9278
2012-12-03,0.9272
2012-12-05,0.9264
2012-12-06,0.9264
2012-12-07,0.9327
2012-12-10,0.9359
2012-12-11,0.9335
2012-12-12,0.9314
2012-12-13,0.9266
2012-12-14,0.9236
2012-12-17,0.9181
2012-12-18,0.9178
2012-12-19,0.9129
2012-12-20,0.9136
2012-12-21,0.9119
2012-12-24,0.916
2012-12-25,0.916
2012-12-26,0.916
2012-12-27,0.9131
2012-12-28,0.9124
2012-12-31,0.9126
2013-01-01,0.9146
2013-01-02,0.9155
2013-01-03,0.9178
2013-01-04,0.928
2013-01-07,0.9245
2013-01-08,0.9209
2013-01-09,0.9238
2013-01-10,0.9258
2013-01-11,0.914
2013-01-14,0.9139
2013-01-15,0.9223
2013-01-16,0.9317
2013-01-17,0.9308
2013-01-18,0.9331
2013-01-21,0.934
2013-01-22,0.9343
2013-01-23,0.9292
2013-01-24,0.9296
2013-01-25,0.9294
2013-01-28,0.9269
2013-01-29,0.9261
2013-01-30,0.9222
2013-01-31,0.911
2013-02-01,0.9094
2013-02-04,0.9082
2013-02-05,0.9088
2013-02-06,0.9078
2013-02-07,0.9099
2013-02-08,0.9184
2013-02-11,0.9172
2013-02-12,0.9206
2013-02-13,0.9166
2013-02-14,0.9174
2013-02-15,0.9221
2013-02-18,0.9231
2013-02-19,0.9232
2013-02-20,0.922
2013-02-21,0.9279
2013-02-22,0.9307
2013-02-25,0.9304
2013-02-26,0.9314
2013-02-27,0.9316
2013-02-28,0.9285
2013-03-01,0.9371
2013-03-04,0.942
2013-03-05,0.9403
2013-03-06,0.9412
2013-03-07,0.9485
2013-03-08,0.9422
2013-03-11,0.9523
2013-03-12,0.9482
2013-03-13,0.9472
2013-03-14,0.9526
2013-03-15,0.9469
2013-03-18,0.9454
2013-03-19,0.9472
2013-03-20,0.9476
2013-03-21,0.9446
2013-03-22,0.9462
2013-03-25,0.9385
2013-03-26,0.9483
2013-03-27,0.9481
2013-03-28,0.9539
2013-03-29,0.9492
2013-03-31,0.9501
2013-04-01,0.9463
2013-04-02,0.9486
2013-04-03,0.9448
2013-04-04,0.9406
2013-04-07,0.9339
2013-04-08,0.9343
2013-04-09,0.9323
2013-04-10,0.9333
2013-04-11,0.9301
2013-04-14,0.9283
2013-04-15,0.93
2013-04-16,0.9222
2013-04-17,0.9325
2013-04-18,0.9323
2013-04-21,0.9333
2013-04-22,0.9344
2013-04-23,0.9456
2013-04-24,0.9474
2013-04-25,0.9451
2013-04-28,0.942
2013-04-29,0.9371
2013-04-30,0.9293
2013-05-01,0.9268
2013-05-02,0.9347
2013-05-05,0.9352
2013-05-06,0.9385
2013-05-07,0.9408
2013-05-08,0.935
2013-05-09,0.9494
2013-05-12,0.9587
2013-05-13,0.9562
2013-05-14,0.9652
2013-05-15,0.9653
2013-05-16,0.9646
2013-05-19,0.9703
2013-05-20,0.9667
2013-05-21,0.9691
2013-05-22,0.9803
2013-05-23,0.97
2013-05-26,0.9616
2013-05-27,0.9628
2013-05-28,0.9769
2013-05-29,0.9612
2013-05-30,0.9537
2013-06-02,0.957
2013-06-03,0.9475
2013-06-04,0.9483
2013-06-05,0.9418
2013-06-06,0.9295
2013-06-09,0.9371
2013-06-10,0.9337
2013-06-11,0.9243
2013-06-12,0.9206
2013-06-13,0.9224
2013-06-16,0.9217
2013-06-17,0.9223
2013-06-18,0.9203
2013-06-19,0.9287
2013-06-20,0.9261
2013-06-23,0.9364
2013-06-24,0.9324
2013-06-25,0.9386
2013-06-26,0.9421
2013-06-27,0.9449
2013-06-30,0.9451
2013-07-01,0.945
2013-07-02,0.9506
2013-07-03,0.9466
2013-07-04,0.9565
2013-07-07,0.9653
2013-07-08,0.9637
2013-07-09,0.9731
2013-07-10,0.9423
2013-07-11,0.9473
2013-07-14,0.9466
2013-07-15,0.9483
2013-07-16,0.9402
2013-07-17,0.9414
2013-07-18,0.9444
2013-07-21,0.9394
2013-07-22,0.936
2013-07-23,0.9348
2013-07-24,0.938
2013-07-25,0.9299
2013-07-28,0.928
2013-07-29,0.9309
2013-07-30,0.9296
2013-07-31,0.926
2013-08-01,0.9364
2013-08-04,0.9292
2013-08-05,0.9275
2013-08-06,0.925
2013-08-07,0.9214
2013-08-08,0.92
2013-08-11,0.922
2013-08-12,0.9264
2013-08-13,0.9326
2013-08-14,0.9338
2013-08-15,0.9253
2013-08-18,0.9271
2013-08-19,0.9242
2013-08-20,0.9168
2013-08-21,0.9233
2013-08-22,0.9236
2013-08-25,0.921
2013-08-26,0.9219
2013-08-27,0.9171
2013-08-28,0.9226
2013-08-29,0.9313
2013-09-01,0.9322
2013-09-02,0.9347
2013-09-03,0.9362
2013-09-04,0.9357
2013-09-05,0.945
2013-09-08,0.9387
2013-09-09,0.9326
2013-09-10,0.9349
2013-09-11,0.93
2013-09-12,0.9308
2013-09-15,0.9251
2013-09-16,0.9268
2013-09-17,0.926
2013-09-18,0.9124
2013-09-19,0.9104
2013-09-22,0.9105
2013-09-23,0.9104
2013-09-24,0.9134
2013-09-25,0.9099
2013-09-26,0.9101
2013-09-29,0.9052
2013-09-30,0.9053
2013-10-01,0.9065
2013-10-02,0.9021
2013-10-03,0.8988
2013-10-06,0.9053
2013-10-08,0.902
2013-10-09,0.9105
2013-10-10,0.9108
2013-10-13,0.9099
2013-10-14,0.9112
2013-10-15,0.9133
2013-10-16,0.9142
2013-10-17,0.9031
2013-10-20,0.9021
2013-10-21,0.9023
2013-10-22,0.895
2013-10-23,0.8923
2013-10-24,0.8922
2013-10-28,0.8925
2013-10-29,0.8956
2013-10-30,0.8995
2013-10-31,0.9003
2013-11-01,0.9075
2013-11-04,0.9124
2013-11-05,0.9097
2013-11-06,0.9135
2013-11-07,0.9118
2013-11-08,0.9166
2013-11-11,0.9229
2013-11-12,0.9194
2013-11-13,0.9172
2013-11-14,0.9135
2013-11-15,0.9178
2013-11-18,0.9154
2013-11-19,0.9128
2013-11-20,0.9087
2013-11-21,0.9169
2013-11-22,0.914
2013-11-25,0.9069
2013-11-26,0.9108
2013-11-27,0.9068
2013-11-28,0.9083
2013-11-29,0.9059
2013-12-02,0.9064
2013-12-03,0.9087
2013-12-04,0.9042
2013-12-05,0.9024
2013-12-06,0.8966
2013-12-09,0.8922
2013-12-10,0.89
2013-12-11,0.887
2013-12-12,0.8867
2013-12-13,0.8893
2013-12-16,0.8896
2013-12-17,0.8871
2013-12-18,0.8848
2013-12-19,0.8943
2013-12-20,0.8983
2013-12-23,0.8953
2013-12-24,0.8935
2013-12-25,0.8955
2013-12-26,0.8963
2013-12-27,0.8961
2013-12-30,0.8914
2013-12-31,0.8872
2014-01-01,0.8927
2014-01-02,0.8915
2014-01-03,0.8991
2014-01-06,0.905
2014-01-07,0.9038
2014-01-08,0.9093
2014-01-09,0.9115
2014-01-10,0.9068
2014-01-13,0.902
2014-01-14,0.8992
2014-01-15,0.903
2014-01-16,0.9092
2014-01-17,0.9048
2014-01-20,0.9114
2014-01-21,0.9109
2014-01-22,0.9103
2014-01-23,0.9122
2014-01-24,0.898
2014-01-27,0.8938
2014-01-28,0.8964
2014-01-29,0.8996
2014-01-30,0.895
2014-01-31,0.9025
2014-02-03,0.9065
2014-02-04,0.9014
2014-02-05,0.9039
2014-02-06,0.9039
2014-02-07,0.9007
2014-02-10,0.8988
2014-02-11,0.8966
2014-02-12,0.8982
2014-02-13,0.9007
2014-02-14,0.8934
2014-02-17,0.8917
2014-02-18,0.8917
2014-02-19,0.8878
2014-02-20,0.8888
2014-02-21,0.8893
2014-02-24,0.8873
2014-02-25,0.8887
2014-02-26,0.887
2014-02-27,0.8906
2014-02-28,0.8883
2014-03-03,0.8796
2014-03-04,0.8828
2014-03-05,0.8873
2014-03-06,0.8873
2014-03-07,0.8802
2014-03-10,0.8776
2014-03-11,0.8776
2014-03-12,0.8774
2014-03-13,0.8741
2014-03-14,0.8748
2014-03-17,0.8723
2014-03-18,0.8733
2014-03-19,0.8732
2014-03-20,0.8817
2014-03-21,0.8832
2014-03-24,0.8821
2014-03-25,0.8806
2014-03-26,0.8831
2014-03-27,0.8852
2014-03-28,0.8866
2014-03-30,0.8868
2014-03-31,0.8842
2014-04-01,0.8832
2014-04-02,0.8865
2014-04-03,0.8907
2014-04-06,0.8916
2014-04-07,0.8876
2014-04-08,0.8838
2014-04-09,0.8799
2014-04-10,0.876
2014-04-13,0.8769
2014-04-14,0.8802
2014-04-15,0.8803
2014-04-16,0.8814
2014-04-17,0.8829
2014-04-20,0.8831
2014-04-21,0.8852
2014-04-22,0.8848
2014-04-23,0.8835
2014-04-24,0.8816
2014-04-27,0.8807
2014-04-28,0.8802
2014-04-29,0.8832
2014-04-30,0.88
2014-05-01,0.8791
2014-05-04,0.8776
2014-05-05,0.8777
2014-05-06,0.8741
2014-05-07,0.8761
2014-05-08,0.8798
2014-05-11,0.8866
2014-05-12,0.8877
2014-05-13,0.8896
2014-05-14,0.8894
2014-05-15,0.8905
2014-05-18,0.892
2014-05-19,0.892
2014-05-20,0.8916
2014-05-21,0.8933
2014-05-22,0.8944
2014-05-25,0.8956
2014-05-26,0.8947
2014-05-27,0.8964
2014-05-28,0.8981
2014-05-29,0.8979
2014-06-01,0.8955
2014-06-02,0.8985
2014-06-03,0.8967
2014-06-04,0.8968
2014-06-05,0.8917
2014-06-08,0.8932
2014-06-09,0.897
2014-06-10,0.8995
2014-06-11,0.8995
2014-06-12,0.898
2014-06-15,0.9002
2014-06-16,0.897
2014-06-17,0.8991
2014-06-18,0.8961
2014-06-19,0.8938
2014-06-22,0.8955
2014-06-23,0.8944
2014-06-24,0.8938
2014-06-25,0.8927
2014-06-26,0.8934
2014-06-29,0.891
2014-06-30,0.8867
2014-07-01,0.8875
2014-07-02,0.8892
2014-07-03,0.8933
2014-07-06,0.8948
2014-07-07,0.8932
2014-07-08,0.8925
2014-07-09,0.8907
2014-07-10,0.8926
2014-07-13,0.8925
2014-07-14,0.8916
2014-07-15,0.8954
2014-07-16,0.898
2014-07-17,0.8978
2014-07-20,0.8979
2014-07-21,0.8979
2014-07-22,0.9021
2014-07-23,0.9021
2014-07-24,0.9025
2014-07-27,0.9047
2014-07-28,0.904
2014-07-29,0.9068
2014-07-30,0.9087
2014-07-31,0.9085
2014-08-03,0.9061
2014-08-04,0.9066
2014-08-05,0.9092
2014-08-06,0.9077
2014-08-07,0.9089
2014-08-10,0.9058
2014-08-11,0.9067
2014-08-12,0.9076
2014-08-13,0.9073
2014-08-14,0.9067
2014-08-17,0.9034
2014-08-18,0.9067
2014-08-19,0.9092
2014-08-20,0.9135
2014-08-21,0.9116
2014-08-24,0.9166
2014-08-25,0.916
2014-08-26,0.9176
2014-08-27,0.915
2014-08-28,0.915
2014-08-31,0.9189
2014-09-01,0.9193
2014-09-02,0.9194
2014-09-03,0.9178
2014-09-04,0.9328
2014-09-07,0.9311
2014-09-08,0.9361
2014-09-09,0.9323
2014-09-10,0.9368
2014-09-11,0.936
2014-09-14,0.9337
2014-09-15,0.9355
2014-09-16,0.9327
2014-09-17,0.9423
2014-09-18,0.9344
2014-09-21,0.9402
2014-09-22,0.9397
2014-09-23,0.9394
2014-09-24,0.9459
2014-09-25,0.9466
2014-09-28,0.952
2014-09-29,0.9509
2014-09-30,0.955
2014-10-01,0.9561
2014-10-02,0.9539
2014-10-05,0.9678
2014-10-06,0.959
2014-10-07,0.957
2014-10-08,0.9514
2014-10-09,0.9542
2014-10-12,0.9562
2014-10-13,0.9499
2014-10-14,0.955
2014-10-15,0.9414
2014-10-16,0.9427
2014-10-19,0.9469
2014-10-20,0.9431
2014-10-21,0.9492
2014-10-22,0.9541
2014-10-23,0.9538
2014-10-27,0.9517
2014-10-28,0.9492
2014-10-29,0.9466
2014-10-30,0.9548
2014-10-31,0.9561
2014-11-03,0.9644
2014-11-04,0.9647
2014-11-05,0.9593
2014-11-06,0.9645
2014-11-07,0.9728
2014-11-10,0.9653
2014-11-11,0.9676
2014-11-12,0.9644
2014-11-13,0.967
2014-11-14,0.9636
2014-11-17,0.9596
2014-11-18,0.9648
2014-11-19,0.9585
2014-11-20,0.958
2014-11-21,0.9583
2014-11-24,0.9716
2014-11-25,0.967
2014-11-26,0.9635
2014-11-27,0.9611
2014-11-28,0.9646
2014-12-01,0.9677
2014-12-02,0.9647
2014-12-03,0.9718
2014-12-04,0.9772
2014-12-05,0.9706
2014-12-08,0.9782
2014-12-09,0.9762
2014-12-10,0.9704
2014-12-11,0.9647
2014-12-12,0.9693
2014-12-15,0.9638
2014-12-16,0.9651
2014-12-17,0.9597
2014-12-18,0.9733
2014-12-19,0.9796
2014-12-22,0.9842
2014-12-23,0.9843
2014-12-24,0.9876
2014-12-25,0.986
2014-12-26,0.9849
2014-12-29,0.9883
2014-12-30,0.9895
2014-12-31,0.9885
2015-01-01,0.9941
2015-01-02,0.9941
2015-01-05,1.0058
2015-01-06,1.0062
2015-01-07,1.0113
2015-01-08,1.0147
2015-01-09,1.0183
2015-01-12,1.0118
2015-01-13,1.0149
2015-01-14,1.0195
2015-01-15,1.0189
2015-01-16,0.8544
2015-01-19,0.8582
2015-01-20,0.8797
2015-01-21,0.8743
2015-01-22,0.8605
2015-01-23,0.8717
2015-01-26,0.8811
2015-01-27,0.9013
2015-01-28,0.8992
2015-01-29,0.907
2015-01-30,0.9225
2015-02-02,0.9213
2015-02-03,0.9271
2015-02-04,0.9247
2015-02-05,0.926
2015-02-06,0.922
2015-02-09,0.9263
2015-02-10,0.9246
2015-02-11,0.9265
2015-02-12,0.9287
2015-02-13,0.9299
2015-02-16,0.9317
2015-02-17,0.9325
2015-02-18,0.9361
2015-02-19,0.9419
2015-02-20,0.9494
2015-02-23,0.9406
2015-02-24,0.9506
2015-02-25,0.9501
2015-02-26,0.9485
2015-02-27,0.9526
2015-03-02,0.9543
2015-03-03,0.9585
2015-03-04,0.9608
2015-03-05,0.9634
2015-03-06,0.9736
2015-03-09,0.9845
2015-03-10,0.9872
2015-03-11,0.9981
2015-03-12,1.0091
2015-03-13,1.0027
2015-03-16,1.0066
2015-03-17,1.0077
2015-03-18,1.0056
2015-03-19,0.9811
2015-03-20,0.9897
2015-03-23,0.9775
2015-03-24,0.966
2015-03-25,0.9596
2015-03-26,0.9604
2015-03-27,0.9632
2015-03-29,0.9612
2015-03-30,0.9674
2015-03-31,0.9722
2015-04-01,0.9662
2015-04-02,0.96
2015-04-05,0.9521
2015-04-06,0.9579
2015-04-07,0.9656
2015-04-08,0.9661
2015-04-09,0.977
2015-04-12,0.9791
2015-04-13,0.9772
2015-04-14,0.9727
2015-04-15,0.9648
2015-04-16,0.9565
2015-04-19,0.9514
2015-04-20,0.9553
2015-04-21,0.9546
2015-04-22,0.9694
2015-04-23,0.9553
2015-04-26,0.9534
2015-04-27,0.9552
2015-04-28,0.9563
2015-04-29,0.9403
2015-04-30,0.9332
2015-05-03,0.9333
2015-05-04,0.9337
2015-05-05,0.9272
2015-05-06,0.9165
2015-05-07,0.9217
2015-05-10,0.9315
2015-05-11,0.9345
2015-05-12,0.9283
2015-05-13,0.917
2015-05-14,0.9126
2015-05-17,0.9153
2015-05-18,0.926
2015-05-19,0.9371
2015-05-20,0.9361
2015-05-21,0.937
2015-05-24,0.9433
2015-05-25,0.9455
2015-05-26,0.9517
2015-05-27,0.9498
2015-05-28,0.943
2015-05-31,0.9413
2015-06-01,0.946
2015-06-02,0.9334
2015-06-03,0.9345
2015-06-04,0.9346
2015-06-07,0.9403
2015-06-08,0.9274
2015-06-09,0.93
2015-06-10,0.9321
2015-06-11,0.9339
2015-06-14,0.9298
2015-06-15,0.9298
2015-06-16,0.9317
2015-06-17,0.9209
2015-06-18,0.9213
2015-06-21,0.9181
2015-06-22,0.9212
2015-06-23,0.9335
2015-06-24,0.9335
2015-06-25,0.9365
2015-06-28,0.9405
2015-06-29,0.9259
2015-06-30,0.9347
2015-07-01,0.9487
2015-07-02,0.9434
2015-07-05,0.9441
2015-07-06,0.9429
2015-07-07,0.9466
2015-07-08,0.9456
2015-07-09,0.9479
2015-07-12,0.94
2015-07-13,0.9504
2015-07-14,0.9449
2015-07-15,0.9522
2015-07-16,0.9571
2015-07-19,0.9622
2015-07-20,0.9634
2015-07-21,0.958
2015-07-22,0.9597
2015-07-23,0.9593
2015-07-26,0.9625
2015-07-27,0.962
2015-07-28,0.9616
2015-07-29,0.9674
2015-07-30,0.9683
2015-08-02,0.9671
2015-08-03,0.9692
2015-08-04,0.9779
2015-08-05,0.979
2015-08-06,0.981
2015-08-09,0.9834
2015-08-10,0.9836
2015-08-11,0.9882
2015-08-12,0.9753
2015-08-13,0.9754
2015-08-16,0.9771
2015-08-17,0.9782
2015-08-18,0.9774
2015-08-19,0.9657
2015-08-20,0.9591
2015-08-23,0.9473
2015-08-24,0.9325
2015-08-25,0.9391
2015-08-26,0.9519
2015-08-27,0.9653
2015-08-30,0.9611
2015-08-31,0.9651
2015-09-01,0.96
2015-09-02,0.9698
2015-09-03,0.9738
2015-09-06,0.9719
2015-09-07,0.9755
2015-09-08,0.9778
2015-09-09,0.9751
2015-09-10,0.9732
2015-09-13,0.969
2015-09-14,0.9682
2015-09-15,0.9741
2015-09-16,0.9701
2015-09-17,0.9621
2015-09-20,0.9693
2015-09-21,0.9718
2015-09-22,0.9754
2015-09-23,0.9791
2015-09-24,0.978
2015-09-27,0.9793
2015-09-28,0.9747
2015-09-29,0.971
2015-09-30,0.9741
2015-10-01,0.9762
2015-10-04,0.9711
2015-10-05,0.9754
2015-10-06,0.9675
2015-10-07,0.9733
2015-10-08,0.9662
2015-10-11,0.961
2015-10-12,0.9627
2015-10-13,0.9583
2015-10-14,0.9494
2015-10-15,0.9513
2015-10-18,0.953
2015-10-19,0.9563
2015-10-20,0.956
2015-10-21,0.9591
2015-10-22,0.9735
2015-10-26,0.9786
2015-10-27,0.9824
2015-10-28,0.987
2015-10-29,0.9936
2015-10-30,0.9887
2015-11-02,0.9863
2015-11-03,0.987
2015-11-04,0.991
2015-11-05,0.9929
2015-11-06,0.9952
2015-11-09,1.0054
2015-11-10,1.0031
2015-11-11,1.0052
2015-11-12,1.0035
2015-11-13,1.0004
2015-11-16,1.008
2015-11-17,1.0094
2015-11-18,1.0142
2015-11-19,1.0189
2015-11-20,1.0135
2015-11-23,1.0195
2015-11-24,1.0182
2015-11-25,1.017
2015-11-26,1.0217
2015-11-27,1.0236
2015-11-30,1.0302
2015-12-01,1.0289
2015-12-02,1.0262
2015-12-03,1.0184
2015-12-04,0.9937
2015-12-07,0.9968
2015-12-08,1.0004
2015-12-09,0.9928
2015-12-10,0.9833
2015-12-11,0.988
2015-12-14,0.9838
2015-12-15,0.9855
2015-12-16,0.9907
2015-12-17,0.9927
2015-12-18,0.9944
2015-12-21,0.9918
2015-12-22,0.9927
2015-12-23,0.9878
2015-12-24,0.9905
2015-12-25,0.9862
2015-12-28,0.9868
2015-12-29,0.9879
2015-12-30,0.9922
2015-12-31,0.988
2016-01-01,1.0014
2016-01-04,0.9995
2016-01-05,1.0024
2016-01-06,1.0084
2016-01-07,1.0074
2016-01-08,0.9937
2016-01-11,0.9921
2016-01-12,1.0015
2016-01-13,1.0029
2016-01-14,1.006
2016-01-15,1.0052
2016-01-18,1.0017
2016-01-19,1.005
2016-01-20,1.0032
2016-01-21,1.0056
2016-01-22,1.0079
2016-01-25,1.0161
2016-01-26,1.0124
2016-01-27,1.0172
2016-01-28,1.0143
2016-01-29,1.0138
2016-02-01,1.0245
2016-02-02,1.0195
2016-02-03,1.0187
2016-02-04,1.0052
2016-02-05,0.9934
2016-02-08,0.9928
2016-02-09,0.9871
2016-02-10,0.9729
2016-02-11,0.9734
2016-02-12,0.9723
2016-02-15,0.9782
2016-02-16,0.9857
2016-02-17,0.9883
2016-02-18,0.9925
2016-02-19,0.9931
2016-02-22,0.9906
2016-02-23,0.9995
2016-02-24,0.991
2016-02-25,0.9891
2016-02-26,0.99
2016-02-29,0.9967
2016-03-01,0.9977
2016-03-02,0.9966
2016-03-03,0.9964
2016-03-04,0.9923
2016-03-07,0.9939
2016-03-08,0.9953
2016-03-09,0.9964
2016-03-10,0.9982
2016-03-11,0.9845
2016-03-14,0.9827
2016-03-15,0.987
2016-03-16,0.987
2016-03-17,0.9779
2016-03-18,0.9671
2016-03-21,0.9693
2016-03-22,0.9707
2016-03-23,0.9728
2016-03-24,0.9753
2016-03-25,0.976
2016-03-27,0.9783
2016-03-28,0.9735
2016-03-29,0.9664
2016-03-30,0.965
2016-03-31,0.961
2016-04-03,0.9586
2016-04-04,0.9588
2016-04-05,0.9564
2016-04-06,0.9555
2016-04-07,0.9561
2016-04-10,0.9534
2016-04-11,0.9541
2016-04-12,0.9553
2016-04-13,0.9665
2016-04-14,0.9663
2016-04-17,0.9663
2016-04-18,0.9646
2016-04-19,0.9618
2016-04-20,0.9712
2016-04-21,0.9746
2016-04-24,0.9783
2016-04-25,0.9749
2016-04-26,0.9736
2016-04-27,0.9708
2016-04-28,0.9662
2016-05-01,0.9587
2016-05-02,0.9552
2016-05-03,0.9538
2016-05-04,0.957
2016-05-05,0.9679
2016-05-08,0.9725
2016-05-09,0.9711
2016-05-10,0.9752
2016-05-11,0.9707
2016-05-12,0.971
2016-05-15,0.9756
2016-05-16,0.978
2016-05-17,0.98
2016-05-18,0.9878
2016-05-19,0.9903
2016-05-22,0.991
2016-05-23,0.9897
2016-05-24,0.9931
2016-05-25,0.991
2016-05-26,0.9892
2016-05-29,0.9947
2016-05-30,0.9913
2016-05-31,0.9931
2016-06-01,0.9885
2016-06-02,0.9904
2016-06-05,0.9762
2016-06-06,0.9702
2016-06-07,0.9651
2016-06-08,0.9583
2016-06-09,0.9644
2016-06-12,0.9644
2016-06-13,0.9626
2016-06-14,0.9633
2016-06-15,0.9608
2016-06-16,0.965
2016-06-19,0.9598
2016-06-20,0.9614
2016-06-21,0.9619
2016-06-22,0.9596
2016-06-23,0.9617
2016-06-26,0.9726
2016-06-27,0.9786
2016-06-28,0.9804
2016-06-29,0.9793
2016-06-30,0.9762
2016-07-03,0.9744
2016-07-04,0.971
2016-07-05,0.9769
2016-07-06,0.9748
2016-07-07,0.9787
2016-07-10,0.983
2016-07-11,0.9827
2016-07-12,0.9891
2016-07-13,0.9843
2016-07-14,0.9814
2016-07-17,0.9838
2016-07-18,0.9827
2016-07-19,0.986
2016-07-20,0.9863
2016-07-21,0.9849
2016-07-24,0.9881
2016-07-25,0.9859
2016-07-26,0.992
2016-07-27,0.9847
2016-07-28,0.9795
2016-07-31,0.9694
2016-08-01,0.9682
2016-08-02,0.9649
2016-08-03,0.9727
2016-08-04,0.9738
2016-08-07,0.9805
2016-08-08,0.9828
2016-08-09,0.9814
2016-08-10,0.9738
2016-08-11,0.975
2016-08-14,0.9746
2016-08-15,0.9729
2016-08-16,0.9616
2016-08-17,0.9614
2016-08-18,0.9545
2016-08-21,0.9618
2016-08-22,0.9624
2016-08-23,0.9634
2016-08-24,0.9672
2016-08-25,0.967
2016-08-28,0.9777
2016-08-29,0.9777
2016-08-30,0.9831
2016-08-31,0.9836
2016-09-01,0.9796
2016-09-04,0.98
2016-09-05,0.98
2016-09-06,0.97
2016-09-07,0.9697
2016-09-08,0.9719
2016-09-11,0.9748
2016-09-12,0.9714
2016-09-13,0.9769
2016-09-14,0.9733
2016-09-15,0.9712
2016-09-18,0.9797
2016-09-19,0.98
2016-09-20,0.979
2016-09-21,0.9732
2016-09-22,0.9689
2016-09-25,0.9692
2016-09-26,0.969
2016-09-27,0.9706
2016-09-28,0.9705
2016-09-29,0.9661
2016-10-02,0.9721
2016-10-03,0.9737
2016-10-04,0.9783
2016-10-05,0.974
2016-10-06,0.9807
2016-10-09,0.9777
2016-10-10,0.9822
2016-10-11,0.9879
2016-10-12,0.99
2016-10-13,0.9866
2016-10-16,0.9904
2016-10-17,0.9879
2016-10-18,0.9901
2016-10-19,0.9891
2016-10-20,0.9924
2016-10-23,0.9942
2016-10-24,0.9939
2016-10-25,0.9946
2016-10-26,0.9933
2016-10-27,0.9938
2016-10-31,0.9874
2016-11-01,0.9892
2016-11-02,0.975
2016-11-03,0.973
2016-11-04,0.9742
2016-11-07,0.9743
2016-11-08,0.974
2016-11-09,0.9795
2016-11-10,0.9845
2016-11-11,0.9872
2016-11-14,0.9895
2016-11-15,0.9971
2016-11-16,1.0014
2016-11-17,1.0008
2016-11-18,1.0071
2016-11-21,1.011
2016-11-22,1.0078
2016-11-23,1.0109
2016-11-24,1.0175
2016-11-25,1.0166
2016-11-28,1.0125
2016-11-29,1.0123
2016-11-30,1.0117
2016-12-01,1.017
2016-12-02,1.0106
2016-12-05,1.0138
2016-12-06,1.007
2016-12-07,1.0099
2016-12-08,1.0068
2016-12-09,1.0159
2016-12-12,1.018
2016-12-13,1.0133
2016-12-14,1.0118
2016-12-15,1.0221
2016-12-16,1.0298
2016-12-19,1.0267
2016-12-20,1.0272
2016-12-21,1.029
2016-12-22,1.0266
2016-12-23,1.0256
2016-12-26,1.0261
2016-12-27,1.0268
2016-12-28,1.0275
2016-12-29,1.0282
2016-12-30,1.0171
2017-01-02,1.0187
2017-01-03,1.0242
2017-01-04,1.0261
2017-01-05,1.0201
2017-01-06,1.0098
2017-01-09,1.0174
2017-01-10,1.014
2017-01-11,1.0168
2017-01-12,1.013
2017-01-13,1.0103
2017-01-16,1.0098
2017-01-17,1.0111
2017-01-18,1.0029
2017-01-19,1.0078
2017-01-20,1.0063
2017-01-23,1.0009
2017-01-24,0.9973
2017-01-25,1.0011
2017-01-26,0.999
2017-01-27,0.9999
2017-01-30,0.9974
2017-01-31,0.9944
2017-02-01,0.989
2017-02-02,0.9931
2017-02-03,0.9924
2017-02-06,0.9923
2017-02-07,0.9913
2017-02-08,0.9978
2017-02-09,0.9952
2017-02-10,1.0014
2017-02-13,1.0044
2017-02-14,1.0056
2017-02-15,1.0063
2017-02-16,1.0047
2017-02-17,0.9972
2017-02-20,1.0019
2017-02-21,1.0033
2017-02-22,1.0091
2017-02-23,1.0108
2017-02-24,1.0061
2017-02-27,1.0089
2017-02-28,1.0095
2017-03-01,1.0066
2017-03-02,1.0103
2017-03-03,1.0132
2017-03-06,1.0079
2017-03-07,1.0121
2017-03-08,1.0131
2017-03-09,1.0143
2017-03-10,1.0123
2017-03-13,1.0095
2017-03-14,1.0074
2017-03-15,1.0094
2017-03-16,1.0
2017-03-17,0.9961
2017-03-20,0.9973
2017-03-21,0.9986
2017-03-22,0.9934
2017-03-23,0.992
2017-03-24,0.9932
2017-03-26,0.988
2017-03-27,0.9858
2017-03-28,0.9921
2017-03-29,0.9967
2017-03-30,1.0004
2017-04-02,1.0022
2017-04-03,1.0014
2017-04-04,1.0016
2017-04-05,1.0036
2017-04-06,1.0053
2017-04-09,1.0094
2017-04-10,1.0078
2017-04-11,1.0069
2017-04-12,1.0021
2017-04-13,1.0055
2017-04-16,1.0051
2017-04-17,1.0042
2017-04-18,0.9963
2017-04-19,0.9979
2017-04-20,0.9987
2017-04-23,0.9929
2017-04-24,0.9959
2017-04-25,0.9934
2017-04-26,0.993
2017-04-27,0.9944
2017-04-30,0.9942
2017-05-01,0.9957
2017-05-02,0.991
2017-05-03,0.9942
2017-05-04,0.9861
2017-05-07,0.9899
2017-05-08,0.9982
2017-05-09,1.0066
2017-05-10,1.009
2017-05-11,1.0078
2017-05-14,1.0011
2017-05-15,0.9957
2017-05-16,0.9843
2017-05-17,0.9792
2017-05-18,0.9795
2017-05-21,0.9729
2017-05-22,0.973
2017-05-23,0.9762
2017-05-24,0.9725
2017-05-25,0.9732
2017-05-28,0.975
2017-05-29,0.9792
2017-05-30,0.9758
2017-05-31,0.968
2017-06-01,0.9711
2017-06-04,0.9628
2017-06-05,0.965
2017-06-06,0.9625
2017-06-07,0.9647
2017-06-08,0.9692
2017-06-11,0.9691
2017-06-12,0.9691
2017-06-13,0.9688
2017-06-14,0.9713
2017-06-15,0.9753
2017-06-18,0.973
2017-06-19,0.976
2017-06-20,0.9747
2017-06-21,0.9725
2017-06-22,0.9718
2017-06-25,0.9693
2017-06-26,0.9723
2017-06-27,0.9604
2017-06-28,0.9593
2017-06-29,0.9553
2017-07-02,0.9589
2017-07-03,0.9631
2017-07-04,0.964
2017-07-05,0.9642
2017-07-06,0.9601
2017-07-09,0.9634
2017-07-11,0.9631
2017-07-12,0.9649
2017-07-13,0.9668
2017-07-16,0.9633
2017-07-17,0.963
2017-07-18,0.9551
2017-07-19,0.9548
2017-07-20,0.9514
2017-07-23,0.9447
2017-07-24,0.9471
2017-07-25,0.9527
2017-07-26,0.9514
2017-07-27,0.9637
2017-07-30,0.9692
2017-07-31,0.9673
2017-08-01,0.9654
2017-08-02,0.9704
2017-08-03,0.9677
2017-08-06,0.9728
2017-08-07,0.9735
2017-08-08,0.973
2017-08-09,0.9636
2017-08-10,0.9617
2017-08-13,0.9627
2017-08-14,0.9725
2017-08-15,0.9722
2017-08-16,0.9652
2017-08-17,0.9622
2017-08-20,0.9654
2017-08-21,0.9622
2017-08-22,0.9685
2017-08-23,0.965
2017-08-24,0.9652
2017-08-27,0.9552
2017-08-28,0.9524
2017-08-29,0.9557
2017-08-30,0.9637
2017-08-31,0.9594
2017-09-03,0.9608
2017-09-04,0.9588
2017-09-05,0.9534
2017-09-06,0.9556
2017-09-07,0.9495
2017-09-10,0.9476
2017-09-11,0.9562
2017-09-12,0.9598
2017-09-13,0.9637
2017-09-14,0.9614
2017-09-17,0.9608
2017-09-18,0.9614
2017-09-19,0.9625
2017-09-20,0.9715
2017-09-21,0.9702
2017-09-24,0.9707
2017-09-25,0.9663
2017-09-26,0.9693
2017-09-27,0.9718
2017-09-28,0.9706
2017-10-01,0.9681
2017-10-02,0.9744
2017-10-03,0.9731
2017-10-04,0.9752
2017-10-05,0.9782
2017-10-08,0.9779
2017-10-09,0.9795
2017-10-10,0.9746
2017-10-11,0.9731
2017-10-12,0.9748
2017-10-15,0.9745
2017-10-16,0.9751
2017-10-17,0.9779
2017-10-18,0.9811
2017-10-19,0.9762
2017-10-22,0.9861
2017-10-23,0.9845
2017-10-24,0.9906
2017-10-25,0.9888
2017-10-26,0.9981
2017-10-30,0.998
2017-10-31,0.9947
2017-11-01,0.9974
2017-11-02,1.0026
2017-11-03,0.9993
2017-11-06,1.0002
2017-11-07,0.9977
2017-11-08,0.9982
2017-11-09,0.9998
2017-11-10,0.9939
2017-11-13,0.9964
2017-11-14,0.9963
2017-11-15,0.9895
2017-11-17,0.9935
2017-11-20,0.9896
2017-11-21,0.9931
2017-11-22,0.9906
2017-11-23,0.9821
2017-11-24,0.9816
2017-11-27,0.9803
2017-11-28,0.9813
2017-11-29,0.9841
2017-11-30,0.9844
2017-12-01,0.9838
2017-12-04,0.982
2017-12-05,0.9846
2017-12-06,0.9874
2017-12-07,0.9892
2017-12-08,0.9947
2017-12-11,0.9929
2017-12-12,0.9914
2017-12-13,0.9914
2017-12-14,0.9855
2017-12-15,0.9887
2017-12-18,0.991
2017-12-19,0.9855
2017-12-20,0.9854
2017-12-21,0.9862
2017-12-22,0.9885
2017-12-25,0.9891
2017-12-26,0.9889
2017-12-27,0.9897
2017-12-28,0.9858
2017-12-29,0.9787
2018-01-01,0.9737
2018-01-02,0.9747
2018-01-03,0.9715
2018-01-04,0.9771
2018-01-05,0.9744
2018-01-08,0.9751
2018-01-09,0.9774
2018-01-10,0.9838
2018-01-11,0.9776
2018-01-12,0.9757
2018-01-15,0.9679
2018-01-16,0.9631
2018-01-17,0.9591
2018-01-18,0.965
2018-01-19,0.9588
2018-01-22,0.9614
2018-01-23,0.9621
2018-01-24,0.9566
2018-01-25,0.9463
2018-01-26,0.9418
2018-01-29,0.9337
2018-01-30,0.9372
2018-01-31,0.9346
2018-02-01,0.931
2018-02-02,0.926
2018-02-05,0.9311
2018-02-06,0.9312
2018-02-07,0.9361
2018-02-08,0.9427
2018-02-09,0.9351
2018-02-12,0.9395
2018-02-13,0.9385
2018-02-14,0.9352
2018-02-15,0.9275
2018-02-16,0.922
2018-02-19,0.9272
2018-02-20,0.9294
2018-02-21,0.9364
2018-02-22,0.9387
2018-02-23,0.9331
2018-02-26,0.9371
2018-02-27,0.9386
2018-02-28,0.9394
2018-03-01,0.9443
2018-03-02,0.9415
2018-03-05,0.9371
2018-03-06,0.9397
2018-03-07,0.9382
2018-03-08,0.9434
2018-03-09,0.9514
2018-03-12,0.9508
2018-03-13,0.9472
2018-03-14,0.9433
2018-03-15,0.9444
2018-03-16,0.9513
2018-03-19,0.9528
2018-03-20,0.9509
2018-03-21,0.9559
2018-03-22,0.9486
2018-03-23,0.9464
2018-03-25,0.9469
2018-03-26,0.9448
2018-03-27,0.9465
2018-03-28,0.9566
2018-03-29,0.956
2018-04-01,0.9546
2018-04-02,0.955
2018-04-03,0.9584
2018-04-04,0.9601
2018-04-05,0.9619
2018-04-08,0.9592
2018-04-09,0.9561
2018-04-10,0.9563
2018-04-11,0.9574
2018-04-12,0.9623
2018-04-15,0.9631
2018-04-16,0.9594
2018-04-17,0.9664
2018-04-18,0.9685
2018-04-19,0.9715
2018-04-22,0.9759
2018-04-23,0.9782
2018-04-24,0.9786
2018-04-25,0.9826
2018-04-26,0.989
2018-04-29,0.9881
2018-04-30,0.9905
2018-05-01,0.9966
2018-05-02,0.9993
2018-05-03,0.9973
2018-05-06,1.0005
2018-05-07,1.0019
2018-05-08,1.0011
2018-05-09,1.0054
2018-05-10,1.003
2018-05-13,0.9999
2018-05-14,1.0003
2018-05-15,1.0013
2018-05-16,1.0004
2018-05-17,1.0015
2018-05-20,0.9979
2018-05-21,0.9968
2018-05-22,0.9919
2018-05-23,0.9941
2018-05-24,0.9913
2018-05-27,0.9919
2018-05-28,0.9934
2018-05-29,0.9907
2018-05-30,0.9886
2018-05-31,0.9847
2018-06-03,0.9886
2018-06-04,0.988
2018-06-05,0.984
2018-06-06,0.9859
2018-06-07,0.9808
2018-06-10,0.9848
2018-06-11,0.9862
2018-06-12,0.9868
2018-06-13,0.9846
2018-06-14,0.9969
2018-06-17,0.9975
2018-06-18,0.9942
2018-06-19,0.9941
2018-06-20,0.996
2018-06-21,0.9916
2018-06-24,0.9879
2018-06-25,0.9869
2018-06-26,0.9907
2018-06-27,0.9968
2018-06-28,0.9976
2018-07-01,0.9902
2018-07-02,0.9933
2018-07-03,0.992
2018-07-04,0.9922
2018-07-05,0.993
2018-07-08,0.9892
2018-07-09,0.9914
2018-07-10,0.9925
2018-07-11,0.9956
2018-07-12,1.0027
2018-07-15,1.0022
2018-07-16,0.9968
2018-07-17,1.0003
2018-07-18,0.9986
2018-07-19,0.9987
2018-07-22,0.9909
2018-07-23,0.9932
2018-07-24,0.9933
2018-07-25,0.991
2018-07-26,0.994
2018-07-29,0.994
2018-07-30,0.9881
2018-07-31,0.9903
2018-08-01,0.9917
2018-08-02,0.9954
2018-08-05,0.9944
2018-08-06,0.9963
2018-08-07,0.995
2018-08-08,0.9931
2018-08-09,0.994
2018-08-12,0.9946
2018-08-13,0.9932
2018-08-14,0.9941
2018-08-15,0.9931
2018-08-16,0.9973
2018-08-19,0.9952
2018-08-20,0.9905
2018-08-21,0.9843
2018-08-22,0.9833
2018-08-23,0.9863
2018-08-26,0.9822
2018-08-27,0.9794
2018-08-28,0.9766
2018-08-29,0.9703
2018-08-30,0.9686
2018-09-02,0.9693
2018-09-03,0.9693
2018-09-04,0.9737
2018-09-05,0.9711
2018-09-06,0.9654
2018-09-09,0.9686
2018-09-10,0.9747
2018-09-11,0.9729
2018-09-12,0.97
2018-09-13,0.966
2018-09-16,0.967
2018-09-17,0.9627
2018-09-18,0.9637
2018-09-19,0.9672
2018-09-20,0.9588
2018-09-23,0.9582
2018-09-24,0.9645
2018-09-25,0.9652
2018-09-26,0.965
2018-09-27,0.977
2018-09-30,0.9812
2018-10-01,0.9834
2018-10-02,0.9838
2018-10-03,0.9918
2018-10-04,0.9913
2018-10-07,0.9914
2018-10-08,0.9921
2018-10-09,0.9916
2018-10-10,0.9882
2018-10-11,0.9898
2018-10-14,0.9907
2018-10-15,0.987
2018-10-16,0.9904
2018-10-17,0.9951
2018-10-18,0.9957
2018-10-21,0.9962
2018-10-22,0.9961
2018-10-23,0.9947
2018-10-24,0.9969
2018-10-25,0.9997
2018-10-29,0.9974
2018-10-30,1.0017
2018-10-31,1.005
2018-11-01,1.0079
2018-11-02,1.002
2018-11-05,1.0024
2018-11-06,1.0042
2018-11-07,1.0016
2018-11-08,1.0018
2018-11-09,1.0056
2018-11-12,1.0059
2018-11-13,1.0102
2018-11-14,1.0058
2018-11-15,1.0059
2018-11-16,1.0067
2018-11-19,0.9994
2018-11-20,0.993
2018-11-21,0.9947
2018-11-22,0.9941
2018-11-23,0.9943
2018-11-26,0.9973
2018-11-27,0.9982
2018-11-28,0.9982
2018-11-29,0.993
2018-11-30,0.9959
2018-12-03,0.9983
2018-12-04,0.9978
2018-12-05,0.9972
2018-12-06,0.997
2018-12-07,0.9932
2018-12-10,0.9897
2018-12-11,0.9895
2018-12-12,0.9932
2018-12-13,0.9926
2018-12-14,0.9936
2018-12-17,0.9975
2018-12-18,0.9926
2018-12-19,0.9924
2018-12-20,0.9939
2018-12-21,0.987
2018-12-24,0.9936
2018-12-25,0.9858
2018-12-26,0.9861
2018-12-27,0.9943
2018-12-28,0.9869
2018-12-31,0.9836
2019-01-01,0.9835
2019-01-02,0.982
2019-01-03,0.9887
2019-01-04,0.9871
2019-01-07,0.9858
2019-01-08,0.9791
2019-01-09,0.9808
2019-01-10,0.974
2019-01-11,0.984
2019-01-14,0.9837
2019-01-15,0.981
2019-01-16,0.9875
2019-01-17,0.99
2019-01-18,0.9937
2019-01-21,0.9954
2019-01-22,0.9973
2019-01-23,0.997
2019-01-24,0.9946
2019-01-25,0.9956
2019-01-28,0.9924
2019-01-29,0.9916
2019-01-30,0.9945
2019-01-31,0.9935
2019-02-01,0.9937
2019-02-04,0.9955
2019-02-05,0.9978
2019-02-06,0.9997
2019-02-07,1.0021
2019-02-08,1.0024
2019-02-11,0.9993
2019-02-12,1.0039
2019-02-13,1.0061
2019-02-14,1.0087
2019-02-15,1.005
2019-02-18,1.0045
2019-02-19,1.0045
2019-02-20,1.0013
2019-02-21,1.0
2019-02-22,1.0009
2019-02-25,0.9997
2019-02-26,1.0001
2019-02-27,0.9997
2019-02-28,1.0005
2019-03-01,0.9973
2019-03-04,0.9983
2019-03-05,0.9986
2019-03-06,1.0044
2019-03-07,1.0041
2019-03-08,1.0107
2019-03-11,1.0078
2019-03-12,1.0102
2019-03-13,1.0074
2019-03-14,1.0033
2019-03-15,1.0035
2019-03-18,1.0024
2019-03-19,1.001
2019-03-20,0.9986
2019-03-21,0.991
2019-03-22,0.9919
2019-03-25,0.994
2019-03-26,0.9923
2019-03-27,0.9936
2019-03-28,0.9947
2019-03-29,0.9948
2019-03-31,0.995
2019-04-01,0.9992
2019-04-02,0.9982
2019-04-03,0.9973
2019-04-04,0.9999
2019-04-07,0.9999
2019-04-08,0.9991
2019-04-09,0.9997
2019-04-10,1.0022
2019-04-11,1.0027
2019-04-14,1.0024
2019-04-15,1.0037
2019-04-16,1.0075
2019-04-17,1.0104
2019-04-18,1.0148
2019-04-21,1.0144
2019-04-22,1.0153
2019-04-23,1.0201
2019-04-24,1.0203
2019-04-25,1.0199
2019-04-28,1.0193
2019-04-29,1.0193
2019-04-30,1.019
2019-05-01,1.0174
2019-05-02,1.0194
2019-05-05,1.0165
2019-05-06,1.0171
2019-05-07,1.0196
2019-05-08,1.0203
2019-05-09,1.0152
2019-05-12,1.0104
2019-05-13,1.0054
2019-05-14,1.0087
2019-05-15,1.0082
2019-05-16,1.01
2019-05-19,1.0105
2019-05-20,1.0083
2019-05-22,1.009
2019-05-23,1.0029
2019-05-26,1.0018
2019-05-27,1.0039
2019-05-28,1.0069
2019-05-29,1.0083
2019-05-30,1.0069
2019-06-02,0.9995
2019-06-03,0.9923
2019-06-04,0.9925
2019-06-05,0.9939
2019-06-06,0.9911
2019-06-09,0.9899
2019-06-10,0.9889
2019-06-11,0.992
2019-06-12,0.9947
2019-06-13,0.9935
2019-06-16,0.9988
2019-06-17,0.9987
2019-06-18,1.0007
2019-06-19,0.9927
2019-06-20,0.9811
2019-06-23,0.9754
2019-06-24,0.9718
2019-06-25,0.9748
2019-06-26,0.9774
2019-06-27,0.9766
2019-06-30,0.9794
2019-07-01,0.987
2019-07-02,0.9852
2019-07-03,0.9856
2019-07-04,0.9847
2019-07-07,0.9912
2019-07-08,0.9941
2019-07-09,0.9936
2019-07-10,0.9879
2019-07-11,0.9905
2019-07-14,0.984
2019-07-15,0.9841
2019-07-16,0.988
2019-07-17,0.9866
2019-07-18,0.9826
2019-07-21,0.9828
2019-07-22,0.9824
2019-07-23,0.9854
2019-07-24,0.9847
2019-07-25,0.991
2019-07-28,0.9933
2019-07-29,0.9916
2019-07-30,0.9897
2019-07-31,0.9938
2019-08-01,0.9901
2019-08-04,0.9825
2019-08-05,0.9706
2019-08-06,0.9757
2019-08-07,0.9747
2019-08-08,0.9739
2019-08-11,0.9714
2019-08-12,0.9692
2019-08-13,0.9758
2019-08-14,0.9735
2019-08-15,0.9763
2019-08-18,0.9793
2019-08-19,0.9812
2019-08-20,0.9778
2019-08-21,0.9819
2019-08-22,0.9837
2019-08-25,0.9729
2019-08-26,0.9791
2019-08-27,0.9809
2019-08-28,0.9813
2019-08-29,0.9858
2019-09-01,0.9893
2019-09-02,0.9903
2019-09-03,0.9868
2019-09-04,0.9808
2019-09-05,0.9862
2019-09-08,0.988
2019-09-09,0.9924
2019-09-10,0.9916
2019-09-11,0.9937
2019-09-12,0.9906
2019-09-15,0.9869
2019-09-16,0.9929
2019-09-17,0.9925
2019-09-18,0.9968
2019-09-19,0.9927
2019-09-22,0.9914
2019-09-23,0.9898
2019-09-24,0.9859
2019-09-25,0.9909
2019-09-26,0.9934
2019-09-29,0.9909
2019-09-30,0.9976
2019-10-01,0.9927
2019-10-02,0.9967
2019-10-03,0.9981
2019-10-06,0.994
2019-10-07,0.9948
2019-10-08,0.9926
2019-10-09,0.9929
2019-10-10,0.9961
2019-10-13,0.9978
2019-10-14,0.9976
2019-10-15,0.9985
2019-10-16,0.9942
2019-10-17,0.9873
2019-10-20,0.9849
2019-10-21,0.9859
2019-10-22,0.9893
2019-10-23,0.9901
2019-10-24,0.9923
2019-10-28,0.9942
2019-10-29,0.9948
2019-10-30,0.9941
2019-10-31,0.9891
2019-11-01,0.9864
2019-11-04,0.9858
2019-11-05,0.9883
2019-11-06,0.9924
2019-11-07,0.9925
2019-11-08,0.9946
2019-11-11,0.9972
2019-11-12,0.993
2019-11-13,0.9927
2019-11-14,0.9897
2019-11-15,0.9888
2019-11-18,0.989
2019-11-19,0.9891
2019-11-20,0.9903
2019-11-21,0.9904
2019-11-22,0.9927
2019-11-25,0.9976
2019-11-26,0.9967
2019-11-27,0.9976
2019-11-28,0.9985
2019-11-29,0.9984
2019-12-02,1.0001
2019-12-03,0.9914
2019-12-04,0.9869
2019-12-05,0.9883
2019-12-06,0.987
2019-12-09,0.9905
2019-12-10,0.9878
2019-12-11,0.9845
2019-12-12,0.9824
2019-12-13,0.985
2019-12-16,0.984
2019-12-17,0.9832
2019-12-18,0.9797
2019-12-19,0.98
2019-12-20,0.9782
2019-12-23,0.9823
2019-12-24,0.9815
2019-12-25,0.9803
2019-12-26,0.9794
2019-12-27,0.9815
2019-12-30,0.9737
2019-12-31,0.9686
2020-01-01,0.9672
2020-01-02,0.9675
2020-01-03,0.9712
2020-01-06,0.9715
2020-01-07,0.9685
2020-01-08,0.9688
2020-01-09,0.9732
2020-01-10,0.9731
2020-01-13,0.9731
2020-01-14,0.9707
2020-01-15,0.9671
2020-01-16,0.9637
2020-01-17,0.9649
2020-01-20,0.9682
2020-01-21,0.9684
2020-01-22,0.9688
2020-01-23,0.9674
2020-01-24,0.9695
2020-01-27,0.9699
2020-01-28,0.9699
2020-01-29,0.973
2020-01-30,0.9732
2020-01-31,0.9694
2020-02-03,0.9634
2020-02-04,0.9657
2020-02-05,0.9693
2020-02-06,0.9733
2020-02-07,0.9745
2020-02-10,0.9767
2020-02-11,0.9771
2020-02-12,0.9756
2020-02-13,0.9776
2020-02-14,0.9789
2020-02-17,0.9817
2020-02-18,0.9804
2020-02-19,0.9829
2020-02-20,0.9835
2020-02-21,0.9838
2020-02-24,0.9788
2020-02-25,0.9798
2020-02-26,0.9759
2020-02-27,0.9764
2020-02-28,0.9688
2020-03-02,0.964
2020-03-03,0.9581
2020-03-04,0.9556
2020-03-05,0.9566
2020-03-06,0.9458
2020-03-09,0.9275
2020-03-10,0.9284
2020-03-11,0.9368
2020-03-12,0.939
2020-03-13,0.9446
2020-03-16,0.9463
2020-03-17,0.9475
2020-03-18,0.9596
2020-03-19,0.9666
2020-03-20,0.9887
2020-03-23,0.9851
2020-03-24,0.9817
2020-03-25,0.98
2020-03-26,0.9762
2020-03-27,0.9617
2020-03-29,0.9505
2020-03-30,0.96
2020-03-31,0.9615
2020-04-01,0.9662
2020-04-02,0.9742
2020-04-05,0.9772
2020-04-06,0.978
2020-04-07,0.9692
2020-04-08,0.9718
2020-04-09,0.9669
2020-04-12,0.9658
2020-04-13,0.9664
2020-04-14,0.9599
2020-04-15,0.9651
2020-04-16,0.9692
2020-04-19,0.9678
2020-04-20,0.9679
2020-04-21,0.9698
2020-04-22,0.9727
2020-04-23,0.9763
2020-04-26,0.9735
2020-04-27,0.9758
2020-04-28,0.9737
2020-04-29,0.9739
2020-04-30,0.9665
2020-05-03,0.9625
2020-05-04,0.9654
2020-05-05,0.9726
2020-05-06,0.9752
2020-05-07,0.9729
2020-05-10,0.9709
2020-05-11,0.9729
2020-05-12,0.9698
2020-05-13,0.9718
2020-05-14,0.9731
2020-05-17,0.9719
2020-05-18,0.9717
2020-05-19,0.9712
2020-05-20,0.9647
2020-05-21,0.9707
2020-05-24,0.9712
2020-05-25,0.9715
2020-05-26,0.9653
2020-05-27,0.968
2020-05-28,0.964
2020-05-31,0.9606
2020-06-01,0.9611
2020-06-02,0.9616
2020-06-03,0.9614
2020-06-04,0.9556
2020-06-07,0.961
2020-06-08,0.9575
2020-06-09,0.9511
2020-06-10,0.9437
2020-06-11,0.9441
2020-06-14,0.9514
2020-06-15,0.9489
2020-06-16,0.9511
2020-06-17,0.9487
2020-06-18,0.9517
2020-06-21,0.9522
2020-06-22,0.9469
2020-06-23,0.9446
2020-06-24,0.9482
2020-06-25,0.9481
2020-06-28,0.9476
2020-06-29,0.951
2020-06-30,0.9468
2020-07-01,0.9458
2020-07-02,0.9455
2020-07-05,0.945
2020-07-06,0.9418
2020-07-07,0.9423
2020-07-08,0.9381
2020-07-09,0.9404
2020-07-12,0.9405
2020-07-13,0.9418
2020-07-14,0.9394
2020-07-15,0.944
2020-07-16,0.9453
2020-07-19,0.9383
2020-07-20,0.9388
2020-07-21,0.9325
2020-07-22,0.9294
2020-07-23,0.9253
2020-07-26,0.9209
2020-07-27,0.9195
2020-07-28,0.9178
2020-07-29,0.9124
2020-07-30,0.9085
2020-08-02,0.9132
2020-08-03,0.9176
2020-08-04,0.9126
2020-08-05,0.908
2020-08-06,0.91
2020-08-09,0.9127
2020-08-10,0.9155
2020-08-11,0.9172
2020-08-12,0.9118
2020-08-13,0.9097
2020-08-16,0.9085
2020-08-17,0.9062
2020-08-18,0.9027
2020-08-19,0.9147
2020-08-20,0.9067
2020-08-23,0.9118
2020-08-24,0.9119
2020-08-25,0.908
2020-08-26,0.9074
2020-08-27,0.909
2020-08-30,0.9036
2020-08-31,0.9039
2020-09-01,0.9094
2020-09-02,0.9112
2020-09-03,0.91
2020-09-06,0.9136
2020-09-07,0.9164
2020-09-08,0.9178
2020-09-09,0.9121
2020-09-10,0.9103
2020-09-13,0.9089
2020-09-14,0.9083
2020-09-15,0.9085
2020-09-16,0.9106
2020-09-17,0.9083
2020-09-20,0.9111
2020-09-21,0.9151
2020-09-22,0.9199
2020-09-23,0.924
2020-09-24,0.9267
2020-09-27,0.9281
2020-09-28,0.9237
2020-09-29,0.9194
2020-09-30,0.9207
2020-10-01,0.919
2020-10-04,0.9179
2020-10-05,0.9151
2020-10-06,0.9176
2020-10-07,0.9168
2020-10-08,0.9167
2020-10-11,0.9104
2020-10-12,0.909
2020-10-13,0.9152
2020-10-14,0.9133
2020-10-15,0.9143
2020-10-18,0.9151
2020-10-19,0.9106
2020-10-20,0.9067
2020-10-21,0.9058
2020-10-22,0.9076
2020-10-26,0.9046
2020-10-27,0.9079
2020-10-28,0.9089
2020-10-29,0.9106
2020-10-30,0.9153
2020-11-02,0.9172
2020-11-03,0.9188
2020-11-04,0.9106
2020-11-05,0.9114
2020-11-06,0.9042
2020-11-09,0.8993
2020-11-10,0.9127
2020-11-11,0.915
2020-11-12,0.9166
2020-11-13,0.9148
2020-11-16,0.9121
2020-11-17,0.9124
2020-11-18,0.911
2020-11-19,0.9119
2020-11-20,0.9109
2020-11-23,0.9105
2020-11-24,0.9124
2020-11-25,0.9108
2020-11-26,0.9082
2020-11-27,0.9064
2020-11-30,0.9042
2020-12-01,0.9083
2020-12-02,0.8995
2020-12-03,0.8946
2020-12-04,0.8908
2020-12-07,0.8917
2020-12-08,0.8906
2020-12-09,0.8885
2020-12-10,0.8894
2020-12-11,0.8859
2020-12-14,0.8885
2020-12-15,0.8866
2020-12-16,0.8854
2020-12-17,0.8854
2020-12-18,0.8847
2020-12-21,0.8855
2020-12-22,0.8855
2020-12-23,0.8879
2020-12-24,0.8879
2020-12-25,0.8909
2020-12-28,0.8894
2020-12-29,0.8883
2020-12-30,0.8841
2020-12-31,0.8816
2021-01-01,0.8981
2021-01-04,0.8831
2021-01-05,0.8812
2021-01-06,0.8782
2021-01-07,0.8781
2021-01-08,0.8852
2021-01-11,0.8876
2021-01-12,0.8896
2021-01-13,0.8859
2021-01-14,0.8869
2021-01-15,0.8882
2021-01-18,0.8922
2021-01-19,0.8909
2021-01-20,0.888
2021-01-21,0.8893
2021-01-22,0.8854
2021-01-25,0.8853
2021-01-26,0.888
2021-01-27,0.8867
2021-01-28,0.8889
2021-01-29,0.8886
2021-02-01,0.8914
2021-02-02,0.8965
2021-02-03,0.8975
2021-02-04,0.8983
2021-02-05,0.904
2021-02-08,0.899
2021-02-09,0.8986
2021-02-10,0.8924
2021-02-11,0.8902
2021-02-12,0.8901
2021-02-15,0.8918
2021-02-16,0.8898
2021-02-17,0.8932
2021-02-18,0.8984
2021-02-19,0.8958
2021-02-22,0.8967
2021-02-23,0.8957
2021-02-24,0.9051
2021-02-25,0.9066
2021-02-26,0.9056
2021-03-01,0.9074
2021-03-02,0.9149
2021-03-03,0.915
2021-03-04,0.9197
2021-03-05,0.9293
2021-03-08,0.9302
2021-03-09,0.9358
2021-03-10,0.9281
2021-03-11,0.9297
2021-03-12,0.9247
2021-03-15,0.9293
2021-03-16,0.9276
2021-03-17,0.9248
2021-03-18,0.9222
2021-03-19,0.9273
2021-03-22,0.93
2021-03-23,0.9232
2021-03-24,0.9345
2021-03-25,0.936
2021-03-26,0.9395
2021-03-28,0.9395
2021-03-29,0.9389
2021-03-30,0.9417
2021-03-31,0.9439
2021-04-01,0.9421
2021-04-04,0.942
2021-04-05,0.936
2021-04-06,0.9314
2021-04-07,0.9293
2021-04-08,0.9242
2021-04-11,0.9253
2021-04-12,0.9221
2021-04-13,0.9201
2021-04-14,0.9227
2021-04-15,0.9219
2021-04-18,0.9205
2021-04-19,0.9147
2021-04-20,0.9159
2021-04-21,0.9167
2021-04-22,0.917
2021-04-25,0.9139
2021-04-26,0.9146
2021-04-27,0.914
2021-04-28,0.9087
2021-04-29,0.909
2021-05-02,0.9129
2021-05-03,0.9115
2021-05-04,0.9134
2021-05-05,0.9131
2021-05-06,0.9076
2021-05-09,0.9004
2021-05-10,0.9004
2021-05-11,0.9038
2021-05-12,0.9086
2021-05-13,0.9059
2021-05-16,0.9012
2021-05-17,0.9033
2021-05-18,0.8974
2021-05-19,0.9041
2021-05-20,0.8973
2021-05-23,0.8974
2021-05-24,0.897
2021-05-25,0.8956
2021-05-26,0.8977
2021-05-27,0.8971
2021-05-30,0.9001
2021-05-31,0.8984
2021-06-01,0.897
2021-06-02,0.8982
2021-06-03,0.9035
2021-06-06,0.8991
2021-06-07,0.8975
2021-06-08,0.8968
2021-06-09,0.8956
2021-06-10,0.8946
2021-06-13,0.8977
2021-06-14,0.8991
2021-06-15,0.8985
2021-06-16,0.9085
2021-06-17,0.9176
2021-06-20,0.9225
2021-06-21,0.9186
2021-06-22,0.9186
2021-06-23,0.9181
2021-06-24,0.9181
2021-06-27,0.9167
2021-06-28,0.9196
2021-06-29,0.9209
2021-06-30,0.925
2021-07-01,0.9259
2021-07-04,0.9216
2021-07-05,0.9221
2021-07-06,0.9247
2021-07-07,0.9254
2021-07-08,0.9147
2021-07-11,0.914
2021-07-12,0.915
2021-07-13,0.9188
2021-07-14,0.9147
2021-07-15,0.9178
2021-07-18,0.9185
2021-07-19,0.9185
2021-07-20,0.9212
2021-07-21,0.9176
2021-07-22,0.9191
2021-07-25,0.9195
2021-07-26,0.9155
2021-07-27,0.9144
2021-07-28,0.9095
2021-07-29,0.9057
2021-08-01,0.9059
2021-08-02,0.9053
2021-08-03,0.9038
2021-08-04,0.9064
2021-08-05,0.9065
2021-08-08,0.9156
2021-08-09,0.9206
2021-08-10,0.923
2021-08-11,0.9215
2021-08-12,0.9231
2021-08-15,0.9154
2021-08-16,0.9125
2021-08-17,0.9147
2021-08-18,0.9176
2021-08-19,0.9189
2021-08-22,0.9171
2021-08-23,0.9123
2021-08-24,0.9131
2021-08-25,0.9136
2021-08-26,0.9179
2021-08-29,0.9112
2021-08-30,0.9172
2021-08-31,0.9153
2021-09-01,0.9155
2021-09-02,0.9145
2021-09-05,0.9138
2021-09-06,0.9149
2021-09-07,0.9194
2021-09-08,0.9218
2021-09-09,0.9165
2021-09-12,0.9181
2021-09-13,0.922
2021-09-14,0.9201
2021-09-15,0.9197
2021-09-16,0.9274
2021-09-19,0.932
2021-09-20,0.9277
2021-09-21,0.9235
2021-09-22,0.9263
2021-09-23,0.9245
2021-09-26,0.9245
2021-09-27,0.9256
2021-09-28,0.9292
2021-09-29,0.9342
2021-09-30,0.9325
2021-10-03,0.9296
2021-10-04,0.925
2021-10-05,0.9284
2021-10-06,0.9277
2021-10-07,0.9284
2021-10-10,0.9279
2021-10-11,0.9276
2021-10-12,0.9305
2021-10-13,0.9238
2021-10-14,0.9244
2021-10-17,0.9235
2021-10-18,0.9233
2021-10-19,0.923
2021-10-20,0.9188
2021-10-21,0.9181
2021-10-24,0.9166
2021-10-25,0.9199
2021-10-26,0.9196
2021-10-27,0.918
2021-10-28,0.9115
2021-11-01,0.9161
2021-11-02,0.9093
2021-11-03,0.9146
2021-11-04,0.9113
2021-11-05,0.9127
2021-11-08,0.912
2021-11-09,0.9133
2021-11-10,0.9107
2021-11-11,0.9178
2021-11-12,0.9212
2021-11-15,0.9211
2021-11-16,0.9254
2021-11-17,0.9303
2021-11-18,0.9285
2021-11-19,0.9256
2021-11-22,0.9293
2021-11-23,0.9323
2021-11-24,0.9334
2021-11-25,0.9338
2021-11-26,0.9353
2021-11-29,0.9243
2021-11-30,0.9229
2021-12-01,0.9195
2021-12-02,0.9206
2021-12-03,0.9198
2021-12-06,0.9185
2021-12-07,0.9255
2021-12-08,0.9244
2021-12-09,0.92
2021-12-10,0.9238
2021-12-13,0.9211
2021-12-14,0.9224
2021-12-15,0.924
2021-12-16,0.9244
2021-12-17,0.9188
2021-12-20,0.9233
2021-12-21,0.9217
2021-12-22,0.923
2021-12-23,0.9194
2021-12-24,0.9186
2021-12-27,0.9188
2021-12-28,0.9172
2021-12-29,0.9169
2021-12-30,0.9136
2021-12-31,0.9137
2022-01-03,0.912
2022-01-04,0.9183
2022-01-05,0.9162
2022-01-06,0.9174
2022-01-07,0.9214
2022-01-10,0.9188
2022-01-11,0.9272
2022-01-12,0.9235
2022-01-13,0.9141
2022-01-14,0.911
2022-01-17,0.9145
2022-01-18,0.9139
2022-01-19,0.9171
2022-01-20,0.9156
2022-01-21,0.9168
2022-01-24,0.9126
2022-01-25,0.9141
2022-01-26,0.9177
2022-01-27,0.9239
2022-01-28,0.9309
2022-01-31,0.9311
2022-02-01,0.9271
2022-02-02,0.9209
2022-02-03,0.919
2022-02-04,0.9204
2022-02-07,0.9251
2022-02-08,0.923
2022-02-09,0.925
2022-02-10,0.9242
2022-02-11,0.9257
2022-02-14,0.9247
2022-02-15,0.9245
2022-02-16,0.9254
2022-02-17,0.9216
2022-02-18,0.9196
2022-02-21,0.9209
2022-02-22,0.9157
2022-02-23,0.9216
2022-02-24,0.9174
2022-02-25,0.9258
2022-02-28,0.9266
2022-03-01,0.9175
2022-03-02,0.9186
2022-03-03,0.9205
2022-03-04,0.9179
2022-03-07,0.9202
2022-03-08,0.9255
2022-03-09,0.9296
2022-03-10,0.9265
2022-03-11,0.9294
2022-03-14,0.9348
2022-03-15,0.9383
2022-03-16,0.9408
2022-03-17,0.9416
2022-03-18,0.936
2022-03-21,0.9329
2022-03-22,0.9339
2022-03-23,0.9334
2022-03-24,0.9307
2022-03-25,0.9295
2022-03-27,0.9313
2022-03-28,0.9337
2022-03-29,0.9312
2022-03-30,0.923
2022-03-31,0.9232
2022-04-03,0.9259
2022-04-04,0.9262
2022-04-05,0.9296
2022-04-06,0.933
2022-04-07,0.9345
2022-04-10,0.9342
2022-04-11,0.9313
2022-04-12,0.9326
2022-04-13,0.9338
2022-04-14,0.9429
2022-04-17,0.9423
2022-04-18,0.9446
2022-04-19,0.9521
2022-04-20,0.949
2022-04-21,0.9537
2022-04-24,0.9556
2022-04-25,0.9583
2022-04-26,0.9622
2022-04-27,0.9687
2022-04-28,0.9717
2022-05-01,0.9742
2022-05-02,0.9778
2022-05-03,0.9788
2022-05-04,0.9732
2022-05-05,0.9852
2022-05-08,0.9893
2022-05-09,0.9927
2022-05-10,0.9957
2022-05-11,0.9945
2022-05-12,1.003
2022-05-15,1.0022
2022-05-16,1.0017
2022-05-17,0.9938
2022-05-18,0.9871
2022-05-19,0.9722
2022-05-22,0.975
2022-05-23,0.966
2022-05-24,0.9602
2022-05-25,0.9615
2022-05-26,0.9586
2022-05-29,0.9578
2022-05-30,0.9582
2022-05-31,0.9595
2022-06-01,0.9631
2022-06-02,0.9574
2022-06-05,0.9623
2022-06-06,0.9713
2022-06-07,0.9735
2022-06-08,0.9788
2022-06-09,0.9804
2022-06-12,0.9894
2022-06-13,0.9967
2022-06-14,0.9995
2022-06-15,0.9946
2022-06-16,0.9667
2022-06-19,0.9696
2022-06-20,0.9671
2022-06-21,0.966
2022-06-22,0.9617
2022-06-23,0.9614
2022-06-26,0.9573
2022-06-27,0.9562
2022-06-28,0.9567
2022-06-29,0.9542
2022-06-30,0.9551
2022-07-03,0.9584
2022-07-04,0.9608
2022-07-05,0.9685
2022-07-06,0.9702
2022-07-07,0.9738
2022-07-10,0.9777
2022-07-11,0.9827
2022-07-12,0.9819
2022-07-13,0.9808
2022-07-14,0.983
2022-07-17,0.9756
2022-07-18,0.9775
2022-07-19,0.9688
2022-07-20,0.9715
2022-07-21,0.9662
2022-07-24,0.963
2022-07-25,0.9643
2022-07-26,0.9622
2022-07-27,0.9582
2022-07-28,0.9544
2022-07-31,0.9531
2022-08-01,0.9501
2022-08-02,0.9585
2022-08-03,0.9612
2022-08-04,0.9541
2022-08-07,0.9622
2022-08-08,0.9549
2022-08-09,0.9542
2022-08-10,0.9423
2022-08-11,0.9413
2022-08-14,0.9418
2022-08-15,0.946
2022-08-16,0.9497
2022-08-17,0.9513
2022-08-18,0.9566
2022-08-21,0.9588
2022-08-22,0.9644
2022-08-23,0.9644
2022-08-24,0.9665
2022-08-25,0.9636
2022-08-28,0.9685
2022-08-29,0.9671
2022-08-30,0.9739
2022-08-31,0.9791
2022-09-01,0.9813
2022-09-04,0.9833
2022-09-05,0.9784
2022-09-06,0.9845
2022-09-07,0.977
2022-09-08,0.9686
2022-09-11,0.9599
2022-09-12,0.9528
2022-09-13,0.9603
2022-09-14,0.9619
2022-09-15,0.9618
2022-09-18,0.9632
2022-09-19,0.9641
2022-09-20,0.9637
2022-09-21,0.9679
2022-09-22,0.9757
2022-09-25,0.9824
2022-09-26,0.9921
2022-09-27,0.9915
2022-09-28,0.9776
2022-09-29,0.9749
2022-10-02,0.9857
2022-10-03,0.9926
2022-10-04,0.9787
2022-10-05,0.9813
2022-10-06,0.99
2022-10-09,0.9946
2022-10-10,0.9995
2022-10-11,0.9976
2022-10-12,0.9974
2022-10-13,1.0014
2022-10-16,1.0037
2022-10-17,0.9955
2022-10-18,0.9937
2022-10-19,1.0048
2022-10-20,1.0038
2022-10-23,0.9979
2022-10-24,0.9994
2022-10-25,0.9947
2022-10-26,0.985
2022-10-27,0.9904
2022-10-31,0.9964
2022-11-01,1.0014
2022-11-02,0.9997
2022-11-03,1.0033
2022-11-04,1.0134
2022-11-07,0.9967
2022-11-08,0.9889
2022-11-09,0.9844
2022-11-10,0.9835
2022-11-11,0.9649
2022-11-14,0.9441
2022-11-15,0.9432
2022-11-16,0.9429
2022-11-17,0.9444
2022-11-18,0.9527
2022-11-21,0.9533
2022-11-22,0.9584
2022-11-23,0.9511
2022-11-24,0.9407
2022-11-25,0.9434
2022-11-28,0.9474
2022-11-29,0.9488
2022-11-30,0.9543
2022-12-01,0.9439
2022-12-02,0.9364
2022-12-05,0.9365
2022-12-06,0.9423
2022-12-07,0.942
2022-12-08,0.9403
2022-12-09,0.9359
2022-12-12,0.935
2022-12-13,0.9357
2022-12-14,0.929
2022-12-15,0.9244
2022-12-16,0.9276
2022-12-19,0.9346
2022-12-20,0.9287
2022-12-21,0.9262
2022-12-22,0.9263
2022-12-23,0.931
2022-12-26,0.9329
2022-12-27,0.932
2022-12-28,0.9292
2022-12-29,0.9277
2022-12-30,0.9229
2023-01-02,0.9238
2023-01-03,0.924
2023-01-04,0.9358
2023-01-05,0.9296
2023-01-06,0.9358
2023-01-09,0.9269
2023-01-10,0.9209
2023-01-11,0.9222
2023-01-12,0.9309
2023-01-13,0.9272
2023-01-16,0.9267
2023-01-17,0.9254
2023-01-18,0.9219
2023-01-19,0.9159
2023-01-20,0.9155
2023-01-23,0.9199
2023-01-24,0.9217
2023-01-25,0.9223
2023-01-26,0.917
2023-01-27,0.9202
2023-01-30,0.9209
2023-01-31,0.9253
2023-02-01,0.9162
2023-02-02,0.9073
2023-02-03,0.9132
2023-02-06,0.9263
2023-02-07,0.9279
2023-02-08,0.9216
2023-02-09,0.9209
2023-02-10,0.922
2023-02-13,0.9238
2023-02-14,0.9186
2023-02-15,0.9215
2023-02-16,0.9234
2023-02-17,0.9265
2023-02-20,0.9254
2023-02-21,0.9232
2023-02-22,0.9275
2023-02-23,0.9312
2023-02-24,0.9337
2023-02-27,0.94
2023-02-28,0.9356
2023-03-01,0.9419
2023-03-02,0.9395
2023-03-03,0.9419
2023-03-06,0.9368
2023-03-07,0.9307
2023-03-08,0.9422
2023-03-09,0.9409
2023-03-10,0.9329
2023-03-13,0.9184
2023-03-14,0.9125
2023-03-15,0.9145
2023-03-16,0.931
2023-03-17,0.9292
2023-03-20,0.9267
2023-03-21,0.9292
2023-03-22,0.9215
2023-03-23,0.9165
2023-03-24,0.9164
2023-03-26,0.9199
2023-03-27,0.915
2023-03-28,0.9204
2023-03-29,0.9181
2023-03-30,0.9134
2023-04-02,0.9175
2023-04-03,0.9127
2023-04-04,0.9054
2023-04-05,0.9064
2023-04-06,0.9044
2023-04-09,0.9043
2023-04-10,0.9088
2023-04-11,0.9029
2023-04-12,0.8958
2023-04-13,0.889
2023-04-16,0.8948
2023-04-17,0.8985
2023-04-18,0.8959
2023-04-19,0.8977
2023-04-20,0.8923
2023-04-23,0.8917
2023-04-24,0.8871
2023-04-25,0.8918
2023-04-26,0.8908
2023-04-27,0.8939
2023-04-30,0.8948
2023-05-01,0.8959
2023-05-02,0.8923
2023-05-03,0.8834
2023-05-04,0.8852
2023-05-07,0.8912
2023-05-08,0.8899
2023-05-09,0.8902
2023-05-10,0.8893
2023-05-11,0.894
2023-05-14,0.8984
2023-05-15,0.8955
2023-05-16,0.8964
2023-05-17,0.8987
2023-05-18,0.9049
2023-05-21,0.8982
2023-05-22,0.8983
2023-05-23,0.9013
2023-05-24,0.904
2023-05-25,0.905
2023-05-28,0.9057
2023-05-29,0.9045
2023-05-30,0.9058
2023-05-31,0.9099
2023-06-01,0.9056
2023-06-04,0.9097
2023-06-05,0.9059
2023-06-06,0.9071
2023-06-07,0.9095
2023-06-08,0.8987
2023-06-11,0.9032
2023-06-12,0.9083
2023-06-13,0.9053
2023-06-14,0.9001
2023-06-15,0.8916
2023-06-18,0.8942
2023-06-19,0.8958
2023-06-20,0.8977
2023-06-21,0.8923
2023-06-22,0.8949
2023-06-25,0.8958
2023-06-26,0.8956
2023-06-27,0.8938
2023-06-28,0.8967
2023-06-29,0.8991
2023-07-02,0.895
2023-07-03,0.8958
2023-07-04,0.8966
2023-07-05,0.8985
2023-07-06,0.8953
2023-07-09,0.8889
2023-07-10,0.8851
2023-07-11,0.8788
2023-07-12,0.8666
2023-07-13,0.8591
2023-07-16,0.8619
2023-07-17,0.8604
2023-07-18,0.8576
2023-07-19,0.8579
2023-07-20,0.8663
2023-07-23,0.8662
2023-07-24,0.8699
2023-07-25,0.8645
2023-07-26,0.8615
2023-07-27,0.8688
2023-07-30,0.8698
2023-07-31,0.8716
2023-08-01,0.8724
2023-08-02,0.8773
2023-08-03,0.8742
2023-08-06,0.8741
2023-08-07,0.8727
2023-08-08,0.8756
2023-08-09,0.8767
2023-08-10,0.8768
2023-08-13,0.8766
2023-08-14,0.878
2023-08-15,0.8786
2023-08-16,0.8801
2023-08-17,0.8782
2023-08-20,0.8823
2023-08-21,0.8785
2023-08-22,0.8798
2023-08-23,0.8774
2023-08-24,0.8851
2023-08-27,0.8847
2023-08-28,0.8835
2023-08-29,0.879
2023-08-30,0.8781
2023-08-31,0.8832
2023-09-03,0.8853
2023-09-04,0.8848
2023-09-05,0.8894
2023-09-06,0.8914
2023-09-07,0.8927
2023-09-10,0.892
2023-09-11,0.8912
2023-09-12,0.8914
2023-09-13,0.8932
2023-09-14,0.8964
2023-09-17,0.8969
2023-09-18,0.8972
2023-09-19,0.8973
2023-09-20,0.8992
2023-09-21,0.9045
2023-09-24,0.9071
2023-09-25,0.9121
2023-09-26,0.9158
2023-09-27,0.9208
2023-09-28,0.9148
2023-10-01,0.9155
2023-10-02,0.9179
2023-10-03,0.921
2023-10-04,0.9166
2023-10-05,0.9126
2023-10-08,0.9087
2023-10-09,0.9048
2023-10-10,0.9046
2023-10-11,0.901
2023-10-12,0.9078
2023-10-15,0.9025
2023-10-16,0.9005
2023-10-17,0.9001
2023-10-18,0.8986
2023-10-19,0.8918
2023-10-22,0.8932
2023-10-23,0.8906
2023-10-24,0.8931
2023-10-25,0.8967
2023-10-26,0.8988
2023-10-30,0.9024
2023-10-31,0.9021
2023-11-01,0.9098
2023-11-02,0.9056
2023-11-03,0.9061
2023-11-06,0.8992
2023-11-07,0.8992
2023-11-08,0.9
2023-11-09,0.8991
2023-11-10,0.9032
2023-11-13,0.902
2023-11-14,0.9012
2023-11-15,0.8891
2023-11-16,0.8871
2023-11-17,0.8885
2023-11-20,0.8859
2023-11-21,0.8844
2023-11-22,0.8832
2023-11-23,0.884
2023-11-24,0.8845
2023-11-27,0.8823
2023-11-28,0.88
2023-11-29,0.8769
2023-11-30,0.8733
2023-12-01,0.8747
2023-12-04,0.8679
2023-12-05,0.8725
2023-12-06,0.8749
2023-12-07,0.8746
2023-12-08,0.8754
2023-12-11,0.8796
2023-12-12,0.8781
2023-12-13,0.8751
2023-12-14,0.871
2023-12-15,0.8671
2023-12-18,0.8706
2023-12-19,0.8671
2023-12-20,0.8603
2023-12-21,0.8625
2023-12-22,0.8563
2023-12-25,0.8551
2023-12-26,0.8557
2023-12-27,0.8536
2023-12-28,0.8423
2023-12-29,0.8434
2024-01-01,0.8408
2024-01-02,0.8419
2024-01-03,0.8501
2024-01-04,0.8489
2024-01-05,0.85
2024-01-08,0.8507
2024-01-09,0.8479
2024-01-10,0.8524
2024-01-11,0.8505
2024-01-12,0.851
2024-01-15,0.8533
2024-01-16,0.856
2024-01-17,0.8613
2024-01-18,0.8643
2024-01-19,0.8681
2024-01-22,0.8685
2024-01-23,0.8691
2024-01-24,0.8696
2024-01-25,0.863
2024-01-26,0.8669
2024-01-29,0.8641
2024-01-30,0.8613
2024-01-31,0.8619
2024-02-01,0.8623
2024-02-02,0.8576
2024-02-05,0.867
2024-02-06,0.8707
2024-02-07,0.8695
2024-02-08,0.8739
2024-02-09,0.8734
2024-02-12,0.8742
2024-02-13,0.8758
2024-02-14,0.8874
2024-02-15,0.8851
2024-02-16,0.8798
2024-02-19,0.8806
2024-02-20,0.8827
2024-02-21,0.8818
2024-02-22,0.8792
2024-02-23,0.8799
2024-02-26,0.8813
2024-02-27,0.8799
2024-02-28,0.8788
2024-02-29,0.8787
2024-03-01,0.8844
2024-03-04,0.8833
2024-03-05,0.8852
2024-03-06,0.8836
2024-03-07,0.8821
2024-03-08,0.8771
2024-03-11,0.8775
2024-03-12,0.8773
2024-03-13,0.8774
2024-03-14,0.8784
2024-03-15,0.8843
2024-03-18,0.8836
2024-03-19,0.8875
2024-03-20,0.8885
2024-03-21,0.8856
2024-03-22,0.8977
2024-03-25,0.8976
2024-03-26,0.8995
2024-03-27,0.9036
2024-03-28,0.9055
2024-03-29,0.9011
2024-03-31,0.902
2024-04-01,0.9051
2024-04-02,0.9078
2024-04-03,0.9029
2024-04-04,0.9015
2024-04-07,0.9032
2024-04-08,0.905
2024-04-09,0.903
2024-04-10,0.913
2024-04-11,0.9098
2024-04-14,0.9138
2024-04-15,0.9116
2024-04-16,0.9126
2024-04-17,0.9104
2024-04-18,0.9121
2024-04-21,0.911
2024-04-22,0.9119
2024-04-23,0.9114
2024-04-24,0.9144
2024-04-25,0.9125
2024-04-28,0.9137
2024-04-29,0.9107
2024-04-30,0.9195
2024-05-01,0.9164
2024-05-02,0.9098
2024-05-05,0.9059
2024-05-06,0.9067
2024-05-07,0.9085
2024-05-08,0.908
2024-05-09,0.9058
2024-05-12,0.9064
2024-05-13,0.9079
2024-05-14,0.9067
2024-05-15,0.9005
2024-05-16,0.906
2024-05-19,0.9087
2024-05-20,0.9101
2024-05-21,0.9112
2024-05-22,0.915
2024-05-23,0.9143
2024-05-26,0.9144
2024-05-27,0.9132
2024-05-28,0.9123
2024-05-29,0.9128
2024-05-30,0.9033
2024-06-02,0.9013
2024-06-03,0.895
2024-06-04,0.8899
2024-06-05,0.8925
2024-06-06,0.8897
2024-06-09,0.8961
2024-06-10,0.8966
2024-06-11,0.8978
2024-06-12,0.8943
2024-06-13,0.8939
2024-06-16,0.8907
2024-06-17,0.8883
2024-06-18,0.8842
2024-06-19,0.8843
2024-06-20,0.8915
2024-06-23,0.8941
2024-06-24,0.8932
2024-06-25,0.8952
2024-06-26,0.8967
2024-06-27,0.8985
2024-06-30,0.9002
2024-07-01,0.9032
2024-07-02,0.9037
2024-07-03,0.9008
2024-07-04,0.9003
2024-07-07,0.8952
2024-07-08,0.8978
2024-07-09,0.8974
2024-07-10,0.8992
2024-07-11,0.896
2024-07-14,0.8969
2024-07-15,0.8955
2024-07-16,0.8932
2024-07-17,0.8824
2024-07-18,0.8873
2024-07-21,0.888
2024-07-22,0.8895
2024-07-23,0.8915
2024-07-24,0.885
2024-07-25,0.8806
2024-07-28,0.8843
2024-07-29,0.8861
2024-07-30,0.882
2024-07-31,0.8781
2024-08-01,0.8729
2024-08-04,0.8561
2024-08-05,0.8548
2024-08-06,0.8526
2024-08-07,0.8593
2024-08-08,0.8669
2024-08-11,0.865
2024-08-12,0.8647
2024-08-13,0.8651
2024-08-14,0.8648
2024-08-15,0.8725
2024-08-18,0.8676
2024-08-19,0.8624
2024-08-20,0.8536
2024-08-21,0.8511
2024-08-22,0.8517
2024-08-25,0.8473
2024-08-26,0.8471
2024-08-27,0.8417
2024-08-28,0.8418
2024-08-29,0.8469
2024-09-01,0.8505
2024-09-02,0.8514
2024-09-03,0.8499
2024-09-04,0.846
2024-09-05,0.8438
2024-09-08,0.8439
2024-09-09,0.8494
2024-09-10,0.8466
2024-09-11,0.8526
2024-09-12,0.8499
2024-09-15,0.8477
2024-09-16,0.8446
2024-09-17,0.8463
2024-09-18,0.8473
2024-09-19,0.8478
2024-09-22,0.8509
2024-09-23,0.8473
2024-09-24,0.8415
2024-09-25,0.8506
2024-09-26,0.8462
2024-09-29,0.8405
2024-09-30,0.8453
2024-10-01,0.8463
2024-10-02,0.8499
2024-10-03,0.8518
2024-10-06,0.8587
2024-10-07,0.8546
2024-10-08,0.8574
2024-10-09,0.8605
2024-10-10,0.8565
2024-10-13,0.8583
2024-10-14,0.8621
2024-10-15,0.8625
2024-10-16,0.8653
2024-10-17,0.8659
2024-10-20,0.8649
2024-10-21,0.8654
2024-10-22,0.8655
2024-10-23,0.8667
2024-10-24,0.8659
2024-10-28,0.8685
2024-10-29,0.8649
2024-10-30,0.8672
2024-10-31,0.8663
2024-11-01,0.8635
2024-11-04,0.8676
2024-11-05,0.8642
2024-11-06,0.8624
2024-11-07,0.8757
2024-11-08,0.8728
2024-11-11,0.876
2024-11-12,0.8803
2024-11-13,0.8822
2024-11-14,0.8858
2024-11-15,0.8904
2024-11-18,0.8887
2024-11-19,0.8832
2024-11-20,0.8821
2024-11-21,0.8837
2024-11-22,0.8869
2024-11-25,0.8905
2024-11-26,0.8888
2024-11-27,0.8863
2024-11-28,0.882
2024-11-29,0.8823
2024-12-02,0.882
2024-12-03,0.8863
2024-12-04,0.8864
2024-12-05,0.8838
2024-12-06,0.8784
2024-12-09,0.8787
2024-12-10,0.8786
2024-12-11,0.8825
2024-12-12,0.8832
2024-12-13,0.892
2024-12-16,0.8917
2024-12-17,0.894
2024-12-18,0.8925
2024-12-19,0.9017
2024-12-20,0.899
2024-12-23,0.8931
2024-12-24,0.8985
2024-12-25,0.9003
2024-12-26,0.8994
2024-12-27,0.8989
2024-12-30,0.9018
2024-12-31,0.9032
2025-01-02,0.9078
2025-01-03,0.912
2025-01-06,0.9093
2025-01-07,0.905
2025-01-08,0.9094
2025-01-09,0.911
2025-01-10,0.9121
2025-01-13,0.9168
2025-01-14,0.9158
2025-01-15,0.9125
2025-01-16,0.9121
2025-01-17,0.9112
2025-01-20,0.9146
2025-01-21,0.9061
2025-01-22,0.9067
2025-01-23,0.9063
2025-01-24,0.9075
2025-01-27,0.9068
2025-01-28,0.904
2025-01-29,0.9041
2025-01-30,0.9063
2025-01-31,0.9094
2025-02-03,0.9152
2025-02-04,0.9116
2025-02-05,0.9052
2025-02-06,0.9013
2025-02-07,0.9051
2025-02-10,0.9107
2025-02-11,0.9113
2025-02-12,0.913
2025-02-13,0.9134
2025-02-14,0.9032
2025-02-17,0.8998
2025-02-18,0.9007
2025-02-19,0.9036
2025-02-20,0.9046
2025-02-21,0.8981
2025-02-24,0.8985
2025-02-25,0.8973
2025-02-26,0.8924
2025-02-27,0.8943
2025-02-28,0.8999
2025-03-03,0.9026
2025-03-04,0.8966
2025-03-05,0.8896
2025-03-06,0.8907
2025-03-07,0.8833
2025-03-10,0.8773
2025-03-11,0.88
2025-03-12,0.8834
2025-03-13,0.8818
2025-03-14,0.8826
2025-03-17,0.8841
2025-03-18,0.8812
2025-03-19,0.8767
2025-03-20,0.8764
2025-03-21,0.8814
2025-03-24,0.8829
2025-03-25,0.8827
2025-03-26,0.8827
2025-03-27,0.8842
2025-03-28,0.8814
2025-03-30,0.8809
2025-03-31,0.8838
2025-04-01,0.8834
2025-04-02,0.8768
2025-04-03,0.8592
2025-04-06,0.8516
2025-04-07,0.8597
2025-04-08,0.8457
2025-04-09,0.8554
2025-04-10,0.8208
2025-04-13,0.8181
2025-04-14,0.816
2025-04-15,0.8208
2025-04-16,0.8138
2025-04-21,0.8091
2025-04-22,0.8261
2025-04-23,0.8298
2025-04-24,0.8287
2025-04-27,0.8284
2025-04-28,0.8212
2025-04-29,0.8234
2025-04-30,0.826
2025-05-01,0.829
2025-05-04,0.8241
2025-05-05,0.8218
2025-05-06,0.8256
2025-05-07,0.8239
2025-05-08,0.8318
2025-05-11,0.8337
2025-05-12,0.8449
2025-05-13,0.8394
2025-05-14,0.8412
2025-05-15,0.8346
2025-05-18,0.8354
2025-05-19,0.835
2025-05-20,0.8267
2025-05-21,0.8251
2025-05-22,0.8284
2025-05-25,0.8224
2025-05-26,0.8204
2025-05-27,0.8273
2025-05-28,0.8325
2025-05-29,0.822
2025-06-01,0.8223
2025-06-02,0.8159
2025-06-03,0.8229
2025-06-04,0.818
2025-06-05,0.8192
2025-06-08,0.8213
2025-06-09,0.8212
2025-06-10,0.8219
2025-06-11,0.8184
2025-06-12,0.809
2025-06-15,0.8122
2025-06-16,0.8137
2025-06-17,0.8169
2025-06-18,0.8191
2025-06-19,0.8164
2025-06-22,0.8177
2025-06-23,0.8126
2025-06-24,0.8051
2025-06-25,0.8037
2025-06-26,0.8009
2025-06-29,0.7983
2025-06-30,0.7927
2025-07-01,0.7907
2025-07-02,0.7915
2025-07-03,0.7941
2025-07-06,0.794
2025-07-07,0.7972
2025-07-08,0.7959
2025-07-09,0.7929
2025-07-10,0.7967
2025-07-13,0.7968
2025-07-14,0.7979
2025-07-15,0.8014
2025-07-16,0.8009
2025-07-17,0.8029
2025-07-20,0.8012
2025-07-21,0.7981
2025-07-22,0.7936
2025-07-23,0.792
2025-07-24,0.7949
2025-07-27,0.7954
2025-07-28,0.8031
2025-07-29,0.8055
2025-07-30,0.8132
2025-07-31,0.8139
2025-08-03,0.804
2025-08-04,0.8071
2025-08-05,0.8069
2025-08-06,0.8061
2025-08-07,0.8057
2025-08-10,0.8075
2025-08-11,0.8118
2025-08-12,0.8061
2025-08-13,0.8047
2025-08-14,0.8075
2025-08-17,0.8066
2025-08-18,0.8074
2025-08-19,0.8078
2025-08-20,0.8041
2025-08-21,0.8087
2025-08-24,0.8023
2025-08-25,0.8062
2025-08-26,0.8038
2025-08-27,0.8015
2025-08-28,0.8016
2025-08-31,0.8006
2025-09-01,0.8001
2025-09-02,0.8053
2025-09-03,0.8038
2025-09-04,0.8051
2025-09-07,0.7992
2025-09-08,0.7928
2025-09-09,0.7973
2025-09-10,0.7987
2025-09-11,0.7959
2025-09-14,0.7967
2025-09-15,0.7947
2025-09-16,0.7859
2025-09-17,0.7883
2025-09-18,0.7925
2025-09-21,0.7962
2025-09-22,0.7924
2025-09-23,0.7914
2025-09-24,0.7947
2025-09-25,0.8
2025-09-28,0.7975
2025-09-29,0.7972
2025-09-30,0.7962
2025-10-01,0.7969
2025-10-02,0.797
2025-10-05,0.7972
2025-10-06,0.7949
2025-10-07,0.7986
2025-10-08,0.8015
2025-10-09,0.8062
2025-10-12,0.8023
2025-10-13,0.8043
2025-10-14,0.8015
2025-10-15,0.7965
2025-10-16,0.7918
2025-10-19,0.7936
2025-10-20,0.7924
2025-10-21,0.7967
2025-10-22,0.7961
2025-10-23,0.7951
2025-10-27,0.7961
2025-10-28,0.7946
2025-10-29,0.7928
2025-10-30,0.7998
2025-10-31,0.8016
2025-11-03,0.8049
2025-11-04,0.8081
2025-11-05,0.8103
2025-11-06,0.8097
2025-11-07,0.8059
2025-11-10,0.8071
2025-11-11,0.8052
2025-11-12,0.8003
2025-11-13,0.7978
2025-11-14,0.7933
2025-11-17,0.7943
2025-11-18,0.7962
2025-11-19,0.8002
2025-11-20,0.8054
2025-11-21,0.8055
2025-11-24,0.8087
2025-11-25,0.8086
2025-11-26,0.808
2025-11-27,0.8035
2025-11-28,0.8046
2025-12-01,0.8033
2025-12-02,0.8046
2025-12-03,0.8029
2025-12-04,0.7998
2025-12-05,0.8038
2025-12-08,0.8048
2025-12-09,0.8066
2025-12-10,0.8059
2025-12-11,0.7994
2025-12-12,0.7948
2025-12-15,0.7961
2025-12-16,0.796
2025-12-17,0.7952
2025-12-18,0.7952
2025-12-19,0.794
2025-12-22,0.7958
2025-12-23,0.7914
2025-12-24,0.7875
2025-12-26,0.788
2025-12-29,0.7892
2025-12-30,0.7887
2025-12-31,0.7917
2026-01-02,0.792
2026-01-05,0.7934
2026-01-06,0.7921
2026-01-07,0.7955
2026-01-08,0.7976
2026-01-09,0.799
2026-01-12,0.8015
2026-01-13,0.7974
2026-01-14,0.801
2026-01-15,0.7997
2026-01-16,0.8034
2026-01-19,0.7987
2026-01-20,0.7979
2026-01-21,0.7895
2026-01-22,0.7964
2026-01-23,0.789
2026-01-26,0.7779
2026-01-27,0.7772
2026-01-28,0.7632
2026-01-29,0.7657
2026-01-30,0.7644
2026-02-02,0.7736
2026-02-03,0.779
2026-02-04,0.7758
2026-02-05,0.7773
2026-02-06,0.7777
2026-02-09,0.7758
2026-02-10,0.7671
2026-02-11,0.7686
2026-02-12,0.7711
2026-02-13,0.7696
2026-02-16,0.7682
2026-02-17,0.7696
2026-02-18,0.7702
2026-02-19,0.7722
2026-02-20,0.7753
2026-02-23,0.7717
2026-02-24,0.7742
2026-02-25,0.7737
2026-02-26,0.7721
2026-02-27,0.7732
2026-03-02,0.7695
2026-03-03,0.7787
2026-03-04,0.7819
2026-03-05,0.7792
2026-03-06,0.7807
2026-03-09,0.7812
2026-03-10,0.7779
2026-03-11,0.7786
2026-03-12,0.7817
2026-03-13,0.7853
2026-03-16,0.7899
2026-03-17,0.788
2026-03-18,0.7848
2026-03-19,0.7926
2026-03-20,0.7887
2026-03-23,0.7878
2026-03-24,0.7864
2026-03-25,0.788
2026-03-26,0.7915
2026-03-27,0.7947
2026-03-29,0.7998
2026-03-30,0.7999
2026-03-31,0.7976
2026-04-01,0.794
2026-04-02,0.7986
2026-04-05,0.8012
2026-04-06,0.7981
2026-04-07,0.7904
2026-04-08,0.7914
2026-04-09,0.7909
2026-04-12,0.7926
2026-04-13,0.7832
2026-04-14,0.7809
2026-04-15,0.7813
2026-04-16,0.7832
2026-04-19,0.7837
2026-04-20,0.7785
2026-04-21,0.7806
2026-04-22,0.7848
2026-04-23,0.7862
2026-04-26,0.7863
2026-04-27,0.7853
2026-04-28,0.789
2026-04-29,0.7906
2026-04-30,0.7814
2026-05-03,0.7811
2026-05-04,0.784
2026-05-05,0.7814
2026-05-06,0.7789
2026-05-07,0.7802
2026-05-10,0.7778
2026-05-11,0.7782
2026-05-12,0.7804
2026-05-13,0.7815
2026-05-14,0.7842
2026-05-17,0.7873
2026-05-18,0.7845
2026-05-19,0.7888
2026-05-20,0.7869
2026-05-21,0.7865
2026-05-24,0.7823
2026-05-25,0.783
2026-05-26,0.7851
2026-05-27,0.7879
2026-05-28,0.7837
2026-05-31,0.7819
2026-06-01,0.7861
2026-06-02,0.7883
2026-06-03,0.791
2026-06-04,0.7889
2026-06-07,0.7964
2026-06-08,0.7982
2026-06-09,0.7993
2026-06-10,0.8
2026-06-11,0.7951
2026-06-14,0.7939
2026-06-15,0.7944
2026-06-16,0.7931
2026-06-17,0.7994
2026-06-18,0.8049
2026-06-21,0.808
2026-06-22,0.8088
2026-06-23,0.8097
2026-06-24,0.8126
2026-06-25,0.8105
2026-06-28,0.8101
2026-06-29,0.8076
2026-06-30,0.8087
2026-07-01,0.8091
2026-07-02,0.8044
2026-07-05,0.8038
2026-07-06,0.8051
2026-07-07,0.8088
2026-07-08,0.8081
2026-07-09,0.8065
2026-07-12,0.8094
2026-07-13,0.8147
2026-07-14,0.8091
2026-07-15,0.8047
2026-07-16,0.8083
2026-07-19,0.8084
2026-07-20,0.81
2026-07-21,0.8124
2026-07-22,0.8142
2026-07-23,0.8169
2026-07-26,0.8163
2026-07-27,0.8193
2026-07-28,0.8195
2026-07-29,0.8134
2026-07-30,0.8058
2026-08-02,0.807
2026-08-03,0.8104
2026-08-04,0.8091
2026-08-05,0.8067
2026-08-06,0.8124
2026-08-09,0.8082
2026-08-11,0.8111
