Date,Close
2003-01-02,8.277
2003-01-03,8.2768
2003-01-06,8.2768
2003-01-07,8.2767
2003-01-08,8.2766
2003-01-09,8.2766
2003-01-10,8.2766
2003-01-13,8.2768
2003-01-14,8.2768
2003-01-15,8.277
2003-01-16,8.277
2003-01-17,8.277
2003-01-20,8.2772
2003-01-21,8.277
2003-01-22,8.277
2003-01-23,8.277
2003-01-24,8.2768
2003-01-27,8.2768
2003-01-28,8.2767
2003-01-29,8.2767
2003-01-30,8.2766
2003-01-31,8.2769
2003-02-03,8.2769
2003-02-04,8.2769
2003-02-05,8.2769
2003-02-06,8.2769
2003-02-07,8.2769
2003-02-10,8.2773
2003-02-11,8.2775
2003-02-13,8.2773
2003-02-14,8.2772
2003-02-17,8.2774
2003-02-18,8.2772
2003-02-19,8.2776
2003-02-20,8.2775
2003-02-21,8.2775
2003-02-24,8.2776
2003-02-25,8.2777
2003-02-26,8.2778
2003-02-27,8.2774
2003-02-28,8.2775
2003-03-03,8.2773
2003-03-05,8.2777
2003-03-06,8.2775
2003-03-07,8.2773
2003-03-10,8.2772
2003-03-11,8.277
2003-03-12,8.277
2003-03-13,8.277
2003-03-14,8.2771
2003-03-17,8.2771
2003-03-18,8.2772
2003-03-19,8.2772
2003-03-20,8.2771
2003-03-21,8.2774
2003-03-24,8.2773
2003-03-25,8.2771
2003-03-26,8.2774
2003-03-27,8.2772
2003-03-28,8.2771
2003-03-30,8.2774
2003-03-31,8.2774
2003-04-01,8.277
2003-04-02,8.277
2003-04-03,8.277
2003-04-06,8.2772
2003-04-07,8.2772
2003-04-08,8.2774
2003-04-09,8.2773
2003-04-10,8.2772
2003-04-13,8.2774
2003-04-14,8.2772
2003-04-15,8.2772
2003-04-16,8.2771
2003-04-20,8.2769
2003-04-21,8.277
2003-04-22,8.2772
2003-04-23,8.2772
2003-04-24,8.277
2003-04-27,8.277
2003-04-28,8.277
2003-12-01,8.2672
2003-12-02,8.2672
2003-12-03,8.2671
2003-12-04,8.267
2003-12-05,8.2669
2003-12-08,8.2671
2003-12-09,8.2671
2003-12-10,8.267
2003-12-11,8.2671
2003-12-12,8.2671
2003-12-15,8.2672
2003-12-16,8.2671
2003-12-17,8.2669
2003-12-18,8.2669
2003-12-19,8.267
2003-12-22,8.2669
2003-12-23,8.2668
2003-12-29,8.2669
2003-12-30,8.2667
2004-01-02,8.2669
2004-01-05,8.267
2004-01-06,8.2671
2004-01-07,8.2672
2004-01-08,8.2672
2004-01-09,8.267
2004-01-12,8.267
2004-01-13,8.2668
2004-01-14,8.2668
2004-01-15,8.2667
2004-01-16,8.2667
2004-01-19,8.2668
2004-01-20,8.267
2004-01-21,8.2671
2004-01-22,8.2671
2004-01-23,8.2671
2004-01-26,8.2671
2004-01-27,8.2671
2004-01-28,8.2671
2004-01-29,8.267
2004-01-30,8.2668
2004-02-02,8.267
2004-02-03,8.2672
2004-02-04,8.2672
2004-02-05,8.2673
2004-02-06,8.2673
2004-02-09,8.2673
2004-02-10,8.2672
2004-02-11,8.2671
2004-02-12,8.2672
2004-02-13,8.267
2004-02-16,8.2672
2004-02-17,8.267
2004-02-18,8.267
2004-02-19,8.2671
2004-02-20,8.2672
2004-02-23,8.2672
2004-02-24,8.2671
2004-02-25,8.267
2004-02-26,8.267
2004-02-27,8.2669
2004-03-01,8.2668
2004-03-02,8.2668
2004-03-03,8.2668
2004-03-04,8.267
2004-03-05,8.2673
2004-03-08,8.2667
2004-03-09,8.2667
2004-03-10,8.2667
2004-03-11,8.2672
2004-03-12,8.2671
2004-03-15,8.2673
2004-03-16,8.2673
2004-03-17,8.2674
2004-03-18,8.2668
2004-03-19,8.2672
2004-03-22,8.2673
2004-03-23,8.2674
2004-03-24,8.2672
2004-03-25,8.2671
2004-03-26,8.267
2004-03-28,8.2671
2004-03-29,8.2671
2004-03-30,8.267
2004-03-31,8.2669
2004-04-01,8.2669
2004-04-04,8.2669
2004-04-05,8.2669
2004-04-06,8.2669
2004-04-07,8.2669
2004-04-12,8.2669
2004-04-13,8.2672
2004-04-14,8.2671
2004-04-15,8.2669
2004-04-18,8.2668
2004-04-19,8.2668
2004-04-20,8.2669
2004-04-21,8.267
2004-04-22,8.2669
2004-04-25,8.2668
2004-04-26,8.2668
2004-04-27,8.2468
2004-04-28,8.2669
2004-04-29,8.2671
2004-05-02,8.2671
2004-05-03,8.2671
2004-05-04,8.2671
2004-05-05,8.2671
2004-05-06,8.2671
2004-05-09,8.2669
2004-05-10,8.2673
2004-05-11,8.2673
2004-05-12,8.2672
2004-05-13,8.2672
2004-05-16,8.2672
2004-05-17,8.2671
2004-05-18,8.2669
2004-05-20,8.2671
2004-05-23,8.2671
2004-05-24,8.2669
2004-05-25,8.2669
2004-05-26,8.2668
2004-05-27,8.2669
2004-05-31,8.2667
2004-06-01,8.2667
2004-06-02,8.2668
2004-06-03,8.2667
2004-06-07,8.2667
2004-06-08,8.2667
2004-06-09,8.2668
2004-06-10,8.2667
2004-06-13,8.2666
2004-06-14,8.2666
2004-06-15,8.2666
2004-06-16,8.2666
2004-06-17,8.2666
2004-06-20,8.2666
2004-06-21,8.2666
2004-06-22,8.2667
2004-06-23,8.2666
2004-06-24,8.2667
2004-06-27,8.2666
2004-06-28,8.2666
2004-06-29,8.2666
2004-06-30,8.2667
2004-07-01,8.2666
2004-07-04,8.2668
2004-07-05,8.2668
2004-07-06,8.2668
2004-07-07,8.2669
2004-07-08,8.2669
2004-07-11,8.2668
2004-07-12,8.2668
2004-07-13,8.2667
2004-07-14,8.2667
2004-07-15,8.2666
2004-07-18,8.2666
2004-07-19,8.2667
2004-07-20,8.2666
2004-07-21,8.2666
2004-07-22,8.2666
2004-07-25,8.2667
2004-07-26,8.2667
2004-07-27,8.2668
2004-07-28,8.2669
2004-07-29,8.2669
2004-08-01,8.267
2004-08-02,8.267
2004-08-03,8.267
2004-08-04,8.2669
2004-08-05,8.2669
2004-08-08,8.2669
2004-08-09,8.267
2004-08-10,8.2669
2004-08-11,8.2669
2004-08-12,8.2668
2004-08-15,8.2668
2004-08-16,8.2667
2004-08-17,8.2667
2004-08-18,8.2668
2004-08-19,8.2667
2004-08-22,8.2667
2004-08-23,8.2667
2004-08-24,8.2666
2004-08-25,8.2666
2004-08-26,8.2667
2004-08-29,8.2667
2004-08-30,8.2666
2004-08-31,8.2666
2004-09-01,8.2667
2004-09-02,8.2667
2004-09-05,8.2666
2004-09-06,8.2667
2004-09-07,8.2667
2004-09-08,8.2668
2004-09-09,8.2666
2004-09-12,8.2666
2004-09-13,8.2667
2004-09-14,8.2668
2004-09-15,8.2666
2004-09-16,8.2667
2004-09-19,8.2667
2004-09-20,8.2666
2004-09-21,8.2666
2004-09-22,8.2666
2004-09-23,8.2666
2004-09-26,8.2666
2004-09-27,8.2666
2004-09-28,8.2666
2004-09-29,8.2666
2004-09-30,8.2666
2004-10-03,8.2666
2004-10-04,8.2666
2004-10-05,8.2666
2004-10-06,8.2666
2004-10-07,8.2668
2004-10-10,8.2665
2004-10-11,8.2665
2004-10-12,8.2665
2004-10-13,8.2665
2004-10-14,8.2665
2004-10-17,8.2665
2004-10-18,8.2665
2004-10-19,8.2665
2004-10-20,8.2665
2004-10-21,8.2665
2004-10-24,8.2665
2004-10-25,8.2665
2004-10-26,8.2665
2004-10-27,8.2764
2004-10-28,8.2665
2004-11-01,8.2665
2004-11-02,8.2665
2004-11-03,8.2665
2004-11-04,8.2665
2004-11-05,8.2665
2004-11-08,8.2665
2004-11-09,8.2665
2004-11-10,8.2665
2004-11-11,8.2665
2004-11-12,8.2665
2004-11-15,8.2665
2004-11-16,8.2665
2004-11-17,8.2665
2004-11-18,8.2665
2004-11-19,8.2665
2004-11-22,8.2665
2004-11-23,8.2665
2004-11-24,8.2665
2004-11-25,8.2665
2004-11-26,8.2665
2004-11-29,8.2665
2004-11-30,8.2665
2004-12-01,8.2665
2004-12-02,8.2665
2004-12-03,8.2665
2004-12-06,8.2665
2004-12-07,8.2665
2004-12-08,8.2665
2004-12-09,8.2665
2004-12-10,8.2665
2004-12-13,8.2665
2004-12-14,8.2665
2004-12-15,8.2665
2004-12-16,8.2665
2004-12-17,8.2665
2004-12-20,8.2665
2004-12-21,8.2665
2004-12-22,8.2665
2004-12-23,8.2665
2004-12-24,8.2765
2004-12-27,8.2665
2004-12-28,8.2665
2004-12-29,8.2665
2004-12-30,8.2665
2004-12-31,8.2665
2005-01-03,8.2665
2005-01-04,8.2665
2005-01-05,8.2665
2005-01-06,8.2665
2005-01-07,8.2665
2005-01-10,8.2665
2005-01-11,8.2665
2005-01-12,8.2665
2005-01-13,8.2665
2005-01-14,8.2665
2005-01-17,8.2665
2005-01-18,8.2665
2005-01-19,8.2665
2005-01-20,8.2665
2005-01-21,8.2665
2005-01-24,8.2665
2005-01-25,8.2665
2005-01-26,8.2665
2005-01-27,8.2665
2005-01-28,8.2665
2005-01-31,8.2665
2005-02-01,8.2665
2005-02-02,8.2665
2005-02-03,8.2665
2005-02-04,8.2665
2005-02-07,8.2665
2005-02-08,8.2665
2005-02-09,8.2665
2005-02-10,8.2665
2005-02-11,8.2665
2005-02-14,8.2665
2005-02-15,8.2665
2005-02-16,8.2665
2005-02-17,8.2665
2005-02-18,8.2665
2005-02-21,8.2665
2005-02-22,8.2665
2005-02-23,8.2665
2005-02-24,8.2665
2005-02-25,8.2665
2005-02-28,8.2665
2005-03-01,8.2665
2005-03-02,8.2665
2005-03-03,8.2665
2005-03-04,8.2665
2005-03-07,8.2665
2005-03-08,8.2665
2005-03-09,8.2665
2005-03-10,8.2665
2005-03-11,8.2665
2005-03-14,8.2665
2005-03-15,8.2665
2005-03-16,8.2665
2005-03-17,8.2665
2005-03-18,8.2665
2005-03-21,8.2665
2005-03-22,8.2665
2005-03-23,8.2665
2005-03-24,8.2665
2005-03-25,8.2765
2005-03-27,8.2764
2005-03-28,8.2665
2005-03-29,8.2665
2005-03-30,8.2665
2005-03-31,8.2665
2005-04-03,8.2665
2005-04-04,8.2665
2005-04-05,8.2665
2005-04-06,8.2665
2005-04-07,8.2665
2005-04-10,8.2665
2005-04-11,8.2665
2005-04-12,8.2665
2005-04-13,8.2665
2005-04-14,8.2665
2005-04-17,8.2665
2005-04-18,8.2665
2005-04-19,8.2665
2005-04-20,8.2665
2005-04-21,8.2665
2005-04-24,8.2665
2005-04-25,8.2665
2005-04-26,8.2665
2005-04-27,8.2665
2005-04-28,8.2665
2005-05-01,8.2665
2005-05-02,8.2665
2005-05-03,8.2665
2005-05-04,8.2765
2005-05-05,8.2665
2005-05-08,8.2665
2005-05-09,8.2665
2005-05-10,8.2665
2005-05-11,8.2665
2005-05-12,8.2665
2005-05-15,8.2764
2005-05-16,8.2665
2005-05-17,8.2665
2005-05-18,8.2665
2005-05-19,8.2665
2005-05-22,8.2665
2005-05-23,8.2665
2005-05-24,8.2665
2005-05-25,8.2665
2005-05-26,8.2665
2005-05-29,8.2665
2005-05-30,8.2665
2005-05-31,8.2665
2005-06-01,8.2665
2005-06-02,8.2665
2005-06-05,8.2665
2005-06-06,8.2665
2005-06-07,8.2665
2005-06-08,8.2665
2005-06-09,8.2665
2005-06-12,8.2665
2005-06-13,8.2665
2005-06-14,8.2665
2005-06-15,8.2665
2005-06-16,8.2665
2005-06-19,8.2665
2005-06-20,8.2665
2005-06-21,8.2665
2005-06-22,8.2665
2005-06-23,8.2665
2005-06-26,8.2665
2005-06-27,8.2665
2005-06-28,8.2665
2005-06-29,8.2665
2005-06-30,8.2665
2005-07-03,8.2665
2005-07-04,8.2665
2005-07-05,8.2665
2005-07-06,8.2665
2005-07-07,8.2665
2005-07-10,8.2665
2005-07-11,8.2665
2005-07-12,8.2665
2005-07-13,8.2665
2005-07-14,8.2665
2005-07-17,8.2665
2005-07-18,8.2665
2005-07-19,8.2665
2005-07-20,8.2665
2005-07-21,8.1011
2005-07-24,8.1015
2005-07-25,8.0999
2005-07-26,8.1028
2005-07-27,8.098
2005-07-28,8.0956
2005-07-31,8.0946
2005-08-01,8.0932
2005-08-02,8.0951
2005-08-03,8.0927
2005-08-04,8.0937
2005-08-07,8.099
2005-08-08,8.097
2005-08-09,8.0962
2005-08-10,8.0902
2005-08-11,8.088
2005-08-14,8.0871
2005-08-15,8.0902
2005-08-16,8.0897
2005-08-17,8.0907
2005-08-18,8.0947
2005-08-21,8.0956
2005-08-22,8.0912
2005-08-23,8.0905
2005-08-24,8.0902
2005-08-25,8.0865
2005-08-28,8.0854
2005-08-29,8.0873
2005-08-30,8.0898
2005-08-31,8.0849
2005-09-01,8.0835
2005-09-04,8.0773
2005-09-05,8.0754
2005-09-06,8.0751
2005-09-07,8.0763
2005-09-08,8.0783
2005-09-11,8.0794
2005-09-12,8.0778
2005-09-13,8.075
2005-09-14,8.075
2005-09-15,8.0725
2005-09-18,8.0709
2005-09-19,8.0746
2005-09-20,8.0912
2005-09-21,8.0749
2005-09-22,8.0719
2005-09-25,8.0748
2005-09-26,8.0767
2005-09-27,8.0758
2005-09-28,8.0777
2005-09-29,8.0768
2005-10-02,8.0768
2005-10-03,8.0768
2005-10-04,8.0768
2005-10-05,8.0768
2005-10-06,8.0768
2005-10-09,8.0702
2005-10-10,8.0702
2005-10-11,8.0733
2005-10-12,8.0723
2005-10-13,8.0766
2005-10-16,8.0742
2005-10-17,8.0715
2005-10-18,8.0748
2005-10-19,8.0762
2005-10-20,8.0743
2005-10-23,8.0723
2005-10-24,8.0754
2005-10-25,8.0739
2005-10-26,8.0705
2005-10-27,8.07
2005-10-31,8.0732
2005-11-01,8.0745
2005-11-02,8.0689
2005-11-03,8.0679
2005-11-04,8.0832
2005-11-07,8.0715
2005-11-08,8.0853
2005-11-09,8.0843
2005-11-10,8.0823
2005-11-11,8.0747
2005-11-14,8.0807
2005-11-15,8.08
2005-11-16,8.0795
2005-11-17,8.0825
2005-11-18,8.067
2005-11-21,8.0813
2005-11-22,8.0819
2005-11-23,8.076
2005-11-24,8.0786
2005-11-25,8.0773
2005-11-28,8.0785
2005-11-29,8.0756
2005-11-30,8.0756
2005-12-01,8.0758
2005-12-02,8.0758
2005-12-05,8.0768
2005-12-06,8.074
2005-12-07,8.0731
2005-12-08,8.076
2005-12-09,8.074
2005-12-12,8.0725
2005-12-13,8.07
2005-12-14,8.071
2005-12-15,8.07
2005-12-16,8.0636
2005-12-19,8.071
2005-12-20,8.0708
2005-12-21,8.0725
2005-12-22,8.0738
2005-12-23,8.0739
2005-12-26,8.0738
2005-12-27,8.0724
2005-12-28,8.068
2005-12-29,8.067
2005-12-30,8.0682
2006-01-02,8.0682
2006-01-03,8.0662
2006-01-04,8.067
2006-01-05,8.0637
2006-01-06,8.063
2006-01-09,8.0621
2006-01-10,8.062
2006-01-11,8.066
2006-01-12,8.0639
2006-01-13,8.0678
2006-01-16,8.0653
2006-01-17,8.067
2006-01-18,8.0693
2006-01-19,8.0667
2006-01-20,8.0581
2006-01-23,8.0609
2006-01-24,8.0597
2006-01-25,8.0627
2006-01-26,8.06
2006-01-27,8.0523
2006-01-30,8.062
2006-01-31,8.062
2006-02-01,8.062
2006-02-02,8.062
2006-02-03,8.062
2006-02-06,8.0569
2006-02-07,8.055
2006-02-08,8.0525
2006-02-09,8.0545
2006-02-10,8.0482
2006-02-13,8.0441
2006-02-14,8.045
2006-02-15,8.0545
2006-02-16,8.048
2006-02-17,8.0465
2006-02-20,8.047
2006-02-21,8.0495
2006-02-22,8.0456
2006-02-23,8.0455
2006-02-24,8.0405
2006-02-27,8.0387
2006-02-28,8.0379
2006-03-01,8.0345
2006-03-02,8.0341
2006-03-03,8.0347
2006-03-06,8.0345
2006-03-07,8.0404
2006-03-08,8.0455
2006-03-09,8.0489
2006-03-10,8.05
2006-03-13,8.0485
2006-03-14,8.0473
2006-03-15,8.036
2006-03-16,8.0365
2006-03-17,8.0219
2006-03-20,8.029
2006-03-21,8.026
2006-03-22,8.0263
2006-03-23,8.0184
2006-03-24,8.0199
2006-03-26,8.0114
2006-03-27,8.0112
2006-03-28,8.0159
2006-03-29,8.0153
2006-03-30,8.0075
2006-04-02,8.011
2006-04-03,8.0071
2006-04-04,8.001
2006-04-05,7.998
2006-04-06,8.0019
2006-04-09,7.9964
2006-04-10,8.001
2006-04-11,8.0019
2006-04-12,8.008
2006-04-13,8.0085
2006-04-16,8.0085
2006-04-17,8.014
2006-04-18,8.0035
2006-04-19,8.0035
2006-04-20,8.007
2006-04-23,8.0065
2006-04-24,8.002
2006-04-25,8.0083
2006-04-26,8.0072
2006-04-27,8.0039
2006-04-30,8.0039
2006-05-01,8.0039
2006-05-02,8.0039
2006-05-03,8.0039
2006-05-04,8.0039
2006-05-07,7.997
2006-05-08,7.9952
2006-05-09,7.9935
2006-05-10,7.994
2006-05-11,7.9965
2006-05-14,7.998
2006-05-15,7.993
2006-05-16,7.991
2006-05-17,8.0004
2006-05-18,8.01
2006-05-21,8.016
2006-05-22,8.01
2006-05-23,8.01
2006-05-24,8.01
2006-05-25,8.015
2006-05-28,8.0126
2006-05-29,8.022
2006-05-30,8.014
2006-05-31,8.0104
2006-06-01,8.013
2006-06-04,8.013
2006-06-05,8.0025
2006-06-06,8.007
2006-06-07,8.0085
2006-06-08,8.0012
2006-06-11,8.006
2006-06-12,8.013
2006-06-13,7.9905
2006-06-14,7.9909
2006-06-15,7.9883
2006-06-18,7.9977
2006-06-19,7.9929
2006-06-20,7.991
2006-06-21,7.9865
2006-06-22,7.9898
2006-06-25,7.992
2006-06-26,7.9885
2006-06-27,7.9885
2006-06-28,7.986
2006-06-29,7.9825
2006-07-02,7.9902
2006-07-03,7.9823
2006-07-04,7.986
2006-07-05,7.986
2006-07-06,7.9755
2006-07-09,7.9792
2006-07-10,7.9815
2006-07-11,7.986
2006-07-12,7.9824
2006-07-13,7.985
2006-07-16,7.9885
2006-07-17,7.9885
2006-07-18,7.994
2006-07-19,7.983
2006-07-20,7.9728
2006-07-23,7.9776
2006-07-24,7.9777
2006-07-25,7.9745
2006-07-26,7.965
2006-07-27,7.961
2006-07-30,7.96
2006-07-31,7.9645
2006-08-01,7.9605
2006-08-02,7.965
2006-08-03,7.968
2006-08-06,7.9585
2006-08-07,7.963
2006-08-08,7.967
2006-08-09,7.9608
2006-08-10,7.9677
2006-08-13,7.974
2006-08-14,7.9915
2006-08-15,7.9783
2006-08-16,7.969
2006-08-17,7.9655
2006-08-20,7.9584
2006-08-21,7.9584
2006-08-22,7.9599
2006-08-23,7.9619
2006-08-24,7.9663
2006-08-27,7.9592
2006-08-28,7.9523
2006-08-29,7.9487
2006-08-30,7.9449
2006-08-31,7.9432
2006-09-03,7.9305
2006-09-04,7.931
2006-09-05,7.9343
2006-09-06,7.931
2006-09-07,7.938
2006-09-10,7.9442
2006-09-11,7.9375
2006-09-12,7.938
2006-09-13,7.936
2006-09-14,7.9345
2006-09-17,7.9368
2006-09-18,7.9262
2006-09-19,7.9165
2006-09-20,7.9143
2006-09-21,7.907
2006-09-24,7.911
2006-09-25,7.9005
2006-09-26,7.8946
2006-09-27,7.8855
2006-09-28,7.8973
2006-10-01,7.8973
2006-10-02,7.8973
2006-10-03,7.8973
2006-10-04,7.8973
2006-10-05,7.8973
2006-10-08,7.8915
2006-10-09,7.8952
2006-10-10,7.9063
2006-10-11,7.9043
2006-10-12,7.8915
2006-10-15,7.8998
2006-10-16,7.8975
2006-10-17,7.8977
2006-10-18,7.8983
2006-10-19,7.8946
2006-10-22,7.889
2006-10-23,7.8925
2006-10-24,7.892
2006-10-25,7.8845
2006-10-26,7.8796
2006-10-30,7.8674
2006-10-31,7.869
2006-11-01,7.8624
2006-11-02,7.8635
2006-11-03,7.8612
2006-11-06,7.8675
2006-11-07,7.8645
2006-11-08,7.8583
2006-11-09,7.8565
2006-11-10,7.8545
2006-11-13,7.8535
2006-11-14,7.8565
2006-11-15,7.8585
2006-11-16,7.8615
2006-11-17,7.862
2006-11-20,7.864
2006-11-21,7.8595
2006-11-22,7.8541
2006-11-23,7.853
2006-11-24,7.8451
2006-11-27,7.8325
2006-11-28,7.835
2006-11-29,7.8265
2006-11-30,7.8233
2006-12-01,7.8205
2006-12-04,7.8175
2006-12-05,7.8135
2006-12-06,7.8134
2006-12-07,7.8224
2006-12-08,7.8145
2006-12-11,7.8193
2006-12-12,7.8205
2006-12-13,7.815
2006-12-14,7.8099
2006-12-15,7.8179
2006-12-18,7.8102
2006-12-19,7.8109
2006-12-20,7.8052
2006-12-21,7.806
2006-12-22,7.8065
2006-12-25,7.8065
2006-12-26,7.8065
2006-12-27,7.8105
2006-12-28,7.8035
2006-12-29,7.7975
2007-01-01,7.806
2007-01-02,7.806
2007-01-03,7.806
2007-01-04,7.7955
2007-01-05,7.799
2007-01-08,7.8027
2007-01-09,7.7966
2007-01-10,7.7965
2007-01-11,7.7848
2007-01-12,7.7873
2007-01-15,7.7831
2007-01-16,7.7801
2007-01-17,7.765
2007-01-18,7.7605
2007-01-19,7.7665
2007-01-22,7.7639
2007-01-23,7.7665
2007-01-24,7.7624
2007-01-25,7.7582
2007-01-26,7.767
2007-01-29,7.764
2007-01-30,7.766
2007-01-31,7.7648
2007-02-01,7.7488
2007-02-02,7.746
2007-02-05,7.7485
2007-02-06,7.747
2007-02-07,7.738
2007-02-08,7.7388
2007-02-09,7.7405
2007-02-12,7.746
2007-02-13,7.75
2007-02-14,7.749
2007-02-15,7.7455
2007-02-16,7.7402
2007-02-19,7.7402
2007-02-20,7.7402
2007-02-21,7.7402
2007-02-22,7.7402
2007-02-23,7.7402
2007-02-26,7.738
2007-02-27,7.731
2007-02-28,7.728
2007-03-01,7.7333
2007-03-02,7.7347
2007-03-05,7.74
2007-03-06,7.7316
2007-03-07,7.73
2007-03-08,7.73
2007-03-09,7.734
2007-03-12,7.7373
2007-03-13,7.7369
2007-03-14,7.7312
2007-03-15,7.734
2007-03-16,7.7258
2007-03-19,7.7262
2007-03-20,7.7274
2007-03-21,7.7253
2007-03-22,7.716
2007-03-23,7.7225
2007-03-25,7.7259
2007-03-26,7.7235
2007-03-27,7.7191
2007-03-28,7.7171
2007-03-29,7.7208
2007-04-01,7.7187
2007-04-02,7.7215
2007-04-03,7.7246
2007-04-04,7.7167
2007-04-05,7.7167
2007-04-08,7.7167
2007-04-09,7.724
2007-04-10,7.7165
2007-04-11,7.716
2007-04-12,7.7117
2007-04-15,7.7179
2007-04-16,7.7233
2007-04-17,7.7126
2007-04-18,7.7065
2007-04-19,7.7079
2007-04-22,7.713
2007-04-23,7.7159
2007-04-24,7.709
2007-04-25,7.7165
2007-04-26,7.7116
2007-04-29,7.6955
2007-04-30,7.6955
2007-05-01,7.6955
2007-05-02,7.6955
2007-05-03,7.6955
2007-05-06,7.6955
2007-05-07,7.686
2007-05-08,7.6835
2007-05-09,7.6839
2007-05-10,7.6666
2007-05-13,7.671
2007-05-14,7.6735
2007-05-15,7.6717
2007-05-16,7.6717
2007-05-17,7.6585
2007-05-20,7.654
2007-05-21,7.6445
2007-05-22,7.643
2007-05-23,7.6419
2007-05-24,7.6423
2007-05-27,7.6423
2007-05-28,7.6402
2007-05-29,7.636
2007-05-30,7.6375
2007-05-31,7.6363
2007-06-03,7.639
2007-06-04,7.6326
2007-06-05,7.625
2007-06-06,7.638
2007-06-07,7.645
2007-06-10,7.655
2007-06-11,7.6335
2007-06-12,7.622
2007-06-13,7.6155
2007-06-14,7.615
2007-06-17,7.62
2007-06-18,7.6075
2007-06-19,7.6076
2007-06-20,7.609
2007-06-21,7.615
2007-06-24,7.6095
2007-06-25,7.606
2007-06-26,7.608
2007-06-27,7.605
2007-06-28,7.6035
2007-07-01,7.595
2007-07-02,7.584
2007-07-03,7.585
2007-07-04,7.588
2007-07-05,7.591
2007-07-08,7.5915
2007-07-09,7.571
2007-07-10,7.553
2007-07-11,7.556
2007-07-12,7.56
2007-07-15,7.5575
2007-07-16,7.552
2007-07-17,7.556
2007-07-18,7.553
2007-07-19,7.56
2007-07-22,7.552
2007-07-23,7.5525
2007-07-24,7.547
2007-07-25,7.5554
2007-07-26,7.55
2007-07-29,7.557
2007-07-30,7.5625
2007-07-31,7.56
2007-08-01,7.562
2007-08-02,7.555
2007-08-05,7.551
2007-08-06,7.5603
2007-08-07,7.567
2007-08-08,7.5551
2007-08-09,7.564
2007-08-12,7.573
2007-08-13,7.5661
2007-08-14,7.5748
2007-08-15,7.593
2007-08-16,7.585
2007-08-19,7.5775
2007-08-20,7.58
2007-08-21,7.592
2007-08-22,7.574
2007-08-23,7.558
2007-08-26,7.55
2007-08-27,7.5455
2007-08-28,7.539
2007-08-29,7.5345
2007-08-30,7.535
2007-09-02,7.5349
2007-09-03,7.54
2007-09-04,7.5412
2007-09-05,7.5288
2007-09-06,7.528
2007-09-09,7.5245
2007-09-10,7.5133
2007-09-11,7.511
2007-09-12,7.5026
2007-09-13,7.506
2007-09-16,7.5145
2007-09-17,7.513
2007-09-18,7.503
2007-09-19,7.504
2007-09-20,7.4915
2007-09-23,7.499
2007-09-24,7.503
2007-09-25,7.5055
2007-09-26,7.5044
2007-09-27,7.496
2007-09-30,7.496
2007-10-01,7.496
2007-10-02,7.496
2007-10-03,7.496
2007-10-04,7.496
2007-10-07,7.495
2007-10-08,7.5055
2007-10-09,7.499
2007-10-10,7.4945
2007-10-11,7.499
2007-10-14,7.515
2007-10-15,7.506
2007-10-16,7.5063
2007-10-17,7.5013
2007-10-18,7.4983
2007-10-21,7.5005
2007-10-22,7.4953
2007-10-23,7.4838
2007-10-24,7.4723
2007-10-25,7.4775
2007-10-29,7.4648
2007-10-30,7.4615
2007-10-31,7.4615
2007-11-01,7.451
2007-11-02,7.4455
2007-11-05,7.4438
2007-11-06,7.4457
2007-11-07,7.4328
2007-11-08,7.4108
2007-11-09,7.4011
2007-11-12,7.402
2007-11-13,7.4235
2007-11-14,7.417
2007-11-15,7.412
2007-11-16,7.4135
2007-11-19,7.4145
2007-11-20,7.4153
2007-11-21,7.401
2007-11-22,7.401
2007-11-23,7.3893
2007-11-26,7.4014
2007-11-27,7.3773
2007-11-28,7.385
2007-11-29,7.372
2007-11-30,7.388
2007-12-03,7.3925
2007-12-04,7.388
2007-12-05,7.3833
2007-12-06,7.4035
2007-12-07,7.393
2007-12-10,7.386
2007-12-11,7.3706
2007-12-12,7.3635
2007-12-13,7.358
2007-12-14,7.362
2007-12-17,7.3696
2007-12-18,7.3895
2007-12-19,7.367
2007-12-20,7.3583
2007-12-21,7.355
2007-12-24,7.355
2007-12-25,7.355
2007-12-26,7.349
2007-12-27,7.3055
2007-12-28,7.2941
2007-12-31,7.2941
2008-01-01,7.2941
2008-01-02,7.2852
2008-01-03,7.2629
2008-01-04,7.263
2008-01-07,7.2578
2008-01-08,7.2535
2008-01-09,7.2538
2008-01-10,7.2608
2008-01-11,7.2525
2008-01-14,7.2425
2008-01-15,7.2321
2008-01-16,7.2224
2008-01-17,7.2386
2008-01-18,7.2323
2008-01-21,7.231
2008-01-22,7.2292
2008-01-23,7.222
2008-01-24,7.213
2008-01-25,7.2025
2008-01-28,7.1867
2008-01-29,7.1849
2008-01-30,7.181
2008-01-31,7.173
2008-02-01,7.173
2008-02-04,7.1819
2008-02-05,7.175
2008-02-06,7.1796
2008-02-07,7.1796
2008-02-08,7.1796
2008-02-11,7.182
2008-02-12,7.18
2008-02-13,7.1877
2008-02-14,7.179
2008-02-15,7.169
2008-02-18,7.1555
2008-02-19,7.14
2008-02-20,7.134
2008-02-21,7.131
2008-02-22,7.133
2008-02-25,7.142
2008-02-26,7.1455
2008-02-27,7.1325
2008-02-28,7.102
2008-02-29,7.1019
2008-03-03,7.094
2008-03-04,7.096
2008-03-05,7.1
2008-03-06,7.096
2008-03-07,7.1014
2008-03-10,7.0965
2008-03-11,7.095
2008-03-12,7.0914
2008-03-13,7.0804
2008-03-14,7.0806
2008-03-17,7.0733
2008-03-18,7.07
2008-03-19,7.0567
2008-03-20,7.0425
2008-03-21,7.0425
2008-03-24,7.0425
2008-03-25,7.0409
2008-03-26,7.017
2008-03-27,7.0035
2008-03-28,7.0022
2008-03-30,7.0024
2008-03-31,7.0145
2008-04-01,7.0105
2008-04-02,7.0069
2008-04-03,7.0075
2008-04-06,6.9925
2008-04-07,6.9915
2008-04-08,6.992
2008-04-09,6.981
2008-04-10,6.9965
2008-04-13,6.9901
2008-04-14,6.9829
2008-04-15,6.9822
2008-04-16,6.9742
2008-04-17,6.9839
2008-04-20,6.9875
2008-04-21,6.9804
2008-04-22,6.9738
2008-04-23,6.9775
2008-04-24,7.0
2008-04-27,6.9924
2008-04-28,6.9749
2008-04-29,6.9785
2008-04-30,6.992
2008-05-01,6.9785
2008-05-04,6.978
2008-05-05,6.9777
2008-05-06,6.979
2008-05-07,6.9945
2008-05-08,6.9778
2008-05-11,6.9778
2008-05-12,6.9795
2008-05-13,6.9926
2008-05-14,6.9846
2008-05-15,6.9825
2008-05-18,6.965
2008-05-19,6.9635
2008-05-20,6.9491
2008-05-21,6.9345
2008-05-22,6.9316
2008-05-25,6.9269
2008-05-26,6.94
2008-05-27,6.9344
2008-05-28,6.9288
2008-05-29,6.9325
2008-06-01,6.923
2008-06-02,6.9152
2008-06-03,6.9277
2008-06-04,6.9361
2008-06-05,6.9132
2008-06-08,6.9132
2008-06-09,6.9099
2008-06-10,6.9079
2008-06-11,6.8975
2008-06-12,6.8929
2008-06-15,6.8927
2008-06-16,6.8814
2008-06-17,6.8727
2008-06-18,6.8687
2008-06-19,6.8701
2008-06-22,6.8642
2008-06-23,6.8602
2008-06-24,6.8553
2008-06-25,6.8558
2008-06-26,6.8518
2008-06-29,6.8444
2008-06-30,6.8611
2008-07-01,6.8439
2008-07-02,6.8211
2008-07-03,6.8476
2008-07-06,6.8592
2008-07-07,6.8481
2008-07-08,6.8499
2008-07-09,6.8335
2008-07-10,6.8257
2008-07-13,6.835
2008-07-14,6.8108
2008-07-15,6.8005
2008-07-16,6.8109
2008-07-17,6.8084
2008-07-20,6.82
2008-07-21,6.8117
2008-07-22,6.8202
2008-07-23,6.8188
2008-07-24,6.8097
2008-07-27,6.8275
2008-07-28,6.8172
2008-07-29,6.8192
2008-07-30,6.8215
2008-07-31,6.847
2008-08-03,6.8565
2008-08-04,6.86
2008-08-05,6.8532
2008-08-06,6.8672
2008-08-07,6.862
2008-08-10,6.8622
2008-08-11,6.8704
2008-08-12,6.862
2008-08-14,6.8745
2008-08-18,6.8644
2008-08-19,6.8596
2008-08-20,6.8487
2008-08-21,6.8389
2008-08-24,6.8532
2008-08-25,6.838
2008-08-26,6.8292
2008-08-27,6.8204
2008-08-28,6.8252
2008-08-31,6.8149
2008-09-01,6.823
2008-09-02,6.8339
2008-09-03,6.8271
2008-09-04,6.8324
2008-09-07,6.8274
2008-09-08,6.8287
2008-09-09,6.8311
2008-09-10,6.8365
2008-09-11,6.8275
2008-09-14,6.8387
2008-09-15,6.8392
2008-09-16,6.829
2008-09-17,6.8141
2008-09-18,6.815
2008-09-21,6.8112
2008-09-22,6.7926
2008-09-23,6.803
2008-09-24,6.8104
2008-09-25,6.8351
2008-09-28,6.8351
2008-09-29,6.8351
2008-09-30,6.8351
2008-10-01,6.8351
2008-10-02,6.8351
2008-10-05,6.8329
2008-10-06,6.8052
2008-10-07,6.7937
2008-10-08,6.8105
2008-10-09,6.8259
2008-10-12,6.825
2008-10-13,6.8212
2008-10-14,6.8238
2008-10-15,6.8139
2008-10-16,6.8242
2008-10-19,6.8197
2008-10-20,6.8235
2008-10-21,6.8148
2008-10-22,6.8156
2008-10-23,6.8241
2008-10-27,6.8316
2008-10-28,6.8188
2008-10-29,6.8215
2008-10-30,6.8282
2008-10-31,6.8295
2008-11-03,6.8284
2008-11-04,6.8175
2008-11-05,6.8084
2008-11-06,6.8133
2008-11-07,6.8057
2008-11-10,6.8165
2008-11-11,6.8111
2008-11-12,6.8197
2008-11-13,6.82
2008-11-14,6.8143
2008-11-17,6.817
2008-11-18,6.8154
2008-11-19,6.82
2008-11-20,6.8257
2008-11-21,6.8225
2008-11-24,6.8154
2008-11-25,6.8152
2008-11-26,6.8187
2008-11-27,6.8189
2008-11-28,6.8159
2008-12-01,6.875
2008-12-02,6.8718
2008-12-03,6.8653
2008-12-04,6.8733
2008-12-05,6.8652
2008-12-08,6.87
2008-12-09,6.8635
2008-12-10,6.855
2008-12-11,6.8409
2008-12-12,6.8325
2008-12-15,6.8393
2008-12-16,6.835
2008-12-17,6.8273
2008-12-18,6.8045
2008-12-19,6.8142
2008-12-22,6.8399
2008-12-23,6.8385
2008-12-24,6.8385
2008-12-25,6.8385
2008-12-26,6.8385
2008-12-29,6.8362
2008-12-30,6.8133
2008-12-31,6.8133
2009-01-01,6.8133
2009-01-02,6.803
2009-01-05,6.8215
2009-01-06,6.8265
2009-01-07,6.8231
2009-01-08,6.8247
2009-01-09,6.8255
2009-01-12,6.8266
2009-01-13,6.8243
2009-01-14,6.825
2009-01-15,6.8256
2009-01-16,6.827
2009-01-19,6.8234
2009-01-20,6.8309
2009-01-21,6.8297
2009-01-22,6.8271
2009-01-23,6.8297
2009-01-26,6.8297
2009-01-27,6.8297
2009-01-28,6.8297
2009-01-29,6.8297
2009-01-30,6.8297
2009-02-02,6.839
2009-02-03,6.8303
2009-02-04,6.8214
2009-02-05,6.825
2009-02-06,6.8227
2009-02-09,6.8297
2009-02-10,6.8147
2009-02-11,6.8233
2009-02-12,6.8229
2009-02-13,6.8297
2009-02-16,6.8177
2009-02-17,6.8265
2009-02-18,6.8262
2009-02-19,6.8265
2009-02-20,6.8272
2009-02-23,6.826
2009-02-24,6.8287
2009-02-25,6.8279
2009-02-26,6.8266
2009-02-27,6.8289
2009-03-02,6.8354
2009-03-03,6.8322
2009-03-04,6.8334
2009-03-05,6.8314
2009-03-06,6.83
2009-03-09,6.8316
2009-03-10,6.8302
2009-03-11,6.8312
2009-03-12,6.8288
2009-03-13,6.8279
2009-03-16,6.8283
2009-03-17,6.8271
2009-03-18,6.8248
2009-03-19,6.8164
2009-03-20,6.8167
2009-03-23,6.8238
2009-03-24,6.8193
2009-03-25,6.8209
2009-03-26,6.8219
2009-03-27,6.8219
2009-03-29,6.8256
2009-03-30,6.8263
2009-03-31,6.824
2009-04-01,6.8245
2009-04-02,6.8255
2009-04-05,6.8248
2009-04-06,6.8253
2009-04-07,6.8261
2009-04-08,6.8255
2009-04-09,6.8255
2009-04-12,6.8401
2009-04-13,6.8202
2009-04-14,6.8225
2009-04-15,6.823
2009-04-16,6.8226
2009-04-19,6.823
2009-04-20,6.8169
2009-04-21,6.8195
2009-04-22,6.8193
2009-04-23,6.8169
2009-04-26,6.8162
2009-04-27,6.8176
2009-04-28,6.815
2009-04-29,6.8095
2009-04-30,6.8095
2009-05-03,6.8145
2009-05-04,6.8087
2009-05-05,6.8103
2009-05-06,6.8118
2009-05-07,6.811
2009-05-10,6.8116
2009-05-11,6.8125
2009-05-12,6.8117
2009-05-13,6.8137
2009-05-14,6.8147
2009-05-17,6.8165
2009-05-18,6.8151
2009-05-19,6.8149
2009-05-20,6.8149
2009-05-21,6.8144
2009-05-24,6.8139
2009-05-25,6.8194
2009-05-26,6.8195
2009-05-27,6.8183
2009-05-28,6.8183
2009-05-31,6.8315
2009-06-01,6.8198
2009-06-02,6.8183
2009-06-03,6.8234
2009-06-04,6.8225
2009-06-07,6.8257
2009-06-08,6.8259
2009-06-09,6.8231
2009-06-10,6.8275
2009-06-11,6.8234
2009-06-14,6.8276
2009-06-15,6.824
2009-06-16,6.8289
2009-06-17,6.8251
2009-06-18,6.8266
2009-06-21,6.825
2009-06-22,6.8275
2009-06-23,6.8235
2009-06-24,6.8249
2009-06-25,6.8242
2009-06-28,6.8248
2009-06-29,6.8205
2009-06-30,6.8225
2009-07-01,6.8225
2009-07-02,6.8223
2009-07-05,6.8258
2009-07-06,6.8235
2009-07-07,6.8237
2009-07-08,6.8234
2009-07-09,6.8227
2009-07-12,6.8234
2009-07-13,6.8229
2009-07-14,6.8225
2009-07-15,6.8215
2009-07-16,6.8213
2009-07-19,6.8227
2009-07-20,6.8217
2009-07-21,6.8216
2009-07-22,6.8217
2009-07-23,6.8225
2009-07-26,6.8214
2009-07-27,6.8209
2009-07-28,6.8224
2009-07-29,6.8226
2009-07-30,6.8221
2009-08-02,6.821
2009-08-03,6.8203
2009-08-04,6.8217
2009-08-05,6.8213
2009-08-06,6.8218
2009-08-09,6.8247
2009-08-10,6.825
2009-08-11,6.8251
2009-08-12,6.8235
2009-08-13,6.8234
2009-08-16,6.8249
2009-08-17,6.8245
2009-08-18,6.8264
2009-08-19,6.8218
2009-08-20,6.8215
2009-08-23,6.8215
2009-08-24,6.8217
2009-08-25,6.8214
2009-08-26,6.8218
2009-08-27,6.8212
2009-08-30,6.8212
2009-08-31,6.8204
2009-09-01,6.8208
2009-09-02,6.8207
2009-09-03,6.8205
2009-09-06,6.8203
2009-09-07,6.8176
2009-09-08,6.8182
2009-09-09,6.8194
2009-09-10,6.8173
2009-09-13,6.8187
2009-09-14,6.819
2009-09-15,6.8174
2009-09-16,6.8166
2009-09-17,6.8181
2009-09-20,6.8189
2009-09-21,6.817
2009-09-22,6.8161
2009-09-23,6.8168
2009-09-24,6.8189
2009-09-27,6.8182
2009-09-28,6.8176
2009-09-29,6.8164
2009-09-30,6.8165
2009-10-01,6.8165
2009-10-04,6.8164
2009-10-05,6.8164
2009-10-06,6.8165
2009-10-07,6.8165
2009-10-08,6.8154
2009-10-11,6.8151
2009-10-12,6.8159
2009-10-13,6.8148
2009-10-14,6.8158
2009-10-15,6.817
2009-10-18,6.8166
2009-10-19,6.8161
2009-10-20,6.8171
2009-10-21,6.8173
2009-10-22,6.8181
2009-10-26,6.8178
2009-10-27,6.8201
2009-10-28,6.8188
2009-10-29,6.8196
2009-10-30,6.8175
2009-11-02,6.8189
2009-11-03,6.818
2009-11-04,6.8186
2009-11-05,6.8176
2009-11-06,6.8174
2009-11-09,6.8165
2009-11-10,6.8178
2009-11-11,6.8164
2009-11-12,6.8166
2009-11-13,6.8163
2009-11-16,6.8165
2009-11-17,6.8178
2009-11-18,6.8169
2009-11-19,6.8178
2009-11-20,6.8176
2009-11-23,6.8217
2009-11-24,6.8188
2009-11-25,6.8185
2009-11-26,6.8166
2009-11-27,6.8185
2009-11-30,6.8172
2009-12-01,6.8184
2009-12-02,6.8168
2009-12-03,6.8167
2009-12-04,6.8166
2009-12-07,6.8188
2009-12-08,6.8179
2009-12-09,6.8184
2009-12-10,6.8166
2009-12-11,6.8178
2009-12-14,6.8193
2009-12-15,6.8186
2009-12-16,6.8187
2009-12-17,6.8196
2009-12-18,6.8185
2009-12-21,6.8184
2009-12-22,6.819
2009-12-23,6.818
2009-12-24,6.833
2009-12-28,6.8199
2009-12-29,6.8187
2009-12-30,6.8172
2009-12-31,6.8305
2010-01-04,6.8169
2010-01-05,6.817
2010-01-06,6.8183
2010-01-07,6.8178
2010-01-08,6.8175
2010-01-11,6.8165
2010-01-12,6.8166
2010-01-13,6.8168
2010-01-14,6.817
2010-01-15,6.817
2010-01-18,6.8168
2010-01-19,6.8168
2010-01-20,6.8173
2010-01-21,6.8177
2010-01-22,6.817
2010-01-25,6.8169
2010-01-26,6.8166
2010-01-27,6.817
2010-01-28,6.8169
2010-01-29,6.8169
2010-02-01,6.817
2010-02-02,6.815
2010-02-03,6.8169
2010-02-04,6.8169
2010-02-05,6.8185
2010-02-08,6.817
2010-02-09,6.8166
2010-02-10,6.819
2010-02-11,6.8238
2010-02-12,6.8235
2010-02-15,6.8234
2010-02-16,6.8234
2010-02-17,6.8234
2010-02-18,6.8234
2010-02-19,6.8191
2010-02-22,6.8179
2010-02-23,6.8182
2010-02-24,6.817
2010-02-25,6.8169
2010-02-26,6.8167
2010-03-01,6.8164
2010-03-02,6.8175
2010-03-03,6.8159
2010-03-04,6.8166
2010-03-05,6.8165
2010-03-08,6.817
2010-03-09,6.8174
2010-03-10,6.8161
2010-03-11,6.8162
2010-03-12,6.8154
2010-03-15,6.8161
2010-03-16,6.816
2010-03-17,6.817
2010-03-18,6.8175
2010-03-19,6.8165
2010-03-22,6.8168
2010-03-23,6.8166
2010-03-24,6.8171
2010-03-25,6.8174
2010-03-26,6.817
2010-03-28,6.8167
2010-03-29,6.8161
2010-03-30,6.8159
2010-03-31,6.8164
2010-04-01,6.8164
2010-04-04,6.8164
2010-04-05,6.816
2010-04-06,6.8154
2010-04-07,6.8155
2010-04-08,6.8134
2010-04-11,6.8159
2010-04-12,6.8161
2010-04-13,6.8159
2010-04-14,6.8158
2010-04-15,6.8161
2010-04-18,6.816
2010-04-19,6.8159
2010-04-20,6.8171
2010-04-21,6.8164
2010-04-22,6.818
2010-04-25,6.8176
2010-04-26,6.8166
2010-04-27,6.815
2010-04-28,6.8158
2010-04-29,6.816
2010-05-02,6.815
2010-05-03,6.8163
2010-05-04,6.8171
2010-05-05,6.8168
2010-05-06,6.8157
2010-05-09,6.8166
2010-05-10,6.8177
2010-05-11,6.8176
2010-05-12,6.8176
2010-05-13,6.8166
2010-05-16,6.8177
2010-05-17,6.817
2010-05-18,6.8175
2010-05-19,6.8179
2010-05-20,6.8163
2010-05-23,6.8163
2010-05-24,6.8213
2010-05-25,6.818
2010-05-26,6.8205
2010-05-27,6.8203
2010-05-30,6.8181
2010-05-31,6.8188
2010-06-01,6.8213
2010-06-02,6.82
2010-06-03,6.8187
2010-06-06,6.8206
2010-06-07,6.8195
2010-06-08,6.8192
2010-06-09,6.8191
2010-06-10,6.8223
2010-06-13,6.8233
2010-06-14,6.8233
2010-06-15,6.8233
2010-06-16,6.8193
2010-06-17,6.8186
2010-06-20,6.7871
2010-06-21,6.802
2010-06-22,6.8004
2010-06-23,6.791
2010-06-24,6.7822
2010-06-27,6.7841
2010-06-28,6.789
2010-06-29,6.772
2010-06-30,6.771
2010-07-01,6.7616
2010-07-04,6.7664
2010-07-05,6.7705
2010-07-06,6.768
2010-07-07,6.7656
2010-07-08,6.7638
2010-07-11,6.7617
2010-07-12,6.7623
2010-07-13,6.7631
2010-07-14,6.7655
2010-07-15,6.7646
2010-07-18,6.769
2010-07-19,6.7685
2010-07-20,6.7685
2010-07-21,6.7681
2010-07-22,6.7695
2010-07-25,6.7696
2010-07-26,6.7676
2010-07-27,6.7683
2010-07-28,6.767
2010-07-29,6.7652
2010-08-01,6.7643
2010-08-02,6.7637
2010-08-03,6.7637
2010-08-04,6.763
2010-08-05,6.7615
2010-08-08,6.7583
2010-08-09,6.7555
2010-08-10,6.763
2010-08-11,6.7637
2010-08-12,6.7748
2010-08-15,6.786
2010-08-16,6.7941
2010-08-17,6.7823
2010-08-18,6.78
2010-08-19,6.78
2010-08-22,6.7808
2010-08-23,6.79
2010-08-24,6.7869
2010-08-25,6.7895
2010-08-26,6.7902
2010-08-29,6.788
2010-08-30,6.7933
2010-08-31,6.7988
2010-09-01,6.8009
2010-09-02,6.796
2010-09-05,6.7933
2010-09-06,6.777
2010-09-07,6.7811
2010-09-08,6.7867
2010-09-09,6.7728
2010-09-12,6.7606
2010-09-13,6.7497
2010-09-14,6.736
2010-09-15,6.7295
2010-09-16,6.7145
2010-09-19,6.7169
2010-09-20,6.7038
2010-09-21,6.6967
2010-09-22,6.694
2010-09-23,6.694
2010-09-26,6.694
2010-09-27,6.6823
2010-09-28,6.6809
2010-09-29,6.6784
2010-09-30,6.6831
2010-10-03,6.68
2010-10-04,6.68
2010-10-05,6.68
2010-10-06,6.6818
2010-10-07,6.68
2010-10-10,6.662
2010-10-11,6.659
2010-10-12,6.6645
2010-10-13,6.656
2010-10-14,6.6434
2010-10-17,6.631
2010-10-18,6.6342
2010-10-19,6.6346
2010-10-20,6.6405
2010-10-21,6.6388
2010-10-24,6.649
2010-10-25,6.6482
2010-10-26,6.6515
2010-10-27,6.6694
2010-10-28,6.6765
2010-11-01,6.6607
2010-11-02,6.6829
2010-11-03,6.6686
2010-11-04,6.6652
2010-11-05,6.6523
2010-11-08,6.6458
2010-11-09,6.6712
2010-11-10,6.6335
2010-11-11,6.6245
2010-11-12,6.615
2010-11-15,6.6282
2010-11-16,6.6331
2010-11-17,6.6295
2010-11-18,6.6333
2010-11-19,6.6234
2010-11-22,6.628
2010-11-23,6.6323
2010-11-24,6.6343
2010-11-25,6.644
2010-11-26,6.6395
2010-11-29,6.658
2010-11-30,6.6505
2010-12-01,6.6571
2010-12-02,6.6532
2010-12-03,6.6513
2010-12-06,6.6533
2010-12-07,6.638
2010-12-08,6.6357
2010-12-09,6.6513
2010-12-10,6.645
2010-12-13,6.6473
2010-12-14,6.6564
2010-12-15,6.645
2010-12-16,6.645
2010-12-17,6.656
2010-12-20,6.646
2010-12-21,6.6648
2010-12-22,6.6485
2010-12-23,6.636
2010-12-24,6.6375
2010-12-27,6.6375
2010-12-28,6.6224
2010-12-29,6.616
2010-12-30,6.6124
2010-12-31,6.6124
2011-01-03,6.5916
2011-01-04,6.58
2011-01-05,6.597
2011-01-06,6.5775
2011-01-07,6.6165
2011-01-10,6.6175
2011-01-11,6.626
2011-01-12,6.61
2011-01-13,6.5942
2011-01-14,6.5957
2011-01-17,6.5792
2011-01-18,6.5833
2011-01-19,6.5746
2011-01-20,6.5727
2011-01-21,6.5766
2011-01-24,6.5736
2011-01-25,6.5724
2011-01-26,6.5726
2011-01-27,6.572
2011-01-28,6.5719
2011-01-31,6.5725
2011-02-01,6.5948
2011-02-02,6.5848
2011-02-03,6.5485
2011-02-04,6.5485
2011-02-07,6.5485
2011-02-08,6.5526
2011-02-09,6.5445
2011-02-10,6.5802
2011-02-11,6.5745
2011-02-14,6.5798
2011-02-15,6.5853
2011-02-16,6.5814
2011-02-17,6.5786
2011-02-18,6.5737
2011-02-21,6.5655
2011-02-22,6.5599
2011-02-23,6.569
2011-02-24,6.566
2011-02-25,6.5645
2011-02-28,6.563
2011-03-01,6.5595
2011-03-02,6.561
2011-03-03,6.5627
2011-03-04,6.5624
2011-03-07,6.559
2011-03-08,6.5465
2011-03-09,6.5573
2011-03-10,6.5505
2011-03-11,6.5633
2011-03-14,6.5655
2011-03-15,6.5604
2011-03-16,6.5624
2011-03-17,6.5616
2011-03-18,6.5672
2011-03-21,6.5594
2011-03-22,6.555
2011-03-23,6.5425
2011-03-24,6.548
2011-03-25,6.5505
2011-03-27,6.55
2011-03-28,6.5545
2011-03-29,6.5529
2011-03-30,6.5486
2011-03-31,6.5355
2011-04-03,6.5392
2011-04-04,6.53
2011-04-05,6.5305
2011-04-06,6.5358
2011-04-07,6.5344
2011-04-10,6.5264
2011-04-11,6.5275
2011-04-12,6.5317
2011-04-13,6.5237
2011-04-17,6.5204
2011-04-18,6.5189
2011-04-19,6.5223
2011-04-20,6.5152
2011-04-21,6.5152
2011-04-24,6.484
2011-04-25,6.484
2011-04-26,6.5179
2011-04-27,6.5018
2011-04-28,6.501
2011-05-01,6.4814
2011-05-02,6.492
2011-05-03,6.502
2011-05-04,6.4925
2011-05-05,6.4841
2011-05-08,6.4825
2011-05-09,6.493
2011-05-10,6.4915
2011-05-11,6.493
2011-05-12,6.4985
2011-05-15,6.4865
2011-05-16,6.5077
2011-05-17,6.496
2011-05-18,6.505
2011-05-19,6.504
2011-05-22,6.4842
2011-05-23,6.504
2011-05-24,6.4975
2011-05-25,6.493
2011-05-26,6.49
2011-05-29,6.4812
2011-05-30,6.4738
2011-05-31,6.479
2011-06-01,6.478
2011-06-02,6.4828
2011-06-05,6.4698
2011-06-06,6.4693
2011-06-07,6.481
2011-06-08,6.475
2011-06-09,6.476
2011-06-12,6.4723
2011-06-13,6.483
2011-06-14,6.4697
2011-06-15,6.4722
2011-06-16,6.474
2011-06-19,6.462
2011-06-20,6.478
2011-06-21,6.466
2011-06-22,6.4629
2011-06-23,6.467
2011-06-26,6.4639
2011-06-27,6.4815
2011-06-28,6.469
2011-06-29,6.463
2011-06-30,6.4635
2011-07-03,6.4553
2011-07-04,6.4509
2011-07-05,6.466
2011-07-06,6.467
2011-07-07,6.465
2011-07-10,6.4562
2011-07-11,6.467
2011-07-12,6.4621
2011-07-13,6.4947
2011-07-14,6.4338
2011-07-17,5.863
2011-07-18,6.4688
2011-07-19,6.4634
2011-07-20,6.4467
2011-07-21,6.4515
2011-07-24,6.4366
2011-07-25,6.444
2011-07-26,6.4375
2011-07-27,6.4429
2011-07-28,6.443
2011-07-31,6.4287
2011-08-01,6.4256
2011-08-02,6.4292
2011-08-03,6.427
2011-08-04,6.4278
2011-08-07,6.4307
2011-08-08,6.4253
2011-08-09,6.421
2011-08-10,6.4077
2011-08-11,6.3822
2011-08-14,6.3813
2011-08-15,6.3803
2011-08-16,6.3736
2011-08-17,6.3778
2011-08-18,6.3875
2011-08-21,6.382
2011-08-22,6.4
2011-08-23,6.395
2011-08-24,6.388
2011-08-25,6.39
2011-08-28,6.3762
2011-08-29,6.366
2011-08-30,6.3803
2011-08-31,6.378
2011-09-01,6.381
2011-09-04,6.3715
2011-09-05,6.3777
2011-09-06,6.39
2011-09-07,6.392
2011-09-08,6.38
2011-09-11,6.3776
2011-09-12,6.402
2011-09-13,6.3985
2011-09-14,6.396
2011-09-15,6.388
2011-09-18,6.382
2011-09-19,6.3805
2011-09-20,6.384
2011-09-21,6.3811
2011-09-22,6.3805
2011-09-25,6.3801
2011-09-26,6.401
2011-09-27,6.397
2011-09-28,6.393
2011-09-29,6.3875
2011-10-02,6.3825
2011-10-03,6.395
2011-10-04,6.365
2011-10-05,6.365
2011-10-06,6.369
2011-10-09,6.365
2011-10-10,6.3385
2011-10-11,6.3655
2011-10-12,6.359
2011-10-13,6.382
2011-10-16,6.3708
2011-10-17,6.37
2011-10-18,6.383
2011-10-19,6.381
2011-10-20,6.3727
2011-10-23,6.3735
2011-10-24,6.378
2011-10-25,6.366
2011-10-26,6.354
2011-10-27,6.361
2011-10-31,6.3488
2011-11-01,6.3452
2011-11-02,6.3463
2011-11-03,6.3471
2011-11-04,6.3398
2011-11-07,6.3303
2011-11-08,6.35
2011-11-09,6.347
2011-11-10,6.343
2011-11-11,6.347
2011-11-14,6.3328
2011-11-15,6.3455
2011-11-16,6.3368
2011-11-17,6.3355
2011-11-18,6.3409
2011-11-21,6.3476
2011-11-22,6.3511
2011-11-23,6.3517
2011-11-24,6.3475
2011-11-25,6.3525
2011-11-28,6.3722
2011-11-29,6.3764
2011-11-30,6.3651
2011-12-01,6.378
2011-12-02,6.37
2011-12-05,6.3525
2011-12-06,6.34
2011-12-07,6.334
2011-12-08,6.368
2011-12-09,6.355
2011-12-12,6.3545
2011-12-13,6.3655
2011-12-14,6.3615
2011-12-15,6.371
2011-12-16,6.373
2011-12-19,6.3385
2011-12-20,6.3
2011-12-21,6.347
2011-12-22,6.3312
2011-12-23,6.322
2011-12-26,6.34
2011-12-27,6.3274
2011-12-28,6.32
2011-12-29,6.317
2011-12-30,6.309
2012-01-02,6.285
2012-01-03,6.284
2012-01-04,6.297
2012-01-05,6.296
2012-01-06,6.3085
2012-01-09,6.2994
2012-01-10,6.313
2012-01-11,6.312
2012-01-12,6.316
2012-01-13,6.3178
2012-01-16,6.296
2012-01-17,6.3061
2012-01-18,6.317
2012-01-19,6.311
2012-01-20,6.3072
2012-01-23,6.3246
2012-01-24,6.314
2012-01-25,6.322
2012-01-26,6.3135
2012-01-27,6.334
2012-01-30,6.324
2012-01-31,6.3136
2012-02-01,6.3086
2012-02-02,6.3068
2012-02-03,6.3042
2012-02-06,6.3046
2012-02-07,6.3115
2012-02-08,6.3085
2012-02-09,6.2984
2012-02-10,6.2954
2012-02-13,6.2933
2012-02-14,6.2951
2012-02-15,6.2972
2012-02-16,6.2981
2012-02-17,6.3011
2012-02-20,6.2977
2012-02-21,6.2994
2012-02-22,6.2968
2012-02-23,6.2959
2012-02-24,6.2985
2012-02-27,6.2972
2012-02-28,6.3018
2012-02-29,6.2984
2012-03-01,6.2943
2012-03-02,6.2992
2012-03-05,6.2984
2012-03-06,6.3077
2012-03-07,6.3144
2012-03-08,6.3102
2012-03-09,6.3165
2012-03-12,6.311
2012-03-13,6.3252
2012-03-14,6.3267
2012-03-15,6.3317
2012-03-16,6.3292
2012-03-19,6.3229
2012-03-20,6.3186
2012-03-21,6.3207
2012-03-22,6.3198
2012-03-23,6.3001
2012-03-25,6.3045
2012-03-26,6.306
2012-03-27,6.3031
2012-03-28,6.3016
2012-03-29,6.306
2012-04-01,6.2953
2012-04-02,6.2956
2012-04-03,6.2952
2012-04-04,6.2962
2012-04-05,6.3107
2012-04-08,6.3065
2012-04-09,6.3067
2012-04-10,6.3095
2012-04-11,6.3067
2012-04-12,6.3058
2012-04-15,6.2992
2012-04-16,6.3123
2012-04-17,6.3003
2012-04-18,6.3011
2012-04-19,6.303
2012-04-22,6.3074
2012-04-23,6.3057
2012-04-24,6.3053
2012-04-25,6.3015
2012-04-26,6.2952
2012-04-29,6.3042
2012-04-30,6.2864
2012-05-01,6.2875
2012-05-02,6.291
2012-05-03,6.2886
2012-05-06,6.291
2012-05-07,6.2986
2012-05-08,6.3082
2012-05-09,6.3098
2012-05-10,6.3144
2012-05-13,6.3104
2012-05-14,6.3214
2012-05-15,6.3185
2012-05-16,6.3181
2012-05-17,6.3207
2012-05-20,6.3283
2012-05-21,6.3237
2012-05-22,6.3187
2012-05-23,6.3305
2012-05-24,6.3403
2012-05-27,6.3409
2012-05-28,6.339
2012-05-29,6.3415
2012-05-30,6.3507
2012-05-31,6.3686
2012-06-03,6.3697
2012-06-04,6.3641
2012-06-05,6.3675
2012-06-06,6.3639
2012-06-07,6.3688
2012-06-10,6.3739
2012-06-11,6.3728
2012-06-12,6.3707
2012-06-13,6.3522
2012-06-14,6.3736
2012-06-17,6.3668
2012-06-18,6.3576
2012-06-19,6.3547
2012-06-20,6.3499
2012-06-21,6.3649
2012-06-24,6.3642
2012-06-25,6.3634
2012-06-26,6.3627
2012-06-27,6.3576
2012-06-28,6.3574
2012-07-01,6.3541
2012-07-02,6.3487
2012-07-03,6.3527
2012-07-04,6.3476
2012-07-05,6.356
2012-07-08,6.3648
2012-07-09,6.3713
2012-07-10,6.3657
2012-07-11,6.3716
2012-07-12,6.3763
2012-07-15,6.3927
2012-07-16,6.3788
2012-07-17,6.3733
2012-07-18,6.3694
2012-07-19,6.3731
2012-07-22,6.3739
2012-07-23,6.3861
2012-07-24,6.3876
2012-07-25,6.3886
2012-07-26,6.3841
2012-07-29,6.3808
2012-07-30,6.3796
2012-07-31,6.3618
2012-08-01,6.3688
2012-08-02,6.3676
2012-08-05,6.3715
2012-08-06,6.374
2012-08-07,6.3667
2012-08-08,6.3614
2012-08-09,6.3623
2012-08-12,6.3594
2012-08-13,6.3626
2012-08-14,6.3589
2012-08-15,6.3623
2012-08-16,6.3663
2012-08-19,6.3585
2012-08-20,6.3593
2012-08-21,6.3563
2012-08-22,6.3519
2012-08-23,6.3548
2012-08-26,6.3548
2012-08-27,6.357
2012-08-28,6.355
2012-08-29,6.3519
2012-08-30,6.3502
2012-09-02,6.3486
2012-09-03,6.3421
2012-09-04,6.3474
2012-09-05,6.3493
2012-09-06,6.3432
2012-09-09,6.3428
2012-09-10,6.3377
2012-09-11,6.3351
2012-09-12,6.3274
2012-09-13,6.33
2012-09-16,6.3153
2012-09-17,6.3075
2012-09-18,6.3186
2012-09-19,6.31
2012-09-20,6.303
2012-09-23,6.3055
2012-09-24,6.3094
2012-09-25,6.3059
2012-09-26,6.3018
2012-09-27,6.3024
2012-09-30,6.2848
2012-10-01,6.2848
2012-10-02,6.3242
2012-10-03,6.3225
2012-10-04,6.3221
2012-10-07,6.3241
2012-10-08,6.2871
2012-10-09,6.2885
2012-10-10,6.299
2012-10-11,6.2778
2012-10-14,6.266
2012-10-15,6.2697
2012-10-16,6.2637
2012-10-17,6.2544
2012-10-18,6.2515
2012-10-21,6.2536
2012-10-22,6.2546
2012-10-23,6.2513
2012-10-24,6.2478
2012-10-25,6.2464
2012-10-29,6.2624
2012-10-30,6.244
2012-10-31,6.2419
2012-11-01,6.2375
2012-11-02,6.2401
2012-11-05,6.2448
2012-11-06,6.2408
2012-11-07,6.2456
2012-11-08,6.2438
2012-11-09,6.2678
2012-11-12,6.2447
2012-11-13,6.2192
2012-11-14,6.234
2012-11-15,6.2305
2012-11-16,6.2363
2012-11-19,6.2399
2012-11-20,6.239
2012-11-21,6.2328
2012-11-22,6.2314
2012-11-23,6.2375
2012-11-26,6.2313
2012-11-27,6.2256
2012-11-28,6.2224
2012-11-29,6.2275
2012-11-30,6.2314
2012-12-03,6.2266
2012-12-04,6.2286
2012-12-05,6.2255
2012-12-06,6.2256
2012-12-07,6.2284
2012-12-10,6.2244
2012-12-11,6.2198
2012-12-12,6.2452
2012-12-13,6.2538
2012-12-14,6.2466
2012-12-17,6.2452
2012-12-18,6.2413
2012-12-19,6.2363
2012-12-20,6.2333
2012-12-21,6.2347
2012-12-24,6.2346
2012-12-25,6.2359
2012-12-26,6.2343
2012-12-27,6.2356
2012-12-28,6.2398
2012-12-31,6.2348
2013-01-01,6.2306
2013-01-02,6.2376
2013-01-03,6.2332
2013-01-04,6.2325
2013-01-07,6.2305
2013-01-08,6.2298
2013-01-09,6.2242
2013-01-10,6.2252
2013-01-11,6.2246
2013-01-14,6.2162
2013-01-15,6.2223
2013-01-16,6.2134
2013-01-17,6.2195
2013-01-18,6.2183
2013-01-21,6.2054
2013-01-22,6.2207
2013-01-23,6.2226
2013-01-24,6.2216
2013-01-25,6.2193
2013-01-28,6.2195
2013-01-29,6.2235
2013-01-30,6.2258
2013-01-31,6.2195
2013-02-01,6.2178
2013-02-04,6.2304
2013-02-05,6.2304
2013-02-06,6.2278
2013-02-07,6.2291
2013-02-08,6.233
2013-02-11,6.253
2013-02-12,6.2328
2013-02-13,6.2325
2013-02-14,6.2328
2013-02-15,6.2326
2013-02-18,6.2244
2013-02-19,6.2428
2013-02-20,6.2435
2013-02-21,6.2407
2013-02-22,6.239
2013-02-25,6.2223
2013-02-26,6.2329
2013-02-27,6.2285
2013-02-28,6.2262
2013-03-01,6.2224
2013-03-04,6.2204
2013-03-05,6.2225
2013-03-06,6.2222
2013-03-07,6.2187
2013-03-08,6.2194
2013-03-11,6.2724
2013-03-12,6.2217
2013-03-13,6.214
2013-03-14,6.2132
2013-03-15,6.2139
2013-03-18,6.2875
2013-03-19,6.2143
2013-03-20,6.2138
2013-03-21,6.2089
2013-03-22,6.2129
2013-03-25,6.1722
2013-03-26,6.2103
2013-03-27,6.2121
2013-03-28,6.2147
2013-03-29,6.2126
2013-03-31,6.2161
2013-04-01,6.1956
2013-04-02,6.1987
2013-04-03,6.2007
2013-04-04,6.2028
2013-04-07,6.1674
2013-04-08,6.2025
2013-04-09,6.2041
2013-04-10,6.1944
2013-04-11,6.1948
2013-04-14,6.1985
2013-04-15,6.186
2013-04-16,6.1821
2013-04-17,6.1722
2013-04-18,6.2114
2013-04-21,6.1912
2013-04-22,6.1843
2013-04-23,6.1794
2013-04-24,6.1804
2013-04-25,6.1721
2013-04-28,6.1578
2013-04-29,6.1652
2013-04-30,6.1652
2013-05-01,6.1641
2013-05-02,6.1552
2013-05-05,6.1532
2013-05-06,6.1666
2013-05-07,6.1535
2013-05-08,6.1255
2013-05-09,6.1303
2013-05-12,6.1317
2013-05-13,6.1366
2013-05-14,6.1328
2013-05-15,6.1359
2013-05-16,6.139
2013-05-19,6.1313
2013-05-20,6.1289
2013-05-21,6.1256
2013-05-22,6.1211
2013-05-23,6.124
2013-05-26,6.1216
2013-05-27,6.1112
2013-05-28,6.1115
2013-05-29,6.1167
2013-05-30,6.1209
2013-06-02,6.1248
2013-06-03,6.1217
2013-06-04,6.1187
2013-06-05,6.1178
2013-06-06,6.1262
2013-06-09,6.1262
2013-06-10,6.1262
2013-06-11,6.1262
2013-06-12,6.1235
2013-06-13,6.1244
2013-06-16,6.1208
2013-06-17,6.115
2013-06-18,6.1185
2013-06-19,6.1169
2013-06-20,6.1182
2013-06-23,6.1234
2013-06-24,6.1351
2013-06-25,6.1353
2013-06-26,6.2013
2013-06-27,6.2298
2013-06-30,6.1276
2013-07-01,6.1227
2013-07-02,6.123
2013-07-03,6.1208
2013-07-04,6.1158
2013-07-07,6.1226
2013-07-08,6.1238
2013-07-09,6.1195
2013-07-10,6.1241
2013-07-11,6.1252
2013-07-14,6.1275
2013-07-15,6.1276
2013-07-16,6.125
2013-07-17,6.1253
2013-07-18,6.1313
2013-07-21,6.1279
2013-07-22,6.1309
2013-07-23,6.1274
2013-07-24,6.126
2013-07-25,6.1247
2013-07-28,6.1217
2013-07-29,6.1225
2013-07-30,6.1217
2013-07-31,6.1189
2013-08-01,6.1205
2013-08-04,6.1195
2013-08-05,6.1147
2013-08-06,6.1117
2013-08-07,6.1092
2013-08-08,6.1114
2013-08-11,6.1119
2013-08-12,6.1123
2013-08-13,6.1118
2013-08-14,6.1096
2013-08-15,6.1025
2013-08-18,6.105
2013-08-19,6.1129
2013-08-20,6.1146
2013-08-21,6.1134
2013-08-22,6.1111
2013-08-25,6.111
2013-08-26,6.1112
2013-08-27,6.1117
2013-08-28,6.1104
2013-08-29,6.1105
2013-09-01,6.1095
2013-09-02,6.1096
2013-09-03,6.1106
2013-09-04,6.1101
2013-09-05,6.1099
2013-09-08,6.1105
2013-09-09,6.111
2013-09-10,6.11
2013-09-11,6.1085
2013-09-12,6.108
2013-09-15,6.1088
2013-09-16,6.1103
2013-09-17,6.1115
2013-09-18,6.1112
2013-09-19,6.1112
2013-09-22,6.1112
2013-09-23,6.111
2013-09-24,6.1109
2013-09-25,6.11
2013-09-26,6.1114
2013-09-29,6.1099
2013-09-30,6.1115
2013-10-01,6.1115
2013-10-02,6.1115
2013-10-03,6.1115
2013-10-06,6.1115
2013-10-08,6.1111
2013-10-09,6.1111
2013-10-10,6.1058
2013-10-13,6.1106
2013-10-14,6.0979
2013-10-15,6.0927
2013-10-16,6.0898
2013-10-17,6.0882
2013-10-20,6.0868
2013-10-21,6.0826
2013-10-22,6.0827
2013-10-23,6.0735
2013-10-24,6.072
2013-10-28,6.074
2013-10-29,6.0755
2013-10-30,6.0802
2013-10-31,6.0838
2013-11-01,6.0845
2013-11-04,6.0895
2013-11-05,6.089
2013-11-06,6.0868
2013-11-07,6.0827
2013-11-08,6.0809
2013-11-11,6.0806
2013-11-12,6.0814
2013-11-13,6.082
2013-11-14,6.0829
2013-11-15,6.0822
2013-11-18,6.0822
2013-11-19,6.0821
2013-11-20,6.083
2013-11-21,6.0828
2013-11-22,6.0829
2013-11-25,6.0837
2013-11-26,6.0826
2013-11-27,6.0827
2013-11-28,6.0824
2013-11-29,6.0824
2013-12-02,6.0832
2013-12-03,6.083
2013-12-04,6.0824
2013-12-05,6.0816
2013-12-06,6.0813
2013-12-09,6.0718
2013-12-10,6.0623
2013-12-11,6.061
2013-12-12,6.0617
2013-12-13,6.0615
2013-12-16,6.0613
2013-12-17,6.0615
2013-12-18,6.0611
2013-12-19,6.0618
2013-12-20,6.0613
2013-12-23,6.0614
2013-12-24,6.0602
2013-12-25,6.0615
2013-12-26,6.0615
2013-12-27,6.0615
2013-12-30,6.0587
2013-12-31,6.0518
2014-01-01,6.044
2014-01-02,6.044
2014-01-03,6.0407
2014-01-06,6.0415
2014-01-07,6.0427
2014-01-08,6.0412
2014-01-09,6.0413
2014-01-10,6.045
2014-01-13,6.0422
2014-01-14,6.0333
2014-01-15,6.0312
2014-01-16,6.036
2014-01-17,6.0458
2014-01-20,6.0403
2014-01-21,6.0428
2014-01-22,6.0406
2014-01-23,6.0413
2014-01-24,6.0418
2014-01-27,6.0389
2014-01-28,6.0381
2014-01-29,6.0409
2014-01-30,6.0456
2014-01-31,6.051
2014-02-03,6.051
2014-02-04,6.051
2014-02-05,6.051
2014-02-06,6.051
2014-02-07,6.051
2014-02-10,6.0534
2014-02-11,6.0494
2014-02-12,6.0506
2014-02-13,6.0524
2014-02-14,6.0536
2014-02-17,6.0569
2014-02-18,6.0541
2014-02-19,6.0574
2014-02-20,6.0665
2014-02-21,6.0735
2014-02-24,6.0815
2014-02-25,6.0885
2014-02-26,6.1146
2014-02-27,6.1148
2014-02-28,6.1184
2014-03-03,6.1351
2014-03-04,6.1363
2014-03-05,6.1336
2014-03-06,6.128
2014-03-07,6.1086
2014-03-10,6.1161
2014-03-11,6.1286
2014-03-12,6.1302
2014-03-13,6.1351
2014-03-14,6.1262
2014-03-17,6.1403
2014-03-18,6.1682
2014-03-19,6.1821
2014-03-20,6.194
2014-03-21,6.2176
2014-03-24,6.2151
2014-03-25,6.1859
2014-03-26,6.1917
2014-03-27,6.1994
2014-03-28,6.2029
2014-03-30,6.2022
2014-03-31,6.2072
2014-04-01,6.1969
2014-04-02,6.1957
2014-04-03,6.2007
2014-04-06,6.2023
2014-04-07,6.2023
2014-04-08,6.1869
2014-04-09,6.1906
2014-04-10,6.2026
2014-04-13,6.2014
2014-04-14,6.2091
2014-04-15,6.212
2014-04-16,6.2114
2014-04-17,6.2091
2014-04-20,6.2091
2014-04-21,6.2091
2014-04-22,6.2276
2014-04-23,6.2277
2014-04-24,6.2389
2014-04-27,6.2437
2014-04-28,6.243
2014-04-29,6.2481
2014-04-30,6.2494
2014-05-01,6.2494
2014-05-04,6.2494
2014-05-05,6.2356
2014-05-06,6.2158
2014-05-07,6.2244
2014-05-08,6.2181
2014-05-11,6.2177
2014-05-12,6.2276
2014-05-13,6.2191
2014-05-14,6.219
2014-05-15,6.2207
2014-05-18,6.2235
2014-05-19,6.2275
2014-05-20,6.2281
2014-05-21,6.2238
2014-05-22,6.2251
2014-05-25,6.2266
2014-05-26,6.2295
2014-05-27,6.2391
2014-05-28,6.244
2014-05-29,6.228
2014-06-01,6.2379
2014-06-02,6.2379
2014-06-03,6.2446
2014-06-04,6.2404
2014-06-05,6.2468
2014-06-08,6.2405
2014-06-09,6.2303
2014-06-10,6.2145
2014-06-11,6.2181
2014-06-12,6.2085
2014-06-15,6.1995
2014-06-16,6.217
2014-06-17,6.2168
2014-06-18,6.2214
2014-06-19,6.2192
2014-06-22,6.2145
2014-06-23,6.2155
2014-06-24,6.2211
2014-06-25,6.2244
2014-06-26,6.214
2014-06-29,6.2085
2014-06-30,6.1938
2014-07-01,6.19
2014-07-02,6.2006
2014-07-03,6.202
2014-07-06,6.1941
2014-07-07,6.1938
2014-07-08,6.1915
2014-07-09,6.1899
2014-07-10,6.1928
2014-07-13,6.1936
2014-07-14,6.1961
2014-07-15,6.198
2014-07-16,6.194
2014-07-17,6.1938
2014-07-20,6.198
2014-07-21,6.1993
2014-07-22,6.193
2014-07-23,6.1888
2014-07-24,6.1847
2014-07-27,6.1817
2014-07-28,6.1775
2014-07-29,6.1705
2014-07-30,6.1615
2014-07-31,6.164
2014-08-03,6.1698
2014-08-04,6.1685
2014-08-05,6.1607
2014-08-06,6.153
2014-08-07,6.1521
2014-08-10,6.1462
2014-08-11,6.1435
2014-08-12,6.148
2014-08-13,6.1436
2014-08-14,6.1425
2014-08-17,6.1373
2014-08-18,6.133
2014-08-19,6.1313
2014-08-20,6.13
2014-08-21,6.1415
2014-08-24,6.1415
2014-08-25,6.1444
2014-08-26,6.1426
2014-08-27,6.1333
2014-08-28,6.1328
2014-08-31,6.1334
2014-09-01,6.132
2014-09-02,6.1383
2014-09-03,6.1311
2014-09-04,6.1286
2014-09-07,6.1305
2014-09-08,6.1305
2014-09-09,6.1265
2014-09-10,6.1194
2014-09-11,6.12
2014-09-14,6.1247
2014-09-15,6.132
2014-09-16,6.1361
2014-09-17,6.129
2014-09-18,6.1305
2014-09-21,6.1311
2014-09-22,6.1305
2014-09-23,6.1278
2014-09-24,6.1266
2014-09-25,6.126
2014-09-28,6.1171
2014-09-29,6.14
2014-09-30,6.1285
2014-10-01,6.1285
2014-10-02,6.1285
2014-10-05,6.129
2014-10-06,6.129
2014-10-07,6.129
2014-10-08,6.129
2014-10-09,6.1202
2014-10-12,6.1211
2014-10-13,6.1155
2014-10-14,6.1155
2014-10-15,6.1159
2014-10-16,6.1133
2014-10-19,6.114
2014-10-20,6.1136
2014-10-21,6.111
2014-10-22,6.1083
2014-10-23,6.1095
2014-10-27,6.1071
2014-10-28,6.1065
2014-10-29,6.1033
2014-10-30,6.1012
2014-10-31,6.1045
2014-11-03,6.1027
2014-11-04,6.1083
2014-11-05,6.1053
2014-11-06,6.104
2014-11-07,6.102
2014-11-10,6.1128
2014-11-11,6.1095
2014-11-12,6.1145
2014-11-13,6.1162
2014-11-14,6.1148
2014-11-17,6.1195
2014-11-18,6.1143
2014-11-19,6.1113
2014-11-20,6.1095
2014-11-21,6.1135
2014-11-24,6.1149
2014-11-25,6.1317
2014-11-26,6.1265
2014-11-27,6.1291
2014-11-28,6.1291
2014-12-01,6.1332
2014-12-02,6.142
2014-12-03,6.1395
2014-12-04,6.1402
2014-12-05,6.1446
2014-12-08,6.1402
2014-12-09,6.163
2014-12-10,6.1778
2014-12-11,6.1666
2014-12-12,6.1786
2014-12-15,6.1769
2014-12-16,6.1805
2014-12-17,6.1795
2014-12-18,6.187
2014-12-19,6.2045
2014-12-22,6.2099
2014-12-23,6.2116
2014-12-24,6.2159
2014-12-25,6.2053
2014-12-26,6.2053
2014-12-29,6.2053
2014-12-30,6.2125
2014-12-31,6.192
2015-01-01,6.1961
2015-01-02,6.1961
2015-01-05,6.1961
2015-01-06,6.2084
2015-01-07,6.202
2015-01-08,6.204
2015-01-09,6.2035
2015-01-12,6.2003
2015-01-13,6.1934
2015-01-14,6.1876
2015-01-15,6.184
2015-01-16,6.1775
2015-01-19,6.197
2015-01-20,6.208
2015-01-21,6.2049
2015-01-22,6.2017
2015-01-23,6.199
2015-01-26,6.2179
2015-01-27,6.2458
2015-01-28,6.2351
2015-01-29,6.2365
2015-01-30,6.2366
2015-02-02,6.241
2015-02-03,6.2495
2015-02-04,6.2457
2015-02-05,6.2377
2015-02-06,6.2421
2015-02-09,6.2334
2015-02-10,6.2388
2015-02-11,6.2318
2015-02-12,6.2323
2015-02-13,6.2345
2015-02-16,6.2303
2015-02-17,6.2386
2015-02-18,6.2441
2015-02-19,6.2441
2015-02-20,6.2441
2015-02-23,6.2441
2015-02-24,6.2451
2015-02-25,6.2451
2015-02-26,6.2495
2015-02-27,6.2495
2015-03-02,6.2586
2015-03-03,6.2637
2015-03-04,6.2637
2015-03-05,6.2606
2015-03-06,6.2574
2015-03-09,6.2538
2015-03-10,6.255
2015-03-11,6.252
2015-03-12,6.252
2015-03-13,6.252
2015-03-16,6.2487
2015-03-17,6.2518
2015-03-18,6.2395
2015-03-19,6.2187
2015-03-20,6.186
2015-03-23,6.196
2015-03-24,6.205
2015-03-25,6.1953
2015-03-26,6.201
2015-03-27,6.2014
2015-03-29,6.2052
2015-03-30,6.1965
2015-03-31,6.1875
2015-04-01,6.1871
2015-04-02,6.187
2015-04-05,6.187
2015-04-06,6.187
2015-04-07,6.1882
2015-04-08,6.1914
2015-04-09,6.1947
2015-04-12,6.1991
2015-04-13,6.2047
2015-04-14,6.2021
2015-04-15,6.1937
2015-04-16,6.1869
2015-04-19,6.1866
2015-04-20,6.1919
2015-04-21,6.1919
2015-04-22,6.1857
2015-04-23,6.1887
2015-04-26,6.1848
2015-04-27,6.209
2015-04-28,6.1965
2015-04-29,6.1902
2015-04-30,6.191
2015-05-03,6.191
2015-05-04,6.1984
2015-05-05,6.1952
2015-05-06,6.189
2015-05-07,6.198
2015-05-10,6.198
2015-05-11,6.1992
2015-05-12,6.1989
2015-05-13,6.1946
2015-05-14,6.1916
2015-05-17,6.1961
2015-05-18,6.1943
2015-05-19,6.1967
2015-05-20,6.1937
2015-05-21,6.1868
2015-05-24,6.1874
2015-05-25,6.192
2015-05-26,6.1939
2015-05-27,6.1913
2015-05-28,6.1912
2015-05-31,6.1883
2015-06-01,6.1895
2015-06-02,6.1882
2015-06-03,6.1878
2015-06-04,6.1911
2015-06-07,6.1934
2015-06-08,6.1956
2015-06-09,6.1957
2015-06-10,6.1958
2015-06-11,6.1966
2015-06-14,6.1983
2015-06-15,6.199
2015-06-16,6.1986
2015-06-17,6.1996
2015-06-18,6.1979
2015-06-21,6.1995
2015-06-22,6.1995
2015-06-23,6.1968
2015-06-24,6.1971
2015-06-25,6.1994
2015-06-28,6.199
2015-06-29,6.1988
2015-06-30,6.191
2015-07-01,6.1915
2015-07-02,6.1947
2015-07-05,6.1957
2015-07-06,6.1992
2015-07-07,6.2
2015-07-08,6.199
2015-07-09,6.1988
2015-07-12,6.1993
2015-07-13,6.1984
2015-07-14,6.1989
2015-07-15,6.1992
2015-07-16,6.1995
2015-07-19,6.1995
2015-07-20,6.1998
2015-07-21,6.1996
2015-07-22,6.1994
2015-07-23,6.1995
2015-07-26,6.1996
2015-07-27,6.1995
2015-07-28,6.1994
2015-07-29,6.199
2015-07-30,6.1997
2015-08-02,6.1998
2015-08-03,6.1997
2015-08-04,6.1996
2015-08-05,6.1997
2015-08-06,6.1997
2015-08-09,6.1997
2015-08-10,6.1997
2015-08-11,6.3149
2015-08-12,6.377
2015-08-13,6.3889
2015-08-16,6.3818
2015-08-17,6.3847
2015-08-18,6.3838
2015-08-19,6.3858
2015-08-20,6.379
2015-08-23,6.3789
2015-08-24,6.3944
2015-08-25,6.4029
2015-08-26,6.401
2015-08-27,6.3953
2015-08-30,6.3785
2015-08-31,6.3664
2015-09-01,6.3545
2015-09-02,6.3459
2015-09-03,6.3459
2015-09-06,6.3459
2015-09-07,6.3559
2015-09-08,6.3572
2015-09-09,6.3678
2015-09-10,6.3672
2015-09-13,6.365
2015-09-14,6.3579
2015-09-15,6.36
2015-09-16,6.3609
2015-09-17,6.356
2015-09-20,6.3543
2015-09-21,6.3591
2015-09-22,6.366
2015-09-23,6.3737
2015-09-24,6.3733
2015-09-27,6.3641
2015-09-28,6.3588
2015-09-29,6.3536
2015-09-30,6.3471
2015-10-01,6.3461
2015-10-04,6.3461
2015-10-05,6.3461
2015-10-06,6.3461
2015-10-07,6.3461
2015-10-08,6.3435
2015-10-11,6.3353
2015-10-12,6.313
2015-10-13,6.3323
2015-10-14,6.3377
2015-10-15,6.3362
2015-10-18,6.3426
2015-10-19,6.3501
2015-10-20,6.3384
2015-10-21,6.3393
2015-10-22,6.348
2015-10-26,6.3391
2015-10-27,6.3432
2015-10-28,6.3432
2015-10-29,6.3493
2015-10-30,6.3467
2015-11-02,6.3081
2015-11-03,6.3274
2015-11-04,6.3261
2015-11-05,6.3259
2015-11-06,6.3362
2015-11-09,6.3431
2015-11-10,6.3522
2015-11-11,6.3518
2015-11-12,6.3575
2015-11-13,6.3593
2015-11-16,6.3638
2015-11-17,6.3612
2015-11-18,6.3686
2015-11-19,6.3749
2015-11-20,6.373
2015-11-23,6.375
2015-11-24,6.3793
2015-11-25,6.3798
2015-11-26,6.3792
2015-11-27,6.3796
2015-11-30,6.385
2015-12-01,6.3882
2015-12-02,6.3888
2015-12-03,6.3888
2015-12-04,6.3875
2015-12-07,6.3911
2015-12-08,6.3982
2015-12-09,6.4072
2015-12-10,6.418
2015-12-11,6.4278
2015-12-14,6.4453
2015-12-15,6.449
2015-12-16,6.451
2015-12-17,6.4633
2015-12-18,6.4737
2015-12-21,6.4715
2015-12-22,6.4708
2015-12-23,6.4688
2015-12-24,6.4678
2015-12-25,6.4673
2015-12-28,6.4673
2015-12-29,6.4787
2015-12-30,6.4748
2015-12-31,6.4812
2016-01-01,6.4837
2016-01-04,6.4837
2016-01-05,6.5254
2016-01-06,6.5125
2016-01-07,6.5467
2016-01-08,6.5829
2016-01-11,6.5865
2016-01-12,6.5595
2016-01-13,6.5625
2016-01-14,6.5654
2016-01-15,6.5802
2016-01-18,6.5749
2016-01-19,6.5689
2016-01-20,6.5686
2016-01-21,6.5684
2016-01-22,6.57
2016-01-25,6.5691
2016-01-26,6.5694
2016-01-27,6.5725
2016-01-28,6.5678
2016-01-29,6.5652
2016-02-01,6.5661
2016-02-02,6.5684
2016-02-03,6.5698
2016-02-04,6.567
2016-02-05,6.5548
2016-02-08,6.5639
2016-02-09,6.5639
2016-02-10,6.5639
2016-02-11,6.5639
2016-02-12,6.5639
2016-02-15,6.5639
2016-02-16,6.4862
2016-02-17,6.5069
2016-02-18,6.5183
2016-02-19,6.5088
2016-02-22,6.5124
2016-02-23,6.5118
2016-02-24,6.5171
2016-02-25,6.5217
2016-02-26,6.5235
2016-02-29,6.5304
2016-03-01,6.544
2016-03-02,6.5421
2016-03-03,6.541
2016-03-04,6.5215
2016-03-07,6.4981
2016-03-08,6.5068
2016-03-09,6.4947
2016-03-10,6.503
2016-03-11,6.4986
2016-03-14,6.4853
2016-03-15,6.49
2016-03-16,6.5045
2016-03-17,6.512
2016-03-18,6.465
2016-03-21,6.4616
2016-03-22,6.4746
2016-03-23,6.4801
2016-03-24,6.4963
2016-03-25,6.5047
2016-03-27,6.5265
2016-03-28,6.501
2016-03-29,6.5049
2016-03-30,6.4551
2016-03-31,6.439
2016-04-03,6.4686
2016-04-04,6.4686
2016-04-05,6.4673
2016-04-06,6.4709
2016-04-07,6.453
2016-04-10,6.4558
2016-04-11,6.4495
2016-04-12,6.4556
2016-04-13,6.4684
2016-04-14,6.4726
2016-04-17,6.4656
2016-04-18,6.4652
2016-04-19,6.4481
2016-04-20,6.4608
2016-04-21,6.4719
2016-04-24,6.491
2016-04-25,6.483
2016-04-26,6.4835
2016-04-27,6.485
2016-04-28,6.4659
2016-05-01,6.4641
2016-05-02,6.4641
2016-05-03,6.4818
2016-05-04,6.4848
2016-05-05,6.4935
2016-05-08,6.4902
2016-05-09,6.5069
2016-05-10,6.5083
2016-05-11,6.482
2016-05-12,6.5068
2016-05-15,6.522
2016-05-16,6.5213
2016-05-17,6.5186
2016-05-18,6.5288
2016-05-19,6.537
2016-05-22,6.5367
2016-05-23,6.5457
2016-05-24,6.5472
2016-05-25,6.5441
2016-05-26,6.547
2016-05-29,6.5533
2016-05-30,6.5733
2016-05-31,6.5729
2016-06-01,6.5651
2016-06-02,6.5745
2016-06-05,6.5548
2016-06-06,6.5538
2016-06-07,6.5615
2016-06-08,6.5525
2016-06-09,6.552
2016-06-12,6.552
2016-06-13,6.5757
2016-06-14,6.5865
2016-06-15,6.5718
2016-06-16,6.582
2016-06-19,6.5784
2016-06-20,6.5671
2016-06-21,6.5803
2016-06-22,6.5675
2016-06-23,6.5673
2016-06-26,6.6118
2016-06-27,6.6416
2016-06-28,6.6381
2016-06-29,6.6268
2016-06-30,6.6381
2016-07-03,6.6457
2016-07-04,6.6553
2016-07-05,6.6697
2016-07-06,6.683
2016-07-07,6.6711
2016-07-10,6.6781
2016-07-11,6.6839
2016-07-12,6.6786
2016-07-13,6.6763
2016-07-14,6.6736
2016-07-17,6.6761
2016-07-18,6.7046
2016-07-19,6.6954
2016-07-20,6.6766
2016-07-21,6.6744
2016-07-24,6.6939
2016-07-25,6.6793
2016-07-26,6.6697
2016-07-27,6.6668
2016-07-28,6.6561
2016-07-31,6.6423
2016-08-01,6.6415
2016-08-02,6.6287
2016-08-03,6.6308
2016-08-04,6.6387
2016-08-07,6.6737
2016-08-08,6.6604
2016-08-09,6.6552
2016-08-10,6.6392
2016-08-11,6.626
2016-08-14,6.6449
2016-08-15,6.6354
2016-08-16,6.6248
2016-08-17,6.634
2016-08-18,6.612
2016-08-21,6.6344
2016-08-22,6.6475
2016-08-23,6.6408
2016-08-24,6.6584
2016-08-25,6.6594
2016-08-28,6.6789
2016-08-29,6.6752
2016-08-30,6.6804
2016-08-31,6.6776
2016-09-01,6.6682
2016-09-04,6.6798
2016-09-05,6.6759
2016-09-06,6.6743
2016-09-07,6.6626
2016-09-08,6.6628
2016-09-11,6.6799
2016-09-12,6.6787
2016-09-13,6.6764
2016-09-14,6.6732
2016-09-15,6.6712
2016-09-18,6.6707
2016-09-19,6.6662
2016-09-20,6.6695
2016-09-21,6.6736
2016-09-22,6.6638
2016-09-25,6.6572
2016-09-26,6.6677
2016-09-27,6.6698
2016-09-28,6.6752
2016-09-29,6.6687
2016-10-02,6.6381
2016-10-03,6.6732
2016-10-04,6.6708
2016-10-05,6.673
2016-10-06,6.6737
2016-10-09,6.6769
2016-10-10,6.7077
2016-10-11,6.7235
2016-10-12,6.7188
2016-10-13,6.7293
2016-10-16,6.731
2016-10-17,6.7315
2016-10-18,6.743
2016-10-19,6.7354
2016-10-20,6.743
2016-10-23,6.7663
2016-10-24,6.7762
2016-10-25,6.7806
2016-10-26,6.7697
2016-10-27,6.7848
2016-10-31,6.7834
2016-11-01,6.7746
2016-11-02,6.7663
2016-11-03,6.7471
2016-11-04,6.7662
2016-11-07,6.7555
2016-11-08,6.7741
2016-11-09,6.7848
2016-11-10,6.7787
2016-11-11,6.8017
2016-11-14,6.8051
2016-11-15,6.8457
2016-11-16,6.8581
2016-11-17,6.7892
2016-11-18,6.8766
2016-11-21,6.8925
2016-11-22,6.8889
2016-11-23,6.8893
2016-11-24,6.9102
2016-11-25,6.9182
2016-11-28,6.9217
2016-11-29,6.9063
2016-11-30,6.8973
2016-12-01,6.8908
2016-12-02,6.8765
2016-12-05,6.8855
2016-12-06,6.871
2016-12-07,6.872
2016-12-08,6.8705
2016-12-09,6.8699
2016-12-12,6.9067
2016-12-13,6.8969
2016-12-14,6.8917
2016-12-15,6.9038
2016-12-16,6.9343
2016-12-19,6.9583
2016-12-20,6.953
2016-12-21,6.9498
2016-12-22,6.9414
2016-12-23,6.9404
2016-12-26,6.9453
2016-12-27,6.9447
2016-12-28,6.9425
2016-12-29,6.9581
2016-12-30,6.9453
2017-01-02,6.9438
2017-01-03,6.944
2017-01-04,6.9598
2017-01-05,6.9251
2017-01-06,6.8879
2017-01-09,6.9175
2017-01-10,6.9367
2017-01-11,6.9212
2017-01-12,6.9361
2017-01-13,6.8949
2017-01-16,6.8988
2017-01-17,6.891
2017-01-18,6.8446
2017-01-19,6.838
2017-01-20,6.8613
2017-01-23,6.8755
2017-01-24,6.844
2017-01-25,6.849
2017-01-26,6.8736
2017-01-27,6.8784
2017-01-30,6.883
2017-01-31,6.8807
2017-02-01,6.8787
2017-02-02,6.8809
2017-02-03,6.88
2017-02-06,6.8722
2017-02-07,6.8636
2017-02-08,6.8845
2017-02-09,6.8725
2017-02-10,6.8686
2017-02-13,6.8952
2017-02-14,6.8795
2017-02-15,6.8668
2017-02-16,6.8684
2017-02-17,6.8526
2017-02-20,6.8557
2017-02-21,6.8781
2017-02-22,6.8826
2017-02-23,6.8737
2017-02-24,6.8655
2017-02-27,6.9007
2017-02-28,6.8701
2017-03-01,6.8664
2017-03-02,6.8822
2017-03-03,6.8876
2017-03-06,6.8962
2017-03-07,6.8967
2017-03-08,6.9023
2017-03-09,6.9119
2017-03-10,6.9102
2017-03-13,6.8566
2017-03-14,6.913
2017-03-15,6.9145
2017-03-16,6.9136
2017-03-17,6.8967
2017-03-20,6.9041
2017-03-21,6.906
2017-03-22,6.8849
2017-03-23,6.883
2017-03-24,6.8858
2017-03-26,6.8535
2017-03-27,6.8721
2017-03-28,6.8783
2017-03-29,6.8877
2017-03-30,6.889
2017-04-02,6.8802
2017-04-03,6.8839
2017-04-04,6.8852
2017-04-05,6.8939
2017-04-06,6.8978
2017-04-09,6.9057
2017-04-10,6.9033
2017-04-11,6.8908
2017-04-12,6.8909
2017-04-13,6.8865
2017-04-16,6.891
2017-04-17,6.8686
2017-04-18,6.8819
2017-04-19,6.886
2017-04-20,6.8817
2017-04-23,6.7921
2017-04-24,6.8825
2017-04-25,6.8817
2017-04-26,6.8921
2017-04-27,6.8969
2017-04-30,6.9121
2017-05-01,6.893
2017-05-02,6.8935
2017-05-03,6.8967
2017-05-04,6.8954
2017-05-07,6.8847
2017-05-08,6.9045
2017-05-09,6.9071
2017-05-10,6.903
2017-05-11,6.9037
2017-05-14,6.9021
2017-05-15,6.894
2017-05-16,6.8886
2017-05-17,6.8813
2017-05-18,6.8891
2017-05-21,6.8539
2017-05-22,6.8844
2017-05-23,6.8912
2017-05-24,6.89
2017-05-25,6.8677
2017-05-28,6.857
2017-05-29,6.8562
2017-05-30,6.8558
2017-05-31,6.8112
2017-06-01,6.8086
2017-06-04,6.8128
2017-06-05,6.8028
2017-06-06,6.7957
2017-06-07,6.7975
2017-06-08,6.7992
2017-06-11,6.7848
2017-06-12,6.7976
2017-06-13,6.7988
2017-06-14,6.791
2017-06-15,6.8085
2017-06-18,6.8034
2017-06-19,6.8197
2017-06-20,6.8264
2017-06-21,6.8283
2017-06-22,6.8346
2017-06-25,6.8342
2017-06-26,6.8398
2017-06-27,6.8126
2017-06-28,6.8
2017-06-29,6.7857
2017-07-02,6.7781
2017-07-03,6.7998
2017-07-04,6.7987
2017-07-05,6.8008
2017-07-06,6.7999
2017-07-09,6.8029
2017-07-11,6.8017
2017-07-12,6.788
2017-07-13,6.7826
2017-07-16,6.7405
2017-07-17,6.7695
2017-07-18,6.7454
2017-07-19,6.7513
2017-07-20,6.7589
2017-07-23,6.7197
2017-07-24,6.7501
2017-07-25,6.7498
2017-07-26,6.754
2017-07-27,6.74
2017-07-30,6.7389
2017-07-31,6.7255
2017-08-01,6.7137
2017-08-02,6.7217
2017-08-03,6.7156
2017-08-06,6.7657
2017-08-07,6.7215
2017-08-08,6.7098
2017-08-09,6.6718
2017-08-10,6.6458
2017-08-13,6.662
2017-08-14,6.6687
2017-08-15,6.6844
2017-08-16,6.6897
2017-08-17,6.6777
2017-08-20,6.6687
2017-08-21,6.6659
2017-08-22,6.6617
2017-08-23,6.6583
2017-08-24,6.6613
2017-08-27,6.5829
2017-08-28,6.6074
2017-08-29,6.5954
2017-08-30,6.5957
2017-08-31,6.5898
2017-09-03,6.5465
2017-09-04,6.5299
2017-09-05,6.5374
2017-09-06,6.5212
2017-09-07,6.4846
2017-09-10,6.5309
2017-09-11,6.5304
2017-09-12,6.535
2017-09-13,6.5422
2017-09-14,6.5548
2017-09-17,6.5507
2017-09-18,6.5731
2017-09-19,6.5833
2017-09-20,6.5749
2017-09-21,6.59
2017-09-24,6.6046
2017-09-25,6.6205
2017-09-26,6.6396
2017-09-27,6.6405
2017-09-28,6.665
2017-10-01,6.6578
2017-10-02,6.6517
2017-10-03,6.6511
2017-10-04,6.6538
2017-10-05,6.6539
2017-10-08,6.65
2017-10-09,6.6253
2017-10-10,6.5714
2017-10-11,6.5895
2017-10-12,6.588
2017-10-15,6.5833
2017-10-16,6.5885
2017-10-17,6.622
2017-10-18,6.6278
2017-10-19,6.6141
2017-10-22,6.6388
2017-10-23,6.6383
2017-10-24,6.636
2017-10-25,6.6376
2017-10-26,6.6411
2017-10-30,6.659
2017-10-31,6.6424
2017-11-01,6.6358
2017-11-02,6.5994
2017-11-03,6.6081
2017-11-06,6.638
2017-11-07,6.6335
2017-11-08,6.6398
2017-11-09,6.6266
2017-11-10,6.6303
2017-11-13,6.6393
2017-11-14,6.6386
2017-11-15,6.6356
2017-11-17,6.6277
2017-11-20,6.6619
2017-11-21,6.6335
2017-11-22,6.6292
2017-11-23,6.6109
2017-11-24,6.5833
2017-11-27,6.6012
2017-11-28,6.5953
2017-11-29,6.6094
2017-11-30,6.6083
2017-12-01,6.6121
2017-12-04,6.6346
2017-12-05,6.6189
2017-12-06,6.6168
2017-12-07,6.6144
2017-12-08,6.618
2017-12-11,6.6183
2017-12-12,6.6171
2017-12-13,6.6204
2017-12-14,6.6187
2017-12-15,6.6086
2017-12-18,6.6149
2017-12-19,6.6142
2017-12-20,6.605
2017-12-21,6.5797
2017-12-22,6.5854
2017-12-25,6.5786
2017-12-26,6.5388
2017-12-27,6.5431
2017-12-28,6.5547
2017-12-29,6.5316
2018-01-01,6.5057
2018-01-02,6.5058
2018-01-03,6.494
2018-01-04,6.5031
2018-01-05,6.4933
2018-01-08,6.4875
2018-01-09,6.4976
2018-01-10,6.5294
2018-01-11,6.5072
2018-01-12,6.4902
2018-01-15,6.4562
2018-01-16,6.4352
2018-01-17,6.4423
2018-01-18,6.4321
2018-01-19,6.4206
2018-01-22,6.403
2018-01-23,6.4044
2018-01-24,6.4029
2018-01-25,6.3693
2018-01-26,6.3228
2018-01-29,6.3159
2018-01-30,6.3363
2018-01-31,6.3211
2018-02-01,6.2882
2018-02-02,6.2984
2018-02-05,6.3076
2018-02-06,6.2897
2018-02-07,6.2825
2018-02-08,6.2676
2018-02-09,6.3263
2018-02-12,6.2869
2018-02-13,6.3265
2018-02-14,6.34
2018-02-15,6.346
2018-02-16,6.3472
2018-02-19,6.3401
2018-02-20,6.3484
2018-02-21,6.3462
2018-02-22,6.3466
2018-02-23,6.3502
2018-02-26,6.3273
2018-02-27,6.3141
2018-02-28,6.3167
2018-03-01,6.3309
2018-03-02,6.3574
2018-03-05,6.3503
2018-03-06,6.3489
2018-03-07,6.3094
2018-03-08,6.325
2018-03-09,6.3416
2018-03-12,6.3285
2018-03-13,6.3291
2018-03-14,6.3204
2018-03-15,6.316
2018-03-16,6.3209
2018-03-19,6.3382
2018-03-20,6.3316
2018-03-21,6.3329
2018-03-22,6.3206
2018-03-23,6.3347
2018-03-25,6.32
2018-03-26,6.2724
2018-03-27,6.2818
2018-03-28,6.2956
2018-03-29,6.2889
2018-04-01,6.2822
2018-04-02,6.2794
2018-04-03,6.2884
2018-04-04,6.3042
2018-04-05,6.3024
2018-04-08,6.3086
2018-04-09,6.3054
2018-04-10,6.2816
2018-04-11,6.2686
2018-04-12,6.291
2018-04-15,6.2741
2018-04-16,6.2757
2018-04-17,6.2805
2018-04-18,6.2734
2018-04-19,6.2781
2018-04-22,6.2955
2018-04-23,6.3161
2018-04-24,6.3059
2018-04-25,6.3247
2018-04-26,6.3354
2018-04-29,6.337
2018-04-30,6.3321
2018-05-01,6.3323
2018-05-02,6.3615
2018-05-03,6.3527
2018-05-06,6.3617
2018-05-07,6.3661
2018-05-08,6.3697
2018-05-09,6.3614
2018-05-10,6.3482
2018-05-13,6.3331
2018-05-14,6.3383
2018-05-15,6.3768
2018-05-16,6.3705
2018-05-17,6.3662
2018-05-20,6.3828
2018-05-21,6.3811
2018-05-22,6.3642
2018-05-23,6.3888
2018-05-24,6.3764
2018-05-27,6.3686
2018-05-28,6.3983
2018-05-29,6.4166
2018-05-30,6.418
2018-05-31,6.4093
2018-06-03,6.4194
2018-06-04,6.407
2018-06-05,6.405
2018-06-06,6.3879
2018-06-07,6.3921
2018-06-10,6.4057
2018-06-11,6.3916
2018-06-12,6.4005
2018-06-13,6.3973
2018-06-14,6.4045
2018-06-17,6.433
2018-06-18,6.4388
2018-06-19,6.4855
2018-06-20,6.4716
2018-06-21,6.4921
2018-06-24,6.5043
2018-06-25,6.539
2018-06-26,6.5783
2018-06-27,6.6019
2018-06-28,6.6274
2018-07-01,6.6243
2018-07-02,6.6667
2018-07-03,6.641
2018-07-04,6.6313
2018-07-05,6.6368
2018-07-08,6.6392
2018-07-09,6.6152
2018-07-10,6.6314
2018-07-11,6.6828
2018-07-12,6.6659
2018-07-15,6.6946
2018-07-16,6.6916
2018-07-17,6.7068
2018-07-18,6.7177
2018-07-19,6.7717
2018-07-22,6.7581
2018-07-23,6.792
2018-07-24,6.7905
2018-07-25,6.7687
2018-07-26,6.7828
2018-07-29,6.8127
2018-07-30,6.8149
2018-07-31,6.8117
2018-08-01,6.8226
2018-08-02,6.8328
2018-08-05,6.8332
2018-08-06,6.8541
2018-08-07,6.8336
2018-08-08,6.8352
2018-08-09,6.8172
2018-08-12,6.8462
2018-08-13,6.8894
2018-08-14,6.8847
2018-08-15,6.9338
2018-08-16,6.8815
2018-08-19,6.8766
2018-08-20,6.8568
2018-08-21,6.8455
2018-08-22,6.8432
2018-08-23,6.8775
2018-08-26,6.8006
2018-08-27,6.8133
2018-08-28,6.8042
2018-08-29,6.8187
2018-08-30,6.8431
2018-09-02,6.8346
2018-09-03,6.8221
2018-09-04,6.8425
2018-09-05,6.83
2018-09-06,6.8344
2018-09-09,6.8391
2018-09-10,6.8553
2018-09-11,6.8744
2018-09-12,6.8599
2018-09-13,6.8429
2018-09-16,6.8656
2018-09-17,6.8555
2018-09-18,6.8602
2018-09-19,6.8469
2018-09-20,6.8459
2018-09-23,6.8567
2018-09-24,6.8734
2018-09-25,6.8663
2018-09-26,6.8761
2018-09-27,6.8803
2018-09-30,6.8679
2018-10-01,6.8679
2018-10-02,6.8679
2018-10-03,6.8678
2018-10-04,6.8679
2018-10-07,6.8589
2018-10-08,6.9298
2018-10-09,6.9218
2018-10-10,6.9233
2018-10-11,6.8886
2018-10-14,6.9212
2018-10-15,6.9159
2018-10-16,6.911
2018-10-17,6.9263
2018-10-18,6.9367
2018-10-21,6.9286
2018-10-22,6.9465
2018-10-23,6.9374
2018-10-24,6.943
2018-10-25,6.948
2018-10-29,6.9425
2018-10-30,6.9519
2018-10-31,6.9663
2018-11-01,6.9747
2018-11-02,6.9224
2018-11-05,6.8899
2018-11-06,6.9248
2018-11-07,6.9185
2018-11-08,6.91
2018-11-09,6.9335
2018-11-12,6.9559
2018-11-13,6.9625
2018-11-14,6.9552
2018-11-15,6.9495
2018-11-16,6.9382
2018-11-19,6.937
2018-11-20,6.941
2018-11-21,6.9444
2018-11-22,6.9262
2018-11-23,6.931
2018-11-26,6.9475
2018-11-27,6.9308
2018-11-28,6.9506
2018-11-29,6.9529
2018-11-30,6.9415
2018-12-03,6.958
2018-12-04,6.8823
2018-12-05,6.8363
2018-12-06,6.8558
2018-12-07,6.8817
2018-12-10,6.8747
2018-12-11,6.911
2018-12-12,6.899
2018-12-13,6.879
2018-12-14,6.8807
2018-12-17,6.9066
2018-12-18,6.8962
2018-12-19,6.8942
2018-12-20,6.891
2018-12-21,6.8841
2018-12-24,6.9054
2018-12-25,6.8981
2018-12-26,6.8983
2018-12-27,6.8981
2018-12-28,6.8653
2018-12-31,6.8772
2019-01-01,6.8776
2019-01-02,6.8775
2019-01-03,6.8611
2019-01-04,6.8711
2019-01-07,6.8684
2019-01-08,6.85
2019-01-09,6.8522
2019-01-10,6.8156
2019-01-11,6.7875
2019-01-14,6.762
2019-01-15,6.7671
2019-01-16,6.751
2019-01-17,6.756
2019-01-18,6.7754
2019-01-21,6.7778
2019-01-22,6.7973
2019-01-23,6.807
2019-01-24,6.791
2019-01-25,6.7876
2019-01-28,6.7464
2019-01-29,6.7443
2019-01-30,6.732
2019-01-31,6.7155
2019-02-01,6.6998
2019-02-04,6.7438
2019-02-05,6.7438
2019-02-06,6.7348
2019-02-07,6.7438
2019-02-08,6.7438
2019-02-11,6.7438
2019-02-12,6.7914
2019-02-13,6.773
2019-02-14,6.7594
2019-02-15,6.7712
2019-02-18,6.7721
2019-02-19,6.7657
2019-02-20,6.7577
2019-02-21,6.7203
2019-02-22,6.7191
2019-02-25,6.7132
2019-02-26,6.6884
2019-02-27,6.6992
2019-02-28,6.6862
2019-03-01,6.693
2019-03-04,6.7054
2019-03-05,6.7063
2019-03-06,6.7066
2019-03-07,6.7109
2019-03-08,6.7141
2019-03-11,6.7206
2019-03-12,6.7255
2019-03-13,6.7076
2019-03-14,6.7061
2019-03-15,6.722
2019-03-18,6.7128
2019-03-19,6.7031
2019-03-20,6.711
2019-03-21,6.6936
2019-03-22,6.6982
2019-03-25,6.7171
2019-03-26,6.7084
2019-03-27,6.7147
2019-03-28,6.7262
2019-03-29,6.7381
2019-03-31,6.7111
2019-04-01,6.7105
2019-04-02,6.7224
2019-04-03,6.7014
2019-04-04,6.7166
2019-04-07,6.7169
2019-04-08,6.7154
2019-04-09,6.7108
2019-04-10,6.7154
2019-04-11,6.7185
2019-04-14,6.7032
2019-04-15,6.7077
2019-04-16,6.7112
2019-04-17,6.6872
2019-04-18,6.7081
2019-04-21,6.7034
2019-04-22,6.7085
2019-04-23,6.7249
2019-04-24,6.7209
2019-04-25,6.7421
2019-04-28,6.7288
2019-04-29,6.7324
2019-04-30,6.7338
2019-05-01,6.734
2019-05-02,6.7339
2019-05-05,6.7336
2019-05-06,6.7636
2019-05-07,6.776
2019-05-08,6.782
2019-05-09,6.8265
2019-05-12,6.8231
2019-05-13,6.8773
2019-05-14,6.8749
2019-05-15,6.8752
2019-05-16,6.8828
2019-05-19,6.9177
2019-05-20,6.9113
2019-05-22,6.9054
2019-05-23,6.9095
2019-05-26,6.8993
2019-05-27,6.8972
2019-05-28,6.9091
2019-05-29,6.9134
2019-05-30,6.9009
2019-06-02,6.9041
2019-06-03,6.9028
2019-06-04,6.9073
2019-06-05,6.9081
2019-06-06,6.909
2019-06-09,6.9088
2019-06-10,6.9301
2019-06-11,6.9104
2019-06-12,6.9169
2019-06-13,6.9208
2019-06-16,6.9245
2019-06-17,6.9249
2019-06-18,6.9023
2019-06-19,6.9027
2019-06-20,6.851
2019-06-23,6.8689
2019-06-24,6.8761
2019-06-25,6.8788
2019-06-26,6.8791
2019-06-27,6.8671
2019-06-30,6.8658
2019-07-01,6.8508
2019-07-02,6.872
2019-07-03,6.8802
2019-07-04,6.8706
2019-07-07,6.8926
2019-07-08,6.8809
2019-07-09,6.8883
2019-07-10,6.8722
2019-07-11,6.8692
2019-07-14,6.8798
2019-07-15,6.8769
2019-07-16,6.8753
2019-07-17,6.8728
2019-07-18,6.8791
2019-07-21,6.8811
2019-07-22,6.8801
2019-07-23,6.8783
2019-07-24,6.8715
2019-07-25,6.8716
2019-07-28,6.8782
2019-07-29,6.8924
2019-07-30,6.8836
2019-07-31,6.8834
2019-08-01,6.8978
2019-08-04,6.9392
2019-08-05,7.0497
2019-08-06,7.0256
2019-08-07,7.0591
2019-08-08,7.0443
2019-08-11,7.0615
2019-08-12,7.0572
2019-08-13,7.0335
2019-08-14,7.0235
2019-08-15,7.024
2019-08-18,7.0419
2019-08-19,7.0498
2019-08-20,7.0596
2019-08-21,7.0624
2019-08-22,7.0827
2019-08-25,7.095
2019-08-26,7.1503
2019-08-27,7.1614
2019-08-28,7.1553
2019-08-29,7.1436
2019-09-01,7.1557
2019-09-02,7.171
2019-09-03,7.178
2019-09-04,7.1451
2019-09-05,7.1477
2019-09-08,7.1147
2019-09-09,7.1211
2019-09-10,7.1117
2019-09-11,7.1158
2019-09-12,7.0784
2019-09-15,7.0784
2019-09-16,7.0664
2019-09-17,7.0909
2019-09-18,7.085
2019-09-19,7.0956
2019-09-22,7.0906
2019-09-23,7.1176
2019-09-24,7.1155
2019-09-25,7.1308
2019-09-26,7.1316
2019-09-29,7.1218
2019-09-30,7.1475
2019-10-01,7.1474
2019-10-02,7.1476
2019-10-03,7.1475
2019-10-06,7.1474
2019-10-07,7.1474
2019-10-08,7.1435
2019-10-09,7.1314
2019-10-10,7.1155
2019-10-13,7.0872
2019-10-14,7.0666
2019-10-15,7.0808
2019-10-16,7.0927
2019-10-17,7.0764
2019-10-20,7.0807
2019-10-21,7.0663
2019-10-22,7.0762
2019-10-23,7.0646
2019-10-24,7.0681
2019-10-28,7.0647
2019-10-29,7.0669
2019-10-30,7.0649
2019-10-31,7.0544
2019-11-01,7.0382
2019-11-04,7.0364
2019-11-05,7.0294
2019-11-06,7.0088
2019-11-07,6.9972
2019-11-11,6.995
2019-11-12,7.0096
2019-11-13,7.0068
2019-11-14,7.0226
2019-11-15,7.0198
2019-11-18,7.0073
2019-11-19,7.025
2019-11-20,7.0268
2019-11-21,7.035
2019-11-22,7.0282
2019-11-25,7.0383
2019-11-26,7.0355
2019-11-27,7.0325
2019-11-28,7.0279
2019-11-29,7.0344
2019-12-02,7.0315
2019-12-03,7.0383
2019-12-04,7.0602
2019-12-05,7.0489
2019-12-06,7.0438
2019-12-09,7.0343
2019-12-10,7.0382
2019-12-11,7.0333
2019-12-12,7.0378
2019-12-13,7.0195
2019-12-16,6.9719
2019-12-17,6.9816
2019-12-18,6.9962
2019-12-19,7.004
2019-12-20,7.0094
2019-12-23,7.0057
2019-12-24,7.0118
2019-12-25,7.0064
2019-12-26,6.9883
2019-12-27,6.9963
2019-12-30,6.9948
2019-12-31,6.9857
2020-01-01,6.9623
2020-01-02,6.9622
2020-01-03,6.9634
2020-01-06,6.9645
2020-01-07,6.9745
2020-01-08,6.9444
2020-01-09,6.9452
2020-01-10,6.9517
2020-01-13,6.9093
2020-01-14,6.8927
2020-01-15,6.9003
2020-01-16,6.8898
2020-01-17,6.8781
2020-01-20,6.8587
2020-01-21,6.8658
2020-01-22,6.9048
2020-01-23,6.9057
2020-01-24,6.9356
2020-01-27,6.9357
2020-01-28,6.9357
2020-01-29,6.9357
2020-01-30,6.9357
2020-01-31,6.9357
2020-02-03,6.9357
2020-02-04,7.0206
2020-02-05,6.9975
2020-02-06,6.9728
2020-02-07,6.9698
2020-02-10,7.0006
2020-02-11,6.9835
2020-02-12,6.9649
2020-02-13,6.971
2020-02-14,6.9764
2020-02-17,6.9861
2020-02-18,6.9793
2020-02-19,6.9962
2020-02-20,6.9972
2020-02-21,7.0224
2020-02-24,7.0262
2020-02-25,7.0284
2020-02-26,7.0364
2020-02-27,7.0398
2020-02-28,7.0035
2020-03-02,6.9909
2020-03-03,6.9998
2020-03-04,6.961
2020-03-05,6.9654
2020-03-06,6.936
2020-03-09,6.9311
2020-03-10,6.9456
2020-03-11,6.9556
2020-03-12,6.9596
2020-03-13,7.0286
2020-03-16,7.0072
2020-03-17,6.9927
2020-03-18,7.0062
2020-03-19,7.0464
2020-03-20,7.1077
2020-03-23,7.0948
2020-03-24,7.0913
2020-03-25,7.062
2020-03-26,7.1135
2020-03-27,7.0731
2020-03-29,7.0953
2020-03-30,7.0992
2020-03-31,7.0814
2020-04-01,7.0993
2020-04-02,7.0832
2020-04-05,7.0913
2020-04-06,7.0913
2020-04-07,7.0448
2020-04-08,7.0649
2020-04-09,7.0422
2020-04-12,7.0351
2020-04-13,7.0516
2020-04-14,7.0483
2020-04-15,7.0665
2020-04-16,7.0788
2020-04-19,7.0722
2020-04-20,7.0724
2020-04-21,7.0708
2020-04-22,7.0831
2020-04-23,7.0652
2020-04-26,7.0809
2020-04-27,7.0853
2020-04-28,7.0781
2020-04-29,7.0754
2020-04-30,7.0613
2020-05-03,7.0615
2020-05-04,7.0615
2020-05-05,7.0615
2020-05-06,7.1036
2020-05-07,7.0838
2020-05-10,7.0731
2020-05-11,7.098
2020-05-12,7.0821
2020-05-13,7.0913
2020-05-14,7.0947
2020-05-17,7.1012
2020-05-18,7.1086
2020-05-19,7.0982
2020-05-20,7.0925
2020-05-21,7.1143
2020-05-24,7.1294
2020-05-25,7.1357
2020-05-26,7.1341
2020-05-27,7.1682
2020-05-28,7.1452
2020-05-31,7.1363
2020-06-01,7.1267
2020-06-02,7.0999
2020-06-03,7.1147
2020-06-04,7.1092
2020-06-07,7.081
2020-06-08,7.0703
2020-06-09,7.0763
2020-06-10,7.06
2020-06-11,7.0641
2020-06-14,7.0824
2020-06-15,7.0908
2020-06-16,7.086
2020-06-17,7.0845
2020-06-18,7.0884
2020-06-21,7.0713
2020-06-22,7.0674
2020-06-23,7.0574
2020-06-24,7.0772
2020-06-25,7.0772
2020-06-28,7.0772
2020-06-29,7.0796
2020-06-30,7.0644
2020-07-01,7.0701
2020-07-02,7.0655
2020-07-05,7.0654
2020-07-06,7.0173
2020-07-07,7.0129
2020-07-08,7.0035
2020-07-09,6.9931
2020-07-12,6.992
2020-07-13,6.9964
2020-07-14,6.9958
2020-07-15,6.9878
2020-07-16,6.9882
2020-07-19,6.9912
2020-07-20,6.9823
2020-07-21,6.9797
2020-07-22,6.9987
2020-07-23,7.0031
2020-07-26,7.0161
2020-07-27,6.9932
2020-07-28,6.9997
2020-07-29,7.0003
2020-07-30,7.0073
2020-08-02,6.9742
2020-08-03,6.9794
2020-08-04,6.9727
2020-08-05,6.9346
2020-08-06,6.9524
2020-08-09,6.967
2020-08-10,6.9608
2020-08-11,6.9453
2020-08-12,6.9362
2020-08-13,6.9436
2020-08-16,6.9494
2020-08-17,6.9318
2020-08-18,6.9208
2020-08-19,6.9192
2020-08-20,6.9148
2020-08-23,6.9185
2020-08-24,6.9189
2020-08-25,6.9119
2020-08-26,6.8849
2020-08-27,6.8892
2020-08-30,6.8644
2020-08-31,6.8477
2020-09-01,6.8275
2020-09-02,6.8373
2020-09-03,6.8458
2020-09-06,6.8415
2020-09-07,6.8295
2020-09-08,6.8451
2020-09-09,6.8318
2020-09-10,6.8333
2020-09-13,6.8334
2020-09-14,6.8091
2020-09-15,6.7803
2020-09-16,6.7537
2020-09-17,6.7641
2020-09-20,6.768
2020-09-21,6.8037
2020-09-22,6.7784
2020-09-23,6.8089
2020-09-24,6.8277
2020-09-27,6.8228
2020-09-28,6.8108
2020-09-29,6.8154
2020-09-30,6.7897
2020-10-01,6.7894
2020-10-04,6.7898
2020-10-05,6.7898
2020-10-06,6.7898
2020-10-07,6.7897
2020-10-08,6.7892
2020-10-11,6.6937
2020-10-12,6.7444
2020-10-13,6.7455
2020-10-14,6.7136
2020-10-15,6.7239
2020-10-18,6.6966
2020-10-19,6.6807
2020-10-20,6.6752
2020-10-21,6.65
2020-10-22,6.6835
2020-10-26,6.6857
2020-10-27,6.7113
2020-10-28,6.7044
2020-10-29,6.7279
2020-10-30,6.714
2020-11-02,6.6891
2020-11-03,6.6897
2020-11-04,6.6766
2020-11-05,6.652
2020-11-06,6.6052
2020-11-09,6.6104
2020-11-10,6.6281
2020-11-11,6.6148
2020-11-12,6.6308
2020-11-13,6.6106
2020-11-16,6.6054
2020-11-17,6.5838
2020-11-18,6.5551
2020-11-19,6.5595
2020-11-20,6.5824
2020-11-23,6.5619
2020-11-24,6.5845
2020-11-25,6.5902
2020-11-26,6.5775
2020-11-27,6.5745
2020-11-30,6.576
2020-12-01,6.5778
2020-12-02,6.5708
2020-12-03,6.5624
2020-12-04,6.5414
2020-12-07,6.5306
2020-12-08,6.5287
2020-12-09,6.5317
2020-12-10,6.5422
2020-12-11,6.5444
2020-12-14,6.5457
2020-12-15,6.5497
2020-12-16,6.5383
2020-12-17,6.5313
2020-12-18,6.5321
2020-12-21,6.536
2020-12-22,6.5482
2020-12-23,6.5422
2020-12-24,6.5396
2020-12-25,6.529
2020-12-28,6.5408
2020-12-29,6.5356
2020-12-30,6.53
2020-12-31,6.5222
2021-01-01,6.5317
2021-01-04,6.532
2021-01-05,6.4605
2021-01-06,6.4552
2021-01-07,6.4607
2021-01-08,6.4772
2021-01-11,6.4743
2021-01-12,6.4797
2021-01-13,6.4629
2021-01-14,6.467
2021-01-15,6.4731
2021-01-18,6.4797
2021-01-19,6.4914
2021-01-20,6.4779
2021-01-21,6.4654
2021-01-22,6.4614
2021-01-25,6.4808
2021-01-26,6.4787
2021-01-27,6.4637
2021-01-28,6.4821
2021-01-29,6.4484
2021-02-01,6.4268
2021-02-02,6.4675
2021-02-03,6.4564
2021-02-04,6.4592
2021-02-05,6.4707
2021-02-08,6.4657
2021-02-09,6.448
2021-02-10,6.4342
2021-02-11,6.4572
2021-02-12,6.4569
2021-02-15,6.4572
2021-02-16,6.4572
2021-02-17,6.4571
2021-02-18,6.4576
2021-02-19,6.4872
2021-02-22,6.4858
2021-02-23,6.4631
2021-02-24,6.463
2021-02-25,6.456
2021-02-26,6.4538
2021-03-01,6.4779
2021-03-02,6.4632
2021-03-03,6.4695
2021-03-04,6.4668
2021-03-05,6.469
2021-03-08,6.4957
2021-03-09,6.5246
2021-03-10,6.5056
2021-03-11,6.5049
2021-03-12,6.493
2021-03-15,6.4985
2021-03-16,6.4989
2021-03-17,6.505
2021-03-18,6.5026
2021-03-19,6.5048
2021-03-22,6.499
2021-03-23,6.5063
2021-03-24,6.5149
2021-03-25,6.5146
2021-03-26,6.5448
2021-03-28,6.5405
2021-03-29,6.5687
2021-03-30,6.571
2021-03-31,6.5512
2021-04-01,6.5644
2021-04-04,6.5665
2021-04-05,6.5659
2021-04-06,6.5385
2021-04-07,6.541
2021-04-08,6.55
2021-04-11,6.552
2021-04-12,6.5479
2021-04-13,6.5426
2021-04-14,6.5281
2021-04-15,6.5213
2021-04-18,6.5111
2021-04-19,6.5093
2021-04-20,6.4985
2021-04-21,6.49
2021-04-22,6.4903
2021-04-25,6.4944
2021-04-26,6.4845
2021-04-27,6.4821
2021-04-28,6.4779
2021-04-29,6.4712
2021-05-02,6.4735
2021-05-03,6.4728
2021-05-04,6.4728
2021-05-05,6.473
2021-05-06,6.4632
2021-05-09,6.4315
2021-05-10,6.4151
2021-05-11,6.4283
2021-05-12,6.4552
2021-05-13,6.4509
2021-05-16,6.4361
2021-05-17,6.4382
2021-05-18,6.4242
2021-05-19,6.434
2021-05-20,6.4339
2021-05-23,6.4332
2021-05-24,6.4183
2021-05-25,6.41
2021-05-26,6.3907
2021-05-27,6.382
2021-05-30,6.3674
2021-05-31,6.369
2021-06-01,6.3807
2021-06-02,6.3801
2021-06-03,6.4027
2021-06-06,6.3943
2021-06-07,6.3963
2021-06-08,6.3995
2021-06-09,6.3865
2021-06-10,6.3923
2021-06-13,6.3977
2021-06-14,6.3972
2021-06-15,6.405
2021-06-16,6.3967
2021-06-17,6.4474
2021-06-20,6.4521
2021-06-21,6.4659
2021-06-22,6.4803
2021-06-23,6.473
2021-06-24,6.471
2021-06-27,6.4463
2021-06-28,6.4551
2021-06-29,6.4631
2021-06-30,6.4562
2021-07-01,6.4676
2021-07-04,6.4721
2021-07-05,6.4628
2021-07-06,6.4781
2021-07-07,6.4715
2021-07-08,6.4891
2021-07-11,6.478
2021-07-12,6.4746
2021-07-13,6.4675
2021-07-14,6.4683
2021-07-15,6.4601
2021-07-18,6.4782
2021-07-19,6.4894
2021-07-20,6.4839
2021-07-21,6.467
2021-07-22,6.4697
2021-07-25,6.4804
2021-07-26,6.4817
2021-07-27,6.5097
2021-07-28,6.4894
2021-07-29,6.4553
2021-08-01,6.4605
2021-08-02,6.461
2021-08-03,6.4692
2021-08-04,6.4652
2021-08-05,6.4603
2021-08-08,6.4825
2021-08-09,6.4852
2021-08-10,6.4849
2021-08-11,6.4782
2021-08-12,6.4783
2021-08-15,6.4764
2021-08-16,6.4736
2021-08-17,6.4851
2021-08-18,6.4832
2021-08-19,6.4937
2021-08-22,6.4916
2021-08-23,6.48
2021-08-24,6.4699
2021-08-25,6.4749
2021-08-26,6.4805
2021-08-29,6.4708
2021-08-30,6.4651
2021-08-31,6.4596
2021-09-01,6.459
2021-09-02,6.4554
2021-09-05,6.4519
2021-09-06,6.4567
2021-09-07,6.4655
2021-09-08,6.4607
2021-09-09,6.4543
2021-09-12,6.4434
2021-09-13,6.4508
2021-09-14,6.4383
2021-09-15,6.4314
2021-09-16,6.4566
2021-09-19,6.4652
2021-09-20,6.465
2021-09-21,6.466
2021-09-22,6.4608
2021-09-23,6.4579
2021-09-26,6.4657
2021-09-27,6.456
2021-09-28,6.459
2021-09-29,6.4696
2021-09-30,6.4455
2021-10-03,6.4457
2021-10-04,6.4452
2021-10-05,6.4452
2021-10-06,6.4452
2021-10-07,6.4452
2021-10-10,6.4423
2021-10-11,6.4496
2021-10-12,6.448
2021-10-13,6.4266
2021-10-14,6.439
2021-10-17,6.4348
2021-10-18,6.4289
2021-10-19,6.3818
2021-10-20,6.3929
2021-10-21,6.3918
2021-10-24,6.3839
2021-10-25,6.3847
2021-10-26,6.3815
2021-10-27,6.3916
2021-10-28,6.3904
2021-11-01,6.4047
2021-11-02,6.3962
2021-11-03,6.3989
2021-11-04,6.4062
2021-11-05,6.3964
2021-11-08,6.3979
2021-11-09,6.3916
2021-11-10,6.3917
2021-11-11,6.3881
2021-11-12,6.3895
2021-11-15,6.3786
2021-11-16,6.3821
2021-11-17,6.3911
2021-11-18,6.3769
2021-11-19,6.385
2021-11-22,6.3862
2021-11-23,6.3843
2021-11-24,6.3908
2021-11-25,6.3918
2021-11-26,6.386
2021-11-29,6.392
2021-11-30,6.387
2021-12-01,6.3632
2021-12-02,6.3673
2021-12-03,6.3756
2021-12-06,6.3753
2021-12-07,6.3748
2021-12-08,6.3663
2021-12-09,6.3437
2021-12-10,6.3765
2021-12-13,6.36
2021-12-14,6.3655
2021-12-15,6.3665
2021-12-16,6.3665
2021-12-17,6.3672
2021-12-20,6.374
2021-12-21,6.3746
2021-12-22,6.3706
2021-12-23,6.3691
2021-12-24,6.3688
2021-12-27,6.3666
2021-12-28,6.3698
2021-12-29,6.3672
2021-12-30,6.3673
2021-12-31,6.3721
2022-01-03,6.3549
2022-01-04,6.3551
2022-01-05,6.3543
2022-01-06,6.354
2022-01-07,6.3819
2022-01-10,6.3762
2022-01-11,6.3739
2022-01-12,6.3729
2022-01-13,6.3576
2022-01-14,6.3581
2022-01-17,6.3515
2022-01-18,6.3467
2022-01-19,6.3522
2022-01-20,6.3435
2022-01-21,6.3395
2022-01-24,6.3377
2022-01-25,6.3298
2022-01-26,6.3265
2022-01-27,6.3196
2022-01-28,6.3669
2022-01-31,6.351
2022-02-01,6.3595
2022-02-02,6.3595
2022-02-03,6.3595
2022-02-04,6.3595
2022-02-07,6.3595
2022-02-08,6.3523
2022-02-09,6.3657
2022-02-10,6.3614
2022-02-11,6.3526
2022-02-14,6.3531
2022-02-15,6.3559
2022-02-16,6.338
2022-02-17,6.3356
2022-02-18,6.3358
2022-02-21,6.3242
2022-02-22,6.3342
2022-02-23,6.3253
2022-02-24,6.3123
2022-02-25,6.3268
2022-02-28,6.316
2022-03-01,6.3084
2022-03-02,6.3115
2022-03-03,6.3196
2022-03-04,6.3192
2022-03-07,6.3167
2022-03-08,6.3193
2022-03-09,6.3176
2022-03-10,6.3166
2022-03-11,6.3208
2022-03-14,6.3387
2022-03-15,6.3645
2022-03-16,6.3691
2022-03-17,6.3512
2022-03-18,6.3455
2022-03-21,6.3602
2022-03-22,6.3545
2022-03-23,6.3653
2022-03-24,6.3713
2022-03-25,6.3663
2022-03-27,6.3652
2022-03-28,6.3707
2022-03-29,6.3631
2022-03-30,6.3462
2022-03-31,6.3389
2022-04-03,6.3621
2022-04-04,6.3624
2022-04-05,6.3631
2022-04-06,6.3585
2022-04-07,6.3597
2022-04-10,6.364
2022-04-11,6.3687
2022-04-12,6.365
2022-04-13,6.3672
2022-04-14,6.3774
2022-04-17,6.3702
2022-04-18,6.3662
2022-04-19,6.3924
2022-04-20,6.4177
2022-04-21,6.4493
2022-04-24,6.5003
2022-04-25,6.5579
2022-04-26,6.5563
2022-04-27,6.5595
2022-04-28,6.6253
2022-05-01,6.6075
2022-05-02,6.6075
2022-05-03,6.6074
2022-05-04,6.6075
2022-05-05,6.6546
2022-05-08,6.6656
2022-05-09,6.7298
2022-05-10,6.7336
2022-05-11,6.7207
2022-05-12,6.7859
2022-05-15,6.788
2022-05-16,6.7851
2022-05-17,6.7362
2022-05-18,6.7534
2022-05-19,6.7121
2022-05-22,6.692
2022-05-23,6.6498
2022-05-24,6.653
2022-05-25,6.6917
2022-05-26,6.7378
2022-05-29,6.6976
2022-05-30,6.6603
2022-05-31,6.6717
2022-06-01,6.6852
2022-06-02,6.6592
2022-06-05,6.6593
2022-06-06,6.6529
2022-06-07,6.6697
2022-06-08,6.6827
2022-06-09,6.6908
2022-06-12,6.7079
2022-06-13,6.7535
2022-06-14,6.7395
2022-06-15,6.7123
2022-06-16,6.7034
2022-06-19,6.7157
2022-06-20,6.6914
2022-06-21,6.6884
2022-06-22,6.7011
2022-06-23,6.6973
2022-06-26,6.6888
2022-06-27,6.6907
2022-06-28,6.7073
2022-06-29,6.6998
2022-06-30,6.6982
2022-07-03,6.7005
2022-07-04,6.6986
2022-07-05,6.7188
2022-07-06,6.7065
2022-07-07,6.7005
2022-07-10,6.6943
2022-07-11,6.7172
2022-07-12,6.7233
2022-07-13,6.7176
2022-07-14,6.7552
2022-07-17,6.7565
2022-07-18,6.7423
2022-07-19,6.7437
2022-07-20,6.7549
2022-07-21,6.7656
2022-07-24,6.7505
2022-07-25,6.7495
2022-07-26,6.7623
2022-07-27,6.7574
2022-07-28,6.7458
2022-07-31,6.7432
2022-08-01,6.7677
2022-08-02,6.7518
2022-08-03,6.757
2022-08-04,6.7478
2022-08-07,6.7609
2022-08-08,6.7499
2022-08-09,6.7517
2022-08-10,6.7228
2022-08-11,6.7436
2022-08-14,6.7418
2022-08-15,6.772
2022-08-16,6.7874
2022-08-17,6.7799
2022-08-18,6.7846
2022-08-21,6.8157
2022-08-22,6.8479
2022-08-23,6.8336
2022-08-24,6.8585
2022-08-25,6.8483
2022-08-28,6.8708
2022-08-29,6.907
2022-08-30,6.9108
2022-08-31,6.8889
2022-09-01,6.9055
2022-09-04,6.899
2022-09-05,6.9331
2022-09-06,6.9531
2022-09-07,6.9653
2022-09-08,6.9565
2022-09-11,6.9255
2022-09-12,6.925
2022-09-13,6.9241
2022-09-14,6.961
2022-09-15,6.993
2022-09-18,6.979
2022-09-19,7.0056
2022-09-20,7.0172
2022-09-21,7.0479
2022-09-22,7.0766
2022-09-25,7.1274
2022-09-26,7.148
2022-09-27,7.1768
2022-09-28,7.199
2022-09-29,7.1239
2022-10-02,7.115
2022-10-03,7.1149
2022-10-04,7.115
2022-10-05,7.115
2022-10-06,7.115
2022-10-09,7.115
2022-10-10,7.1536
2022-10-11,7.1644
2022-10-12,7.1741
2022-10-13,7.1695
2022-10-16,7.19
2022-10-17,7.1955
2022-10-18,7.2006
2022-10-19,7.2273
2022-10-20,7.2158
2022-10-23,7.2428
2022-10-24,7.2619
2022-10-25,7.3038
2022-10-26,7.1719
2022-10-27,7.2279
2022-10-31,7.2514
2022-11-01,7.3018
2022-11-02,7.2766
2022-11-03,7.2887
2022-11-04,7.3008
2022-11-07,7.1751
2022-11-08,7.2288
2022-11-09,7.2482
2022-11-10,7.2408
2022-11-11,7.1859
2022-11-14,7.1071
2022-11-15,7.0729
2022-11-16,7.043
2022-11-17,7.0872
2022-11-18,7.1562
2022-11-21,7.1189
2022-11-22,7.1642
2022-11-23,7.1393
2022-11-24,7.1658
2022-11-25,7.1503
2022-11-28,7.1705
2022-11-29,7.2071
2022-11-30,7.1594
2022-12-01,7.0762
2022-12-02,7.0437
2022-12-05,7.0239
2022-12-06,6.9609
2022-12-07,6.9949
2022-12-08,6.9726
2022-12-09,6.9663
2022-12-12,6.9566
2022-12-13,6.9765
2022-12-14,6.9434
2022-12-15,6.9499
2022-12-16,6.9722
2022-12-19,6.9721
2022-12-20,6.9786
2022-12-21,6.9608
2022-12-22,6.9806
2022-12-23,6.983
2022-12-26,6.9887
2022-12-27,6.9612
2022-12-28,6.959
2022-12-29,6.9776
2022-12-30,6.9631
2023-01-02,6.8969
2023-01-03,6.8971
2023-01-04,6.9141
2023-01-05,6.8878
2023-01-06,6.8815
2023-01-09,6.8374
2023-01-10,6.771
2023-01-11,6.7774
2023-01-12,6.769
2023-01-13,6.7378
2023-01-16,6.7018
2023-01-17,6.7325
2023-01-18,6.7724
2023-01-19,6.7471
2023-01-20,6.7758
2023-01-23,6.7826
2023-01-24,6.783
2023-01-25,6.7835
2023-01-26,6.7829
2023-01-27,6.7825
2023-01-30,6.7824
2023-01-31,6.7478
2023-02-01,6.7536
2023-02-02,6.7408
2023-02-03,6.7315
2023-02-06,6.7742
2023-02-07,6.794
2023-02-08,6.7912
2023-02-09,6.7882
2023-02-10,6.7797
2023-02-13,6.8083
2023-02-14,6.8219
2023-02-15,6.8259
2023-02-16,6.8519
2023-02-17,6.8597
2023-02-20,6.8576
2023-02-21,6.8541
2023-02-22,6.8725
2023-02-23,6.8913
2023-02-24,6.907
2023-02-27,6.955
2023-02-28,6.9439
2023-03-01,6.9323
2023-03-02,6.868
2023-03-03,6.9138
2023-03-06,6.9068
2023-03-07,6.9294
2023-03-08,6.9614
2023-03-09,6.9503
2023-03-10,6.9636
2023-03-13,6.9052
2023-03-14,6.8446
2023-03-15,6.8705
2023-03-16,6.9059
2023-03-17,6.8975
2023-03-20,6.8861
2023-03-21,6.8777
2023-03-22,6.883
2023-03-23,6.8792
2023-03-24,6.8184
2023-03-26,6.867
2023-03-27,6.8844
2023-03-28,6.8733
2023-03-29,6.8856
2023-03-30,6.8704
2023-04-02,6.868
2023-04-03,6.8773
2023-04-04,6.8788
2023-04-05,6.8785
2023-04-06,6.8749
2023-04-09,6.8693
2023-04-10,6.8811
2023-04-11,6.8855
2023-04-12,6.8737
2023-04-13,6.8678
2023-04-16,6.8704
2023-04-17,6.8788
2023-04-18,6.8749
2023-04-19,6.8851
2023-04-20,6.8721
2023-04-23,6.8925
2023-04-24,6.8949
2023-04-25,6.9316
2023-04-26,6.9258
2023-04-27,6.9223
2023-04-30,6.9111
2023-05-01,6.911
2023-05-02,6.9106
2023-05-03,6.9106
2023-05-04,6.9057
2023-05-07,6.9095
2023-05-08,6.9115
2023-05-09,6.9194
2023-05-10,6.9322
2023-05-11,6.9477
2023-05-14,6.9573
2023-05-15,6.9516
2023-05-16,6.9766
2023-05-17,6.9971
2023-05-18,7.0351
2023-05-21,7.0069
2023-05-22,7.0309
2023-05-23,7.0564
2023-05-24,7.0598
2023-05-25,7.0774
2023-05-28,7.0548
2023-05-29,7.0723
2023-05-30,7.079
2023-05-31,7.1108
2023-06-01,7.093
2023-06-04,7.0838
2023-06-05,7.105
2023-06-06,7.1188
2023-06-07,7.1288
2023-06-08,7.1112
2023-06-11,7.1276
2023-06-12,7.1446
2023-06-13,7.1665
2023-06-14,7.1626
2023-06-15,7.1199
2023-06-18,7.1256
2023-06-19,7.1604
2023-06-20,7.1808
2023-06-21,7.1784
2023-06-22,7.1785
2023-06-25,7.1785
2023-06-26,7.2365
2023-06-27,7.2187
2023-06-28,7.2434
2023-06-29,7.2518
2023-07-02,7.2424
2023-07-03,7.2398
2023-07-04,7.2135
2023-07-05,7.2464
2023-07-06,7.2492
2023-07-09,7.2113
2023-07-10,7.2306
2023-07-11,7.2092
2023-07-12,7.1653
2023-07-13,7.15
2023-07-16,7.1403
2023-07-17,7.1706
2023-07-18,7.1793
2023-07-19,7.2259
2023-07-20,7.1765
2023-07-23,7.1779
2023-07-24,7.1853
2023-07-25,7.1354
2023-07-26,7.15
2023-07-27,7.1731
2023-07-30,7.1028
2023-07-31,7.0957
2023-08-01,7.1765
2023-08-02,7.1904
2023-08-03,7.1628
2023-08-06,7.1312
2023-08-07,7.1923
2023-08-08,7.2157
2023-08-09,7.2086
2023-08-10,7.2147
2023-08-13,7.1923
2023-08-14,7.2573
2023-08-15,7.2815
2023-08-16,7.297
2023-08-17,7.2804
2023-08-20,7.2807
2023-08-21,7.198
2023-08-22,7.2924
2023-08-23,7.1705
2023-08-24,7.2765
2023-08-27,7.289
2023-08-28,7.2891
2023-08-29,7.2794
2023-08-30,7.2836
2023-08-31,7.2569
2023-09-03,7.1401
2023-09-04,7.2719
2023-09-05,7.3034
2023-09-06,7.3159
2023-09-07,7.3278
2023-09-10,7.2324
2023-09-11,7.288
2023-09-12,7.2909
2023-09-13,7.2688
2023-09-14,7.2759
2023-09-17,7.2739
2023-09-18,7.2906
2023-09-19,7.2956
2023-09-20,7.286
2023-09-21,7.3065
2023-09-24,7.2975
2023-09-25,7.3099
2023-09-26,7.3107
2023-09-27,7.3081
2023-09-28,7.2999
2023-10-01,7.1636
2023-10-02,7.1799
2023-10-03,7.1943
2023-10-04,7.2003
2023-10-05,7.1977
2023-10-08,7.3005
2023-10-09,7.2904
2023-10-10,7.295
2023-10-11,7.2987
2023-10-12,7.3015
2023-10-15,7.1681
2023-10-16,7.3093
2023-10-17,7.3117
2023-10-18,7.3135
2023-10-19,7.3112
2023-10-22,7.3154
2023-10-23,7.3141
2023-10-24,7.309
2023-10-25,7.3157
2023-10-26,7.3149
2023-10-30,7.1587
2023-10-31,7.3121
2023-11-01,7.3155
2023-11-02,7.3159
2023-11-03,7.3141
2023-11-06,7.2985
2023-11-07,7.2686
2023-11-08,7.2781
2023-11-09,7.2793
2023-11-10,7.2823
2023-11-13,7.1818
2023-11-14,7.289
2023-11-15,7.2521
2023-11-16,7.2458
2023-11-17,7.241
2023-11-20,7.2097
2023-11-21,7.1675
2023-11-22,7.0869
2023-11-23,7.1542
2023-11-24,7.0858
2023-11-27,7.0819
2023-11-28,7.1303
2023-11-29,7.0638
2023-11-30,7.0789
2023-12-01,7.0754
2023-12-04,7.0618
2023-12-05,7.1352
2023-12-06,7.1456
2023-12-07,7.1446
2023-12-08,7.1488
2023-12-11,7.1266
2023-12-12,7.1742
2023-12-13,7.176
2023-12-14,7.1717
2023-12-15,7.067
2023-12-18,7.0705
2023-12-19,7.132
2023-12-20,7.0676
2023-12-21,7.1341
2023-12-22,7.1385
2023-12-25,7.0833
2023-12-26,7.1355
2023-12-27,7.1424
2023-12-28,7.1402
2023-12-29,7.107
2024-01-01,7.0686
2024-01-02,7.0686
2024-01-03,7.0896
2024-01-04,7.0989
2024-01-05,7.11
2024-01-08,7.0925
2024-01-09,7.09
2024-01-10,7.1016
2024-01-11,7.1704
2024-01-12,7.1031
2024-01-15,7.1006
2024-01-16,7.097
2024-01-17,7.1165
2024-01-18,7.1145
2024-01-19,7.115
2024-01-22,7.1071
2024-01-23,7.1927
2024-01-24,7.0776
2024-01-25,7.082
2024-01-26,7.0811
2024-01-29,7.0866
2024-01-30,7.0845
2024-01-31,7.0941
2024-02-01,7.1007
2024-02-02,7.0885
2024-02-05,7.1126
2024-02-06,7.1085
2024-02-07,7.1001
2024-02-08,7.1011
2024-02-09,7.107
2024-02-12,7.179
2024-02-13,7.1922
2024-02-14,7.1887
2024-02-15,7.1759
2024-02-16,7.1639
2024-02-19,7.1186
2024-02-20,7.1972
2024-02-21,7.1897
2024-02-22,7.1881
2024-02-23,7.1933
2024-02-26,7.1944
2024-02-27,7.1963
2024-02-28,7.1974
2024-02-29,7.196
2024-03-01,7.1872
2024-03-04,7.1958
2024-03-05,7.1989
2024-03-06,7.196
2024-03-07,7.1959
2024-03-08,7.1923
2024-03-11,7.1852
2024-03-12,7.1838
2024-03-13,7.181
2024-03-14,7.1866
2024-03-15,7.1922
2024-03-18,7.195
2024-03-19,7.1972
2024-03-20,7.198
2024-03-21,7.1976
2024-03-22,7.1982
2024-03-25,7.2281
2024-03-26,7.2084
2024-03-27,7.2177
2024-03-28,7.2258
2024-03-29,7.2265
2024-03-31,7.2203
2024-04-01,7.2297
2024-04-02,7.2324
2024-04-03,7.2344
2024-04-04,7.2339
2024-04-07,7.2314
2024-04-08,7.2297
2024-04-09,7.2307
2024-04-10,7.2315
2024-04-11,7.2359
2024-04-14,7.2356
2024-04-15,7.237
2024-04-16,7.2362
2024-04-17,7.2374
2024-04-18,7.2367
2024-04-21,7.2394
2024-04-22,7.2425
2024-04-23,7.2445
2024-04-24,7.2442
2024-04-25,7.2386
2024-04-28,7.2446
2024-04-29,7.2377
2024-04-30,7.2407
2024-05-01,7.2399
2024-05-02,7.2384
2024-05-05,7.2362
2024-05-06,7.208
2024-05-07,7.2184
2024-05-08,7.2238
2024-05-09,7.2187
2024-05-12,7.2258
2024-05-13,7.2323
2024-05-14,7.2323
2024-05-15,7.2177
2024-05-16,7.217
2024-05-19,7.2227
2024-05-20,7.2317
2024-05-21,7.2376
2024-05-22,7.2403
2024-05-23,7.2415
2024-05-26,7.2415
2024-05-27,7.2415
2024-05-28,7.245
2024-05-29,7.2494
2024-05-30,7.2335
2024-06-02,7.241
2024-06-03,7.242
2024-06-04,7.242
2024-06-05,7.2467
2024-06-06,7.2441
2024-06-09,7.2468
2024-06-10,7.2468
2024-06-11,7.2467
2024-06-12,7.2381
2024-06-13,7.2516
2024-06-16,7.2543
2024-06-17,7.255
2024-06-18,7.2527
2024-06-19,7.2563
2024-06-20,7.2591
2024-06-23,7.2592
2024-06-24,7.2577
2024-06-25,7.2614
2024-06-26,7.2635
2024-06-27,7.2672
2024-06-30,7.2658
2024-07-01,7.2669
2024-07-02,7.2694
2024-07-03,7.2686
2024-07-04,7.2658
2024-07-07,7.2678
2024-07-08,7.2671
2024-07-09,7.2717
2024-07-10,7.2745
2024-07-11,7.2548
2024-07-14,7.2494
2024-07-15,7.2589
2024-07-16,7.2606
2024-07-17,7.2594
2024-07-18,7.2589
2024-07-21,7.269
2024-07-22,7.2727
2024-07-23,7.2743
2024-07-24,7.2612
2024-07-25,7.2301
2024-07-28,7.2501
2024-07-29,7.2583
2024-07-30,7.2507
2024-07-31,7.2172
2024-08-01,7.2428
2024-08-04,7.1572
2024-08-05,7.1202
2024-08-06,7.1563
2024-08-07,7.1803
2024-08-08,7.1737
2024-08-11,7.1663
2024-08-12,7.174
2024-08-13,7.1529
2024-08-14,7.1373
2024-08-15,7.1734
2024-08-18,7.164
2024-08-19,7.1405
2024-08-20,7.132
2024-08-21,7.1318
2024-08-22,7.1444
2024-08-25,7.124
2024-08-26,7.1181
2024-08-27,7.1231
2024-08-28,7.1243
2024-08-29,7.0955
2024-09-01,7.0921
2024-09-02,7.1166
2024-09-03,7.1204
2024-09-04,7.1119
2024-09-05,7.0913
2024-09-08,7.0879
2024-09-09,7.1136
2024-09-10,7.1208
2024-09-11,7.1197
2024-09-12,7.1166
2024-09-15,7.0927
2024-09-16,7.0925
2024-09-17,7.0925
2024-09-18,7.081
2024-09-19,7.067
2024-09-22,7.0509
2024-09-23,7.0513
2024-09-24,7.0302
2024-09-25,7.0323
2024-09-26,7.009
2024-09-29,7.0103
2024-09-30,7.0175
2024-10-01,7.0304
2024-10-02,7.0377
2024-10-03,7.0451
2024-10-06,7.0175
2024-10-07,7.0191
2024-10-08,7.0578
2024-10-09,7.0801
2024-10-10,7.0801
2024-10-13,7.0652
2024-10-14,7.0872
2024-10-15,7.1178
2024-10-16,7.1184
2024-10-17,7.123
2024-10-20,7.1008
2024-10-21,7.118
2024-10-22,7.1217
2024-10-23,7.1253
2024-10-24,7.1187
2024-10-28,7.1201
2024-10-29,7.1275
2024-10-30,7.1301
2024-10-31,7.1148
2024-11-01,7.1185
2024-11-04,7.1217
2024-11-05,7.0978
2024-11-06,7.1022
2024-11-07,7.1769
2024-11-08,7.1412
2024-11-11,7.1782
2024-11-12,7.2111
2024-11-13,7.2316
2024-11-14,7.2235
2024-11-15,7.2292
2024-11-18,7.231
2024-11-19,7.2354
2024-11-20,7.2381
2024-11-21,7.244
2024-11-22,7.2337
2024-11-25,7.242
2024-11-26,7.2395
2024-11-27,7.252
2024-11-28,7.2462
2024-11-29,7.2429
2024-12-02,7.2407
2024-12-03,7.2709
2024-12-04,7.2838
2024-12-05,7.263
2024-12-06,7.2592
2024-12-09,7.2693
2024-12-10,7.2595
2024-12-11,7.2487
2024-12-12,7.2611
2024-12-13,7.2676
2024-12-16,7.2751
2024-12-17,7.2824
2024-12-18,7.2846
2024-12-19,7.2854
2024-12-20,7.2954
2024-12-23,7.2954
2024-12-24,7.297
2024-12-25,7.2946
2024-12-26,7.2972
2024-12-27,7.2973
2024-12-30,7.2978
2024-12-31,7.2981
2025-01-02,7.2981
2025-01-03,7.2986
2025-01-06,7.3196
2025-01-07,7.3223
2025-01-08,7.3264
2025-01-09,7.3315
2025-01-10,7.3321
2025-01-13,7.3317
2025-01-14,7.3298
2025-01-15,7.3309
2025-01-16,7.3301
2025-01-17,7.331
2025-01-20,7.324
2025-01-21,7.3133
2025-01-22,7.2712
2025-01-23,7.2712
2025-01-24,7.2862
2025-01-27,7.2431
2025-01-28,7.2507
2025-01-29,7.2502
2025-01-30,7.169
2025-01-31,7.1809
2025-02-03,7.1858
2025-02-04,7.195
2025-02-05,7.1819
2025-02-06,7.2705
2025-02-07,7.2878
2025-02-10,7.2868
2025-02-11,7.3045
2025-02-12,7.3072
2025-02-13,7.3088
2025-02-14,7.2888
2025-02-17,7.253
2025-02-18,7.253
2025-02-19,7.2786
2025-02-20,7.2833
2025-02-21,7.2555
2025-02-24,7.25
2025-02-25,7.2476
2025-02-26,7.2476
2025-02-27,7.258
2025-02-28,7.2853
2025-03-03,7.2828
2025-03-04,7.2843
2025-03-05,7.2651
2025-03-06,7.2506
2025-03-07,7.2506
2025-03-10,7.234
2025-03-11,7.2591
2025-03-12,7.2591
2025-03-13,7.2371
2025-03-14,7.2371
2025-03-17,7.2371
2025-03-18,7.2327
2025-03-19,7.2273
2025-03-20,7.23
2025-03-21,7.2477
2025-03-24,7.2485
2025-03-25,7.253
2025-03-26,7.2569
2025-03-27,7.2569
2025-03-28,7.2633
2025-03-30,7.2628
2025-03-31,7.2567
2025-04-01,7.2697
2025-04-02,7.2675
2025-04-03,7.2675
2025-04-06,7.2813
2025-04-07,7.3081
2025-04-08,7.3388
2025-04-09,7.35
2025-04-10,7.314
2025-04-13,7.2916
2025-04-14,7.3119
2025-04-15,7.3119
2025-04-16,7.3119
2025-04-21,7.299
2025-04-22,7.3118
2025-04-23,7.286
2025-04-24,7.286
2025-04-27,7.2864
2025-04-28,7.294
2025-04-29,7.269
2025-04-30,7.2706
2025-05-01,7.2706
2025-05-04,7.2706
2025-05-05,7.27
2025-05-06,7.2163
2025-05-07,7.2252
2025-05-08,7.2252
2025-05-11,7.2363
2025-05-12,7.2018
2025-05-13,7.2057
2025-05-14,7.2057
2025-05-15,7.2065
2025-05-18,7.209
2025-05-19,7.209
2025-05-20,7.2194
2025-05-21,7.2019
2025-05-22,7.2037
2025-05-25,7.2037
2025-05-26,7.2037
2025-05-27,7.2037
2025-05-28,7.2037
2025-05-29,7.2037
2025-06-01,7.2037
2025-06-02,7.2037
2025-06-03,7.2037
2025-06-04,7.2037
2025-06-05,7.175
2025-06-08,7.1886
2025-06-09,7.1802
2025-06-10,7.1802
2025-06-11,7.1928
2025-06-12,7.1928
2025-06-15,7.181
2025-06-16,7.179
2025-06-17,7.1845
2025-06-18,7.1888
2025-06-19,7.188
2025-06-22,7.188
2025-06-23,7.179
2025-06-24,7.1713
2025-06-25,7.1764
2025-06-26,7.1675
2025-06-29,7.1721
2025-06-30,7.1636
2025-07-01,7.1645
2025-07-02,7.1649
2025-07-03,7.1649
2025-07-06,7.1649
2025-07-07,7.1744
2025-07-08,7.1738
2025-07-09,7.18
2025-07-10,7.1748
2025-07-13,7.1681
2025-07-14,7.167
2025-07-15,7.1729
2025-07-16,7.1785
2025-07-17,7.1832
2025-07-20,7.1777
2025-07-21,7.1755
2025-07-22,7.1743
2025-07-23,7.1595
2025-07-24,7.1535
2025-07-27,7.1535
2025-07-28,7.1778
2025-07-29,7.1764
2025-07-30,7.1764
2025-07-31,7.2002
2025-08-03,7.2116
2025-08-04,7.178
2025-08-05,7.1834
2025-08-06,7.1828
2025-08-07,7.181
2025-08-10,7.181
2025-08-11,7.1877
2025-08-12,7.1785
2025-08-13,7.1743
2025-08-14,7.1795
2025-08-17,7.1817
2025-08-18,7.1846
2025-08-19,7.1819
2025-08-20,7.1757
2025-08-21,7.1799
2025-08-24,7.1675
2025-08-25,7.151
2025-08-26,7.152
2025-08-27,7.153
2025-08-28,7.153
2025-08-31,7.1304
2025-09-01,7.1304
2025-09-02,7.139
2025-09-03,7.1414
2025-09-04,7.1414
2025-09-07,7.1325
2025-09-08,7.1293
2025-09-09,7.1209
2025-09-10,7.1207
2025-09-11,7.1184
2025-09-14,7.1242
2025-09-15,7.1185
2025-09-16,7.1142
2025-09-17,7.1033
2025-09-18,7.1129
2025-09-21,7.1129
2025-09-22,7.114
2025-09-23,7.1116
2025-09-24,7.1315
2025-09-25,7.1338
2025-09-28,7.1328
2025-09-29,7.1194
2025-09-30,7.119
2025-10-01,7.119
2025-10-02,7.119
2025-10-05,7.119
2025-10-06,7.119
2025-10-07,7.119
2025-10-08,7.1185
2025-10-09,7.1275
2025-10-12,7.1
2025-10-13,7.1
2025-10-14,7.1384
2025-10-15,7.1262
2025-10-16,7.123
2025-10-19,7.1264
2025-10-20,7.1195
2025-10-21,7.1218
2025-10-22,7.1257
2025-10-23,7.1257
2025-10-27,7.1211
2025-10-28,7.1102
2025-10-29,7.0988
2025-10-30,7.099
2025-10-31,7.1098
2025-11-03,7.1169
2025-11-04,7.1718
2025-11-05,7.1295
2025-11-06,7.126
2025-11-07,7.1186
2025-11-10,7.1186
2025-11-11,7.1193
2025-11-12,7.1193
2025-11-13,7.1193
2025-11-14,7.112
2025-11-17,7.0992
2025-11-18,7.1075
2025-11-19,7.1075
2025-11-20,7.1075
2025-11-21,7.1075
2025-11-24,7.1066
2025-11-25,7.1022
2025-11-26,7.0845
2025-11-27,7.0758
2025-11-28,7.0758
2025-12-01,7.0751
2025-12-02,7.0717
2025-12-03,7.07
2025-12-04,7.0636
2025-12-05,7.0714
2025-12-08,7.0696
2025-12-09,7.071
2025-12-10,7.0633
2025-12-11,7.064
2025-12-12,7.0579
2025-12-15,7.054
2025-12-16,7.047
2025-12-17,7.0417
2025-12-18,7.043
2025-12-19,7.0405
2025-12-22,7.0409
2025-12-23,7.0409
2025-12-24,7.028
2025-12-26,7.028
2025-12-29,7.028
2025-12-30,7.0056
2025-12-31,6.9961
2026-01-02,6.9961
2026-01-05,6.9931
2026-01-06,6.988
2026-01-07,6.9834
2026-01-08,6.9965
2026-01-09,6.9835
2026-01-12,6.9772
2026-01-13,6.9731
2026-01-14,6.9775
2026-01-15,6.973
2026-01-16,6.966
2026-01-19,6.9681
2026-01-20,6.9681
2026-01-21,6.9599
2026-01-22,6.9637
2026-01-23,6.9726
2026-01-26,6.9726
2026-01-27,6.9542
2026-01-28,6.9545
2026-01-29,6.9545
2026-01-30,6.948
2026-02-02,6.951
2026-02-03,6.9463
2026-02-04,6.9377
2026-02-05,6.9377
2026-02-06,6.9378
2026-02-09,6.9388
2026-02-10,6.922
2026-02-11,6.9106
2026-02-12,6.9125
2026-02-13,6.9001
2026-02-16,6.908
2026-02-17,6.908
2026-02-18,6.908
2026-02-19,6.908
2026-02-20,6.9081
2026-02-23,6.908
2026-02-24,6.908
2026-02-25,6.8831
2026-02-26,6.8692
2026-02-27,6.8409
2026-03-02,6.8579
2026-03-03,6.882
2026-03-04,6.8997
2026-03-05,6.897
2026-03-06,6.897
2026-03-09,6.8965
2026-03-10,6.911
2026-03-11,6.8765
2026-03-12,6.8655
2026-03-13,6.8689
2026-03-16,6.8961
2026-03-17,6.9555
2026-03-18,6.8863
2026-03-19,6.8726
2026-03-20,6.8998
2026-03-23,6.8857
2026-03-24,6.88
2026-03-25,6.8918
2026-03-26,6.901
2026-03-27,6.9107
2026-03-29,6.9116
2026-03-30,6.9116
2026-03-31,6.8942
2026-04-01,6.8705
2026-04-02,6.8851
2026-04-05,6.8824
2026-04-06,6.8823
2026-04-07,6.8567
2026-04-08,6.8287
2026-04-09,6.8314
2026-04-12,6.8278
2026-04-13,6.8303
2026-04-14,6.8157
2026-04-15,6.818
2026-04-16,6.8211
2026-04-19,6.817
2026-04-20,6.8174
2026-04-21,6.8208
2026-04-22,6.8242
2026-04-23,6.826
2026-04-26,6.8359
2026-04-27,6.8228
2026-04-28,6.8374
2026-04-29,6.8375
2026-04-30,6.8273
2026-05-03,6.8275
2026-05-04,6.83
2026-05-05,6.8301
2026-05-06,6.811
2026-05-07,6.8014
2026-05-10,6.8005
2026-05-11,6.7948
2026-05-12,6.792
2026-05-13,6.7908
2026-05-14,6.7851
2026-05-17,6.8092
2026-05-18,6.8
2026-05-19,6.8145
2026-05-20,6.8005
2026-05-21,6.8025
2026-05-24,6.7945
2026-05-25,6.7945
2026-05-26,6.786
2026-05-27,6.7788
2026-05-28,6.7795
2026-05-31,6.7662
2026-06-01,6.765
2026-06-02,6.7622
2026-06-03,6.7692
2026-06-04,6.7735
2026-06-07,6.7655
2026-06-08,6.7655
2026-06-09,6.7725
2026-06-10,6.7725
2026-06-11,6.7755
2026-06-14,6.766
2026-06-15,6.757
2026-06-16,6.7572
2026-06-17,6.7572
2026-06-18,6.7686
2026-06-21,6.7686
2026-06-22,6.7745
2026-06-23,6.79
2026-06-24,6.79
2026-06-25,6.79
2026-06-28,6.798
2026-06-29,6.7936
2026-06-30,6.7936
2026-07-01,6.7942
2026-07-02,6.7886
2026-07-05,6.7886
2026-07-06,6.7958
2026-07-07,6.7934
2026-07-08,6.8025
2026-07-09,6.7921
2026-07-12,6.7766
2026-07-13,6.7795
2026-07-14,6.77
2026-07-15,6.7682
2026-07-16,6.7725
2026-07-19,6.7725
2026-07-20,6.7725
2026-07-21,6.7656
2026-07-22,6.7725
2026-07-23,6.7725
2026-07-26,6.7718
2026-07-27,6.7657
2026-07-28,6.771
2026-07-29,6.7661
2026-07-30,6.755
2026-08-02,6.7509
2026-08-03,6.7523
2026-08-04,6.7532
2026-08-05,6.7497
2026-08-06,6.7488
2026-08-09,6.7474
2026-08-11,6.7328
