Date,Close
1999-01-01,113.46
1999-01-04,111.91
1999-01-05,111.9
1999-01-06,112.75
1999-01-07,111.31
1999-01-08,110.8
1999-01-11,109.0
1999-01-12,112.6
1999-01-13,113.5
1999-01-14,113.5
1999-01-15,114.1
1999-01-18,114.23
1999-01-19,113.6
1999-01-20,112.9
1999-01-21,113.9
1999-01-22,114.42
1999-01-25,113.7
1999-01-26,113.78
1999-01-27,115.6
1999-01-28,116.27
1999-01-29,116.28
1999-02-01,115.05
1999-02-02,111.91
1999-02-03,112.89
1999-02-04,112.02
1999-02-05,113.08
1999-02-08,114.52
1999-02-09,113.95
1999-02-10,114.3
1999-02-11,114.64
1999-02-12,113.95
1999-02-15,115.9
1999-02-16,118.65
1999-02-17,118.7
1999-02-18,119.65
1999-02-19,121.3
1999-02-22,121.12
1999-02-23,120.78
1999-02-24,121.35
1999-02-25,119.6
1999-02-26,119.15
1999-03-01,119.72
1999-03-02,119.9
1999-03-03,121.83
1999-03-04,123.48
1999-03-05,122.7
1999-03-08,121.69
1999-03-09,121.11
1999-03-10,119.76
1999-03-11,119.09
1999-03-12,118.65
1999-03-15,117.88
1999-03-16,117.42
1999-03-17,118.27
1999-03-18,117.52
1999-03-19,117.2
1999-03-22,118.3
1999-03-23,118.16
1999-03-24,118.14
1999-03-25,118.15
1999-03-26,120.3
1999-03-28,120.28
1999-03-29,120.44
1999-03-30,118.77
1999-03-31,120.7
1999-04-01,120.45
1999-04-04,121.7
1999-04-05,120.67
1999-04-06,121.5
1999-04-07,121.18
1999-04-08,120.89
1999-04-11,120.4
1999-04-12,119.8
1999-04-13,118.84
1999-04-14,119.07
1999-04-15,117.72
1999-04-18,117.53
1999-04-19,118.84
1999-04-20,119.73
1999-04-21,119.7
1999-04-22,119.3
1999-04-25,119.34
1999-04-26,120.2
1999-04-27,119.09
1999-04-28,119.2
1999-04-29,119.37
1999-05-02,120.22
1999-05-03,120.81
1999-05-04,120.45
1999-05-05,120.5
1999-05-06,120.67
1999-05-09,120.47
1999-05-10,120.95
1999-05-11,120.93
1999-05-12,121.75
1999-05-13,122.83
1999-05-16,123.4
1999-05-17,123.28
1999-05-18,124.25
1999-05-19,124.39
1999-05-20,123.87
1999-05-23,123.13
1999-05-24,122.33
1999-05-25,122.3
1999-05-26,120.5
1999-05-27,121.58
1999-05-30,121.59
1999-05-31,120.7
1999-06-01,121.61
1999-06-02,121.64
1999-06-03,122.36
1999-06-06,120.53
1999-06-07,119.4
1999-06-08,119.4
1999-06-09,118.81
1999-06-10,117.96
1999-06-13,120.45
1999-06-14,120.42
1999-06-15,120.33
1999-06-16,119.58
1999-06-17,120.41
1999-06-20,122.28
1999-06-21,121.85
1999-06-22,121.85
1999-06-23,121.97
1999-06-24,121.17
1999-06-27,121.39
1999-06-28,121.05
1999-06-29,120.9
1999-06-30,120.9
1999-07-01,120.96
1999-07-04,122.35
1999-07-05,122.1
1999-07-06,122.37
1999-07-07,122.56
1999-07-08,122.27
1999-07-11,122.13
1999-07-12,121.35
1999-07-13,120.74
1999-07-14,121.01
1999-07-15,120.87
1999-07-18,118.4
1999-07-19,119.29
1999-07-20,118.37
1999-07-21,116.97
1999-07-22,116.53
1999-07-25,116.92
1999-07-26,116.58
1999-07-27,116.04
1999-07-28,115.36
1999-07-29,114.65
1999-08-01,114.45
1999-08-02,115.28
1999-08-03,114.51
1999-08-04,114.45
1999-08-05,114.5
1999-08-08,115.14
1999-08-09,114.74
1999-08-10,115.68
1999-08-11,115.25
1999-08-12,115.58
1999-08-15,114.49
1999-08-16,113.98
1999-08-17,112.1
1999-08-18,111.59
1999-08-19,111.38
1999-08-22,111.61
1999-08-23,110.75
1999-08-24,111.12
1999-08-25,111.88
1999-08-26,111.56
1999-08-29,110.64
1999-08-30,109.74
1999-08-31,109.12
1999-09-01,109.32
1999-09-02,110.01
1999-09-05,109.55
1999-09-06,110.72
1999-09-07,110.88
1999-09-08,108.0
1999-09-09,108.68
1999-09-12,106.62
1999-09-13,105.84
1999-09-14,104.94
1999-09-15,104.94
1999-09-16,107.13
1999-09-19,106.24
1999-09-20,104.75
1999-09-21,104.16
1999-09-22,103.87
1999-09-23,104.15
1999-09-26,104.9
1999-09-27,106.2
1999-09-28,107.12
1999-09-29,106.15
1999-09-30,105.12
1999-10-03,106.14
1999-10-04,106.28
1999-10-05,107.32
1999-10-06,107.2
1999-10-07,107.52
1999-10-10,106.76
1999-10-11,106.31
1999-10-12,106.55
1999-10-13,107.52
1999-10-14,105.66
1999-10-17,105.5
1999-10-18,105.4
1999-10-19,106.29
1999-10-20,106.13
1999-10-21,105.86
1999-10-24,105.25
1999-10-25,104.71
1999-10-26,104.31
1999-10-27,105.23
1999-10-28,104.0
1999-11-01,104.04
1999-11-02,104.02
1999-11-03,104.84
1999-11-04,104.8
1999-11-05,105.91
1999-11-08,105.22
1999-11-09,104.9
1999-11-10,104.53
1999-11-11,104.89
1999-11-12,105.4
1999-11-15,104.8
1999-11-16,105.82
1999-11-17,105.55
1999-11-18,105.9
1999-11-19,106.38
1999-11-22,104.68
1999-11-23,104.26
1999-11-24,104.71
1999-11-25,104.31
1999-11-26,101.8
1999-11-29,102.67
1999-11-30,101.97
1999-12-01,102.61
1999-12-02,102.74
1999-12-03,102.7
1999-12-06,102.87
1999-12-07,102.38
1999-12-08,102.88
1999-12-09,102.48
1999-12-10,102.17
1999-12-13,103.08
1999-12-14,103.5
1999-12-15,103.65
1999-12-16,102.96
1999-12-17,103.18
1999-12-20,102.56
1999-12-21,102.17
1999-12-22,101.57
1999-12-23,102.05
1999-12-24,102.82
1999-12-27,102.23
1999-12-28,102.32
1999-12-29,102.0
1999-12-30,102.5
1999-12-31,102.18
2000-01-03,101.69
2000-01-04,103.14
2000-01-05,104.09
2000-01-06,105.23
2000-01-07,105.33
2000-01-10,105.16
2000-01-11,106.02
2000-01-12,105.71
2000-01-13,106.02
2000-01-14,105.88
2000-01-17,104.89
2000-01-18,105.66
2000-01-19,105.26
2000-01-20,105.31
2000-01-21,104.72
2000-01-24,105.65
2000-01-25,105.87
2000-01-26,105.58
2000-01-27,104.99
2000-01-28,107.06
2000-01-31,107.2
2000-02-01,107.74
2000-02-02,108.1
2000-02-03,107.45
2000-02-04,107.18
2000-02-07,108.91
2000-02-08,109.4
2000-02-09,108.76
2000-02-10,109.11
2000-02-11,108.8
2000-02-14,108.83
2000-02-15,109.07
2000-02-16,109.35
2000-02-17,110.41
2000-02-18,110.85
2000-02-21,111.25
2000-02-22,110.68
2000-02-23,111.25
2000-02-24,111.3
2000-02-25,110.15
2000-02-28,109.7
2000-02-29,110.19
2000-03-01,106.94
2000-03-02,107.8
2000-03-03,107.68
2000-03-06,107.42
2000-03-07,106.18
2000-03-08,107.17
2000-03-09,106.51
2000-03-10,106.22
2000-03-13,105.69
2000-03-14,105.11
2000-03-15,105.62
2000-03-16,105.64
2000-03-17,106.66
2000-03-20,106.36
2000-03-21,106.7
2000-03-22,107.07
2000-03-23,107.28
2000-03-24,106.99
2000-03-26,106.7
2000-03-27,105.82
2000-03-28,105.71
2000-03-29,105.64
2000-03-30,102.96
2000-04-02,104.99
2000-04-03,105.21
2000-04-04,104.82
2000-04-05,104.69
2000-04-06,105.45
2000-04-09,106.46
2000-04-10,106.8
2000-04-11,105.75
2000-04-12,105.79
2000-04-13,104.76
2000-04-16,104.59
2000-04-17,104.66
2000-04-18,104.85
2000-04-19,105.71
2000-04-20,105.8
2000-04-23,105.69
2000-04-24,106.13
2000-04-25,106.14
2000-04-26,106.38
2000-04-27,108.15
2000-04-30,108.63
2000-05-01,108.45
2000-05-02,108.97
2000-05-03,108.0
2000-05-04,108.58
2000-05-07,109.15
2000-05-08,109.11
2000-05-09,109.35
2000-05-10,108.38
2000-05-11,108.32
2000-05-14,109.16
2000-05-15,109.73
2000-05-16,108.91
2000-05-17,108.45
2000-05-18,106.91
2000-05-21,107.18
2000-05-22,106.46
2000-05-23,107.66
2000-05-24,107.38
2000-05-25,107.11
2000-05-28,106.91
2000-05-29,106.48
2000-05-30,107.63
2000-05-31,108.5
2000-06-01,107.95
2000-06-04,107.41
2000-06-05,105.85
2000-06-06,105.58
2000-06-07,105.9
2000-06-08,106.85
2000-06-11,106.9
2000-06-12,106.8
2000-06-13,106.57
2000-06-14,106.41
2000-06-15,106.35
2000-06-18,105.85
2000-06-19,105.4
2000-06-20,105.57
2000-06-21,104.53
2000-06-22,104.61
2000-06-25,105.55
2000-06-26,105.37
2000-06-27,105.38
2000-06-28,105.21
2000-06-29,106.01
2000-07-02,105.78
2000-07-03,106.1
2000-07-04,106.93
2000-07-05,107.33
2000-07-06,107.88
2000-07-09,106.92
2000-07-10,107.07
2000-07-11,108.13
2000-07-12,108.05
2000-07-13,107.81
2000-07-16,107.96
2000-07-17,108.22
2000-07-18,108.15
2000-07-19,107.5
2000-07-20,108.97
2000-07-23,108.57
2000-07-24,109.12
2000-07-25,109.11
2000-07-26,109.2
2000-07-27,109.63
2000-07-30,109.33
2000-07-31,109.23
2000-08-01,108.68
2000-08-02,108.33
2000-08-03,108.58
2000-08-06,109.01
2000-08-07,108.57
2000-08-08,107.92
2000-08-09,107.7
2000-08-10,108.46
2000-08-13,109.43
2000-08-14,109.03
2000-08-15,108.4
2000-08-16,108.54
2000-08-17,108.27
2000-08-20,108.64
2000-08-21,108.3
2000-08-22,106.98
2000-08-23,106.99
2000-08-24,106.8
2000-08-27,106.59
2000-08-28,106.13
2000-08-29,106.61
2000-08-30,106.67
2000-08-31,105.95
2000-09-03,106.21
2000-09-04,105.86
2000-09-05,105.93
2000-09-06,105.14
2000-09-07,106.11
2000-09-10,106.09
2000-09-11,106.92
2000-09-12,107.06
2000-09-13,107.41
2000-09-14,107.26
2000-09-17,106.89
2000-09-18,106.95
2000-09-19,106.6
2000-09-20,106.64
2000-09-21,108.0
2000-09-24,107.65
2000-09-25,107.47
2000-09-26,107.23
2000-09-27,107.65
2000-09-28,108.13
2000-10-01,108.73
2000-10-02,108.89
2000-10-03,109.19
2000-10-04,109.08
2000-10-05,108.73
2000-10-08,108.76
2000-10-09,107.72
2000-10-10,107.74
2000-10-11,107.75
2000-10-12,107.7
2000-10-15,108.06
2000-10-16,107.91
2000-10-17,107.66
2000-10-18,108.33
2000-10-19,108.83
2000-10-22,108.31
2000-10-23,107.94
2000-10-24,108.21
2000-10-25,108.24
2000-10-26,108.53
2000-10-30,108.96
2000-10-31,108.79
2000-11-01,108.25
2000-11-02,108.15
2000-11-03,106.95
2000-11-06,107.36
2000-11-07,107.06
2000-11-08,107.23
2000-11-09,107.58
2000-11-10,107.83
2000-11-13,107.54
2000-11-14,108.16
2000-11-15,108.76
2000-11-16,108.84
2000-11-17,108.78
2000-11-20,109.69
2000-11-21,109.92
2000-11-22,110.16
2000-11-23,110.35
2000-11-24,111.23
2000-11-27,110.57
2000-11-28,110.17
2000-11-29,111.32
2000-11-30,110.37
2000-12-01,111.19
2000-12-04,111.06
2000-12-05,110.74
2000-12-06,110.16
2000-12-07,110.54
2000-12-08,110.9
2000-12-11,110.72
2000-12-12,111.57
2000-12-13,112.36
2000-12-14,112.13
2000-12-15,112.42
2000-12-18,112.12
2000-12-19,112.65
2000-12-20,112.89
2000-12-21,112.11
2000-12-22,112.8
2000-12-25,113.02
2000-12-26,113.73
2000-12-27,114.26
2000-12-28,114.59
2000-12-29,114.38
2001-01-01,114.57
2001-01-02,114.4
2001-01-03,113.84
2001-01-04,116.09
2001-01-05,116.45
2001-01-08,116.1
2001-01-09,117.07
2001-01-10,116.45
2001-01-11,117.91
2001-01-12,118.47
2001-01-15,119.11
2001-01-16,117.71
2001-01-17,119.17
2001-01-18,117.9
2001-01-19,117.13
2001-01-22,116.46
2001-01-23,116.61
2001-01-24,117.9
2001-01-25,116.62
2001-01-26,117.32
2001-01-29,116.74
2001-01-30,115.65
2001-01-31,116.68
2001-02-01,115.42
2001-02-02,115.63
2001-02-05,114.71
2001-02-06,114.74
2001-02-07,116.16
2001-02-08,116.71
2001-02-09,117.5
2001-02-12,117.31
2001-02-13,116.6
2001-02-14,116.19
2001-02-15,115.62
2001-02-16,115.72
2001-02-19,116.08
2001-02-20,115.64
2001-02-21,116.37
2001-02-22,117.01
2001-02-23,115.75
2001-02-26,116.48
2001-02-27,116.36
2001-02-28,117.39
2001-03-01,117.5
2001-03-02,119.05
2001-03-05,118.92
2001-03-06,118.7
2001-03-07,119.52
2001-03-08,119.82
2001-03-09,119.54
2001-03-12,120.47
2001-03-13,119.61
2001-03-14,120.82
2001-03-15,121.99
2001-03-16,122.92
2001-03-19,122.8
2001-03-20,122.2
2001-03-21,123.02
2001-03-22,123.76
2001-03-23,122.83
2001-03-25,122.66
2001-03-26,122.16
2001-03-27,122.27
2001-03-28,123.68
2001-03-29,126.23
2001-04-01,126.64
2001-04-02,125.53
2001-04-03,125.47
2001-04-04,124.26
2001-04-05,123.73
2001-04-08,125.28
2001-04-09,124.42
2001-04-10,124.74
2001-04-11,123.5
2001-04-12,123.5
2001-04-15,124.6
2001-04-16,123.38
2001-04-17,122.0
2001-04-18,121.24
2001-04-19,122.33
2001-04-22,121.18
2001-04-23,122.3
2001-04-24,122.09
2001-04-25,123.17
2001-04-26,124.02
2001-04-29,123.38
2001-04-30,122.11
2001-05-01,121.53
2001-05-02,121.33
2001-05-03,121.28
2001-05-06,120.87
2001-05-07,121.28
2001-05-08,122.31
2001-05-09,122.52
2001-05-10,122.37
2001-05-13,123.2
2001-05-14,123.2
2001-05-15,123.23
2001-05-16,122.6
2001-05-17,123.51
2001-05-20,122.67
2001-05-21,122.72
2001-05-22,120.2
2001-05-23,119.97
2001-05-24,120.59
2001-05-27,121.26
2001-05-28,120.06
2001-05-29,120.44
2001-05-30,119.23
2001-05-31,119.21
2001-06-03,119.2
2001-06-04,120.18
2001-06-05,120.0
2001-06-06,120.33
2001-06-07,120.85
2001-06-10,121.83
2001-06-11,121.58
2001-06-12,122.02
2001-06-13,121.3
2001-06-14,122.87
2001-06-17,123.42
2001-06-18,122.8
2001-06-19,123.87
2001-06-20,124.57
2001-06-21,124.46
2001-06-24,123.9
2001-06-25,123.78
2001-06-26,124.22
2001-06-27,124.85
2001-06-28,124.5
2001-07-01,123.97
2001-07-02,124.35
2001-07-03,124.43
2001-07-04,125.56
2001-07-05,125.82
2001-07-08,125.26
2001-07-09,125.27
2001-07-10,124.27
2001-07-11,123.93
2001-07-12,124.86
2001-07-15,125.5
2001-07-16,124.8
2001-07-17,124.08
2001-07-18,123.38
2001-07-19,122.86
2001-07-22,124.38
2001-07-23,124.2
2001-07-24,123.57
2001-07-25,123.72
2001-07-26,123.46
2001-07-29,125.17
2001-07-30,125.01
2001-07-31,124.39
2001-08-01,123.72
2001-08-02,123.6
2001-08-05,123.8
2001-08-06,123.56
2001-08-07,123.56
2001-08-08,121.96
2001-08-09,121.95
2001-08-12,122.38
2001-08-13,121.83
2001-08-14,119.89
2001-08-15,120.25
2001-08-16,120.19
2001-08-19,120.74
2001-08-20,119.77
2001-08-21,120.42
2001-08-22,119.89
2001-08-23,119.98
2001-08-26,119.89
2001-08-27,120.02
2001-08-28,120.16
2001-08-29,119.43
2001-08-30,118.75
2001-09-02,118.71
2001-09-03,119.4
2001-09-04,120.74
2001-09-05,120.94
2001-09-06,120.0
2001-09-09,121.1
2001-09-10,119.58
2001-09-11,119.61
2001-09-12,118.81
2001-09-13,117.32
2001-09-16,117.86
2001-09-17,117.26
2001-09-18,117.5
2001-09-19,116.43
2001-09-20,116.59
2001-09-23,117.55
2001-09-24,117.51
2001-09-25,117.88
2001-09-26,119.66
2001-09-27,119.48
2001-09-30,120.3
2001-10-01,120.61
2001-10-02,120.58
2001-10-03,120.47
2001-10-04,120.47
2001-10-07,119.72
2001-10-08,120.2
2001-10-09,120.26
2001-10-10,121.4
2001-10-11,121.22
2001-10-14,120.8
2001-10-15,121.27
2001-10-16,121.22
2001-10-17,121.14
2001-10-18,121.17
2001-10-21,122.38
2001-10-22,122.51
2001-10-23,122.81
2001-10-24,122.88
2001-10-25,122.65
2001-10-29,121.89
2001-10-30,122.12
2001-10-31,122.4
2001-11-01,121.97
2001-11-02,121.62
2001-11-05,121.56
2001-11-06,121.17
2001-11-07,121.16
2001-11-08,120.12
2001-11-09,120.22
2001-11-12,120.57
2001-11-13,121.42
2001-11-14,121.53
2001-11-15,122.45
2001-11-16,122.87
2001-11-19,123.08
2001-11-20,122.57
2001-11-21,123.15
2001-11-22,123.95
2001-11-23,124.28
2001-11-26,124.05
2001-11-27,123.97
2001-11-28,123.15
2001-11-29,123.94
2001-11-30,123.45
2001-12-03,124.28
2001-12-04,124.14
2001-12-05,124.16
2001-12-06,124.55
2001-12-07,125.49
2001-12-10,125.95
2001-12-11,125.83
2001-12-12,125.91
2001-12-13,126.12
2001-12-14,127.37
2001-12-17,127.64
2001-12-18,128.26
2001-12-19,128.37
2001-12-20,129.2
2001-12-21,129.5
2001-12-24,129.85
2001-12-25,130.85
2001-12-26,131.28
2001-12-27,131.81
2001-12-28,131.05
2001-12-31,131.67
2002-01-01,131.93
2002-01-02,132.14
2002-01-03,131.7
2002-01-04,131.02
2002-01-07,131.25
2002-01-08,132.92
2002-01-09,132.94
2002-01-10,132.13
2002-01-11,132.15
2002-01-14,131.63
2002-01-15,131.22
2002-01-16,132.19
2002-01-17,132.45
2002-01-18,132.62
2002-01-21,132.95
2002-01-22,133.66
2002-01-23,134.53
2002-01-24,134.85
2002-01-25,134.55
2002-01-28,133.56
2002-01-29,133.44
2002-01-30,132.87
2002-01-31,134.87
2002-02-01,133.1
2002-02-04,132.03
2002-02-05,133.8
2002-02-06,133.64
2002-02-07,133.95
2002-02-08,134.67
2002-02-11,133.37
2002-02-12,132.72
2002-02-13,133.0
2002-02-14,132.05
2002-02-15,132.59
2002-02-18,132.66
2002-02-19,133.42
2002-02-20,133.77
2002-02-21,134.2
2002-02-22,134.11
2002-02-25,133.84
2002-02-26,134.52
2002-02-27,134.22
2002-02-28,133.46
2002-03-01,133.32
2002-03-04,131.95
2002-03-05,132.22
2002-03-06,130.74
2002-03-07,127.62
2002-03-08,128.62
2002-03-11,128.02
2002-03-12,129.03
2002-03-13,129.36
2002-03-14,129.25
2002-03-15,129.01
2002-03-18,131.16
2002-03-19,132.2
2002-03-20,131.35
2002-03-21,132.11
2002-03-22,132.9
2002-03-25,133.3
2002-03-26,133.08
2002-03-27,132.73
2002-03-28,132.75
2002-03-29,132.7
2002-03-31,133.31
2002-04-01,133.13
2002-04-02,132.71
2002-04-03,132.33
2002-04-04,131.55
2002-04-07,131.52
2002-04-08,130.65
2002-04-09,130.74
2002-04-10,131.53
2002-04-11,131.92
2002-04-14,132.06
2002-04-15,131.17
2002-04-16,130.7
2002-04-17,129.97
2002-04-18,130.31
2002-04-21,130.11
2002-04-22,130.23
2002-04-23,129.62
2002-04-24,128.68
2002-04-25,127.82
2002-04-28,128.12
2002-04-29,128.53
2002-04-30,127.24
2002-05-01,127.81
2002-05-02,126.9
2002-05-05,127.15
2002-05-06,128.15
2002-05-07,128.82
2002-05-08,128.42
2002-05-09,127.57
2002-05-12,127.77
2002-05-13,128.51
2002-05-14,127.65
2002-05-15,128.03
2002-05-16,125.93
2002-05-19,125.39
2002-05-20,124.3
2002-05-21,124.35
2002-05-22,125.03
2002-05-23,124.7
2002-05-26,124.75
2002-05-27,124.49
2002-05-28,124.35
2002-05-29,123.42
2002-05-30,124.06
2002-06-02,123.62
2002-06-03,124.17
2002-06-04,124.13
2002-06-05,124.12
2002-06-06,124.31
2002-06-09,124.74
2002-06-10,125.28
2002-06-11,125.58
2002-06-12,124.99
2002-06-13,124.13
2002-06-16,124.26
2002-06-17,124.26
2002-06-18,123.86
2002-06-19,123.45
2002-06-20,121.09
2002-06-23,121.6
2002-06-24,121.15
2002-06-25,119.92
2002-06-26,119.54
2002-06-27,119.52
2002-06-30,119.77
2002-07-01,120.0
2002-07-02,119.9
2002-07-03,120.17
2002-07-04,120.4
2002-07-07,118.57
2002-07-08,118.06
2002-07-09,117.76
2002-07-10,117.03
2002-07-11,116.85
2002-07-14,116.22
2002-07-15,115.97
2002-07-16,116.33
2002-07-17,116.53
2002-07-18,115.9
2002-07-21,116.37
2002-07-22,117.37
2002-07-23,116.68
2002-07-24,116.63
2002-07-25,118.77
2002-07-28,119.65
2002-07-29,120.22
2002-07-30,119.78
2002-07-31,119.21
2002-08-01,118.77
2002-08-04,119.61
2002-08-05,120.96
2002-08-06,120.26
2002-08-07,121.1
2002-08-08,120.45
2002-08-11,119.01
2002-08-12,118.23
2002-08-13,117.19
2002-08-14,117.34
2002-08-15,117.56
2002-08-18,118.44
2002-08-19,118.63
2002-08-20,118.46
2002-08-21,119.79
2002-08-22,119.59
2002-08-25,119.71
2002-08-26,118.15
2002-08-27,118.95
2002-08-28,118.19
2002-08-29,118.43
2002-09-01,117.99
2002-09-02,117.15
2002-09-03,117.87
2002-09-04,118.36
2002-09-05,118.41
2002-09-08,118.87
2002-09-09,119.01
2002-09-10,120.27
2002-09-11,120.08
2002-09-12,121.63
2002-09-15,122.3
2002-09-16,122.08
2002-09-17,121.45
2002-09-18,121.46
2002-09-19,123.3
2002-09-22,123.89
2002-09-23,123.37
2002-09-24,122.7
2002-09-25,122.12
2002-09-26,122.53
2002-09-29,121.83
2002-09-30,122.6
2002-10-01,122.76
2002-10-02,122.4
2002-10-03,123.2
2002-10-06,124.3
2002-10-07,124.08
2002-10-08,123.01
2002-10-09,123.59
2002-10-10,124.02
2002-10-13,124.34
2002-10-14,124.63
2002-10-15,124.51
2002-10-16,125.1
2002-10-17,125.45
2002-10-20,124.86
2002-10-21,125.14
2002-10-22,124.52
2002-10-23,124.64
2002-10-24,124.17
2002-10-28,123.45
2002-10-29,122.93
2002-10-30,122.89
2002-10-31,122.45
2002-11-01,122.15
2002-11-04,122.21
2002-11-05,122.11
2002-11-06,121.65
2002-11-07,121.15
2002-11-08,119.78
2002-11-11,119.7
2002-11-12,119.64
2002-11-13,120.08
2002-11-14,120.59
2002-11-15,120.46
2002-11-18,120.94
2002-11-19,122.17
2002-11-20,122.73
2002-11-21,122.65
2002-11-22,122.95
2002-11-25,122.06
2002-11-26,121.52
2002-11-27,122.36
2002-11-28,122.18
2002-11-29,122.47
2002-12-02,124.37
2002-12-03,124.19
2002-12-04,124.45
2002-12-05,124.71
2002-12-06,123.52
2002-12-09,123.36
2002-12-10,123.92
2002-12-11,123.72
2002-12-12,122.48
2002-12-13,120.43
2002-12-16,121.33
2002-12-17,121.62
2002-12-18,120.69
2002-12-19,120.53
2002-12-20,120.36
2002-12-23,120.39
2002-12-24,120.26
2002-12-25,120.33
2002-12-26,120.03
2002-12-27,119.86
2002-12-30,118.5
2002-12-31,118.7
2003-01-01,118.71
2003-01-02,120.21
2003-01-03,119.67
2003-01-06,119.36
2003-01-07,120.22
2003-01-08,119.11
2003-01-09,119.38
2003-01-10,119.3
2003-01-13,119.24
2003-01-14,118.0
2003-01-15,118.11
2003-01-16,117.82
2003-01-17,117.78
2003-01-20,118.01
2003-01-21,118.16
2003-01-22,118.34
2003-01-23,118.12
2003-01-24,117.81
2003-01-27,118.55
2003-01-28,118.68
2003-01-29,118.63
2003-01-30,119.04
2003-01-31,119.91
2003-02-03,120.3
2003-02-04,119.84
2003-02-05,120.14
2003-02-06,119.89
2003-02-07,120.22
2003-02-10,121.21
2003-02-11,120.95
2003-02-12,121.32
2003-02-13,120.33
2003-02-14,120.3
2003-02-17,120.21
2003-02-18,119.04
2003-02-19,118.68
2003-02-20,118.3
2003-02-21,118.61
2003-02-24,118.15
2003-02-25,117.46
2003-02-26,117.09
2003-02-27,117.71
2003-02-28,118.09
2003-03-03,117.65
2003-03-04,117.14
2003-03-05,117.29
2003-03-06,117.3
2003-03-07,117.05
2003-03-10,116.85
2003-03-11,117.12
2003-03-12,117.49
2003-03-13,118.66
2003-03-14,118.3
2003-03-17,118.81
2003-03-18,118.6
2003-03-19,120.06
2003-03-20,120.3
2003-03-21,121.46
2003-03-24,120.68
2003-03-25,119.91
2003-03-26,119.98
2003-03-27,119.97
2003-03-28,119.72
2003-03-30,118.01
2003-03-31,117.79
2003-04-01,119.14
2003-04-02,118.73
2003-04-03,119.95
2003-04-06,119.89
2003-04-07,119.71
2003-04-08,120.08
2003-04-09,119.54
2003-04-10,120.52
2003-04-13,120.29
2003-04-14,120.31
2003-04-15,119.56
2003-04-16,119.65
2003-04-17,119.81
2003-04-20,120.53
2003-04-21,119.87
2003-04-22,120.47
2003-04-23,119.76
2003-04-24,120.16
2003-04-27,120.48
2003-04-28,119.86
2003-04-29,118.82
2003-04-30,118.45
2003-05-01,119.03
2003-05-04,118.45
2003-05-05,117.59
2003-05-06,116.42
2003-05-07,117.08
2003-05-08,117.35
2003-05-11,117.0
2003-05-12,116.77
2003-05-13,116.21
2003-05-14,116.43
2003-05-15,116.01
2003-05-18,117.08
2003-05-19,116.64
2003-05-20,117.6
2003-05-21,117.25
2003-05-22,116.95
2003-05-25,116.86
2003-05-26,117.27
2003-05-27,118.55
2003-05-28,118.17
2003-05-29,119.3
2003-06-01,118.65
2003-06-02,119.14
2003-06-03,118.83
2003-06-04,117.72
2003-06-05,118.63
2003-06-08,118.18
2003-06-09,117.67
2003-06-10,117.69
2003-06-11,117.62
2003-06-12,117.39
2003-06-15,117.64
2003-06-16,118.09
2003-06-17,117.94
2003-06-18,118.45
2003-06-19,118.33
2003-06-22,117.71
2003-06-23,117.92
2003-06-24,117.93
2003-06-25,119.26
2003-06-26,119.53
2003-06-29,119.67
2003-06-30,119.24
2003-07-01,118.15
2003-07-02,118.17
2003-07-03,118.33
2003-07-06,118.09
2003-07-07,118.25
2003-07-08,117.81
2003-07-09,117.67
2003-07-10,117.91
2003-07-13,117.72
2003-07-14,117.86
2003-07-15,118.02
2003-07-16,118.82
2003-07-17,118.42
2003-07-20,118.55
2003-07-21,119.02
2003-07-22,118.72
2003-07-23,118.95
2003-07-24,118.76
2003-07-27,119.41
2003-07-28,119.82
2003-07-29,120.28
2003-07-30,120.56
2003-07-31,120.13
2003-08-03,120.31
2003-08-04,119.9
2003-08-05,120.2
2003-08-06,119.11
2003-08-07,119.03
2003-08-10,118.5
2003-08-11,118.6
2003-08-12,119.2
2003-08-13,118.97
2003-08-14,119.13
2003-08-17,119.4
2003-08-18,118.57
2003-08-19,118.06
2003-08-20,117.83
2003-08-21,117.49
2003-08-24,117.23
2003-08-25,117.3
2003-08-26,117.48
2003-08-27,117.32
2003-08-28,116.89
2003-08-31,116.5
2003-09-01,116.44
2003-09-02,115.91
2003-09-03,116.85
2003-09-04,116.79
2003-09-07,116.61
2003-09-08,116.81
2003-09-09,117.07
2003-09-10,117.08
2003-09-11,117.27
2003-09-14,117.41
2003-09-15,116.19
2003-09-16,116.11
2003-09-17,115.23
2003-09-18,113.91
2003-09-21,112.07
2003-09-22,112.27
2003-09-23,111.89
2003-09-24,112.1
2003-09-25,111.69
2003-09-28,110.82
2003-09-29,111.29
2003-09-30,111.23
2003-10-01,110.87
2003-10-02,110.81
2003-10-05,110.93
2003-10-06,109.91
2003-10-07,109.52
2003-10-08,109.1
2003-10-09,108.56
2003-10-12,108.98
2003-10-13,108.79
2003-10-14,109.51
2003-10-15,109.77
2003-10-16,109.3
2003-10-19,110.18
2003-10-20,109.56
2003-10-21,108.96
2003-10-22,109.42
2003-10-23,109.23
2003-10-27,108.43
2003-10-28,108.15
2003-10-29,108.22
2003-10-30,108.6
2003-10-31,110.0
2003-11-03,110.8
2003-11-04,109.55
2003-11-05,109.86
2003-11-06,110.17
2003-11-07,109.33
2003-11-10,108.73
2003-11-11,108.77
2003-11-12,108.68
2003-11-13,108.03
2003-11-14,108.3
2003-11-17,109.01
2003-11-18,108.06
2003-11-19,109.11
2003-11-20,109.0
2003-11-21,108.75
2003-11-24,109.38
2003-11-25,109.4
2003-11-26,109.05
2003-11-27,109.28
2003-11-28,109.62
2003-12-01,109.17
2003-12-02,108.73
2003-12-03,108.3
2003-12-04,108.27
2003-12-05,107.62
2003-12-08,107.41
2003-12-09,107.09
2003-12-10,108.38
2003-12-11,107.98
2003-12-12,107.68
2003-12-15,107.74
2003-12-16,107.51
2003-12-17,107.38
2003-12-18,107.65
2003-12-19,107.71
2003-12-22,107.49
2003-12-23,107.43
2003-12-24,107.26
2003-12-25,107.24
2003-12-26,107.45
2003-12-29,107.05
2003-12-30,106.96
2003-12-31,107.4
2004-01-01,107.3
2004-01-02,106.91
2004-01-05,106.24
2004-01-06,106.23
2004-01-07,106.18
2004-01-08,106.17
2004-01-09,106.58
2004-01-12,106.6
2004-01-13,106.24
2004-01-14,106.24
2004-01-15,106.27
2004-01-16,106.75
2004-01-19,107.23
2004-01-20,107.0
2004-01-21,106.81
2004-01-22,106.13
2004-01-23,106.75
2004-01-26,106.35
2004-01-27,105.63
2004-01-28,106.13
2004-01-29,105.91
2004-01-30,105.72
2004-02-02,105.52
2004-02-03,105.47
2004-02-04,105.45
2004-02-05,105.64
2004-02-06,105.45
2004-02-09,105.82
2004-02-10,105.58
2004-02-11,105.34
2004-02-12,105.3
2004-02-13,105.2
2004-02-16,105.45
2004-02-17,105.61
2004-02-18,106.34
2004-02-19,106.91
2004-02-20,108.95
2004-02-23,108.3
2004-02-24,108.2
2004-02-25,108.97
2004-02-26,109.48
2004-02-27,109.25
2004-03-01,108.91
2004-03-02,110.15
2004-03-03,110.11
2004-03-04,111.25
2004-03-05,112.0
2004-03-08,111.29
2004-03-09,111.46
2004-03-10,110.89
2004-03-11,110.83
2004-03-12,110.65
2004-03-15,110.31
2004-03-16,108.71
2004-03-17,108.26
2004-03-18,106.79
2004-03-19,106.66
2004-03-22,106.76
2004-03-23,106.76
2004-03-24,106.4
2004-03-25,106.13
2004-03-26,106.18
2004-03-28,105.46
2004-03-29,105.84
2004-03-30,104.21
2004-03-31,103.74
2004-04-01,104.61
2004-04-04,105.09
2004-04-05,105.76
2004-04-06,105.22
2004-04-07,106.42
2004-04-08,106.4
2004-04-11,105.35
2004-04-12,106.82
2004-04-13,108.67
2004-04-14,108.21
2004-04-15,107.8
2004-04-18,108.39
2004-04-19,108.96
2004-04-20,109.35
2004-04-21,109.38
2004-04-22,109.16
2004-04-25,108.63
2004-04-26,109.52
2004-04-27,110.02
2004-04-28,109.93
2004-04-29,110.37
2004-05-02,110.16
2004-05-03,109.55
2004-05-04,108.82
2004-05-05,109.74
2004-05-06,112.31
2004-05-09,113.73
2004-05-10,112.94
2004-05-11,112.97
2004-05-12,114.59
2004-05-13,114.11
2004-05-16,114.43
2004-05-17,114.09
2004-05-18,112.85
2004-05-19,112.73
2004-05-20,112.34
2004-05-23,113.12
2004-05-24,111.81
2004-05-25,111.86
2004-05-26,111.07
2004-05-27,109.97
2004-05-30,109.52
2004-05-31,110.42
2004-06-01,109.85
2004-06-02,111.16
2004-06-03,111.26
2004-06-06,109.62
2004-06-07,109.53
2004-06-08,110.39
2004-06-09,109.27
2004-06-10,110.13
2004-06-13,110.99
2004-06-14,109.41
2004-06-15,110.09
2004-06-16,109.58
2004-06-17,108.72
2004-06-20,108.68
2004-06-21,109.19
2004-06-22,108.21
2004-06-23,107.19
2004-06-24,107.6
2004-06-27,107.99
2004-06-28,108.19
2004-06-29,108.87
2004-06-30,108.47
2004-07-01,108.26
2004-07-04,109.01
2004-07-05,109.41
2004-07-06,108.52
2004-07-07,108.85
2004-07-08,108.18
2004-07-11,108.31
2004-07-12,108.42
2004-07-13,109.15
2004-07-14,109.76
2004-07-15,108.73
2004-07-18,108.27
2004-07-19,108.49
2004-07-20,109.87
2004-07-21,109.76
2004-07-22,110.15
2004-07-25,109.87
2004-07-26,110.88
2004-07-27,111.75
2004-07-28,112.11
2004-07-29,111.36
2004-08-01,110.85
2004-08-02,110.65
2004-08-03,111.0
2004-08-04,111.75
2004-08-05,110.51
2004-08-08,110.65
2004-08-09,111.22
2004-08-10,110.76
2004-08-11,110.88
2004-08-12,110.7
2004-08-15,110.39
2004-08-16,109.95
2004-08-17,109.43
2004-08-18,109.36
2004-08-19,109.11
2004-08-22,109.74
2004-08-23,109.69
2004-08-24,110.1
2004-08-25,109.62
2004-08-26,109.66
2004-08-29,109.92
2004-08-30,109.17
2004-08-31,109.36
2004-09-01,109.5
2004-09-02,110.41
2004-09-05,110.15
2004-09-06,109.37
2004-09-07,109.21
2004-09-08,109.39
2004-09-09,109.58
2004-09-12,110.05
2004-09-13,109.54
2004-09-14,110.02
2004-09-15,109.61
2004-09-16,109.7
2004-09-19,109.91
2004-09-20,109.78
2004-09-21,110.6
2004-09-22,110.74
2004-09-23,110.54
2004-09-26,111.17
2004-09-27,111.31
2004-09-28,111.02
2004-09-29,110.08
2004-09-30,110.48
2004-10-03,110.85
2004-10-04,111.06
2004-10-05,111.34
2004-10-06,111.11
2004-10-07,109.5
2004-10-10,109.37
2004-10-11,109.67
2004-10-12,109.67
2004-10-13,109.65
2004-10-14,109.37
2004-10-17,109.35
2004-10-18,108.35
2004-10-19,108.3
2004-10-20,107.41
2004-10-21,107.52
2004-10-24,106.6
2004-10-25,106.68
2004-10-26,106.65
2004-10-28,105.72
2004-11-01,106.45
2004-11-02,106.07
2004-11-03,106.12
2004-11-04,106.08
2004-11-05,105.49
2004-11-08,105.62
2004-11-09,105.75
2004-11-10,106.97
2004-11-11,106.68
2004-11-12,105.65
2004-11-15,105.41
2004-11-16,105.42
2004-11-17,104.05
2004-11-18,104.3
2004-11-19,103.08
2004-11-22,103.16
2004-11-23,103.33
2004-11-24,102.84
2004-11-25,102.52
2004-11-26,102.53
2004-11-29,103.03
2004-11-30,102.9
2004-12-01,102.51
2004-12-02,103.1
2004-12-03,102.09
2004-12-06,103.13
2004-12-07,102.86
2004-12-08,104.03
2004-12-09,104.68
2004-12-10,105.02
2004-12-13,104.69
2004-12-14,105.2
2004-12-15,104.25
2004-12-16,104.58
2004-12-17,104.15
2004-12-20,104.15
2004-12-21,104.3
2004-12-22,104.16
2004-12-23,103.55
2004-12-24,103.65
2004-12-27,102.89
2004-12-28,103.19
2004-12-29,103.94
2004-12-30,102.91
2004-12-31,102.51
2005-01-03,102.74
2005-01-04,104.34
2005-01-05,103.93
2005-01-06,104.89
2005-01-07,104.89
2005-01-10,104.17
2005-01-11,103.42
2005-01-12,102.44
2005-01-13,102.46
2005-01-14,101.98
2005-01-17,102.26
2005-01-18,102.26
2005-01-19,102.91
2005-01-20,103.37
2005-01-21,102.61
2005-01-24,102.58
2005-01-25,104.02
2005-01-26,103.07
2005-01-27,102.85
2005-01-28,102.73
2005-01-31,103.6
2005-02-01,103.64
2005-02-02,103.66
2005-02-03,104.46
2005-02-04,104.04
2005-02-07,104.82
2005-02-08,105.71
2005-02-09,105.59
2005-02-10,105.82
2005-02-11,105.75
2005-02-14,105.1
2005-02-15,104.55
2005-02-16,105.48
2005-02-17,105.48
2005-02-18,105.63
2005-02-21,105.44
2005-02-22,104.23
2005-02-23,105.05
2005-02-24,105.5
2005-02-25,105.24
2005-02-28,104.53
2005-03-01,104.45
2005-03-02,104.77
2005-03-03,105.29
2005-03-04,104.79
2005-03-07,105.09
2005-03-08,104.57
2005-03-09,104.01
2005-03-10,103.93
2005-03-11,104.08
2005-03-14,104.93
2005-03-15,104.54
2005-03-16,104.19
2005-03-17,104.53
2005-03-18,104.71
2005-03-21,105.21
2005-03-22,105.6
2005-03-23,105.91
2005-03-24,106.42
2005-03-25,106.36
2005-03-27,107.24
2005-03-28,107.33
2005-03-29,107.53
2005-03-30,107.14
2005-03-31,107.66
2005-04-03,108.28
2005-04-04,108.27
2005-04-05,108.68
2005-04-06,108.59
2005-04-07,108.16
2005-04-10,107.73
2005-04-11,107.8
2005-04-12,107.32
2005-04-13,108.3
2005-04-14,107.71
2005-04-17,107.43
2005-04-18,106.86
2005-04-19,106.85
2005-04-20,106.77
2005-04-21,105.95
2005-04-24,105.71
2005-04-25,106.12
2005-04-26,105.93
2005-04-27,106.04
2005-04-28,104.65
2005-05-01,105.1
2005-05-02,104.87
2005-05-03,104.52
2005-05-04,104.51
2005-05-05,105.07
2005-05-08,105.71
2005-05-09,105.46
2005-05-10,105.75
2005-05-11,106.82
2005-05-12,107.31
2005-05-15,106.85
2005-05-16,107.43
2005-05-17,107.01
2005-05-18,107.6
2005-05-19,108.15
2005-05-22,107.76
2005-05-23,107.59
2005-05-24,107.68
2005-05-25,108.03
2005-05-26,107.98
2005-05-29,107.96
2005-05-30,108.4
2005-05-31,108.66
2005-06-01,108.21
2005-06-02,107.64
2005-06-05,106.87
2005-06-06,106.63
2005-06-07,107.22
2005-06-08,107.48
2005-06-09,108.65
2005-06-12,109.45
2005-06-13,109.4
2005-06-14,109.17
2005-06-15,108.96
2005-06-16,108.53
2005-06-19,109.35
2005-06-20,108.41
2005-06-21,108.76
2005-06-22,108.92
2005-06-23,108.97
2005-06-26,109.28
2005-06-27,109.77
2005-06-28,110.44
2005-06-29,110.86
2005-06-30,111.74
2005-07-03,111.56
2005-07-04,111.55
2005-07-05,112.25
2005-07-06,112.0
2005-07-07,112.26
2005-07-10,111.7
2005-07-11,110.96
2005-07-12,112.01
2005-07-13,112.28
2005-07-14,112.21
2005-07-17,111.89
2005-07-18,112.9
2005-07-19,112.73
2005-07-20,110.43
2005-07-21,111.3
2005-07-24,111.64
2005-07-25,112.51
2005-07-26,112.45
2005-07-27,112.27
2005-07-28,112.44
2005-07-31,112.22
2005-08-01,111.39
2005-08-02,111.1
2005-08-03,111.23
2005-08-04,111.8
2005-08-07,112.08
2005-08-08,111.78
2005-08-09,110.65
2005-08-10,109.7
2005-08-11,109.34
2005-08-14,109.33
2005-08-15,109.6
2005-08-16,109.85
2005-08-17,110.46
2005-08-18,110.44
2005-08-21,109.69
2005-08-22,109.86
2005-08-23,110.23
2005-08-24,110.07
2005-08-25,110.16
2005-08-28,110.67
2005-08-29,111.35
2005-08-30,110.65
2005-08-31,109.89
2005-09-01,109.8
2005-09-04,109.32
2005-09-05,109.61
2005-09-06,110.03
2005-09-07,110.51
2005-09-08,109.62
2005-09-11,110.25
2005-09-12,110.71
2005-09-13,110.47
2005-09-14,110.6
2005-09-15,111.32
2005-09-18,111.47
2005-09-19,111.96
2005-09-21,111.63
2005-09-22,112.48
2005-09-25,112.32
2005-09-26,113.25
2005-09-27,112.91
2005-09-28,113.2
2005-09-29,113.46
2005-10-02,114.25
2005-10-03,114.35
2005-10-04,114.1
2005-10-05,113.34
2005-10-06,113.78
2005-10-09,114.22
2005-10-10,114.55
2005-10-11,114.37
2005-10-12,114.48
2005-10-13,114.05
2005-10-16,115.1
2005-10-17,115.79
2005-10-18,115.52
2005-10-19,115.31
2005-10-20,115.9
2005-10-23,115.47
2005-10-24,115.11
2005-10-25,115.91
2005-10-26,115.36
2005-10-27,115.57
2005-10-31,116.44
2005-11-01,116.76
2005-11-02,116.8
2005-11-03,117.22
2005-11-04,118.31
2005-11-07,117.62
2005-11-08,117.4
2005-11-09,117.74
2005-11-10,117.96
2005-11-11,118.04
2005-11-14,118.79
2005-11-15,118.85
2005-11-16,119.1
2005-11-17,118.81
2005-11-18,119.09
2005-11-21,119.08
2005-11-22,118.86
2005-11-23,118.76
2005-11-24,119.11
2005-11-25,119.64
2005-11-28,118.9
2005-11-29,119.75
2005-11-30,119.72
2005-12-01,120.41
2005-12-02,120.45
2005-12-05,120.84
2005-12-06,120.68
2005-12-07,121.03
2005-12-08,120.39
2005-12-09,120.64
2005-12-12,119.9
2005-12-13,120.04
2005-12-14,117.55
2005-12-15,116.32
2005-12-16,115.64
2005-12-19,116.05
2005-12-20,117.24
2005-12-21,117.48
2005-12-22,116.67
2005-12-23,116.36
2005-12-26,116.6
2005-12-27,117.32
2005-12-28,117.72
2005-12-29,117.81
2005-12-30,117.98
2006-01-02,117.8
2006-01-03,115.98
2006-01-04,116.22
2006-01-05,116.0
2006-01-06,114.39
2006-01-09,114.54
2006-01-10,114.45
2006-01-11,114.28
2006-01-12,114.63
2006-01-13,114.22
2006-01-16,115.12
2006-01-17,115.585
2006-01-18,115.26
2006-01-19,115.5
2006-01-20,115.27
2006-01-23,114.47
2006-01-24,115.04
2006-01-25,115.77
2006-01-26,116.29
2006-01-27,117.4
2006-01-30,117.62
2006-01-31,117.31
2006-02-01,117.97
2006-02-02,118.515
2006-02-03,118.89
2006-02-06,119.07
2006-02-07,117.73
2006-02-08,118.49
2006-02-09,118.71
2006-02-10,117.83
2006-02-13,117.53
2006-02-14,117.6
2006-02-15,117.94
2006-02-16,117.46
2006-02-17,118.14
2006-02-20,118.36
2006-02-21,118.785
2006-02-22,118.41
2006-02-23,117.07
2006-02-24,116.84
2006-02-27,116.21
2006-02-28,115.79
2006-03-01,116.06
2006-03-02,115.84
2006-03-03,116.41
2006-03-06,117.59
2006-03-07,117.77
2006-03-08,117.82
2006-03-09,118.2
2006-03-10,119.0
2006-03-13,118.66
2006-03-14,117.68
2006-03-15,117.52
2006-03-16,116.88
2006-03-17,115.91
2006-03-20,116.37
2006-03-21,117.22
2006-03-22,116.87
2006-03-23,117.83
2006-03-24,117.45
2006-03-26,116.73
2006-03-27,117.76
2006-03-28,117.77
2006-03-29,117.31
2006-03-30,117.76
2006-04-02,117.8
2006-04-03,117.44
2006-04-04,117.44
2006-04-05,117.78
2006-04-06,118.24
2006-04-09,118.41
2006-04-10,118.21
2006-04-11,118.41
2006-04-12,118.54
2006-04-13,118.68
2006-04-16,117.81
2006-04-17,116.88
2006-04-18,117.36
2006-04-19,117.41
2006-04-20,116.58
2006-04-23,114.6
2006-04-24,114.91
2006-04-25,114.76
2006-04-26,114.18
2006-04-27,113.82
2006-04-30,113.55
2006-05-01,113.36
2006-05-02,113.79
2006-05-03,113.585
2006-05-04,112.56
2006-05-07,111.68
2006-05-08,111.01
2006-05-09,110.83
2006-05-10,110.42
2006-05-11,109.97
2006-05-14,110.7
2006-05-15,109.76
2006-05-16,110.91
2006-05-17,110.9
2006-05-18,111.66
2006-05-21,111.46
2006-05-22,112.14
2006-05-23,112.74
2006-05-24,111.76
2006-05-25,112.65
2006-05-28,112.56
2006-05-29,112.15
2006-05-30,112.53
2006-05-31,112.48
2006-06-01,111.73
2006-06-04,112.34
2006-06-05,113.215
2006-06-06,113.43
2006-06-07,113.935
2006-06-08,113.96
2006-06-11,114.38
2006-06-12,115.24
2006-06-13,114.86
2006-06-14,114.715
2006-06-15,115.14
2006-06-18,115.38
2006-06-19,114.9
2006-06-20,114.835
2006-06-21,116.08
2006-06-22,116.54
2006-06-25,116.22
2006-06-26,116.32
2006-06-27,116.4
2006-06-28,115.15
2006-06-29,114.49
2006-07-02,114.75
2006-07-03,115.095
2006-07-04,115.57
2006-07-05,115.26
2006-07-06,113.96
2006-07-09,114.3
2006-07-10,114.3
2006-07-11,115.31
2006-07-12,115.34
2006-07-13,116.08
2006-07-16,117.08
2006-07-17,117.33
2006-07-18,116.83
2006-07-19,116.96
2006-07-20,116.12
2006-07-23,116.75
2006-07-24,117.15
2006-07-25,116.35
2006-07-26,115.75
2006-07-27,114.74
2006-07-30,114.51
2006-07-31,114.56
2006-08-01,114.56
2006-08-02,115.04
2006-08-03,114.48
2006-08-06,115.11
2006-08-07,115.69
2006-08-08,115.36
2006-08-09,115.16
2006-08-10,116.28
2006-08-13,116.6
2006-08-14,115.94
2006-08-15,115.875
2006-08-16,115.9
2006-08-17,115.77
2006-08-20,115.97
2006-08-21,116.47
2006-08-22,116.39
2006-08-23,116.46
2006-08-24,117.26
2006-08-27,117.17
2006-08-28,116.705
2006-08-29,117.02
2006-08-30,117.36
2006-08-31,117.06
2006-09-03,116.17
2006-09-04,116.17
2006-09-05,116.56
2006-09-06,116.44
2006-09-07,116.95
2006-09-10,117.55
2006-09-11,117.82
2006-09-12,117.45
2006-09-13,117.57
2006-09-14,117.47
2006-09-17,117.89
2006-09-18,117.6
2006-09-19,117.46
2006-09-20,116.36
2006-09-21,116.7
2006-09-24,116.475
2006-09-25,117.14
2006-09-26,117.44
2006-09-27,117.73
2006-09-28,117.96
2006-10-01,117.66
2006-10-02,118.05
2006-10-03,117.82
2006-10-04,117.85
2006-10-05,119.01
2006-10-08,118.99
2006-10-09,119.67
2006-10-10,119.74
2006-10-11,119.38
2006-10-12,119.6
2006-10-15,118.96
2006-10-16,118.59
2006-10-17,118.92
2006-10-18,118.28
2006-10-19,118.72
2006-10-22,119.3
2006-10-23,119.34
2006-10-24,118.94
2006-10-25,118.38
2006-10-26,117.58
2006-10-30,117.61
2006-10-31,116.79
2006-11-01,117.22
2006-11-02,117.1
2006-11-03,117.98
2006-11-06,118.17
2006-11-07,117.59
2006-11-08,117.83
2006-11-09,117.79
2006-11-10,117.52
2006-11-13,117.63
2006-11-14,117.63
2006-11-15,117.88
2006-11-16,118.22
2006-11-17,117.54
2006-11-20,118.04
2006-11-21,117.86
2006-11-22,116.76
2006-11-23,116.28
2006-11-24,115.89
2006-11-27,116.11
2006-11-28,116.05
2006-11-29,116.43
2006-11-30,115.68
2006-12-01,115.23
2006-12-04,115.37
2006-12-05,114.95
2006-12-06,115.32
2006-12-07,115.14
2006-12-08,116.29
2006-12-11,116.76
2006-12-12,116.7
2006-12-13,117.4
2006-12-14,117.76
2006-12-15,118.15
2006-12-18,118.05
2006-12-19,118.01
2006-12-20,118.34
2006-12-21,118.29
2006-12-22,118.99
2006-12-25,118.84
2006-12-26,119.12
2006-12-27,118.77
2006-12-28,118.895
2006-12-29,118.98
2007-01-01,118.88
2007-01-02,118.83
2007-01-03,119.34
2007-01-04,118.83
2007-01-05,118.69
2007-01-08,118.69
2007-01-09,119.3
2007-01-10,119.51
2007-01-11,120.3
2007-01-12,120.3
2007-01-15,120.42
2007-01-16,120.79
2007-01-17,120.62
2007-01-18,121.26
2007-01-19,121.21
2007-01-22,121.62
2007-01-23,121.68
2007-01-24,120.88
2007-01-25,121.62
2007-01-26,121.41
2007-01-29,121.73
2007-01-30,121.68
2007-01-31,120.74
2007-02-01,120.8
2007-02-02,121.13
2007-02-05,120.19
2007-02-06,120.05
2007-02-07,120.585
2007-02-08,121.13
2007-02-09,121.71
2007-02-12,121.77
2007-02-13,121.27
2007-02-14,120.31
2007-02-15,119.39
2007-02-16,119.41
2007-02-19,119.69
2007-02-20,120.015
2007-02-21,120.94
2007-02-22,121.49
2007-02-23,121.09
2007-02-26,120.64
2007-02-27,118.09
2007-02-28,118.73
2007-03-01,117.72
2007-03-02,117.19
2007-03-05,115.59
2007-03-06,116.78
2007-03-07,115.69
2007-03-08,117.15
2007-03-09,118.32
2007-03-12,117.57
2007-03-13,116.02
2007-03-14,117.26
2007-03-15,117.15
2007-03-16,116.74
2007-03-19,117.61
2007-03-20,117.25
2007-03-21,117.41
2007-03-22,118.09
2007-03-23,118.05
2007-03-25,118.12
2007-03-26,117.75
2007-03-27,116.87
2007-03-28,117.98
2007-03-29,117.81
2007-04-01,117.76
2007-04-02,118.87
2007-04-03,118.77
2007-04-04,118.692
2007-04-05,119.07
2007-04-08,119.22
2007-04-09,119.12
2007-04-10,119.29
2007-04-11,119.0
2007-04-12,119.23
2007-04-15,119.76
2007-04-16,118.95
2007-04-17,118.45
2007-04-18,118.25
2007-04-19,118.66
2007-04-22,118.57
2007-04-23,118.48
2007-04-24,118.68
2007-04-25,119.53
2007-04-26,119.48
2007-04-29,119.36
2007-04-30,119.8
2007-05-01,120.16
2007-05-02,120.36
2007-05-03,120.27
2007-05-06,120.05
2007-05-07,119.99
2007-05-08,120.11
2007-05-09,119.84
2007-05-10,120.19
2007-05-13,120.32
2007-05-14,120.22
2007-05-15,120.72
2007-05-16,121.291
2007-05-17,121.06
2007-05-20,121.47
2007-05-21,121.64
2007-05-22,121.52
2007-05-23,121.358
2007-05-24,121.76
2007-05-27,121.7
2007-05-28,121.59
2007-05-29,121.59
2007-05-30,121.75
2007-05-31,122.13
2007-06-03,121.72
2007-06-04,121.34
2007-06-05,121.01
2007-06-06,120.88
2007-06-07,121.71
2007-06-10,121.76
2007-06-11,121.62
2007-06-12,122.57
2007-06-13,122.955
2007-06-14,123.4
2007-06-17,123.68
2007-06-18,123.42
2007-06-19,123.47
2007-06-20,123.74
2007-06-21,123.69
2007-06-24,123.58
2007-06-25,123.04
2007-06-26,123.15
2007-06-27,123.16
2007-06-28,123.16
2007-07-01,122.23
2007-07-02,122.47
2007-07-03,122.66
2007-07-04,122.95
2007-07-05,123.36
2007-07-08,123.37
2007-07-09,121.29
2007-07-10,122.27
2007-07-11,122.4
2007-07-12,121.9
2007-07-15,121.8
2007-07-16,122.0
2007-07-17,121.9
2007-07-18,122.109
2007-07-19,121.27
2007-07-22,121.05
2007-07-23,120.11
2007-07-24,120.46
2007-07-25,118.46
2007-07-26,118.96
2007-07-29,119.15
2007-07-30,118.42
2007-07-31,118.98
2007-08-01,119.14
2007-08-02,118.04
2007-08-05,118.82
2007-08-06,118.8
2007-08-07,119.69
2007-08-08,118.29
2007-08-09,118.51
2007-08-12,118.21
2007-08-13,117.42
2007-08-14,116.32
2007-08-15,114.06
2007-08-16,114.25
2007-08-19,114.84
2007-08-20,114.15
2007-08-21,115.62
2007-08-22,116.02
2007-08-23,116.38
2007-08-26,115.55
2007-08-27,114.34
2007-08-28,115.84
2007-08-29,115.94
2007-08-30,115.77
2007-09-02,115.78
2007-09-03,116.24
2007-09-04,115.12
2007-09-05,115.39
2007-09-06,113.39
2007-09-10,114.26
2007-09-11,114.12
2007-09-12,114.59
2007-09-13,115.26
2007-09-16,115.03
2007-09-17,115.91
2007-09-18,116.01
2007-09-19,114.64
2007-09-20,115.48
2007-09-23,114.86
2007-09-24,114.66
2007-09-25,115.44
2007-09-26,115.55
2007-09-27,114.74
2007-09-30,115.8
2007-10-01,115.71
2007-10-02,116.56
2007-10-03,116.41
2007-10-04,116.88
2007-10-07,117.32
2007-10-08,117.19
2007-10-09,117.148
2007-10-10,117.37
2007-10-11,117.59
2007-10-14,117.32
2007-10-15,116.94
2007-10-16,116.49
2007-10-17,115.46
2007-10-18,114.56
2007-10-21,114.442
2007-10-22,114.86
2007-10-23,114.18
2007-10-24,113.963
2007-10-25,114.21
2007-10-29,114.7
2007-10-30,114.78
2007-10-31,115.39
2007-11-01,114.46
2007-11-02,114.72
2007-11-05,114.3
2007-11-06,114.71
2007-11-07,112.61
2007-11-08,112.71
2007-11-09,110.66
2007-11-12,109.62
2007-11-13,111.14
2007-11-14,111.27
2007-11-15,110.48
2007-11-16,110.98
2007-11-19,109.77
2007-11-20,109.72
2007-11-21,108.35
2007-11-22,108.49
2007-11-23,108.12
2007-11-27,108.8
2007-11-28,109.96
2007-11-29,109.76
2007-11-30,111.76
2007-12-03,110.44
2007-12-04,109.86
2007-12-05,110.91
2007-12-06,111.36
2007-12-07,111.66
2007-12-10,111.79
2007-12-11,110.88
2007-12-12,111.99
2007-12-13,112.31
2007-12-14,113.26
2007-12-17,112.85
2007-12-19,113.29
2007-12-20,113.16
2007-12-21,114.05
2007-12-24,114.16
2007-12-25,114.2
2007-12-26,114.22
2007-12-27,113.84
2007-12-28,112.37
2007-12-31,111.65
2008-01-01,111.82
2008-01-02,109.263
2008-01-03,109.51
2008-01-04,108.63
2008-01-07,109.23
2008-01-08,107.66
2008-01-09,109.88
2008-01-10,109.62
2008-01-11,108.96
2008-01-14,108.25
2008-01-15,106.77
2008-01-16,107.345
2008-01-17,106.4
2008-01-18,106.83
2008-01-21,105.62
2008-01-22,107.06
2008-01-23,106.75
2008-01-24,107.15
2008-01-25,106.8
2008-01-28,106.97
2008-01-29,107.04
2008-01-30,106.23
2008-01-31,106.251
2008-02-01,106.51
2008-02-04,106.69
2008-02-05,106.531
2008-02-06,106.38
2008-02-07,107.31
2008-02-08,107.74
2008-02-11,106.83
2008-02-12,107.34
2008-02-13,108.282
2008-02-14,107.79
2008-02-15,107.8
2008-02-18,108.16
2008-02-19,107.92
2008-02-20,108.05
2008-02-21,107.41
2008-02-22,107.19
2008-02-25,108.03
2008-02-26,107.35
2008-02-27,106.37
2008-02-28,104.95
2008-02-29,103.77
2008-03-03,103.52
2008-03-04,103.37
2008-03-05,103.91
2008-03-06,102.58
2008-03-07,102.7
2008-03-10,101.42
2008-03-11,103.27
2008-03-12,101.48
2008-03-13,100.68
2008-03-14,99.03
2008-03-17,97.1
2008-03-18,99.82
2008-03-19,98.62
2008-03-20,99.38
2008-03-21,99.57
2008-03-24,100.74
2008-03-25,100.08
2008-03-26,99.16
2008-03-27,99.53
2008-03-28,99.12
2008-03-30,99.85
2008-04-01,102.29
2008-04-02,102.29
2008-04-03,101.52
2008-04-06,102.44
2008-04-07,108.18
2008-04-08,101.822
2008-04-09,102.06
2008-04-10,100.95
2008-04-13,101.16
2008-04-14,101.82
2008-04-15,101.8
2008-04-16,102.48
2008-04-17,103.75
2008-04-20,103.303
2008-04-21,102.87
2008-04-22,103.452
2008-04-23,104.247
2008-04-24,104.4
2008-04-27,104.21
2008-04-28,104.0
2008-04-29,103.943
2008-05-01,105.3
2008-05-04,104.91
2008-05-05,104.684
2008-05-06,104.779
2008-05-07,108.27
2008-05-08,102.8
2008-05-11,103.77
2008-05-12,104.62
2008-05-13,105.05
2008-05-14,104.8
2008-05-15,104.02
2008-05-18,104.391
2008-05-19,103.57
2008-05-20,103.04
2008-05-21,104.04
2008-05-22,103.3
2008-05-25,103.34
2008-05-26,104.191
2008-05-27,104.65
2008-05-28,105.49
2008-05-29,105.5
2008-06-01,104.48
2008-06-02,105.13
2008-06-03,105.24
2008-06-04,105.92
2008-06-05,104.9
2008-06-08,106.32
2008-06-09,107.34
2008-06-10,106.96
2008-06-11,107.8
2008-06-12,108.15
2008-06-15,108.14
2008-06-16,107.97
2008-06-17,107.82
2008-06-18,107.92
2008-06-19,107.31
2008-06-22,107.83
2008-06-23,107.78
2008-06-24,107.8
2008-06-25,106.947
2008-06-26,106.12
2008-06-29,106.12
2008-07-01,105.94
2008-07-02,106.74
2008-07-03,106.81
2008-07-06,107.16
2008-07-07,109.41
2008-07-08,106.871
2008-07-09,107.066
2008-07-10,106.21
2008-07-13,106.22
2008-07-14,104.81
2008-07-15,105.18
2008-07-16,106.228
2008-07-17,106.95
2008-07-20,106.496
2008-07-21,107.23
2008-07-22,107.89
2008-07-23,107.38
2008-07-24,107.85
2008-07-27,107.46
2008-07-28,108.08
2008-07-29,108.15
2008-07-30,107.81
2008-08-07,110.17
2008-08-25,109.61
2008-08-26,109.54
2008-08-27,109.42
2008-08-28,108.79
2008-08-31,108.056
2008-09-01,108.65
2008-09-02,108.35
2008-09-03,106.73
2008-09-04,107.68
2008-09-07,108.11
2008-09-08,107.28
2008-09-09,107.72
2008-09-10,106.98
2008-09-11,107.94
2008-09-14,104.251
2008-09-15,105.52
2008-09-16,104.319
2008-09-17,105.5
2008-09-18,107.42
2008-09-21,105.56
2008-09-22,105.719
2008-09-23,106.08
2008-09-24,106.32
2008-09-25,106.05
2008-09-28,103.843
2008-09-29,106.07
2008-09-30,105.94
2008-10-01,105.21
2008-10-02,105.3
2008-10-05,101.88
2008-10-06,101.46
2008-10-07,110.09
2008-10-08,99.51
2008-10-09,101.1
2008-10-12,102.28
2008-10-13,101.96
2008-10-14,99.72
2008-10-15,101.24
2008-10-16,101.65
2008-10-19,101.97
2008-10-20,100.327
2008-10-21,97.86
2008-10-22,97.478
2008-10-23,94.27
2008-10-27,93.194
2008-10-28,98.2
2008-10-29,97.52
2008-10-30,98.79
2008-10-31,98.44
2008-11-03,99.0
2008-11-04,99.733
2008-11-05,98.22
2008-11-06,97.276
2008-11-07,98.09
2008-11-10,97.97
2008-11-11,97.291
2008-11-12,94.8
2008-11-13,97.57
2008-11-14,97.02
2008-11-17,96.41
2008-11-18,96.746
2008-11-19,96.003
2008-11-20,94.05
2008-11-21,95.91
2008-11-24,96.87
2008-11-25,95.447
2008-11-26,95.607
2008-11-27,95.429
2008-11-28,95.5
2008-12-01,93.14
2008-12-02,93.151
2008-12-03,93.14
2008-12-04,92.45
2008-12-05,92.82
2008-12-08,109.24
2008-12-09,92.303
2008-12-10,92.84
2008-12-11,91.53
2008-12-12,91.07
2008-12-15,90.5
2008-12-16,88.68
2008-12-17,87.32
2008-12-18,89.505
2008-12-19,89.27
2008-12-22,90.16
2008-12-23,90.84
2008-12-24,90.5
2008-12-25,90.514
2008-12-26,90.77
2008-12-29,90.652
2008-12-30,90.29
2008-12-31,90.65
2009-01-01,90.667
2009-01-02,91.79
2009-01-05,93.217
2009-01-06,93.38
2009-01-07,92.68
2009-01-08,91.36
2009-01-09,90.37
2009-01-12,89.43
2009-01-13,89.341
2009-01-14,89.16
2009-01-15,89.94
2009-01-16,90.9
2009-01-19,90.62
2009-01-20,89.81
2009-01-21,89.05
2009-01-22,89.126
2009-01-23,88.76
2009-01-26,89.24
2009-01-27,89.33
2009-01-28,90.462
2009-01-29,89.91
2009-01-30,89.9
2009-02-02,89.36
2009-02-03,89.37
2009-02-04,89.42
2009-02-05,91.15
2009-02-06,91.92
2009-02-09,91.31
2009-02-10,90.444
2009-02-11,90.29
2009-02-12,90.67
2009-02-13,91.86
2009-02-16,91.71
2009-02-17,92.276
2009-02-18,93.63
2009-02-19,94.011
2009-02-20,93.34
2009-02-23,94.4
2009-02-24,96.55
2009-02-25,97.39
2009-02-26,98.334
2009-02-27,97.62
2009-03-02,97.054
2009-03-03,98.535
2009-03-04,98.992
2009-03-05,98.13
2009-03-06,98.34
2009-03-09,98.92
2009-03-10,98.78
2009-03-11,97.25
2009-03-12,97.32
2009-03-13,97.94
2009-03-16,98.2
2009-03-17,98.781
2009-03-18,96.401
2009-03-19,94.45
2009-03-20,95.93
2009-03-23,97.092
2009-03-24,98.34
2009-03-25,97.73
2009-03-26,98.7
2009-03-27,97.85
2009-03-29,97.432
2009-03-30,98.97
2009-03-31,98.66
2009-04-01,99.56
2009-04-02,100.3
2009-04-05,100.76
2009-04-06,100.69
2009-04-07,99.74
2009-04-08,100.44
2009-04-09,100.26
2009-04-12,100.02
2009-04-13,98.97
2009-04-14,99.23
2009-04-15,99.33
2009-04-16,99.08
2009-04-19,98.066
2009-04-20,98.64
2009-04-21,98.13
2009-04-22,97.92
2009-04-23,97.21
2009-04-26,96.53
2009-04-27,96.53
2009-04-28,97.47
2009-04-29,98.69
2009-04-30,99.19
2009-05-03,98.83
2009-05-04,98.92
2009-05-05,98.41
2009-05-06,99.128
2009-05-07,98.45
2009-05-10,97.5
2009-05-11,96.46
2009-05-12,95.37
2009-05-13,96.0
2009-05-14,95.11
2009-05-17,96.373
2009-05-18,96.117
2009-05-19,94.911
2009-05-20,94.13
2009-05-21,94.74
2009-05-24,94.82
2009-05-25,95.05
2009-05-26,95.38
2009-05-27,96.798
2009-05-28,95.43
2009-05-31,96.522
2009-06-01,95.601
2009-06-02,96.07
2009-06-03,96.643
2009-06-04,98.81
2009-06-07,98.457
2009-06-08,97.477
2009-06-09,98.149
2009-06-10,97.63
2009-06-11,98.37
2009-06-14,97.819
2009-06-15,96.5
2009-06-16,95.74
2009-06-17,96.57
2009-06-18,96.76
2009-06-21,95.85
2009-06-22,95.119
2009-06-23,95.848
2009-06-24,95.943
2009-06-25,95.21
2009-06-28,96.092
2009-06-29,96.331
2009-06-30,96.62
2009-07-01,95.952
2009-07-02,96.14
2009-07-05,95.17
2009-07-06,94.769
2009-07-07,92.772
2009-07-08,93.04
2009-07-09,92.53
2009-07-12,93.022
2009-07-13,93.421
2009-07-14,94.177
2009-07-15,93.776
2009-07-16,94.21
2009-07-19,94.14
2009-07-20,93.533
2009-07-21,93.569
2009-07-22,94.93
2009-07-23,94.87
2009-07-26,95.16
2009-07-27,94.38
2009-07-28,95.1
2009-07-29,95.56
2009-07-30,94.64
2009-08-02,95.167
2009-08-03,95.29
2009-08-04,94.796
2009-08-05,95.484
2009-08-06,97.43
2009-08-09,97.01
2009-08-10,95.92
2009-08-11,96.157
2009-08-12,95.27
2009-08-13,94.86
2009-08-16,94.43
2009-08-17,94.84
2009-08-18,94.11
2009-08-19,94.257
2009-08-20,94.37
2009-08-23,94.39
2009-08-24,93.9
2009-08-25,94.08
2009-08-26,93.63
2009-08-27,93.56
2009-08-30,92.87
2009-08-31,92.707
2009-09-01,92.209
2009-09-02,92.687
2009-09-03,92.97
2009-09-06,92.92
2009-09-07,92.31
2009-09-08,92.13
2009-09-09,91.687
2009-09-10,90.66
2009-09-13,90.87
2009-09-14,90.898
2009-09-15,91.02
2009-09-16,91.206
2009-09-17,91.27
2009-09-20,92.026
2009-09-21,90.71
2009-09-22,91.327
2009-09-23,90.823
2009-09-24,89.81
2009-09-27,89.862
2009-09-28,90.221
2009-09-29,89.87
2009-09-30,89.547
2009-10-01,89.61
2009-10-04,89.62
2009-10-05,88.8
2009-10-06,88.538
2009-10-07,88.769
2009-10-08,89.74
2009-10-11,89.71
2009-10-12,89.82
2009-10-13,89.41
2009-10-14,90.827
2009-10-15,90.91
2009-10-18,90.773
2009-10-19,90.798
2009-10-20,90.88
2009-10-21,91.396
2009-10-22,92.05
2009-10-26,92.2
2009-10-27,91.624
2009-10-28,90.57
2009-10-29,91.49
2009-10-30,90.09
2009-11-02,90.39
2009-11-03,90.39
2009-11-04,90.698
2009-11-05,90.77
2009-11-06,89.88
2009-11-09,89.829
2009-11-10,89.71
2009-11-11,89.91
2009-11-12,90.28
2009-11-13,89.66
2009-11-16,89.01
2009-11-17,89.23
2009-11-18,89.398
2009-11-19,88.9
2009-11-20,88.83
2009-11-23,88.9
2009-11-24,88.593
2009-11-25,87.36
2009-11-26,85.14
2009-11-27,86.48
2009-11-30,86.25
2009-12-01,86.65
2009-12-02,87.56
2009-12-03,88.259
2009-12-04,90.52
2009-12-07,89.29
2009-12-08,88.38
2009-12-09,88.09
2009-12-10,88.23
2009-12-11,89.09
2009-12-14,88.69
2009-12-15,89.511
2009-12-16,89.85
2009-12-17,89.64
2009-12-18,90.44
2009-12-21,91.057
2009-12-22,91.805
2009-12-23,91.64
2009-12-24,91.444
2009-12-25,91.11
2009-12-28,91.69
2009-12-29,91.97
2009-12-30,92.42
2009-12-31,92.91
2010-01-01,92.92
2010-01-04,92.495
2010-01-05,91.585
2010-01-06,92.356
2010-01-07,93.39
2010-01-08,92.66
2010-01-11,92.092
2010-01-12,91.08
2010-01-13,91.433
2010-01-14,91.267
2010-01-15,90.75
2010-01-18,90.705
2010-01-19,91.199
2010-01-20,91.192
2010-01-21,90.393
2010-01-22,89.81
2010-01-25,90.415
2010-01-26,89.63
2010-01-27,89.95
2010-01-28,89.778
2010-01-29,90.27
2010-02-01,90.76
2010-02-02,90.428
2010-02-03,90.84
2010-02-04,89.41
2010-02-05,89.22
2010-02-08,89.22
2010-02-09,89.768
2010-02-10,89.93
2010-02-11,89.81
2010-02-12,89.95
2010-02-15,90.05
2010-02-16,90.244
2010-02-17,91.05
2010-02-18,91.977
2010-02-19,91.54
2010-02-22,91.235
2010-02-23,90.16
2010-02-24,90.279
2010-02-25,89.27
2010-02-26,88.921
2010-03-01,89.15
2010-03-02,88.74
2010-03-03,88.57
2010-03-04,89.16
2010-03-05,90.22
2010-03-08,90.286
2010-03-09,89.989
2010-03-10,90.47
2010-03-11,90.648
2010-03-12,90.54
2010-03-15,90.32
2010-03-16,90.29
2010-03-17,90.403
2010-03-18,90.48
2010-03-19,90.52
2010-03-22,90.34
2010-03-23,90.366
2010-03-24,92.014
2010-03-25,92.513
2010-03-26,92.507
2010-03-28,92.49
2010-03-29,92.82
2010-03-30,93.52
2010-03-31,93.85
2010-04-01,94.53
2010-04-04,94.33
2010-04-05,93.794
2010-04-06,93.309
2010-04-07,93.42
2010-04-08,93.16
2010-04-11,93.183
2010-04-12,93.18
2010-04-13,93.318
2010-04-14,93.04
2010-04-15,92.15
2010-04-18,92.46
2010-04-19,93.171
2010-04-20,93.054
2010-04-21,93.398
2010-04-22,93.95
2010-04-25,93.9
2010-04-26,93.144
2010-04-27,93.96
2010-04-28,94.013
2010-04-29,93.83
2010-05-02,94.692
2010-05-03,94.71
2010-05-04,93.781
2010-05-05,90.83
2010-05-06,91.58
2010-05-09,93.18
2010-05-10,92.49
2010-05-11,93.169
2010-05-12,92.777
2010-05-13,92.46
2010-05-16,92.55
2010-05-17,91.901
2010-05-18,91.54
2010-05-19,89.37
2010-05-20,89.986
2010-05-23,90.19
2010-05-24,90.332
2010-05-25,89.97
2010-05-26,90.879
2010-05-27,91.052
2010-05-30,91.19
2010-05-31,91.1
2010-06-01,92.19
2010-06-02,92.623
2010-06-03,91.88
2010-06-06,91.516
2010-06-07,91.41
2010-06-08,91.365
2010-06-09,91.309
2010-06-10,91.62
2010-06-13,91.62
2010-06-14,91.474
2010-06-15,91.396
2010-06-16,90.84
2010-06-17,90.7
2010-06-20,90.995
2010-06-21,90.54
2010-06-22,89.91
2010-06-23,89.63
2010-06-24,89.15
2010-06-27,89.313
2010-06-28,88.649
2010-06-29,88.43
2010-06-30,87.6
2010-07-01,87.79
2010-07-04,87.625
2010-07-05,87.48
2010-07-06,87.68
2010-07-07,88.41
2010-07-08,88.57
2010-07-11,88.639
2010-07-12,88.793
2010-07-13,88.27
2010-07-14,87.34
2010-07-15,86.56
2010-07-18,86.76
2010-07-19,87.242
2010-07-20,86.861
2010-07-21,87.124
2010-07-22,87.52
2010-07-25,86.998
2010-07-26,87.816
2010-07-27,87.452
2010-07-28,86.683
2010-07-29,86.44
2010-08-01,86.598
2010-08-02,85.78
2010-08-03,85.78
2010-08-04,86.3
2010-08-05,85.833
2010-08-08,85.344
2010-08-09,85.897
2010-08-10,85.36
2010-08-11,85.172
2010-08-12,86.074
2010-08-15,86.14
2010-08-16,85.307
2010-08-17,85.595
2010-08-18,85.44
2010-08-19,85.344
2010-08-22,85.56
2010-08-23,85.141
2010-08-24,84.178
2010-08-25,84.684
2010-08-26,84.346
2010-08-29,85.501
2010-08-30,84.532
2010-08-31,84.14
2010-09-01,84.407
2010-09-02,84.25
2010-09-05,84.43
2010-09-06,84.12
2010-09-07,83.732
2010-09-08,83.95
2010-09-09,83.93
2010-09-12,84.307
2010-09-13,83.681
2010-09-14,83.048
2010-09-15,85.7
2010-09-16,85.848
2010-09-19,85.69
2010-09-20,85.702
2010-09-21,85.113
2010-09-22,84.48
2010-09-23,84.51
2010-09-26,84.316
2010-09-27,84.275
2010-09-28,83.892
2010-09-29,83.766
2010-09-30,83.57
2010-10-03,83.333
2010-10-04,83.503
2010-10-05,83.19
2010-10-06,82.967
2010-10-07,82.38
2010-10-10,81.82
2010-10-11,82.089
2010-10-12,81.78
2010-10-13,81.798
2010-10-14,81.47
2010-10-17,81.378
2010-10-18,81.198
2010-10-19,81.542
2010-10-20,81.055
2010-10-21,81.3
2010-10-24,81.309
2010-10-25,80.825
2010-10-26,81.337
2010-10-27,81.679
2010-10-28,81.679
2010-11-01,80.406
2010-11-02,80.559
2010-11-03,80.668
2010-11-04,81.05
2010-11-05,80.776
2010-11-08,81.14
2010-11-09,81.09
2010-11-10,81.583
2010-11-11,82.204
2010-11-12,82.41
2010-11-15,82.47
2010-11-16,83.162
2010-11-17,83.38
2010-11-18,83.1
2010-11-19,83.54
2010-11-22,83.485
2010-11-23,83.29
2010-11-24,83.269
2010-11-25,83.52
2010-11-26,83.63
2010-11-29,84.157
2010-11-30,84.254
2010-12-01,83.678
2010-12-02,84.123
2010-12-03,83.749
2010-12-06,82.78
2010-12-07,82.67
2010-12-08,83.479
2010-12-09,84.1
2010-12-10,83.816
2010-12-13,83.973
2010-12-14,83.44
2010-12-15,83.79
2010-12-16,84.269
2010-12-17,84.05
2010-12-20,84.01
2010-12-21,83.771
2010-12-22,83.79
2010-12-23,83.56
2010-12-24,83.02
2010-12-27,82.919
2010-12-28,82.72
2010-12-29,82.356
2010-12-30,81.618
2010-12-31,81.48
2011-01-03,81.123
2011-01-04,81.67
2011-01-05,82.038
2011-01-06,83.189
2011-01-07,83.3
2011-01-10,83.03
2011-01-11,82.71
2011-01-12,83.34
2011-01-13,83.07
2011-01-14,82.762
2011-01-17,82.887
2011-01-18,82.67
2011-01-19,82.612
2011-01-20,82.155
2011-01-21,82.92
2011-01-24,82.586
2011-01-25,82.542
2011-01-26,82.26
2011-01-27,82.163
2011-01-28,82.885
2011-01-31,82.089
2011-02-01,82.07
2011-02-02,81.391
2011-02-03,81.493
2011-02-04,81.65
2011-02-07,82.22
2011-02-08,82.289
2011-02-09,82.303
2011-02-10,82.419
2011-02-11,83.34
2011-02-14,83.444
2011-02-15,83.413
2011-02-16,83.716
2011-02-17,83.61
2011-02-18,83.29
2011-02-21,83.08
2011-02-22,83.066
2011-02-23,82.76
2011-02-24,82.438
2011-02-25,82.047
2011-02-28,81.622
2011-03-01,81.873
2011-03-02,81.898
2011-03-03,81.828
2011-03-04,82.367
2011-03-07,82.343
2011-03-08,82.292
2011-03-09,82.8
2011-03-10,82.833
2011-03-11,82.918
2011-03-14,81.284
2011-03-15,81.82
2011-03-16,81.056
2011-03-17,79.128
2011-03-18,79.5
2011-03-21,81.015
2011-03-22,81.209
2011-03-23,81.039
2011-03-24,80.867
2011-03-25,81.014
2011-03-27,81.449
2011-03-28,81.76
2011-03-29,82.411
2011-03-30,83.15
2011-03-31,83.36
2011-04-03,84.22
2011-04-04,84.13
2011-04-05,85.16
2011-04-06,85.32
2011-04-07,84.96
2011-04-10,85.04
2011-04-11,84.63
2011-04-12,83.6
2011-04-13,83.783
2011-04-17,83.147
2011-04-18,82.334
2011-04-19,82.58
2011-04-20,82.44
2011-04-21,81.897
2011-04-24,81.87
2011-04-25,81.84
2011-04-26,81.511
2011-04-27,82.204
2011-04-28,81.53
2011-05-01,81.227
2011-05-02,81.18
2011-05-03,80.969
2011-05-04,80.64
2011-05-05,80.417
2011-05-08,80.734
2011-05-09,80.242
2011-05-10,81.011
2011-05-11,81.01
2011-05-12,81.04
2011-05-15,80.817
2011-05-16,80.782
2011-05-17,81.421
2011-05-18,81.661
2011-05-19,81.714
2011-05-22,81.74
2011-05-23,81.957
2011-05-24,82.048
2011-05-25,82.022
2011-05-26,81.27
2011-05-29,80.831
2011-05-30,80.88
2011-05-31,81.453
2011-06-01,80.894
2011-06-02,80.97
2011-06-05,80.22
2011-06-06,80.12
2011-06-07,80.17
2011-06-08,79.89
2011-06-09,80.29
2011-06-12,80.34
2011-06-13,80.176
2011-06-14,80.54
2011-06-15,80.88
2011-06-16,80.577
2011-06-19,80.076
2011-06-20,80.234
2011-06-21,80.221
2011-06-22,80.383
2011-06-23,80.44
2011-06-26,80.46
2011-06-27,80.85
2011-06-28,81.08
2011-06-29,80.71
2011-06-30,80.6
2011-07-03,80.88
2011-07-04,80.733
2011-07-05,81.07
2011-07-06,80.938
2011-07-07,81.23
2011-07-10,80.65
2011-07-11,80.29
2011-07-12,79.318
2011-07-13,78.92
2011-07-14,79.18
2011-07-17,79.113
2011-07-18,79.05
2011-07-19,79.126
2011-07-20,78.754
2011-07-21,78.584
2011-07-24,78.38
2011-07-25,78.3
2011-07-26,77.914
2011-07-27,77.93
2011-07-28,77.73
2011-07-31,77.213
2011-08-01,77.46
2011-08-02,77.335
2011-08-03,77.112
2011-08-04,79.29
2011-08-07,78.254
2011-08-08,77.585
2011-08-09,77.05
2011-08-10,76.759
2011-08-11,76.86
2011-08-14,76.82
2011-08-15,76.84
2011-08-16,76.754
2011-08-17,76.547
2011-08-18,76.637
2011-08-21,76.786
2011-08-22,76.832
2011-08-23,76.66
2011-08-24,77.053
2011-08-25,77.435
2011-08-28,76.682
2011-08-29,76.933
2011-08-30,76.701
2011-08-31,76.73
2011-09-01,76.86
2011-09-04,76.902
2011-09-05,76.902
2011-09-06,77.618
2011-09-07,77.301
2011-09-08,77.508
2011-09-11,77.463
2011-09-12,77.18
2011-09-13,76.932
2011-09-14,76.677
2011-09-15,76.734
2011-09-18,76.91
2011-09-19,76.596
2011-09-20,76.463
2011-09-21,76.538
2011-09-22,76.306
2011-09-25,76.54
2011-09-26,76.336
2011-09-27,76.808
2011-09-28,76.54
2011-09-29,76.765
2011-10-02,77.19
2011-10-03,76.592
2011-10-04,76.76
2011-10-05,76.782
2011-10-06,76.658
2011-10-09,76.77
2011-10-10,76.66
2011-10-11,76.667
2011-10-12,77.18
2011-10-13,76.88
2011-10-16,77.22
2011-10-17,76.831
2011-10-18,76.777
2011-10-19,76.8
2011-10-20,76.86
2011-10-23,76.21
2011-10-24,76.132
2011-10-25,76.109
2011-10-26,76.184
2011-10-27,75.93
2011-10-31,75.74
2011-11-01,78.308
2011-11-02,78.306
2011-11-03,78.139
2011-11-04,78.053
2011-11-07,78.13
2011-11-08,78.077
2011-11-09,77.708
2011-11-10,77.758
2011-11-11,77.652
2011-11-14,77.156
2011-11-15,77.079
2011-11-16,77.06
2011-11-17,77.061
2011-11-18,76.958
2011-11-21,76.839
2011-11-22,76.9
2011-11-23,76.97
2011-11-24,77.272
2011-11-25,77.166
2011-11-28,77.667
2011-11-29,78.081
2011-11-30,77.96
2011-12-01,77.583
2011-12-02,77.75
2011-12-05,78.08
2011-12-06,77.812
2011-12-07,77.75
2011-12-08,77.673
2011-12-09,77.68
2011-12-12,77.612
2011-12-13,77.939
2011-12-14,77.961
2011-12-15,78.108
2011-12-16,77.84
2011-12-19,77.81
2011-12-20,78.01
2011-12-21,77.84
2011-12-22,78.07
2011-12-23,78.16
2011-12-26,78.08
2011-12-27,78.03
2011-12-28,77.87
2011-12-29,77.946
2011-12-30,77.659
2012-01-02,77.02
2012-01-03,76.93
2012-01-04,76.722
2012-01-05,76.71
2012-01-06,77.151
2012-01-09,76.91
2012-01-10,76.86
2012-01-11,76.85
2012-01-12,76.858
2012-01-13,76.779
2012-01-16,76.91
2012-01-17,76.82
2012-01-18,76.82
2012-01-19,76.767
2012-01-20,77.08
2012-01-23,76.96
2012-01-24,77.0
2012-01-25,77.687
2012-01-26,77.77
2012-01-27,77.46
2012-01-30,76.732
2012-01-31,76.36
2012-02-01,76.27
2012-02-02,76.189
2012-02-03,76.18
2012-02-06,76.551
2012-02-07,76.55
2012-02-08,76.79
2012-02-09,77.06
2012-02-10,77.632
2012-02-13,77.7
2012-02-14,77.51
2012-02-15,78.36
2012-02-16,78.48
2012-02-17,78.824
2012-02-20,79.788
2012-02-21,79.586
2012-02-22,79.83
2012-02-23,80.28
2012-02-24,79.93
2012-02-27,81.471
2012-02-28,80.464
2012-02-29,80.48
2012-03-01,81.276
2012-03-02,81.12
2012-03-05,81.627
2012-03-06,81.518
2012-03-07,80.66
2012-03-08,81.338
2012-03-09,81.58
2012-03-12,82.373
2012-03-13,82.363
2012-03-14,82.96
2012-03-15,83.84
2012-03-16,83.492
2012-03-19,83.45
2012-03-20,83.37
2012-03-21,83.65
2012-03-22,83.203
2012-03-23,82.51
2012-03-25,82.589
2012-03-26,82.987
2012-03-27,83.048
2012-03-28,82.832
2012-03-29,82.273
2012-04-01,82.87
2012-04-02,81.54
2012-04-03,82.83
2012-04-04,82.44
2012-04-05,82.27
2012-04-08,81.33
2012-04-09,81.643
2012-04-10,80.694
2012-04-11,81.008
2012-04-12,80.93
2012-04-15,80.902
2012-04-16,80.381
2012-04-17,81.06
2012-04-18,81.3
2012-04-19,81.609
2012-04-22,81.6
2012-04-23,81.08
2012-04-24,81.39
2012-04-25,81.3
2012-04-26,81.058
2012-04-29,80.35
2012-04-30,79.921
2012-05-01,80.21
2012-05-02,80.121
2012-05-03,80.21
2012-05-06,79.818
2012-05-07,79.92
2012-05-08,79.86
2012-05-09,79.71
2012-05-10,79.869
2012-05-13,80.03
2012-05-14,79.85
2012-05-15,80.325
2012-05-16,80.35
2012-05-17,79.408
2012-05-20,79.17
2012-05-21,79.41
2012-05-22,80.004
2012-05-23,79.42
2012-05-24,79.66
2012-05-27,79.59
2012-05-28,79.561
2012-05-29,79.5
2012-05-30,78.982
2012-05-31,78.528
2012-06-03,78.1
2012-06-04,78.361
2012-06-05,78.73
2012-06-06,79.27
2012-06-07,79.69
2012-06-10,79.56
2012-06-11,79.307
2012-06-12,79.527
2012-06-13,79.372
2012-06-14,79.422
2012-06-17,79.052
2012-06-18,79.0
2012-06-19,79.034
2012-06-20,79.421
2012-06-21,80.02
2012-06-24,80.56
2012-06-25,79.65
2012-06-26,79.46
2012-06-27,79.685
2012-06-28,79.313
2012-07-01,79.839
2012-07-02,79.44
2012-07-03,79.84
2012-07-04,79.94
2012-07-05,79.86
2012-07-08,79.478
2012-07-09,79.558
2012-07-10,79.35
2012-07-11,79.61
2012-07-12,79.31
2012-07-15,79.17
2012-07-16,78.82
2012-07-17,79.096
2012-07-18,78.799
2012-07-19,78.74
2012-07-22,78.45
2012-07-23,78.311
2012-07-24,78.107
2012-07-25,78.103
2012-07-26,78.324
2012-07-29,78.5
2012-07-30,78.101
2012-07-31,78.12
2012-08-01,78.38
2012-08-02,78.22
2012-08-05,78.61
2012-08-06,78.2
2012-08-07,78.61
2012-08-08,78.4
2012-08-09,78.61
2012-08-12,78.25
2012-08-13,78.33
2012-08-14,78.815
2012-08-15,78.99
2012-08-16,79.25
2012-08-19,79.51
2012-08-20,79.33
2012-08-21,79.242
2012-08-22,78.539
2012-08-23,78.6
2012-08-26,78.73
2012-08-27,78.75
2012-08-28,78.57
2012-08-29,78.72
2012-08-30,78.53
2012-09-02,78.29
2012-09-03,78.339
2012-09-04,78.47
2012-09-05,78.42
2012-09-06,78.89
2012-09-09,78.219
2012-09-10,78.226
2012-09-11,77.75
2012-09-12,77.83
2012-09-13,77.648
2012-09-16,78.333
2012-09-17,78.673
2012-09-18,78.77
2012-09-19,78.397
2012-09-20,78.2
2012-09-23,78.08
2012-09-24,77.864
2012-09-25,77.728
2012-09-26,77.698
2012-09-27,77.61
2012-09-30,77.959
2012-10-01,78.041
2012-10-02,78.215
2012-10-03,78.415
2012-10-04,78.484
2012-10-07,78.702
2012-10-08,78.286
2012-10-09,78.219
2012-10-10,78.075
2012-10-11,78.402
2012-10-14,78.468
2012-10-15,78.789
2012-10-16,78.825
2012-10-17,79.06
2012-10-18,79.308
2012-10-21,79.257
2012-10-22,79.99
2012-10-23,79.82
2012-10-24,79.838
2012-10-25,80.235
2012-10-29,79.65
2012-10-30,79.764
2012-10-31,79.684
2012-11-01,79.86
2012-11-02,80.22
2012-11-05,80.5
2012-11-06,80.16
2012-11-07,80.29
2012-11-08,79.97
2012-11-09,79.479
2012-11-12,79.46
2012-11-13,79.598
2012-11-14,79.46
2012-11-15,80.2
2012-11-16,81.12
2012-11-19,81.526
2012-11-20,81.35
2012-11-21,81.755
2012-11-22,82.574
2012-11-23,82.359
2012-11-26,82.546
2012-11-27,81.873
2012-11-28,82.08
2012-11-29,82.15
2012-11-30,82.151
2012-12-03,82.456
2012-12-04,82.133
2012-12-05,81.816
2012-12-06,82.436
2012-12-07,82.43
2012-12-10,82.56
2012-12-11,82.35
2012-12-12,82.52
2012-12-13,83.21
2012-12-14,83.667
2012-12-17,84.158
2012-12-18,83.903
2012-12-19,84.361
2012-12-20,84.226
2012-12-21,84.42
2012-12-24,84.41
2012-12-25,84.84
2012-12-26,85.0
2012-12-27,85.668
2012-12-28,86.507
2012-12-31,85.96
2013-01-01,86.72
2013-01-02,86.6
2013-01-03,87.275
2013-01-04,87.74
2013-01-07,88.198
2013-01-08,87.253
2013-01-09,86.868
2013-01-10,88.133
2013-01-11,89.246
2013-01-14,89.523
2013-01-15,89.46
2013-01-16,88.75
2013-01-17,88.63
2013-01-18,89.821
2013-01-21,90.181
2013-01-22,89.6
2013-01-23,88.529
2013-01-24,88.58
2013-01-25,90.558
2013-01-28,91.179
2013-01-29,90.46
2013-01-30,90.79
2013-01-31,91.021
2013-02-01,91.707
2013-02-04,92.77
2013-02-05,92.153
2013-02-06,93.57
2013-02-07,93.435
2013-02-08,93.633
2013-02-11,92.535
2013-02-12,94.191
2013-02-13,93.305
2013-02-14,93.256
2013-02-15,92.957
2013-02-18,93.722
2013-02-19,93.65
2013-02-20,93.708
2013-02-21,93.66
2013-02-22,93.15
2013-02-25,94.22
2013-02-26,92.397
2013-02-27,92.11
2013-02-28,92.303
2013-03-01,92.582
2013-03-04,93.564
2013-03-05,93.401
2013-03-06,93.289
2013-03-07,93.927
2013-03-08,94.928
2013-03-11,96.17
2013-03-12,96.619
2013-03-13,95.82
2013-03-14,96.02
2013-03-15,95.962
2013-03-18,94.889
2013-03-19,95.343
2013-03-20,95.05
2013-03-21,95.955
2013-03-22,94.91
2013-03-25,94.828
2013-03-26,93.963
2013-03-27,94.635
2013-03-28,94.316
2013-03-29,94.19
2013-03-31,94.282
2013-04-01,93.18
2013-04-02,93.362
2013-04-03,92.889
2013-04-04,96.437
2013-04-07,98.751
2013-04-08,99.28
2013-04-09,98.95
2013-04-10,99.666
2013-04-11,99.621
2013-04-14,98.406
2013-04-15,96.8
2013-04-16,97.61
2013-04-17,98.029
2013-04-18,98.203
2013-04-21,99.797
2013-04-22,99.16
2013-04-23,99.677
2013-04-24,99.42
2013-04-25,99.342
2013-04-28,97.842
2013-04-29,97.864
2013-04-30,97.269
2013-05-01,97.132
2013-05-02,97.946
2013-05-05,99.1
2013-05-06,99.344
2013-05-07,98.776
2013-05-08,98.878
2013-05-09,100.765
2013-05-12,101.923
2013-05-13,101.667
2013-05-14,102.21
2013-05-15,102.258
2013-05-16,102.135
2013-05-19,102.701
2013-05-20,102.166
2013-05-21,102.442
2013-05-22,103.176
2013-05-23,102.41
2013-05-26,101.061
2013-05-27,101.105
2013-05-28,102.446
2013-05-29,100.916
2013-05-30,101.1
2013-06-02,100.476
2013-06-03,99.738
2013-06-04,100.25
2013-06-05,98.952
2013-06-06,97.327
2013-06-09,98.238
2013-06-10,98.849
2013-06-11,96.102
2013-06-12,95.929
2013-06-13,95.494
2013-06-16,94.242
2013-06-17,94.68
2013-06-18,95.517
2013-06-19,96.59
2013-06-20,97.141
2013-06-23,98.423
2013-06-24,97.531
2013-06-25,98.147
2013-06-26,97.77
2013-06-27,98.476
2013-06-30,99.38
2013-07-01,99.657
2013-07-02,100.733
2013-07-03,99.956
2013-07-04,100.22
2013-07-07,101.386
2013-07-08,100.85
2013-07-09,101.153
2013-07-10,98.551
2013-07-11,99.04
2013-07-14,99.197
2013-07-15,99.946
2013-07-16,99.16
2013-07-17,99.66
2013-07-18,100.522
2013-07-21,100.389
2013-07-22,99.324
2013-07-23,99.497
2013-07-24,100.452
2013-07-25,99.275
2013-07-28,97.96
2013-07-29,98.043
2013-07-30,98.016
2013-07-31,97.833
2013-08-01,99.42
2013-08-04,98.935
2013-08-05,98.232
2013-08-06,97.308
2013-08-07,96.57
2013-08-08,96.74
2013-08-11,96.044
2013-08-12,97.2
2013-08-13,98.153
2013-08-14,97.853
2013-08-15,97.055
2013-08-18,97.667
2013-08-19,97.579
2013-08-20,97.31
2013-08-21,97.81
2013-08-22,98.879
2013-08-25,98.705
2013-08-26,98.258
2013-08-27,96.892
2013-08-28,97.728
2013-08-29,98.292
2013-09-01,98.385
2013-09-02,99.57
2013-09-03,99.554
2013-09-04,99.728
2013-09-05,100.116
2013-09-08,99.977
2013-09-09,99.719
2013-09-10,100.285
2013-09-11,99.83
2013-09-12,99.578
2013-09-15,99.015
2013-09-16,99.07
2013-09-17,99.128
2013-09-18,98.21
2013-09-19,99.39
2013-09-22,99.277
2013-09-23,98.74
2013-09-24,98.745
2013-09-25,98.435
2013-09-26,98.905
2013-09-29,97.827
2013-09-30,98.4
2013-10-01,97.926
2013-10-02,97.3
2013-10-03,97.259
2013-10-06,97.29
2013-10-08,96.901
2013-10-09,97.479
2013-10-10,98.185
2013-10-13,98.314
2013-10-14,98.65
2013-10-15,98.544
2013-10-16,98.94
2013-10-17,97.99
2013-10-20,97.927
2013-10-21,98.194
2013-10-22,98.133
2013-10-23,97.42
2013-10-24,97.385
2013-10-28,97.57
2013-10-29,97.62
2013-10-30,98.194
2013-10-31,98.507
2013-11-01,98.321
2013-11-04,98.692
2013-11-05,98.627
2013-11-06,98.456
2013-11-07,98.65
2013-11-08,98.171
2013-11-11,99.199
2013-11-12,99.138
2013-11-13,99.617
2013-11-14,99.218
2013-11-15,100.24
2013-11-18,100.354
2013-11-19,99.863
2013-11-20,100.181
2013-11-21,100.207
2013-11-22,101.319
2013-11-25,101.29
2013-11-26,101.35
2013-11-27,101.234
2013-11-28,102.21
2013-11-29,102.292
2013-12-02,102.471
2013-12-03,102.933
2013-12-04,102.351
2013-12-05,102.404
2013-12-06,101.742
2013-12-09,103.131
2013-12-10,103.266
2013-12-11,102.798
2013-12-12,102.508
2013-12-13,103.54
2013-12-16,103.27
2013-12-17,103.027
2013-12-18,102.624
2013-12-19,104.213
2013-12-20,104.276
2013-12-23,104.03
2013-12-24,104.176
2013-12-25,104.3
2013-12-26,104.524
2013-12-27,104.879
2013-12-30,105.32
2013-12-31,104.934
2014-01-01,105.3
2014-01-02,105.324
2014-01-03,104.833
2014-01-06,104.912
2014-01-07,104.21
2014-01-08,104.712
2014-01-09,104.844
2014-01-10,104.83
2014-01-13,103.949
2014-01-14,103.116
2014-01-15,104.179
2014-01-16,104.571
2014-01-17,104.295
2014-01-20,104.238
2014-01-21,104.225
2014-01-22,104.223
2014-01-23,104.635
2014-01-24,103.37
2014-01-27,102.05
2014-01-28,102.661
2014-01-29,103.231
2014-01-30,102.3
2014-01-31,102.758
2014-02-03,102.192
2014-02-04,101.142
2014-02-05,101.689
2014-02-06,101.466
2014-02-07,102.039
2014-02-10,102.524
2014-02-11,102.133
2014-02-12,102.52
2014-02-13,102.469
2014-02-14,102.188
2014-02-17,101.564
2014-02-18,102.062
2014-02-19,102.332
2014-02-20,102.311
2014-02-21,102.312
2014-02-24,102.513
2014-02-25,102.482
2014-02-26,102.15
2014-02-27,102.299
2014-02-28,102.11
2014-03-03,101.305
2014-03-04,101.412
2014-03-05,102.178
2014-03-06,102.367
2014-03-07,103.032
2014-03-10,103.19
2014-03-11,103.236
2014-03-12,102.84
2014-03-13,102.783
2014-03-14,101.78
2014-03-17,101.33
2014-03-18,101.859
2014-03-19,101.44
2014-03-20,102.468
2014-03-21,102.407
2014-03-24,102.241
2014-03-25,102.207
2014-03-26,102.285
2014-03-27,101.903
2014-03-28,102.147
2014-03-30,102.889
2014-03-31,103.214
2014-04-01,103.633
2014-04-02,103.867
2014-04-03,103.896
2014-04-06,103.32
2014-04-07,103.069
2014-04-08,101.955
2014-04-09,102.107
2014-04-10,101.38
2014-04-13,101.442
2014-04-14,101.904
2014-04-15,101.877
2014-04-16,102.201
2014-04-17,102.443
2014-04-20,102.56
2014-04-21,102.67
2014-04-22,102.621
2014-04-23,102.48
2014-04-24,102.302
2014-04-27,102.105
2014-04-28,102.516
2014-04-29,102.564
2014-04-30,102.22
2014-05-01,102.266
2014-05-04,102.2
2014-05-05,102.14
2014-05-06,101.693
2014-05-07,101.872
2014-05-08,101.593
2014-05-11,101.9
2014-05-12,102.185
2014-05-13,102.232
2014-05-14,101.815
2014-05-15,101.499
2014-05-18,101.542
2014-05-19,101.5
2014-05-20,101.262
2014-05-21,101.42
2014-05-22,101.765
2014-05-25,101.962
2014-05-26,101.894
2014-05-27,101.977
2014-05-28,101.73
2014-05-29,101.72
2014-06-01,101.876
2014-06-02,102.42
2014-06-03,102.54
2014-06-04,102.681
2014-06-05,102.423
2014-06-08,102.48
2014-06-09,102.48
2014-06-10,102.314
2014-06-11,102.0
2014-06-12,101.7
2014-06-15,101.967
2014-06-16,101.87
2014-06-17,102.174
2014-06-18,101.89
2014-06-19,101.93
2014-06-22,102.066
2014-06-23,101.87
2014-06-24,101.91
2014-06-25,101.8
2014-06-26,101.637
2014-06-29,101.443
2014-06-30,101.29
2014-07-01,101.54
2014-07-02,101.83
2014-07-03,102.18
2014-07-06,102.11
2014-07-07,101.8
2014-07-08,101.46
2014-07-09,101.535
2014-07-10,101.283
2014-07-13,101.37
2014-07-14,101.52
2014-07-15,101.66
2014-07-16,101.63
2014-07-17,101.23
2014-07-20,101.34
2014-07-21,101.4
2014-07-22,101.47
2014-07-23,101.52
2014-07-24,101.76
2014-07-27,101.749
2014-07-28,101.81
2014-07-29,102.076
2014-07-30,102.84
2014-07-31,102.773
2014-08-03,102.563
2014-08-04,102.542
2014-08-05,102.589
2014-08-06,102.113
2014-08-07,102.129
2014-08-10,102.155
2014-08-11,102.205
2014-08-12,102.282
2014-08-13,102.408
2014-08-14,102.496
2014-08-17,102.41
2014-08-18,102.61
2014-08-19,102.91
2014-08-20,103.701
2014-08-21,103.849
2014-08-24,104.201
2014-08-25,104.07
2014-08-26,104.09
2014-08-27,103.878
2014-08-28,103.696
2014-08-31,104.168
2014-09-01,104.34
2014-09-02,105.237
2014-09-03,104.871
2014-09-04,105.582
2014-09-07,105.18
2014-09-08,106.16
2014-09-09,106.123
2014-09-10,106.826
2014-09-11,107.105
2014-09-14,107.33
2014-09-15,107.138
2014-09-16,107.15
2014-09-17,108.516
2014-09-18,108.8
2014-09-21,108.94
2014-09-22,108.75
2014-09-23,108.542
2014-09-24,109.316
2014-09-25,108.61
2014-09-28,109.411
2014-09-29,109.39
2014-09-30,109.66
2014-10-01,109.02
2014-10-02,108.523
2014-10-05,109.802
2014-10-06,108.868
2014-10-07,108.072
2014-10-08,108.127
2014-10-09,107.83
2014-10-12,107.338
2014-10-13,107.063
2014-10-14,107.314
2014-10-15,105.98
2014-10-16,106.405
2014-10-19,107.144
2014-10-20,106.91
2014-10-21,107.021
2014-10-22,107.148
2014-10-23,108.161
2014-10-27,108.202
2014-10-28,107.843
2014-10-29,108.112
2014-10-30,108.846
2014-10-31,109.213
2014-11-03,112.841
2014-11-04,113.648
2014-11-05,113.48
2014-11-06,114.655
2014-11-07,115.176
2014-11-10,114.533
2014-11-11,114.753
2014-11-12,115.721
2014-11-13,115.57
2014-11-14,115.824
2014-11-17,116.896
2014-11-18,116.646
2014-11-19,116.869
2014-11-20,118.148
2014-11-21,118.236
2014-11-24,117.744
2014-11-25,118.454
2014-11-26,117.801
2014-11-27,117.63
2014-11-28,117.84
2014-12-01,118.864
2014-12-02,118.308
2014-12-03,119.194
2014-12-04,119.861
2014-12-05,119.812
2014-12-08,121.561
2014-12-09,120.65
2014-12-10,119.342
2014-12-11,117.709
2014-12-12,119.007
2014-12-15,118.165
2014-12-16,117.741
2014-12-17,116.613
2014-12-18,118.796
2014-12-19,118.938
2014-12-22,119.497
2014-12-23,120.15
2014-12-24,120.69
2014-12-25,120.459
2014-12-26,120.37
2014-12-29,120.424
2014-12-30,120.632
2014-12-31,119.458
2015-01-01,119.673
2015-01-02,119.87
2015-01-05,120.434
2015-01-06,119.425
2015-01-07,118.673
2015-01-08,119.289
2015-01-09,119.792
2015-01-12,118.212
2015-01-13,118.328
2015-01-14,117.795
2015-01-15,117.39
2015-01-16,116.13
2015-01-19,117.56
2015-01-20,117.712
2015-01-21,118.649
2015-01-22,117.86
2015-01-23,118.751
2015-01-26,117.361
2015-01-27,118.52
2015-01-28,117.775
2015-01-29,117.592
2015-01-30,118.248
2015-02-02,117.184
2015-02-03,117.575
2015-02-04,117.646
2015-02-05,117.288
2015-02-06,117.535
2015-02-09,118.97
2015-02-10,118.563
2015-02-11,119.358
2015-02-12,120.17
2015-02-13,118.916
2015-02-16,118.57
2015-02-17,118.492
2015-02-18,119.208
2015-02-19,118.689
2015-02-20,118.988
2015-02-23,119.076
2015-02-24,118.903
2015-02-25,118.892
2015-02-26,118.822
2015-02-27,119.377
2015-03-02,119.826
2015-03-03,120.204
2015-03-04,119.637
2015-03-05,119.651
2015-03-06,120.045
2015-03-09,120.739
2015-03-10,121.408
2015-03-11,121.038
2015-03-12,121.411
2015-03-13,121.318
2015-03-16,121.343
2015-03-17,121.367
2015-03-18,121.28
2015-03-19,120.064
2015-03-20,120.762
2015-03-23,120.027
2015-03-24,119.75
2015-03-25,119.791
2015-03-26,119.518
2015-03-27,119.183
2015-03-29,119.25
2015-03-30,120.013
2015-03-31,120.022
2015-04-01,119.574
2015-04-02,119.697
2015-04-05,118.823
2015-04-06,119.477
2015-04-07,120.29
2015-04-08,120.094
2015-04-09,120.55
2015-04-12,120.209
2015-04-13,120.059
2015-04-14,119.457
2015-04-15,119.143
2015-04-16,119.044
2015-04-19,118.818
2015-04-20,119.195
2015-04-21,119.633
2015-04-22,119.95
2015-04-23,119.571
2015-04-26,118.927
2015-04-27,119.126
2015-04-28,118.823
2015-04-29,118.97
2015-04-30,119.452
2015-05-03,120.136
2015-05-04,120.1
2015-05-05,119.922
2015-05-06,119.397
2015-05-07,119.709
2015-05-10,119.78
2015-05-11,120.131
2015-05-12,119.835
2015-05-13,119.16
2015-05-14,119.191
2015-05-17,119.33
2015-05-18,119.9
2015-05-19,120.652
2015-05-20,121.212
2015-05-21,121.039
2015-05-24,121.571
2015-05-25,121.6
2015-05-26,122.986
2015-05-27,123.74
2015-05-28,123.82
2015-05-31,124.193
2015-06-01,124.847
2015-06-02,124.036
2015-06-03,124.304
2015-06-04,124.38
2015-06-07,125.629
2015-06-08,124.563
2015-06-09,124.339
2015-06-10,122.866
2015-06-11,123.581
2015-06-14,123.29
2015-06-15,123.42
2015-06-16,123.439
2015-06-17,123.53
2015-06-18,123.002
2015-06-21,122.751
2015-06-22,123.379
2015-06-23,123.86
2015-06-24,123.851
2015-06-25,123.598
2015-06-28,122.612
2015-06-29,122.67
2015-06-30,122.386
2015-07-01,123.32
2015-07-02,123.059
2015-07-05,122.407
2015-07-06,122.611
2015-07-07,122.49
2015-07-08,120.862
2015-07-09,121.7
2015-07-12,122.496
2015-07-13,123.57
2015-07-14,123.32
2015-07-15,123.87
2015-07-16,124.149
2015-07-19,124.142
2015-07-20,124.294
2015-07-21,123.86
2015-07-22,124.068
2015-07-23,123.876
2015-07-26,123.763
2015-07-27,123.24
2015-07-28,123.576
2015-07-29,123.94
2015-07-30,124.071
2015-08-02,124.04
2015-08-03,123.945
2015-08-04,124.274
2015-08-05,124.73
2015-08-06,124.734
2015-08-09,124.3
2015-08-10,124.613
2015-08-11,125.07
2015-08-12,124.255
2015-08-13,124.363
2015-08-16,124.35
2015-08-17,124.438
2015-08-18,124.371
2015-08-19,123.897
2015-08-20,123.42
2015-08-23,121.732
2015-08-24,118.884
2015-08-25,118.54
2015-08-26,120.058
2015-08-27,121.003
2015-08-30,121.289
2015-08-31,121.089
2015-09-01,119.715
2015-09-02,120.58
2015-09-03,120.056
2015-09-06,119.164
2015-09-07,119.403
2015-09-08,120.089
2015-09-09,120.278
2015-09-10,120.619
2015-09-13,120.796
2015-09-14,120.36
2015-09-15,120.434
2015-09-16,120.523
2015-09-17,120.046
2015-09-20,120.001
2015-09-21,120.498
2015-09-22,120.08
2015-09-23,120.2
2015-09-24,120.24
2015-09-27,120.368
2015-09-28,119.84
2015-09-29,119.86
2015-09-30,119.859
2015-10-01,119.81
2015-10-04,119.995
2015-10-05,120.461
2015-10-06,120.24
2015-10-07,119.915
2015-10-08,119.929
2015-10-11,120.179
2015-10-12,120.011
2015-10-13,119.72
2015-10-14,118.83
2015-10-15,119.05
2015-10-18,119.27
2015-10-19,119.503
2015-10-20,119.78
2015-10-21,119.842
2015-10-22,120.86
2015-10-26,121.296
2015-10-27,120.949
2015-10-28,120.477
2015-10-29,120.86
2015-10-30,121.0
2015-11-02,120.495
2015-11-03,120.788
2015-11-04,121.095
2015-11-05,121.49
2015-11-06,121.67
2015-11-09,123.2
2015-11-10,123.077
2015-11-11,123.084
2015-11-12,122.757
2015-11-13,122.56
2015-11-16,122.364
2015-11-17,123.266
2015-11-18,123.445
2015-11-19,123.525
2015-11-20,122.912
2015-11-23,122.923
2015-11-24,122.915
2015-11-25,122.505
2015-11-26,122.68
2015-11-27,122.634
2015-11-30,122.83
2015-12-01,123.21
2015-12-02,122.915
2015-12-03,123.226
2015-12-04,122.653
2015-12-07,123.19
2015-12-08,123.28
2015-12-09,122.912
2015-12-10,121.7
2015-12-11,121.71
2015-12-14,120.893
2015-12-15,121.09
2015-12-16,121.675
2015-12-17,122.463
2015-12-18,122.45
2015-12-21,121.3
2015-12-22,121.206
2015-12-23,121.03
2015-12-24,120.935
2015-12-25,120.17
2015-12-28,120.231
2015-12-29,120.35
2015-12-30,120.529
2015-12-31,120.45
2016-01-01,120.288
2016-01-04,120.311
2016-01-05,119.467
2016-01-06,119.102
2016-01-07,118.61
2016-01-08,117.54
2016-01-11,117.08
2016-01-12,117.65
2016-01-13,117.83
2016-01-14,117.425
2016-01-15,118.203
2016-01-18,116.99
2016-01-19,117.384
2016-01-20,117.565
2016-01-21,117.134
2016-01-22,117.924
2016-01-25,118.572
2016-01-26,118.228
2016-01-27,118.38
2016-01-28,118.467
2016-01-29,118.93
2016-02-01,121.34
2016-02-02,120.84
2016-02-03,119.856
2016-02-04,118.12
2016-02-05,116.866
2016-02-08,116.95
2016-02-09,115.668
2016-02-10,115.191
2016-02-11,113.252
2016-02-12,112.497
2016-02-15,113.67
2016-02-16,114.322
2016-02-17,114.08
2016-02-18,114.28
2016-02-19,113.25
2016-02-22,112.489
2016-02-23,112.971
2016-02-24,111.88
2016-02-25,112.101
2016-02-26,113.118
2016-02-29,113.66
2016-03-01,112.43
2016-03-02,113.93
2016-03-03,113.466
2016-03-04,113.67
2016-03-07,113.803
2016-03-08,113.452
2016-03-09,112.66
2016-03-10,113.253
2016-03-11,112.86
2016-03-14,113.778
2016-03-15,113.83
2016-03-16,113.105
2016-03-17,112.752
2016-03-18,111.35
2016-03-21,111.445
2016-03-22,112.139
2016-03-23,112.252
2016-03-24,112.4
2016-03-25,112.83
2016-03-27,113.45
2016-03-28,113.364
2016-03-29,112.68
2016-03-30,112.366
2016-03-31,112.48
2016-04-03,111.722
2016-04-04,111.25
2016-04-05,110.378
2016-04-06,109.699
2016-04-07,108.427
2016-04-10,108.311
2016-04-11,107.93
2016-04-12,108.64
2016-04-13,109.42
2016-04-14,109.316
2016-04-17,108.017
2016-04-18,109.073
2016-04-19,109.24
2016-04-20,109.838
2016-04-21,109.437
2016-04-24,111.436
2016-04-25,111.136
2016-04-26,111.23
2016-04-27,111.52
2016-04-28,108.076
2016-05-01,106.453
2016-05-02,106.396
2016-05-03,106.68
2016-05-04,106.92
2016-05-05,107.275
2016-05-08,107.36
2016-05-09,108.331
2016-05-10,109.194
2016-05-11,108.415
2016-05-12,109.1
2016-05-15,108.661
2016-05-16,109.08
2016-05-17,108.95
2016-05-18,110.14
2016-05-19,109.881
2016-05-22,110.05
2016-05-23,109.374
2016-05-24,110.17
2016-05-25,110.111
2016-05-26,109.713
2016-05-29,110.77
2016-05-30,110.841
2016-05-31,110.67
2016-06-01,109.477
2016-06-02,108.86
2016-06-05,106.721
2016-06-06,107.438
2016-06-07,107.254
2016-06-08,106.78
2016-06-09,107.09
2016-06-12,106.504
2016-06-13,106.226
2016-06-14,106.087
2016-06-15,105.85
2016-06-16,104.743
2016-06-19,104.648
2016-06-20,103.824
2016-06-21,104.67
2016-06-22,104.65
2016-06-23,104.896
2016-06-26,102.127
2016-06-27,101.812
2016-06-28,102.701
2016-06-29,102.778
2016-06-30,103.073
2016-07-03,102.488
2016-07-04,102.518
2016-07-05,101.141
2016-07-06,101.15
2016-07-07,100.79
2016-07-10,100.692
2016-07-11,102.524
2016-07-12,104.756
2016-07-13,104.076
2016-07-14,105.191
2016-07-17,105.459
2016-07-18,106.146
2016-07-19,106.137
2016-07-20,107.204
2016-07-21,105.811
2016-07-24,106.326
2016-07-25,105.578
2016-07-26,104.849
2016-07-27,104.951
2016-07-28,104.745
2016-07-31,102.332
2016-08-01,102.359
2016-08-02,101.068
2016-08-03,101.337
2016-08-04,101.199
2016-08-07,102.145
2016-08-08,102.288
2016-08-09,101.915
2016-08-10,101.133
2016-08-11,101.808
2016-08-14,101.283
2016-08-15,101.24
2016-08-16,100.2
2016-08-17,99.906
2016-08-18,100.112
2016-08-21,100.554
2016-08-22,100.251
2016-08-23,100.311
2016-08-24,100.552
2016-08-25,100.555
2016-08-28,101.92
2016-08-29,101.809
2016-08-30,102.868
2016-08-31,103.302
2016-09-01,103.258
2016-09-04,103.934
2016-09-05,103.51
2016-09-06,101.525
2016-09-07,101.829
2016-09-08,102.306
2016-09-11,102.438
2016-09-12,101.751
2016-09-13,102.504
2016-09-14,102.548
2016-09-15,102.008
2016-09-18,102.307
2016-09-19,101.846
2016-09-20,101.547
2016-09-21,100.393
2016-09-22,100.831
2016-09-25,100.889
2016-09-26,100.359
2016-09-27,100.468
2016-09-28,100.935
2016-09-29,101.199
2016-10-02,101.563
2016-10-03,101.817
2016-10-04,102.88
2016-10-05,103.46
2016-10-06,103.765
2016-10-09,103.018
2016-10-10,103.697
2016-10-11,103.342
2016-10-12,104.304
2016-10-13,103.722
2016-10-16,104.039
2016-10-17,103.851
2016-10-18,103.865
2016-10-19,103.391
2016-10-20,104.109
2016-10-23,103.917
2016-10-24,104.321
2016-10-25,104.154
2016-10-26,104.563
2016-10-27,105.209
2016-10-31,104.565
2016-11-01,104.82
2016-11-02,104.092
2016-11-03,103.378
2016-11-04,103.052
2016-11-07,104.195
2016-11-08,104.438
2016-11-09,105.03
2016-11-10,105.853
2016-11-11,106.856
2016-11-14,106.871
2016-11-15,108.202
2016-11-16,109.038
2016-11-17,108.785
2016-11-18,110.256
2016-11-21,110.973
2016-11-22,110.65
2016-11-23,111.006
2016-11-24,112.582
2016-11-25,113.292
2016-11-28,112.652
2016-11-29,111.69
2016-11-30,112.47
2016-12-01,114.694
2016-12-02,113.909
2016-12-05,113.505
2016-12-06,113.863
2016-12-07,114.052
2016-12-08,113.713
2016-12-09,114.075
2016-12-12,115.412
2016-12-13,115.002
2016-12-14,115.224
2016-12-15,117.211
2016-12-16,118.241
2016-12-19,117.791
2016-12-20,117.037
2016-12-21,117.875
2016-12-22,117.604
2016-12-23,117.542
2016-12-26,117.31
2016-12-27,117.192
2016-12-28,117.48
2016-12-29,117.087
2016-12-30,116.267
2017-01-02,116.795
2017-01-03,117.495
2017-01-04,117.659
2017-01-05,117.113
2017-01-06,115.265
2017-01-09,117.15
2017-01-10,115.985
2017-01-11,115.872
2017-01-12,115.098
2017-01-13,114.664
2017-01-16,114.227
2017-01-17,114.152
2017-01-18,112.878
2017-01-19,114.762
2017-01-20,114.98
2017-01-23,113.81
2017-01-24,112.78
2017-01-25,113.84
2017-01-26,113.293
2017-01-27,114.455
2017-01-30,114.668
2017-01-31,113.65
2017-02-01,112.743
2017-02-02,113.311
2017-02-03,112.789
2017-02-06,112.639
2017-02-07,111.827
2017-02-08,112.387
2017-02-09,111.952
2017-02-10,113.434
2017-02-13,113.914
2017-02-14,113.705
2017-02-15,114.301
2017-02-16,114.112
2017-02-17,113.305
2017-02-20,112.911
2017-02-21,113.28
2017-02-22,113.669
2017-02-23,113.417
2017-02-24,112.682
2017-02-27,112.188
2017-02-28,112.745
2017-03-01,113.077
2017-03-02,114.121
2017-03-03,114.342
2017-03-06,113.847
2017-03-07,113.917
2017-03-08,113.926
2017-03-09,114.411
2017-03-10,115.149
2017-03-13,114.732
2017-03-14,114.915
2017-03-15,114.659
2017-03-16,113.402
2017-03-17,113.34
2017-03-20,112.674
2017-03-21,112.573
2017-03-22,111.532
2017-03-23,111.369
2017-03-24,111.004
2017-03-26,110.552
2017-03-27,110.771
2017-03-28,111.226
2017-03-29,111.154
2017-03-30,111.776
2017-04-02,111.265
2017-04-03,110.709
2017-04-04,110.854
2017-04-05,110.381
2017-04-06,110.897
2017-04-09,111.225
2017-04-10,110.717
2017-04-11,109.587
2017-04-12,108.902
2017-04-13,109.101
2017-04-16,108.323
2017-04-17,109.112
2017-04-18,108.535
2017-04-19,108.834
2017-04-20,109.375
2017-04-23,109.978
2017-04-24,109.641
2017-04-25,111.046
2017-04-26,111.191
2017-04-27,111.226
2017-04-30,111.302
2017-05-01,111.812
2017-05-02,111.969
2017-05-03,112.783
2017-05-04,112.537
2017-05-07,112.684
2017-05-08,113.23
2017-05-09,113.698
2017-05-10,114.328
2017-05-11,113.809
2017-05-14,113.271
2017-05-15,113.642
2017-05-16,112.646
2017-05-17,111.126
2017-05-18,111.401
2017-05-21,111.284
2017-05-22,110.891
2017-05-23,111.957
2017-05-24,111.524
2017-05-25,111.73
2017-05-28,111.256
2017-05-29,111.174
2017-05-30,110.839
2017-05-31,110.796
2017-06-01,111.437
2017-06-04,110.463
2017-06-05,110.381
2017-06-06,109.509
2017-06-07,109.9
2017-06-08,109.859
2017-06-11,110.288
2017-06-12,109.921
2017-06-13,110.055
2017-06-14,109.446
2017-06-15,110.952
2017-06-18,110.954
2017-06-19,111.673
2017-06-20,111.334
2017-06-21,111.31
2017-06-22,111.29
2017-06-25,111.239
2017-06-26,111.858
2017-06-27,112.188
2017-06-28,112.354
2017-06-29,112.009
2017-07-02,112.262
2017-07-03,113.386
2017-07-04,112.962
2017-07-05,113.187
2017-07-06,113.149
2017-07-09,113.985
2017-07-11,113.748
2017-07-12,113.335
2017-07-13,113.418
2017-07-16,112.397
2017-07-17,112.581
2017-07-18,111.995
2017-07-19,111.877
2017-07-20,111.885
2017-07-23,110.945
2017-07-24,111.232
2017-07-25,112.003
2017-07-26,111.128
2017-07-27,111.097
2017-07-30,110.51
2017-07-31,110.359
2017-08-01,110.432
2017-08-02,110.757
2017-08-03,109.9
2017-08-06,110.786
2017-08-07,110.75
2017-08-08,110.102
2017-08-09,110.049
2017-08-10,109.106
2017-08-13,109.23
2017-08-14,109.932
2017-08-15,110.596
2017-08-16,109.999
2017-08-17,109.328
2017-08-20,109.32
2017-08-21,108.944
2017-08-22,109.731
2017-08-23,108.91
2017-08-24,109.514
2017-08-27,109.346
2017-08-28,108.737
2017-08-29,109.79
2017-08-30,110.46
2017-08-31,110.129
2017-09-03,109.795
2017-09-04,109.81
2017-09-05,108.602
2017-09-06,109.134
2017-09-07,108.27
2017-09-10,108.231
2017-09-11,109.395
2017-09-12,110.226
2017-09-13,110.515
2017-09-14,109.919
2017-09-17,111.197
2017-09-18,111.496
2017-09-19,111.578
2017-09-20,112.546
2017-09-21,112.452
2017-09-24,112.444
2017-09-25,111.761
2017-09-26,112.377
2017-09-27,112.86
2017-09-28,112.467
2017-10-01,112.638
2017-10-02,112.77
2017-10-03,112.848
2017-10-04,112.823
2017-10-05,112.774
2017-10-08,112.551
2017-10-09,112.658
2017-10-10,112.345
2017-10-11,112.434
2017-10-12,112.239
2017-10-15,111.882
2017-10-16,112.195
2017-10-17,112.213
2017-10-18,113.013
2017-10-19,112.68
2017-10-22,114.048
2017-10-23,113.34
2017-10-24,113.946
2017-10-25,113.558
2017-10-26,114.124
2017-10-30,113.739
2017-10-31,112.996
2017-11-01,113.65
2017-11-02,114.152
2017-11-03,114.016
2017-11-06,114.178
2017-11-07,113.771
2017-11-08,113.761
2017-11-09,113.927
2017-11-10,113.375
2017-11-13,113.686
2017-11-14,113.585
2017-11-15,113.402
2017-11-17,113.028
2017-11-20,112.038
2017-11-21,112.551
2017-11-22,112.341
2017-11-23,111.313
2017-11-24,111.254
2017-11-27,111.671
2017-11-28,111.17
2017-11-29,111.648
2017-11-30,112.002
2017-12-01,112.556
2017-12-04,112.864
2017-12-05,112.499
2017-12-06,112.464
2017-12-07,112.291
2017-12-08,113.173
2017-12-11,113.543
2017-12-12,113.54
2017-12-13,113.545
2017-12-14,112.782
2017-12-15,112.396
2017-12-18,112.716
2017-12-19,112.568
2017-12-20,112.983
2017-12-21,113.241
2017-12-22,113.323
2017-12-25,113.308
2017-12-26,113.303
2017-12-27,113.203
2017-12-28,113.217
2017-12-29,112.875
2018-01-01,112.666
2018-01-02,112.77
2018-01-03,112.244
2018-01-04,112.607
2018-01-05,112.783
2018-01-08,113.154
2018-01-09,113.141
2018-01-10,112.755
2018-01-11,111.444
2018-01-12,111.294
2018-01-15,111.1
2018-01-16,110.581
2018-01-17,110.388
2018-01-18,111.376
2018-01-19,111.026
2018-01-22,110.684
2018-01-23,110.966
2018-01-24,110.107
2018-01-25,109.326
2018-01-26,109.704
2018-01-29,108.639
2018-01-30,108.926
2018-01-31,108.732
2018-02-01,109.201
2018-02-02,109.406
2018-02-05,110.035
2018-02-06,109.095
2018-02-07,109.627
2018-02-08,109.196
2018-02-09,108.529
2018-02-12,108.8
2018-02-13,108.69
2018-02-14,107.764
2018-02-15,106.587
2018-02-16,106.111
2018-02-19,106.261
2018-02-20,106.709
2018-02-21,107.381
2018-02-22,107.555
2018-02-23,106.814
2018-02-26,107.074
2018-02-27,107.069
2018-02-28,107.426
2018-03-01,106.64
2018-03-02,106.163
2018-03-05,105.556
2018-03-06,106.25
2018-03-07,105.537
2018-03-08,106.186
2018-03-09,106.406
2018-03-12,106.891
2018-03-13,106.26
2018-03-14,106.508
2018-03-15,106.155
2018-03-16,106.309
2018-03-19,105.969
2018-03-20,105.996
2018-03-21,106.469
2018-03-22,105.929
2018-03-23,104.968
2018-03-25,104.859
2018-03-26,105.5
2018-03-27,105.493
2018-03-28,106.812
2018-03-29,106.479
2018-04-01,106.312
2018-04-02,105.799
2018-04-03,106.436
2018-04-04,106.774
2018-04-05,107.052
2018-04-08,106.968
2018-04-09,106.749
2018-04-10,107.113
2018-04-11,106.829
2018-04-12,107.222
2018-04-15,107.498
2018-04-16,107.046
2018-04-17,107.016
2018-04-18,107.346
2018-04-19,107.432
2018-04-22,107.869
2018-04-23,108.761
2018-04-24,108.803
2018-04-25,109.364
2018-04-26,109.3
2018-04-29,109.098
2018-04-30,109.323
2018-05-01,109.872
2018-05-02,109.827
2018-05-03,109.096
2018-05-06,109.146
2018-05-07,108.943
2018-05-08,109.024
2018-05-09,109.847
2018-05-10,109.436
2018-05-13,109.338
2018-05-14,109.731
2018-05-15,110.297
2018-05-16,110.359
2018-05-17,110.828
2018-05-20,110.88
2018-05-21,110.978
2018-05-22,110.726
2018-05-23,109.869
2018-05-24,109.312
2018-05-27,109.623
2018-05-28,109.389
2018-05-29,108.394
2018-05-30,108.712
2018-05-31,108.749
2018-06-03,109.598
2018-06-04,109.963
2018-06-05,109.859
2018-06-06,110.125
2018-06-07,109.694
2018-06-10,109.443
2018-06-11,110.386
2018-06-12,110.452
2018-06-13,110.242
2018-06-14,110.645
2018-06-17,110.617
2018-06-18,110.138
2018-06-19,110.071
2018-06-20,110.352
2018-06-21,109.952
2018-06-24,109.937
2018-06-25,109.643
2018-06-26,110.097
2018-06-27,110.215
2018-06-28,110.486
2018-07-01,110.71
2018-07-02,110.871
2018-07-03,110.408
2018-07-04,110.502
2018-07-05,110.579
2018-07-08,110.422
2018-07-09,110.953
2018-07-10,110.831
2018-07-11,111.958
2018-07-12,112.665
2018-07-15,112.399
2018-07-16,112.374
2018-07-17,113.012
2018-07-18,112.791
2018-07-19,112.363
2018-07-22,111.053
2018-07-23,111.46
2018-07-24,111.241
2018-07-25,110.845
2018-07-26,111.146
2018-07-29,110.934
2018-07-30,110.994
2018-07-31,111.808
2018-08-01,111.62
2018-08-02,111.69
2018-08-05,111.234
2018-08-06,111.34
2018-08-07,111.345
2018-08-08,110.892
2018-08-09,111.091
2018-08-12,110.629
2018-08-13,110.661
2018-08-14,111.246
2018-08-15,110.576
2018-08-16,111.004
2018-08-19,110.475
2018-08-20,109.948
2018-08-21,110.134
2018-08-22,110.588
2018-08-23,111.367
2018-08-26,111.282
2018-08-27,111.137
2018-08-28,111.162
2018-08-29,111.712
2018-08-30,110.999
2018-09-02,111.144
2018-09-03,111.088
2018-09-04,111.461
2018-09-05,111.449
2018-09-06,110.495
2018-09-09,110.92
2018-09-10,111.148
2018-09-11,111.607
2018-09-12,111.22
2018-09-13,112.012
2018-09-16,111.953
2018-09-17,111.69
2018-09-18,112.277
2018-09-19,112.317
2018-09-20,112.495
2018-09-23,112.524
2018-09-24,112.786
2018-09-25,112.969
2018-09-26,112.704
2018-09-27,113.357
2018-09-30,113.796
2018-10-01,113.946
2018-10-02,113.577
2018-10-03,114.486
2018-10-04,113.894
2018-10-07,113.715
2018-10-08,113.097
2018-10-09,112.998
2018-10-10,112.092
2018-10-11,112.08
2018-10-14,112.192
2018-10-15,111.841
2018-10-16,112.342
2018-10-17,112.628
2018-10-18,112.185
2018-10-21,112.48
2018-10-22,112.757
2018-10-23,112.444
2018-10-24,112.012
2018-10-25,112.35
2018-10-29,111.908
2018-10-30,112.324
2018-10-31,113.052
2018-11-01,112.851
2018-11-02,112.715
2018-11-05,113.139
2018-11-06,113.246
2018-11-07,113.363
2018-11-08,113.547
2018-11-09,113.953
2018-11-12,113.846
2018-11-13,113.696
2018-11-14,113.789
2018-11-15,113.564
2018-11-16,113.555
2018-11-19,112.73
2018-11-20,112.443
2018-11-21,112.703
2018-11-22,113.021
2018-11-23,112.978
2018-11-26,112.919
2018-11-27,113.504
2018-11-28,113.767
2018-11-29,113.555
2018-11-30,113.411
2018-12-03,113.763
2018-12-04,113.587
2018-12-05,112.699
2018-12-06,113.051
2018-12-07,112.689
2018-12-10,112.502
2018-12-11,113.181
2018-12-12,113.384
2018-12-13,113.285
2018-12-14,113.56
2018-12-17,113.39
2018-12-18,112.829
2018-12-19,112.524
2018-12-20,112.41
2018-12-21,111.171
2018-12-24,111.054
2018-12-25,110.311
2018-12-26,110.402
2018-12-27,111.206
2018-12-28,110.855
2018-12-31,110.33
2019-01-01,109.63
2019-01-02,109.668
2019-01-03,107.441
2019-01-04,107.808
2019-01-07,108.522
2019-01-08,108.616
2019-01-09,108.776
2019-01-10,108.189
2019-01-11,108.298
2019-01-14,108.458
2019-01-15,108.25
2019-01-16,108.644
2019-01-17,109.037
2019-01-18,109.153
2019-01-21,109.661
2019-01-22,109.67
2019-01-23,109.355
2019-01-24,109.492
2019-01-25,109.597
2019-01-28,109.4
2019-01-29,109.254
2019-01-30,109.417
2019-01-31,108.981
2019-02-01,108.844
2019-02-04,109.438
2019-02-05,109.961
2019-02-06,109.941
2019-02-07,109.974
2019-02-08,109.756
2019-02-11,109.81
2019-02-12,110.4
2019-02-13,110.515
2019-02-14,110.923
2019-02-15,110.538
2019-02-18,110.564
2019-02-19,110.591
2019-02-20,110.572
2019-02-21,110.765
2019-02-22,110.708
2019-02-25,110.772
2019-02-26,111.046
2019-02-27,110.556
2019-02-28,110.862
2019-03-01,111.357
2019-03-04,111.938
2019-03-05,111.777
2019-03-06,111.866
2019-03-07,111.623
2019-03-08,111.634
2019-03-11,111.08
2019-03-12,111.342
2019-03-13,111.306
2019-03-14,111.196
2019-03-15,111.753
2019-03-18,111.561
2019-03-19,111.373
2019-03-20,111.401
2019-03-21,110.66
2019-03-22,110.806
2019-03-25,110.081
2019-03-26,110.068
2019-03-27,110.554
2019-03-28,110.49
2019-03-29,110.637
2019-03-31,110.995
2019-04-01,111.451
2019-04-02,111.305
2019-04-03,111.395
2019-04-04,111.658
2019-04-07,111.711
2019-04-08,111.456
2019-04-09,111.105
2019-04-10,110.985
2019-04-11,111.621
2019-04-14,112.028
2019-04-15,111.943
2019-04-16,111.993
2019-04-17,112.036
2019-04-18,111.989
2019-04-21,111.91
2019-04-22,111.929
2019-04-23,111.877
2019-04-24,112.13
2019-04-25,111.539
2019-04-28,111.593
2019-04-29,111.677
2019-04-30,111.395
2019-05-01,111.452
2019-05-02,111.495
2019-05-05,110.623
2019-05-06,110.805
2019-05-07,110.257
2019-05-08,110.028
2019-05-09,109.807
2019-05-12,109.654
2019-05-13,109.154
2019-05-14,109.671
2019-05-15,109.475
2019-05-16,109.871
2019-05-19,110.16
2019-05-20,110.07
2019-05-22,110.221
2019-05-23,109.558
2019-05-26,109.401
2019-05-27,109.509
2019-05-28,109.346
2019-05-29,109.542
2019-05-30,109.357
2019-06-02,108.212
2019-06-03,108.027
2019-06-04,108.254
2019-06-05,108.328
2019-06-06,108.454
2019-06-09,108.449
2019-06-10,108.359
2019-06-11,108.474
2019-06-12,108.488
2019-06-13,108.321
2019-06-16,108.576
2019-06-17,108.539
2019-06-18,108.573
2019-06-19,108.115
2019-06-20,107.277
2019-06-23,107.312
2019-06-24,107.327
2019-06-25,107.166
2019-06-26,107.738
2019-06-27,107.747
2019-06-30,108.382
2019-07-01,108.366
2019-07-02,107.805
2019-07-03,107.779
2019-07-04,107.808
2019-07-07,108.474
2019-07-08,108.721
2019-07-09,108.924
2019-07-10,108.334
2019-07-11,108.588
2019-07-14,107.832
2019-07-15,107.889
2019-07-16,108.201
2019-07-17,107.937
2019-07-18,107.401
2019-07-21,107.81
2019-07-22,107.904
2019-07-23,108.232
2019-07-24,108.189
2019-07-25,108.666
2019-07-28,108.633
2019-07-29,108.866
2019-07-30,108.562
2019-07-31,108.82
2019-08-01,107.431
2019-08-04,106.577
2019-08-05,105.593
2019-08-06,106.337
2019-08-07,106.121
2019-08-08,105.874
2019-08-11,105.382
2019-08-12,105.358
2019-08-13,106.59
2019-08-14,105.916
2019-08-15,106.083
2019-08-18,106.43
2019-08-19,106.574
2019-08-20,106.274
2019-08-21,106.597
2019-08-22,106.468
2019-08-25,104.852
2019-08-26,105.978
2019-08-27,105.738
2019-08-28,106.07
2019-08-29,106.438
2019-09-01,106.128
2019-09-02,106.193
2019-09-03,105.861
2019-09-04,106.325
2019-09-05,107.072
2019-09-08,106.945
2019-09-09,107.337
2019-09-10,107.6
2019-09-11,108.021
2019-09-12,108.176
2019-09-15,107.765
2019-09-16,108.161
2019-09-17,108.087
2019-09-18,108.425
2019-09-19,108.041
2019-09-22,107.652
2019-09-23,107.614
2019-09-24,107.163
2019-09-25,107.692
2019-09-26,107.756
2019-09-29,107.944
2019-09-30,108.069
2019-10-01,107.737
2019-10-02,107.163
2019-10-03,106.826
2019-10-06,106.764
2019-10-07,107.251
2019-10-08,106.961
2019-10-09,107.178
2019-10-10,107.88
2019-10-13,108.459
2019-10-14,108.388
2019-10-15,108.817
2019-10-16,108.677
2019-10-17,108.581
2019-10-20,108.408
2019-10-21,108.601
2019-10-22,108.483
2019-10-23,108.642
2019-10-24,108.606
2019-10-28,108.734
2019-10-29,108.964
2019-10-30,108.874
2019-10-31,108.789
2019-11-01,107.996
2019-11-04,108.22
2019-11-05,108.694
2019-11-06,109.146
2019-11-07,108.913
2019-11-08,109.274
2019-11-11,109.226
2019-11-12,109.042
2019-11-13,108.993
2019-11-14,108.798
2019-11-15,108.492
2019-11-18,108.699
2019-11-19,108.662
2019-11-20,108.445
2019-11-21,108.478
2019-11-22,108.585
2019-11-25,108.73
2019-11-26,108.992
2019-11-27,109.097
2019-11-28,109.367
2019-11-29,109.512
2019-12-02,109.535
2019-12-03,109.022
2019-12-04,108.653
2019-12-05,108.832
2019-12-06,108.738
2019-12-09,108.627
2019-12-10,108.582
2019-12-11,108.764
2019-12-12,108.549
2019-12-13,109.413
2019-12-16,109.4
2019-12-17,109.576
2019-12-18,109.516
2019-12-19,109.551
2019-12-20,109.383
2019-12-23,109.499
2019-12-24,109.382
2019-12-25,109.383
2019-12-26,109.369
2019-12-27,109.542
2019-12-30,109.428
2019-12-31,108.873
2020-01-01,108.681
2020-01-02,108.713
2020-01-03,108.543
2020-01-06,107.964
2020-01-07,108.406
2020-01-08,108.016
2020-01-09,109.031
2020-01-10,109.507
2020-01-13,109.566
2020-01-14,109.992
2020-01-15,109.854
2020-01-16,109.883
2020-01-17,110.175
2020-01-20,110.18
2020-01-21,110.173
2020-01-22,109.908
2020-01-23,109.728
2020-01-24,109.552
2020-01-27,108.802
2020-01-28,108.92
2020-01-29,109.132
2020-01-30,108.987
2020-01-31,108.877
2020-02-03,108.372
2020-02-04,108.612
2020-02-05,109.447
2020-02-06,109.814
2020-02-07,109.968
2020-02-10,109.645
2020-02-11,109.766
2020-02-12,109.843
2020-02-13,109.846
2020-02-14,109.758
2020-02-17,109.791
2020-02-18,109.83
2020-02-19,109.919
2020-02-20,111.21
2020-02-21,111.954
2020-02-24,111.557
2020-02-25,110.857
2020-02-26,110.286
2020-02-27,110.363
2020-02-28,109.66
2020-03-02,107.697
2020-03-03,108.487
2020-03-04,107.037
2020-03-05,107.677
2020-03-06,106.248
2020-03-09,103.938
2020-03-10,103.112
2020-03-11,105.026
2020-03-12,104.55
2020-03-13,104.61
2020-03-16,106.688
2020-03-17,106.175
2020-03-18,107.377
2020-03-19,108.36
2020-03-20,111.291
2020-03-23,110.462
2020-03-24,110.827
2020-03-25,111.12
2020-03-26,110.876
2020-03-27,109.109
2020-03-29,107.413
2020-03-30,108.035
2020-03-31,107.508
2020-04-01,107.257
2020-04-02,108.001
2020-04-05,108.693
2020-04-06,109.115
2020-04-07,108.651
2020-04-08,108.922
2020-04-09,108.561
2020-04-12,108.336
2020-04-13,107.623
2020-04-14,107.104
2020-04-15,107.609
2020-04-16,107.945
2020-04-19,107.67
2020-04-20,107.669
2020-04-21,107.721
2020-04-22,107.813
2020-04-23,107.667
2020-04-26,107.495
2020-04-27,107.283
2020-04-28,106.741
2020-04-29,106.61
2020-04-30,107.285
2020-05-03,106.738
2020-05-04,106.697
2020-05-05,106.452
2020-05-06,106.191
2020-05-07,106.359
2020-05-10,106.919
2020-05-11,107.566
2020-05-12,107.138
2020-05-13,106.933
2020-05-14,107.365
2020-05-17,107.208
2020-05-18,107.381
2020-05-19,107.81
2020-05-20,107.591
2020-05-21,107.631
2020-05-24,107.735
2020-05-25,107.687
2020-05-26,107.491
2020-05-27,107.798
2020-05-28,107.643
2020-05-31,107.708
2020-06-01,107.548
2020-06-02,108.809
2020-06-03,108.999
2020-06-04,109.15
2020-06-07,109.634
2020-06-08,108.409
2020-06-09,107.797
2020-06-10,106.981
2020-06-11,106.803
2020-06-14,107.311
2020-06-15,107.464
2020-06-16,107.41
2020-06-17,106.894
2020-06-18,107.006
2020-06-21,106.831
2020-06-22,106.903
2020-06-23,106.432
2020-06-24,107.044
2020-06-25,107.155
2020-06-28,107.218
2020-06-29,107.59
2020-06-30,107.989
2020-07-01,107.366
2020-07-02,107.497
2020-07-05,107.579
2020-07-06,107.359
2020-07-07,107.578
2020-07-08,107.283
2020-07-09,107.236
2020-07-12,106.91
2020-07-13,107.276
2020-07-14,107.245
2020-07-15,106.917
2020-07-16,107.278
2020-07-19,107.09
2020-07-20,107.196
2020-07-21,106.832
2020-07-22,107.175
2020-07-23,106.838
2020-07-26,105.993
2020-07-27,105.261
2020-07-28,105.107
2020-07-29,105.032
2020-07-30,104.683
2020-08-02,105.866
2020-08-03,106.03
2020-08-04,105.614
2020-08-05,105.553
2020-08-06,105.581
2020-08-09,105.85
2020-08-10,105.992
2020-08-11,106.521
2020-08-12,106.822
2020-08-13,106.986
2020-08-16,106.554
2020-08-17,105.995
2020-08-18,105.224
2020-08-19,106.079
2020-08-20,105.665
2020-08-23,105.877
2020-08-24,105.993
2020-08-25,106.405
2020-08-26,105.856
2020-08-27,106.637
2020-08-30,105.535
2020-08-31,106.004
2020-09-01,105.896
2020-09-02,106.208
2020-09-03,106.086
2020-09-06,106.311
2020-09-07,106.305
2020-09-08,105.968
2020-09-09,106.231
2020-09-10,106.143
2020-09-13,106.145
2020-09-14,105.715
2020-09-15,105.381
2020-09-16,105.062
2020-09-17,104.698
2020-09-20,104.537
2020-09-21,104.69
2020-09-22,105.034
2020-09-23,105.304
2020-09-24,105.435
2020-09-27,105.574
2020-09-28,105.433
2020-09-29,105.664
2020-09-30,105.451
2020-10-01,105.543
2020-10-04,105.51
2020-10-05,105.707
2020-10-06,105.64
2020-10-07,105.965
2020-10-08,106.018
2020-10-11,105.632
2020-10-12,105.339
2020-10-13,105.47
2020-10-14,105.139
2020-10-15,105.36
2020-10-18,105.427
2020-10-19,105.47
2020-10-20,105.477
2020-10-21,104.676
2020-10-22,104.921
2020-10-26,104.683
2020-10-27,104.832
2020-10-28,104.545
2020-10-29,104.315
2020-10-30,104.554
2020-11-02,104.58
2020-11-03,104.725
2020-11-04,104.546
2020-11-05,104.438
2020-11-06,103.603
2020-11-09,103.253
2020-11-10,105.137
2020-11-11,105.26
2020-11-12,105.415
2020-11-13,105.09
2020-11-16,104.676
2020-11-17,104.541
2020-11-18,104.181
2020-11-19,103.894
2020-11-20,103.825
2020-11-23,103.817
2020-11-24,104.525
2020-11-25,104.513
2020-11-26,104.4
2020-11-27,104.242
2020-11-30,104.082
2020-12-01,104.299
2020-12-02,104.309
2020-12-03,104.458
2020-12-04,103.823
2020-12-07,104.198
2020-12-08,103.998
2020-12-09,104.135
2020-12-10,104.272
2020-12-11,104.182
2020-12-14,103.939
2020-12-15,104.01
2020-12-16,103.634
2020-12-17,103.475
2020-12-18,103.131
2020-12-21,103.457
2020-12-22,103.34
2020-12-23,103.534
2020-12-24,103.552
2020-12-25,103.653
2020-12-28,103.533
2020-12-29,103.689
2020-12-30,103.559
2020-12-31,103.121
2021-01-01,103.226
2021-01-04,103.239
2021-01-05,103.125
2021-01-06,102.678
2021-01-07,103.024
2021-01-08,103.79
2021-01-11,104.091
2021-01-12,104.128
2021-01-13,103.752
2021-01-14,103.837
2021-01-15,103.828
2021-01-18,103.908
2021-01-19,103.703
2021-01-20,103.897
2021-01-21,103.555
2021-01-22,103.506
2021-01-25,103.777
2021-01-26,103.76
2021-01-27,103.603
2021-01-28,104.143
2021-01-29,104.291
2021-02-01,104.686
2021-02-02,104.881
2021-02-03,105.028
2021-02-04,104.995
2021-02-05,105.572
2021-02-08,105.4
2021-02-09,105.21
2021-02-10,104.575
2021-02-11,104.615
2021-02-12,104.741
2021-02-15,105.059
2021-02-16,105.387
2021-02-17,106.103
2021-02-18,105.861
2021-02-19,105.652
2021-02-22,105.514
2021-02-23,104.984
2021-02-24,105.283
2021-02-25,105.944
2021-02-26,106.379
2021-03-01,106.503
2021-03-02,106.851
2021-03-03,106.758
2021-03-04,107.058
2021-03-05,107.955
2021-03-08,108.419
2021-03-09,108.939
2021-03-10,108.577
2021-03-11,108.432
2021-03-12,108.555
2021-03-15,109.117
2021-03-16,109.134
2021-03-17,109.029
2021-03-18,108.891
2021-03-19,108.931
2021-03-22,108.871
2021-03-23,108.776
2021-03-24,108.52
2021-03-25,108.79
2021-03-26,109.179
2021-03-28,109.791
2021-03-29,109.836
2021-03-30,110.305
2021-03-31,110.75
2021-04-01,110.613
2021-04-04,110.677
2021-04-05,110.193
2021-04-06,109.793
2021-04-07,109.852
2021-04-08,109.33
2021-04-11,109.694
2021-04-12,109.374
2021-04-13,108.924
2021-04-14,108.894
2021-04-15,108.689
2021-04-18,108.719
2021-04-19,108.098
2021-04-20,108.133
2021-04-21,108.039
2021-04-22,107.978
2021-04-25,107.874
2021-04-26,108.202
2021-04-27,108.75
2021-04-28,108.505
2021-04-29,108.904
2021-05-02,109.283
2021-05-03,109.087
2021-05-04,109.329
2021-05-05,109.219
2021-05-06,109.05
2021-05-09,108.572
2021-05-10,108.844
2021-05-11,108.715
2021-05-12,109.664
2021-05-13,109.516
2021-05-16,109.412
2021-05-17,109.242
2021-05-18,108.868
2021-05-19,109.273
2021-05-20,108.86
2021-05-23,108.919
2021-05-24,108.851
2021-05-25,108.802
2021-05-26,109.17
2021-05-27,109.809
2021-05-30,109.907
2021-05-31,109.493
2021-06-01,109.493
2021-06-02,109.595
2021-06-03,110.266
2021-06-06,109.617
2021-06-07,109.274
2021-06-08,109.469
2021-06-09,109.61
2021-06-10,109.409
2021-06-13,109.709
2021-06-14,110.041
2021-06-15,110.084
2021-06-16,110.77
2021-06-17,110.325
2021-06-20,110.201
2021-06-21,110.374
2021-06-22,110.654
2021-06-23,111.012
2021-06-24,110.921
2021-06-27,110.822
2021-06-28,110.603
2021-06-29,110.535
2021-06-30,111.124
2021-07-01,111.572
2021-07-04,111.135
2021-07-05,110.916
2021-07-06,110.602
2021-07-07,110.635
2021-07-08,109.801
2021-07-11,110.215
2021-07-12,110.325
2021-07-13,110.595
2021-07-14,109.984
2021-07-15,109.778
2021-07-18,109.874
2021-07-19,109.534
2021-07-20,109.92
2021-07-21,110.255
2021-07-22,110.14
2021-07-25,110.544
2021-07-26,110.302
2021-07-27,109.806
2021-07-28,109.891
2021-07-29,109.409
2021-08-01,109.706
2021-08-02,109.269
2021-08-03,108.991
2021-08-04,109.529
2021-08-05,109.752
2021-08-08,110.259
2021-08-09,110.306
2021-08-10,110.598
2021-08-11,110.374
2021-08-12,110.403
2021-08-15,109.624
2021-08-16,109.297
2021-08-17,109.537
2021-08-18,109.842
2021-08-19,109.768
2021-08-22,109.84
2021-08-23,109.678
2021-08-24,109.73
2021-08-25,109.976
2021-08-26,110.048
2021-08-29,109.865
2021-08-30,109.944
2021-08-31,110.056
2021-09-01,110.096
2021-09-02,109.945
2021-09-05,109.764
2021-09-06,109.82
2021-09-07,110.296
2021-09-08,110.218
2021-09-09,109.781
2021-09-12,109.915
2021-09-13,109.994
2021-09-14,109.719
2021-09-15,109.383
2021-09-16,109.699
2021-09-19,109.971
2021-09-20,109.437
2021-09-21,109.149
2021-09-22,109.822
2021-09-23,110.326
2021-09-26,110.764
2021-09-27,110.964
2021-09-28,111.528
2021-09-29,111.936
2021-09-30,111.461
2021-10-03,110.947
2021-10-04,110.968
2021-10-05,111.487
2021-10-06,111.413
2021-10-07,111.662
2021-10-10,112.27
2021-10-11,113.388
2021-10-12,113.519
2021-10-13,113.301
2021-10-14,113.834
2021-10-17,114.324
2021-10-18,114.285
2021-10-19,114.543
2021-10-20,114.389
2021-10-21,113.85
2021-10-24,113.664
2021-10-25,113.765
2021-10-26,114.188
2021-10-27,113.776
2021-10-28,113.616
2021-11-01,114.236
2021-11-02,114.094
2021-11-03,113.962
2021-11-04,114.07
2021-11-05,113.837
2021-11-08,113.475
2021-11-09,113.254
2021-11-10,112.912
2021-11-11,113.905
2021-11-12,114.043
2021-11-15,113.981
2021-11-16,114.132
2021-11-17,114.904
2021-11-18,114.19
2021-11-19,114.282
2021-11-22,114.138
2021-11-23,114.79
2021-11-24,115.141
2021-11-25,115.408
2021-11-26,115.069
2021-11-29,113.719
2021-11-30,113.804
2021-12-01,113.299
2021-12-02,112.882
2021-12-03,113.022
2021-12-06,113.042
2021-12-07,113.458
2021-12-08,113.525
2021-12-09,113.684
2021-12-10,113.448
2021-12-13,113.501
2021-12-14,113.577
2021-12-15,113.743
2021-12-16,114.136
2021-12-17,113.663
2021-12-20,113.518
2021-12-21,113.662
2021-12-22,113.994
2021-12-23,114.121
2021-12-24,114.458
2021-12-27,114.333
2021-12-28,114.792
2021-12-29,114.773
2021-12-30,114.948
2021-12-31,115.063
2022-01-03,115.142
2022-01-04,115.328
2022-01-05,116.174
2022-01-06,116.128
2022-01-07,115.865
2022-01-10,115.618
2022-01-11,115.278
2022-01-12,115.331
2022-01-13,114.675
2022-01-14,114.118
2022-01-17,114.306
2022-01-18,114.571
2022-01-19,114.554
2022-01-20,114.347
2022-01-21,113.993
2022-01-24,113.785
2022-01-25,114.011
2022-01-26,113.875
2022-01-27,114.721
2022-01-28,115.352
2022-01-31,115.262
2022-02-01,115.121
2022-02-02,114.736
2022-02-03,114.382
2022-02-04,114.957
2022-02-07,115.224
2022-02-08,115.063
2022-02-09,115.531
2022-02-10,115.602
2022-02-11,116.047
2022-02-14,115.584
2022-02-15,115.536
2022-02-16,115.635
2022-02-17,115.387
2022-02-18,114.866
2022-02-21,114.961
2022-02-22,114.609
2022-02-23,115.096
2022-02-24,114.898
2022-02-25,115.571
2022-02-28,115.585
2022-03-01,115.078
2022-03-02,114.833
2022-03-03,115.519
2022-03-04,115.474
2022-03-07,114.95
2022-03-08,115.373
2022-03-09,115.722
2022-03-10,115.909
2022-03-11,116.179
2022-03-14,117.529
2022-03-15,118.218
2022-03-16,118.292
2022-03-17,118.87
2022-03-18,118.486
2022-03-21,119.263
2022-03-22,119.594
2022-03-23,121.34
2022-03-24,121.127
2022-03-25,122.346
2022-03-27,122.27
2022-03-28,123.66
2022-03-29,123.125
2022-03-30,122.021
2022-03-31,121.756
2022-04-03,122.61
2022-04-04,122.809
2022-04-05,123.656
2022-04-06,123.723
2022-04-07,124.096
2022-04-10,124.385
2022-04-11,125.472
2022-04-12,125.416
2022-04-13,125.377
2022-04-14,126.179
2022-04-17,126.618
2022-04-18,127.098
2022-04-19,129.333
2022-04-20,128.013
2022-04-21,128.408
2022-04-24,128.605
2022-04-25,127.744
2022-04-26,127.266
2022-04-27,128.394
2022-04-28,130.811
2022-05-01,130.011
2022-05-02,130.112
2022-05-03,130.116
2022-05-04,129.223
2022-05-05,130.33
2022-05-08,130.749
2022-05-09,130.377
2022-05-10,130.351
2022-05-11,129.835
2022-05-12,128.588
2022-05-15,129.432
2022-05-16,128.923
2022-05-17,129.454
2022-05-18,127.914
2022-05-19,127.832
2022-05-22,127.903
2022-05-23,127.846
2022-05-24,126.769
2022-05-25,127.152
2022-05-26,127.045
2022-05-29,127.285
2022-05-30,127.784
2022-05-31,128.736
2022-06-01,130.122
2022-06-02,129.918
2022-06-05,130.707
2022-06-06,132.176
2022-06-07,132.847
2022-06-08,134.43
2022-06-09,134.418
2022-06-12,134.814
2022-06-13,134.225
2022-06-14,135.294
2022-06-15,134.115
2022-06-16,132.421
2022-06-19,135.276
2022-06-20,135.087
2022-06-21,136.269
2022-06-22,136.024
2022-06-23,134.84
2022-06-26,135.062
2022-06-27,135.435
2022-06-28,136.047
2022-06-29,136.589
2022-06-30,135.786
2022-07-03,135.043
2022-07-04,135.84
2022-07-05,135.521
2022-07-06,135.966
2022-07-07,135.913
2022-07-10,136.301
2022-07-11,137.388
2022-07-12,136.726
2022-07-13,137.628
2022-07-14,138.967
2022-07-17,138.314
2022-07-18,138.229
2022-07-19,138.191
2022-07-20,138.395
2022-07-21,137.098
2022-07-24,136.312
2022-07-25,136.431
2022-07-26,136.97
2022-07-27,136.111
2022-07-28,134.397
2022-07-31,133.407
2022-08-01,131.572
2022-08-02,133.379
2022-08-03,133.962
2022-08-04,132.621
2022-08-07,135.057
2022-08-08,134.84
2022-08-09,135.187
2022-08-10,132.83
2022-08-11,132.994
2022-08-14,133.288
2022-08-15,133.143
2022-08-16,134.277
2022-08-17,134.944
2022-08-18,135.795
2022-08-21,137.041
2022-08-22,137.546
2022-08-23,136.733
2022-08-24,137.081
2022-08-25,136.563
2022-08-28,137.52
2022-08-29,138.596
2022-08-30,138.734
2022-08-31,139.296
2022-09-01,140.081
2022-09-04,140.487
2022-09-05,140.43
2022-09-06,143.151
2022-09-07,144.128
2022-09-08,143.856
2022-09-11,142.596
2022-09-12,142.585
2022-09-13,144.404
2022-09-14,142.923
2022-09-15,143.365
2022-09-18,142.765
2022-09-19,143.223
2022-09-20,143.602
2022-09-21,144.316
2022-09-22,142.28
2022-09-25,143.511
2022-09-26,144.459
2022-09-27,144.691
2022-09-28,144.398
2022-09-29,144.431
2022-10-02,144.816
2022-10-03,144.519
2022-10-04,143.787
2022-10-05,144.449
2022-10-06,145.039
2022-10-09,145.482
2022-10-10,145.674
2022-10-11,145.87
2022-10-12,146.737
2022-10-13,147.293
2022-10-16,148.632
2022-10-17,148.971
2022-10-18,149.209
2022-10-19,149.821
2022-10-20,150.176
2022-10-23,147.819
2022-10-24,148.887
2022-10-25,147.98
2022-10-26,146.134
2022-10-27,146.274
2022-10-31,147.812
2022-11-01,148.737
2022-11-02,147.915
2022-11-03,147.892
2022-11-04,148.393
2022-11-07,146.841
2022-11-08,146.624
2022-11-09,145.295
2022-11-10,146.209
2022-11-11,141.734
2022-11-14,139.553
2022-11-15,140.115
2022-11-16,138.965
2022-11-17,139.322
2022-11-18,140.412
2022-11-21,140.253
2022-11-22,142.098
2022-11-23,141.155
2022-11-24,139.278
2022-11-25,138.603
2022-11-28,139.1
2022-11-29,138.719
2022-11-30,138.745
2022-12-01,137.359
2022-12-02,135.15
2022-12-05,134.475
2022-12-06,136.652
2022-12-07,136.886
2022-12-08,136.381
2022-12-09,136.614
2022-12-12,136.712
2022-12-13,137.504
2022-12-14,135.584
2022-12-15,135.348
2022-12-16,137.751
2022-12-19,136.69
2022-12-20,136.995
2022-12-21,131.892
2022-12-22,132.37
2022-12-23,132.357
2022-12-26,132.79
2022-12-27,132.764
2022-12-28,133.486
2022-12-29,134.034
2022-12-30,132.916
2023-01-02,130.845
2023-01-03,130.794
2023-01-04,131.248
2023-01-05,132.246
2023-01-06,133.307
2023-01-09,131.862
2023-01-10,131.729
2023-01-11,132.101
2023-01-12,131.902
2023-01-13,129.172
2023-01-16,128.026
2023-01-17,128.321
2023-01-18,128.281
2023-01-19,128.539
2023-01-20,128.37
2023-01-23,129.354
2023-01-24,130.597
2023-01-25,130.239
2023-01-26,129.237
2023-01-27,129.8
2023-01-30,129.854
2023-01-31,130.479
2023-02-01,130.11
2023-02-02,128.622
2023-02-03,128.746
2023-02-06,132.009
2023-02-07,132.623
2023-02-08,131.042
2023-02-09,131.387
2023-02-10,131.519
2023-02-13,131.551
2023-02-14,132.337
2023-02-15,132.991
2023-02-16,133.903
2023-02-17,134.074
2023-02-20,134.307
2023-02-21,134.336
2023-02-22,134.976
2023-02-23,134.932
2023-02-24,134.628
2023-02-27,136.395
2023-02-28,136.317
2023-03-01,136.348
2023-03-02,136.194
2023-03-03,136.705
2023-03-06,135.86
2023-03-07,135.999
2023-03-08,137.391
2023-03-09,137.226
2023-03-10,136.395
2023-03-13,134.98
2023-03-14,133.114
2023-03-15,134.397
2023-03-16,132.929
2023-03-17,133.368
2023-03-20,132.284
2023-03-21,131.392
2023-03-22,132.348
2023-03-23,131.179
2023-03-24,130.865
2023-03-26,130.846
2023-03-27,131.233
2023-03-28,131.046
2023-03-29,132.576
2023-03-30,133.201
2023-04-02,133.347
2023-04-03,132.299
2023-04-04,131.485
2023-04-05,130.934
2023-04-06,131.669
2023-04-09,132.097
2023-04-10,133.469
2023-04-11,133.594
2023-04-12,133.085
2023-04-13,132.487
2023-04-16,133.971
2023-04-17,134.425
2023-04-18,134.044
2023-04-19,134.704
2023-04-20,133.996
2023-04-23,133.961
2023-04-24,134.084
2023-04-25,133.711
2023-04-26,133.465
2023-04-27,133.802
2023-04-30,136.386
2023-05-01,137.521
2023-05-02,136.466
2023-05-03,134.544
2023-05-04,134.179
2023-05-07,135.199
2023-05-08,135.073
2023-05-09,135.288
2023-05-10,134.087
2023-05-11,134.498
2023-05-14,135.822
2023-05-15,136.045
2023-05-16,136.43
2023-05-17,137.614
2023-05-18,138.62
2023-05-21,137.692
2023-05-22,138.672
2023-05-23,138.598
2023-05-24,139.283
2023-05-25,140.017
2023-05-28,140.871
2023-05-29,140.441
2023-05-30,139.792
2023-05-31,139.127
2023-06-01,138.748
2023-06-04,140.207
2023-06-05,139.383
2023-06-06,139.527
2023-06-07,139.899
2023-06-08,138.863
2023-06-11,139.371
2023-06-12,139.46
2023-06-13,140.177
2023-06-14,139.977
2023-06-15,140.268
2023-06-18,141.867
2023-06-19,141.899
2023-06-20,141.335
2023-06-21,141.688
2023-06-22,143.03
2023-06-25,143.541
2023-06-26,143.46
2023-06-27,143.882
2023-06-28,144.389
2023-06-29,144.78
2023-07-02,144.398
2023-07-03,144.584
2023-07-04,144.406
2023-07-05,144.489
2023-07-06,143.951
2023-07-09,142.209
2023-07-10,141.297
2023-07-11,140.118
2023-07-12,138.315
2023-07-13,138.075
2023-07-16,138.682
2023-07-17,138.729
2023-07-18,139.027
2023-07-19,139.598
2023-07-20,139.864
2023-07-23,141.75
2023-07-24,141.522
2023-07-25,140.913
2023-07-26,140.367
2023-07-27,138.864
2023-07-30,140.758
2023-07-31,142.323
2023-08-01,142.97
2023-08-02,143.344
2023-08-03,142.598
2023-08-06,141.876
2023-08-07,142.524
2023-08-08,143.278
2023-08-09,143.727
2023-08-10,144.854
2023-08-13,144.817
2023-08-14,145.437
2023-08-15,145.608
2023-08-16,146.333
2023-08-17,145.714
2023-08-20,145.305
2023-08-21,146.238
2023-08-22,145.763
2023-08-23,144.673
2023-08-24,146.067
2023-08-27,146.531
2023-08-28,146.464
2023-08-29,145.988
2023-08-30,146.099
2023-08-31,145.473
2023-09-03,146.057
2023-09-04,146.543
2023-09-05,147.471
2023-09-06,147.709
2023-09-07,147.331
2023-09-10,147.113
2023-09-11,146.678
2023-09-12,147.158
2023-09-13,147.346
2023-09-14,147.482
2023-09-17,147.868
2023-09-18,147.605
2023-09-19,147.742
2023-09-20,148.321
2023-09-21,147.644
2023-09-24,148.434
2023-09-25,148.811
2023-09-26,149.045
2023-09-27,149.498
2023-09-28,149.337
2023-10-01,149.54
2023-10-02,149.851
2023-10-03,149.192
2023-10-04,148.966
2023-10-05,148.463
2023-10-08,149.16
2023-10-09,148.327
2023-10-10,148.628
2023-10-11,149.036
2023-10-12,149.79
2023-10-15,149.566
2023-10-16,149.578
2023-10-17,149.759
2023-10-18,149.742
2023-10-19,149.802
2023-10-22,149.88
2023-10-23,149.769
2023-10-24,149.854
2023-10-25,150.098
2023-10-26,150.366
2023-10-30,149.733
2023-10-31,149.111
2023-11-01,151.294
2023-11-02,150.575
2023-11-03,150.497
2023-11-06,149.449
2023-11-07,149.989
2023-11-08,150.396
2023-11-09,150.864
2023-11-10,151.349
2023-11-13,151.469
2023-11-14,151.646
2023-11-15,150.485
2023-11-16,151.215
2023-11-17,150.705
2023-11-20,149.942
2023-11-21,148.362
2023-11-22,148.152
2023-11-23,149.46
2023-11-24,149.635
2023-11-27,149.571
2023-11-28,148.452
2023-11-29,147.063
2023-11-30,147.039
2023-12-01,147.999
2023-12-04,146.393
2023-12-05,147.327
2023-12-06,147.185
2023-12-07,147.184
2023-12-08,144.278
2023-12-11,144.983
2023-12-12,146.085
2023-12-13,145.28
2023-12-14,142.773
2023-12-15,142.279
2023-12-18,142.313
2023-12-19,142.722
2023-12-20,143.889
2023-12-21,143.523
2023-12-22,142.07
2023-12-25,142.342
2023-12-26,142.23
2023-12-27,142.461
2023-12-28,141.399
2023-12-29,141.43
2024-01-01,140.952
2024-01-02,141.126
2024-01-03,142.155
2024-01-04,142.999
2024-01-05,144.765
2024-01-08,144.716
2024-01-09,144.23
2024-01-10,144.428
2024-01-11,145.734
2024-01-12,145.046
2024-01-15,145.149
2024-01-16,145.794
2024-01-17,147.246
2024-01-18,148.118
2024-01-19,148.128
2024-01-22,148.121
2024-01-23,148.142
2024-01-24,148.251
2024-01-25,147.591
2024-01-26,147.723
2024-01-29,148.14
2024-01-30,147.468
2024-01-31,147.369
2024-02-01,146.996
2024-02-02,146.451
2024-02-05,148.501
2024-02-06,148.64
2024-02-07,147.818
2024-02-08,148.086
2024-02-09,149.259
2024-02-12,149.167
2024-02-13,149.405
2024-02-14,150.724
2024-02-15,150.544
2024-02-16,149.946
2024-02-19,150.091
2024-02-20,150.27
2024-02-21,149.939
2024-02-22,150.355
2024-02-23,150.483
2024-02-26,150.498
2024-02-27,150.566
2024-02-28,150.495
2024-02-29,150.656
2024-03-01,150.095
2024-03-04,150.105
2024-03-05,150.466
2024-03-06,150.049
2024-03-07,149.269
2024-03-08,147.868
2024-03-11,146.774
2024-03-12,146.732
2024-03-13,147.619
2024-03-14,147.621
2024-03-15,148.296
2024-03-18,148.955
2024-03-19,149.144
2024-03-20,151.035
2024-03-21,150.76
2024-03-22,151.633
2024-03-25,151.305
2024-03-26,151.373
2024-03-27,151.53
2024-03-28,151.287
2024-03-29,151.44
2024-03-31,151.398
2024-04-01,151.581
2024-04-02,151.54
2024-04-03,151.581
2024-04-04,151.292
2024-04-07,151.69
2024-04-08,151.843
2024-04-09,151.777
2024-04-10,152.964
2024-04-11,153.192
2024-04-14,153.283
2024-04-15,154.206
2024-04-16,154.698
2024-04-17,154.342
2024-04-18,154.61
2024-04-21,154.64
2024-04-22,154.813
2024-04-23,154.744
2024-04-24,155.259
2024-04-25,155.597
2024-04-28,158.224
2024-04-29,156.314
2024-04-30,157.722
2024-05-01,155.704
2024-05-02,153.045
2024-05-05,153.566
2024-05-06,154.237
2024-05-07,154.748
2024-05-08,155.419
2024-05-09,155.389
2024-05-12,155.818
2024-05-13,156.233
2024-05-14,156.498
2024-05-15,154.282
2024-05-16,155.379
2024-05-19,155.754
2024-05-20,156.37
2024-05-21,156.251
2024-05-22,156.704
2024-05-23,156.973
2024-05-26,156.87
2024-05-27,156.845
2024-05-28,157.262
2024-05-29,157.608
2024-05-30,156.953
2024-06-02,157.18
2024-06-03,156.076
2024-06-04,155.124
2024-06-05,155.929
2024-06-06,155.697
2024-06-09,156.833
2024-06-10,157.04
2024-06-11,157.105
2024-06-12,156.8
2024-06-13,157.128
2024-06-16,157.546
2024-06-17,157.7
2024-06-18,157.871
2024-06-19,157.958
2024-06-20,158.931
2024-06-23,159.861
2024-06-24,159.686
2024-06-25,159.686
2024-06-26,160.621
2024-06-27,160.687
2024-06-30,160.907
2024-07-01,161.512
2024-07-02,161.504
2024-07-03,161.621
2024-07-04,161.358
2024-07-07,160.638
2024-07-08,160.857
2024-07-09,161.331
2024-07-10,161.607
2024-07-11,158.201
2024-07-14,158.313
2024-07-15,158.141
2024-07-16,158.35
2024-07-17,155.686
2024-07-18,157.15
2024-07-21,157.422
2024-07-22,156.891
2024-07-23,155.768
2024-07-24,153.891
2024-07-25,153.697
2024-07-28,154.139
2024-07-29,153.833
2024-07-30,152.67
2024-07-31,149.744
2024-08-01,149.201
2024-08-04,145.584
2024-08-05,145.79
2024-08-06,144.732
2024-08-07,146.124
2024-08-08,147.669
2024-08-11,147.042
2024-08-12,146.982
2024-08-13,146.971
2024-08-14,147.253
2024-08-15,149.222
2024-08-18,147.956
2024-08-19,146.699
2024-08-20,145.347
2024-08-21,145.118
2024-08-22,146.202
2024-08-25,144.0
2024-08-26,144.516
2024-08-27,143.975
2024-08-28,144.433
2024-08-29,144.89
2024-09-01,146.381
2024-09-02,146.722
2024-09-03,145.353
2024-09-04,143.324
2024-09-05,143.393
2024-09-08,142.486
2024-09-09,143.177
2024-09-10,142.234
2024-09-11,142.59
2024-09-12,141.499
2024-09-15,140.79
2024-09-16,140.79
2024-09-17,142.015
2024-09-18,142.71
2024-09-19,142.858
2024-09-22,144.004
2024-09-23,143.638
2024-09-24,142.963
2024-09-25,144.683
2024-09-26,145.076
2024-09-29,142.783
2024-09-30,143.71
2024-10-01,143.736
2024-10-02,146.582
2024-10-03,146.84
2024-10-06,148.82
2024-10-07,148.146
2024-10-08,148.159
2024-10-09,149.16
2024-10-10,148.704
2024-10-13,149.334
2024-10-14,149.67
2024-10-15,149.099
2024-10-16,149.576
2024-10-17,150.1
2024-10-20,149.6
2024-10-21,150.605
2024-10-22,151.138
2024-10-23,152.769
2024-10-24,151.783
2024-10-28,152.952
2024-10-29,153.179
2024-10-30,153.274
2024-10-31,153.204
2024-11-01,151.98
2024-11-04,152.287
2024-11-05,152.276
2024-11-06,151.435
2024-11-07,154.32
2024-11-08,153.18
2024-11-11,152.904
2024-11-12,153.48
2024-11-13,154.655
2024-11-14,155.429
2024-11-15,156.468
2024-11-18,154.664
2024-11-19,154.617
2024-11-20,154.718
2024-11-21,155.295
2024-11-22,154.218
2024-11-25,154.146
2024-11-26,154.378
2024-11-27,153.009
2024-11-28,151.336
2024-11-29,151.174
2024-12-02,149.898
2024-12-03,149.508
2024-12-04,149.647
2024-12-05,150.567
2024-12-06,150.207
2024-12-09,150.03
2024-12-10,151.408
2024-12-11,151.807
2024-12-12,152.245
2024-12-13,152.587
2024-12-16,153.453
2024-12-17,154.086
2024-12-18,153.572
2024-12-19,154.673
2024-12-20,157.644
2024-12-23,156.533
2024-12-24,157.165
2024-12-25,157.107
2024-12-26,157.133
2024-12-27,157.748
2024-12-30,157.873
2024-12-31,156.995
2025-01-02,157.719
2025-01-03,157.362
2025-01-06,157.481
2025-01-07,157.743
2025-01-08,158.236
2025-01-09,158.192
2025-01-10,158.048
2025-01-13,157.887
2025-01-14,157.364
2025-01-15,158.05
2025-01-16,156.255
2025-01-17,155.356
2025-01-20,156.306
2025-01-21,155.249
2025-01-22,155.774
2025-01-23,156.44
2025-01-24,156.155
2025-01-27,155.744
2025-01-28,154.909
2025-01-29,155.559
2025-01-30,155.17
2025-01-31,154.097
2025-02-03,155.363
2025-02-04,155.277
2025-02-05,154.133
2025-02-06,152.606
2025-02-07,151.193
2025-02-10,151.846
2025-02-11,151.759
2025-02-12,152.739
2025-02-13,154.255
2025-02-14,152.989
2025-02-17,152.023
2025-02-18,151.444
2025-02-19,151.931
2025-02-20,151.22
2025-02-21,149.408
2025-02-24,149.387
2025-02-25,149.864
2025-02-26,149.078
2025-02-27,148.838
2025-02-28,150.012
2025-03-03,150.771
2025-03-04,149.305
2025-03-05,149.799
2025-03-06,148.898
2025-03-07,148.108
2025-03-10,147.608
2025-03-11,147.069
2025-03-12,148.042
2025-03-13,148.279
2025-03-14,147.949
2025-03-17,148.598
2025-03-18,149.379
2025-03-19,149.452
2025-03-20,148.49
2025-03-21,148.596
2025-03-24,149.677
2025-03-25,150.774
2025-03-26,149.95
2025-03-27,150.473
2025-03-28,150.847
2025-03-30,149.617
2025-03-31,149.913
2025-04-01,149.783
2025-04-02,147.872
2025-04-03,146.231
2025-04-06,145.433
2025-04-07,147.789
2025-04-08,145.845
2025-04-09,147.399
2025-04-10,143.747
2025-04-13,143.696
2025-04-14,143.221
2025-04-15,143.181
2025-04-16,141.928
2025-04-21,140.876
2025-04-22,142.688
2025-04-23,143.223
2025-04-24,142.879
2025-04-27,143.841
2025-04-28,142.178
2025-04-29,142.299
2025-04-30,143.009
2025-05-01,145.448
2025-05-04,144.624
2025-05-05,143.654
2025-05-06,143.035
2025-05-07,143.848
2025-05-08,146.015
2025-05-11,145.812
2025-05-12,148.31
2025-05-13,147.528
2025-05-14,146.65
2025-05-15,145.613
2025-05-18,145.298
2025-05-19,144.975
2025-05-20,144.328
2025-05-21,143.755
2025-05-22,143.858
2025-05-25,142.867
2025-05-26,142.655
2025-05-27,144.177
2025-05-28,145.697
2025-05-29,143.779
2025-06-01,143.815
2025-06-02,142.452
2025-06-03,143.837
2025-06-04,142.732
2025-06-05,143.542
2025-06-08,144.691
2025-06-09,144.54
2025-06-10,144.838
2025-06-11,144.203
2025-06-12,143.194
2025-06-15,144.091
2025-06-16,144.729
2025-06-17,145.376
2025-06-18,144.955
2025-06-19,145.218
2025-06-22,146.224
2025-06-23,145.928
2025-06-24,144.957
2025-06-25,144.904
2025-06-26,144.694
2025-06-29,144.517
2025-06-30,143.8
2025-07-01,143.402
2025-07-02,143.526
2025-07-03,144.682
2025-07-06,144.498
2025-07-07,145.892
2025-07-08,146.849
2025-07-09,146.114
2025-07-10,146.288
2025-07-13,147.295
2025-07-14,147.792
2025-07-15,148.761
2025-07-16,148.003
2025-07-17,148.442
2025-07-20,148.431
2025-07-21,147.409
2025-07-22,146.785
2025-07-23,146.349
2025-07-24,147.005
2025-07-27,147.813
2025-07-28,148.479
2025-07-29,148.442
2025-07-30,149.226
2025-07-31,150.772
2025-08-03,147.343
2025-08-04,146.793
2025-08-05,147.56
2025-08-06,147.193
2025-08-07,146.837
2025-08-10,147.664
2025-08-11,148.125
2025-08-12,147.758
2025-08-13,147.12
2025-08-14,147.691
2025-08-17,147.264
2025-08-18,147.916
2025-08-19,147.731
2025-08-20,147.318
2025-08-21,148.386
2025-08-24,147.215
2025-08-25,147.822
2025-08-26,147.462
2025-08-27,147.316
2025-08-28,146.79
2025-08-31,147.097
2025-09-01,147.084
2025-09-02,148.548
2025-09-03,147.98
2025-09-04,148.375
2025-09-07,148.344
2025-09-08,147.364
2025-09-09,147.392
2025-09-10,147.332
2025-09-11,147.224
2025-09-14,147.666
2025-09-15,147.405
2025-09-16,146.413
2025-09-17,146.891
2025-09-18,147.947
2025-09-21,148.095
2025-09-22,147.725
2025-09-23,147.613
2025-09-24,148.751
2025-09-25,149.861
2025-09-28,149.405
2025-09-29,148.595
2025-09-30,147.997
2025-10-01,147.083
2025-10-02,147.15
2025-10-05,149.606
2025-10-06,150.331
2025-10-07,152.051
2025-10-08,152.68
2025-10-09,152.965
2025-10-12,152.056
2025-10-13,152.434
2025-10-14,151.731
2025-10-15,150.974
2025-10-16,150.12
2025-10-19,150.9
2025-10-20,150.774
2025-10-21,151.893
2025-10-22,151.954
2025-10-23,152.602
2025-10-27,153.061
2025-10-28,152.692
2025-10-29,151.731
2025-10-30,152.722
2025-10-31,153.9
2025-11-03,154.195
2025-11-04,154.204
2025-11-05,153.557
2025-11-06,154.073
2025-11-07,152.948
2025-11-10,153.817
2025-11-11,154.146
2025-11-12,154.075
2025-11-13,154.713
2025-11-14,154.633
2025-11-17,154.585
2025-11-18,155.273
2025-11-19,155.548
2025-11-20,156.992
2025-11-21,157.369
2025-11-24,156.688
2025-11-25,156.939
2025-11-26,156.23
2025-11-27,156.239
2025-11-28,156.284
2025-12-01,155.928
2025-12-02,155.557
2025-12-03,155.807
2025-12-04,155.107
2025-12-05,155.142
2025-12-08,155.34
2025-12-09,155.844
2025-12-10,156.838
2025-12-11,155.79
2025-12-12,155.567
2025-12-15,155.888
2025-12-16,155.015
2025-12-17,154.778
2025-12-18,155.495
2025-12-19,155.586
2025-12-22,157.676
2025-12-23,156.877
2025-12-24,156.176
2025-12-26,156.09
2025-12-29,156.463
2025-12-30,156.013
2025-12-31,156.413
2026-01-02,156.731
2026-01-05,156.989
2026-01-06,156.626
2026-01-07,156.68
2026-01-08,156.731
2026-01-09,156.88
2026-01-12,158.149
2026-01-13,157.986
2026-01-14,159.179
2026-01-15,158.402
2026-01-16,158.596
2026-01-19,157.535
2026-01-20,158.177
2026-01-21,158.162
2026-01-22,158.456
2026-01-23,158.501
2026-01-26,155.166
2026-01-27,154.336
2026-01-28,152.453
2026-01-29,153.096
2026-01-30,153.162
2026-02-02,155.202
2026-02-03,155.443
2026-02-04,155.799
2026-02-05,156.917
2026-02-06,156.784
2026-02-09,157.244
2026-02-10,156.132
2026-02-11,154.482
2026-02-12,153.269
2026-02-13,152.821
2026-02-16,152.779
2026-02-17,153.609
2026-02-18,153.149
2026-02-19,154.693
2026-02-20,155.16
2026-02-23,154.339
2026-02-24,154.635
2026-02-25,155.88
2026-02-26,156.2
2026-02-27,155.859
2026-03-02,156.633
2026-03-03,157.257
2026-03-04,157.773
2026-03-05,156.983
2026-03-06,157.534
2026-03-09,158.427
2026-03-10,157.848
2026-03-11,158.114
2026-03-12,159.075
2026-03-13,159.206
2026-03-16,159.568
2026-03-17,159.105
2026-03-18,158.889
2026-03-19,159.795
2026-03-20,157.924
2026-03-23,159.234
2026-03-24,158.479
2026-03-25,158.718
2026-03-26,159.384
2026-03-27,159.704
2026-03-29,160.234
2026-03-30,159.841
2026-03-31,158.579
2026-04-01,158.688
2026-04-02,159.491
2026-04-05,159.78
2026-04-06,159.683
2026-04-07,158.716
2026-04-08,158.642
2026-04-09,159.112
2026-04-12,159.68
2026-04-13,159.214
2026-04-14,158.792
2026-04-15,158.809
2026-04-16,159.195
2026-04-19,159.161
2026-04-20,158.844
2026-04-21,159.373
2026-04-22,159.488
2026-04-23,159.747
2026-04-26,159.576
2026-04-27,159.357
2026-04-28,159.552
2026-04-29,160.184
2026-04-30,156.978
2026-05-03,156.846
2026-05-04,157.194
2026-05-05,157.677
2026-05-06,156.508
2026-05-07,156.829
2026-05-10,156.858
2026-05-11,157.231
2026-05-12,157.671
2026-05-13,157.851
2026-05-14,158.382
2026-05-17,158.844
2026-05-18,158.861
2026-05-19,159.035
2026-05-20,158.888
2026-05-21,159.018
2026-05-24,158.946
2026-05-25,158.954
2026-05-26,159.243
2026-05-27,159.568
2026-05-28,159.27
2026-05-31,159.353
2026-06-01,159.636
2026-06-02,159.968
2026-06-03,159.94
2026-06-04,159.99
2026-06-07,160.327
2026-06-08,160.174
2026-06-09,160.384
2026-06-10,160.527
2026-06-11,160.13
2026-06-14,159.955
2026-06-15,160.229
2026-06-16,160.419
2026-06-17,160.6
2026-06-18,161.289
2026-06-21,161.433
2026-06-22,161.57
2026-06-23,161.599
2026-06-24,161.763
2026-06-25,161.805
2026-06-28,161.787
2026-06-29,161.923
2026-06-30,162.628
2026-07-01,162.539
2026-07-02,161.449
2026-07-05,161.452
2026-07-06,162.088
2026-07-07,162.363
2026-07-08,162.539
2026-07-09,162.363
2026-07-12,161.878
2026-07-13,162.429
2026-07-14,162.187
2026-07-15,162.072
2026-07-16,162.376
2026-07-19,162.512
2026-07-20,162.487
2026-07-21,163.186
2026-07-22,163.081
2026-07-23,163.832
2026-07-26,163.611
2026-07-27,163.771
2026-07-28,163.864
2026-07-29,163.3
2026-07-30,160.183
2026-08-02,157.582
2026-08-03,157.529
2026-08-04,157.692
2026-08-05,157.6
2026-08-06,158.409
2026-08-09,157.891
2026-08-10,159.156
2026-08-11,159.265
2026-08-12,159.328
2026-08-13,159.426
2026-08-16,159.223
2026-08-17,159.34
2026-08-18,159.55
2026-08-19,158.276
2026-08-21,158.71
