Date,Close
2003-01-02,21.12
2003-01-03,21.19
2003-01-06,21.38
2003-01-07,21.26
2003-01-08,21.0
2003-01-09,21.27
2003-01-10,21.23
2003-01-13,21.19
2003-01-14,21.23
2003-01-15,20.93
2003-01-16,20.81
2003-01-17,20.66
2003-01-21,20.15
2003-01-22,19.77
2003-01-23,20.13
2003-01-24,19.51
2003-01-27,19.36
2003-01-28,19.48
2003-01-29,19.5
2003-01-30,19.16
2003-01-31,19.48
2003-02-03,19.65
2003-02-04,19.48
2003-02-05,19.5
2003-02-06,19.34
2003-02-07,19.15
2003-02-10,19.17
2003-02-11,18.97
2003-02-12,18.81
2003-02-13,18.57
2003-02-14,19.0
2003-02-18,19.21
2003-02-19,19.3
2003-02-20,19.2
2003-02-21,19.5
2003-02-24,18.85
2003-02-25,19.15
2003-02-26,19.0
2003-02-27,19.13
2003-02-28,19.18
2003-03-03,19.1
2003-03-04,18.75
2003-03-05,18.9
2003-03-06,18.76
2003-03-07,18.83
2003-03-10,18.35
2003-03-11,18.01
2003-03-12,18.22
2003-03-13,18.75
2003-03-14,19.05
2003-03-17,19.59
2003-03-18,19.85
2003-03-19,19.97
2003-03-20,19.96
2003-03-21,20.58
2003-03-24,19.85
2003-03-25,19.89
2003-03-26,19.89
2003-03-27,19.84
2003-03-28,19.62
2003-03-31,19.31
2003-04-01,19.58
2003-04-02,20.02
2003-04-03,20.0
2003-04-04,20.05
2003-04-07,20.2
2003-04-08,20.12
2003-04-09,19.88
2003-04-10,19.91
2003-04-11,19.94
2003-04-14,20.28
2003-04-15,20.45
2003-04-16,20.17
2003-04-17,20.5
2003-04-21,20.32
2003-04-22,20.93
2003-04-23,21.1
2003-04-24,20.9
2003-04-25,20.74
2003-04-28,21.11
2003-04-29,21.17
2003-04-30,21.4
2003-05-01,21.08
2003-05-02,21.37
2003-05-05,21.3
2003-05-06,21.36
2003-05-07,21.33
2003-05-08,21.13
2003-05-09,21.45
2003-05-12,21.61
2003-05-13,21.54
2003-05-14,21.47
2003-05-15,21.7
2003-05-16,21.6
2003-05-19,21.04
2003-05-20,21.16
2003-05-21,21.04
2003-05-22,21.2
2003-05-23,21.28
2003-05-27,21.8
2003-05-28,21.72
2003-05-29,21.48
2003-05-30,21.98
2003-06-02,22.2
2003-06-03,22.23
2003-06-04,22.52
2003-06-05,22.58
2003-06-06,22.77
2003-06-09,22.47
2003-06-10,22.59
2003-06-11,23.04
2003-06-12,23.1
2003-06-13,22.85
2003-06-16,23.4
2003-06-17,23.41
2003-06-18,23.29
2003-06-19,22.86
2003-06-20,22.92
2003-06-23,22.64
2003-06-24,22.65
2003-06-25,22.3
2003-06-26,22.57
2003-06-27,22.35
2003-06-30,22.39
2003-07-01,22.44
2003-07-02,22.5
2003-07-03,22.48
2003-07-07,22.78
2003-07-08,22.95
2003-07-09,22.7
2003-07-10,22.4
2003-07-11,22.63
2003-07-14,22.55
2003-07-15,22.41
2003-07-16,22.36
2003-07-17,22.3
2003-07-18,22.6
2003-07-21,22.5
2003-07-22,22.78
2003-07-23,22.71
2003-07-24,22.71
2003-07-25,23.22
2003-07-28,23.24
2003-07-29,22.92
2003-07-30,22.92
2003-07-31,23.13
2003-08-01,22.95
2003-08-04,23.0
2003-08-05,22.61
2003-08-06,22.57
2003-08-07,22.71
2003-08-08,22.74
2003-08-11,22.92
2003-08-12,23.14
2003-08-13,23.06
2003-08-14,23.33
2003-08-15,23.55
2003-08-18,23.9
2003-08-19,24.04
2003-08-20,23.9
2003-08-21,24.18
2003-08-22,23.95
2003-08-25,23.73
2003-08-26,23.87
2003-08-27,23.85
2003-08-28,24.04
2003-08-29,24.03
2003-09-02,24.38
2003-09-03,24.58
2003-09-04,24.56
2003-09-05,24.29
2003-09-08,24.41
2003-09-09,24.15
2003-09-10,23.87
2003-09-11,24.07
2003-09-12,24.06
2003-09-15,24.09
2003-09-16,24.4
2003-09-17,24.3
2003-09-18,24.59
2003-09-19,24.4
2003-09-22,24.08
2003-09-23,24.17
2003-09-24,23.7
2003-09-25,23.52
2003-09-26,23.27
2003-09-29,23.51
2003-09-30,23.29
2003-10-01,23.75
2003-10-02,23.86
2003-10-03,24.1
2003-10-06,24.11
2003-10-07,24.23
2003-10-08,24.12
2003-10-09,24.28
2003-10-10,24.14
2003-10-13,24.24
2003-10-14,24.36
2003-10-15,24.4
2003-10-16,24.41
2003-10-17,24.24
2003-10-20,24.3
2003-10-21,24.26
2003-10-22,23.98
2003-10-23,24.04
2003-10-24,24.05
2003-10-27,24.06
2003-10-28,24.34
2003-10-29,24.5
2003-10-30,24.69
2003-10-31,24.73
2003-11-03,24.85
2003-11-04,24.92
2003-11-05,24.9
2003-11-06,25.03
2003-11-07,24.94
2003-11-10,24.71
2003-11-11,24.62
2003-11-12,25.02
2003-11-13,25.01
2003-11-14,24.82
2003-11-17,24.75
2003-11-18,24.63
2003-11-19,24.85
2003-11-20,24.67
2003-11-21,24.69
2003-11-24,24.99
2003-11-25,25.19
2003-11-26,25.19
2003-11-28,25.22
2003-12-01,25.59
2003-12-02,25.54
2003-12-03,25.56
2003-12-04,25.64
2003-12-05,25.45
2003-12-08,25.68
2003-12-09,25.68
2003-12-10,25.63
2003-12-11,26.03
2003-12-12,26.07
2003-12-15,26.1
2003-12-16,26.26
2003-12-17,26.29
2003-12-18,26.59
2003-12-19,26.48
2003-12-22,26.64
2003-12-23,26.7
2003-12-24,26.6
2003-12-26,26.55
2003-12-29,26.89
2003-12-30,26.73
2003-12-31,26.76
2004-01-02,26.74
2004-01-05,27.0
2004-01-06,26.96
2004-01-07,27.0
2004-01-08,27.17
2004-01-09,26.9
2004-01-12,26.99
2004-01-13,26.88
2004-01-14,27.25
2004-01-15,27.29
2004-01-16,27.8
2004-01-20,27.46
2004-01-21,27.65
2004-01-22,27.52
2004-01-23,27.42
2004-01-26,27.77
2004-01-27,27.5
2004-01-28,27.07
2004-01-29,27.08
2004-01-30,27.03
2004-02-02,26.98
2004-02-03,26.88
2004-02-04,26.75
2004-02-05,27.0
2004-02-06,27.12
2004-02-09,27.05
2004-02-10,27.03
2004-02-11,27.33
2004-02-12,27.31
2004-02-13,27.18
2004-02-17,27.39
2004-02-18,27.25
2004-02-19,27.04
2004-02-20,26.99
2004-02-23,26.89
2004-02-24,26.89
2004-02-25,26.82
2004-02-26,26.84
2004-02-27,26.83
2004-03-01,26.97
2004-03-02,26.88
2004-03-03,26.87
2004-03-04,26.97
2004-03-05,27.03
2004-03-08,26.57
2004-03-09,26.39
2004-03-10,25.9
2004-03-11,25.51
2004-03-12,25.95
2004-03-15,25.63
2004-03-16,25.92
2004-03-17,26.24
2004-03-18,26.27
2004-03-19,25.85
2004-03-22,25.5
2004-03-23,25.43
2004-03-24,25.43
2004-03-25,25.85
2004-03-26,25.99
2004-03-29,26.3
2004-03-30,26.46
2004-03-31,26.41
2004-04-01,26.56
2004-04-02,26.86
2004-04-05,27.18
2004-04-06,27.16
2004-04-07,27.1
2004-04-08,26.95
2004-04-12,27.22
2004-04-13,26.8
2004-04-14,26.78
2004-04-15,26.86
2004-04-16,27.1
2004-04-19,26.95
2004-04-20,26.68
2004-04-21,26.85
2004-04-22,27.44
2004-04-23,27.32
2004-04-26,27.18
2004-04-27,27.2
2004-04-28,26.84
2004-04-29,26.6
2004-04-30,26.4
2004-05-03,26.7
2004-05-04,26.81
2004-05-05,26.83
2004-05-06,26.69
2004-05-07,26.22
2004-05-10,25.84
2004-05-11,26.0
2004-05-12,26.22
2004-05-13,26.22
2004-05-14,26.17
2004-05-17,25.88
2004-05-18,26.14
2004-05-19,26.1
2004-05-20,26.04
2004-05-21,26.22
2004-05-24,26.42
2004-05-25,26.8
2004-05-26,26.86
2004-05-27,27.05
2004-05-28,27.05
2004-06-01,27.05
2004-06-02,27.3
2004-06-03,27.1
2004-06-04,27.25
2004-06-07,27.72
2004-06-08,27.78
2004-06-09,27.54
2004-06-10,27.73
2004-06-14,27.58
2004-06-15,27.83
2004-06-16,27.9
2004-06-17,27.92
2004-06-18,28.02
2004-06-21,27.91
2004-06-22,28.17
2004-06-23,28.57
2004-06-24,28.51
2004-06-25,28.47
2004-06-28,28.26
2004-06-29,28.48
2004-06-30,28.66
2004-07-01,28.23
2004-07-02,27.99
2004-07-06,27.93
2004-07-07,27.98
2004-07-08,27.82
2004-07-09,28.05
2004-07-12,28.09
2004-07-13,28.15
2004-07-14,28.1
2004-07-15,28.24
2004-07-16,28.13
2004-07-19,28.01
2004-07-20,28.18
2004-07-21,27.81
2004-07-22,27.64
2004-07-23,27.51
2004-07-26,27.42
2004-07-27,27.7
2004-07-28,27.87
2004-07-29,27.9
2004-07-30,27.86
2004-08-02,27.99
2004-08-03,27.84
2004-08-04,27.84
2004-08-05,27.27
2004-08-06,26.71
2004-08-09,26.77
2004-08-10,27.22
2004-08-11,27.19
2004-08-12,26.79
2004-08-13,26.74
2004-08-16,27.24
2004-08-17,27.22
2004-08-18,27.65
2004-08-19,27.32
2004-08-20,27.59
2004-08-23,27.58
2004-08-24,27.6
2004-08-25,27.9
2004-08-26,27.91
2004-08-27,27.9
2004-08-30,27.75
2004-08-31,27.88
2004-09-01,27.89
2004-09-02,28.27
2004-09-03,28.19
2004-09-07,28.4
2004-09-08,28.35
2004-09-09,28.28
2004-09-10,28.36
2004-09-13,28.39
2004-09-14,28.46
2004-09-15,28.2
2004-09-16,28.38
2004-09-17,28.59
2004-09-20,28.44
2004-09-21,28.55
2004-09-22,28.15
2004-09-23,27.88
2004-09-24,27.98
2004-09-27,27.76
2004-09-28,28.04
2004-09-29,28.14
2004-09-30,28.38
2004-10-01,28.78
2004-10-04,28.75
2004-10-05,28.63
2004-10-06,28.93
2004-10-07,28.6
2004-10-08,28.37
2004-10-11,28.4
2004-10-12,28.39
2004-10-13,28.06
2004-10-14,27.94
2004-10-15,28.14
2004-10-18,28.22
2004-10-19,27.97
2004-10-20,27.89
2004-10-21,28.03
2004-10-22,27.78
2004-10-25,27.78
2004-10-26,28.2
2004-10-27,28.6
2004-10-28,28.54
2004-10-29,28.67
2004-11-01,28.76
2004-11-02,28.79
2004-11-03,29.11
2004-11-04,29.59
2004-11-05,29.82
2004-11-08,29.9
2004-11-09,30.01
2004-11-10,30.1
2004-11-11,30.45
2004-11-12,30.56
2004-11-15,30.54
2004-11-16,30.34
2004-11-17,30.56
2004-11-18,30.73
2004-11-19,30.36
2004-11-22,30.43
2004-11-23,30.38
2004-11-24,30.52
2004-11-26,30.52
2004-11-29,30.4
2004-11-30,30.47
2004-12-01,30.98
2004-12-02,30.88
2004-12-03,30.89
2004-12-06,30.72
2004-12-07,30.47
2004-12-08,30.55
2004-12-09,30.74
2004-12-10,30.85
2004-12-13,31.19
2004-12-14,31.25
2004-12-15,31.29
2004-12-16,31.11
2004-12-17,30.92
2004-12-20,30.94
2004-12-21,31.11
2004-12-22,31.21
2004-12-23,31.25
2004-12-27,31.07
2004-12-28,31.24
2004-12-29,31.16
2004-12-30,31.18
2004-12-31,31.07
2005-01-03,30.8
2005-01-04,30.42
2005-01-05,30.21
2005-01-06,30.31
2005-01-07,30.17
2005-01-10,30.28
2005-01-11,30.14
2005-01-12,30.18
2005-01-13,29.89
2005-01-14,30.09
2005-01-18,30.21
2005-01-19,29.97
2005-01-20,29.7
2005-01-21,29.51
2005-01-24,29.42
2005-01-25,29.7
2005-01-26,29.76
2005-01-27,29.84
2005-01-28,29.81
2005-01-31,30.2
2005-02-01,30.29
2005-02-02,30.29
2005-02-03,30.2
2005-02-04,30.45
2005-02-07,30.43
2005-02-08,30.6
2005-02-09,30.28
2005-02-10,30.42
2005-02-11,30.62
2005-02-14,30.59
2005-02-15,30.69
2005-02-16,30.78
2005-02-17,30.5
2005-02-18,30.5
2005-02-22,30.01
2005-02-23,30.05
2005-02-24,30.48
2005-02-25,30.73
2005-02-28,30.55
2005-03-01,30.65
2005-03-02,30.74
2005-03-03,30.81
2005-03-04,31.24
2005-03-07,31.39
2005-03-08,31.37
2005-03-09,31.03
2005-03-10,31.1
2005-03-11,31.02
2005-03-14,31.19
2005-03-15,31.02
2005-03-16,30.66
2005-03-17,30.65
2005-03-18,30.58
2005-03-21,30.68
2005-03-22,30.51
2005-03-23,30.32
2005-03-24,30.47
2005-03-28,30.44
2005-03-29,29.94
2005-03-30,30.51
2005-03-31,30.43
2005-04-01,30.14
2005-04-04,30.11
2005-04-05,30.26
2005-04-06,30.27
2005-04-07,30.52
2005-04-08,30.21
2005-04-11,30.27
2005-04-12,30.51
2005-04-13,29.98
2005-04-14,29.53
2005-04-15,28.95
2005-04-18,29.04
2005-04-19,29.17
2005-04-20,28.87
2005-04-21,29.64
2005-04-22,29.29
2005-04-25,29.64
2005-04-26,29.26
2005-04-27,29.3
2005-04-28,28.98
2005-04-29,29.32
2005-05-02,29.48
2005-05-03,29.27
2005-05-04,29.61
2005-05-05,29.46
2005-05-06,29.58
2005-05-09,29.78
2005-05-10,29.43
2005-05-11,29.64
2005-05-12,29.32
2005-05-13,29.17
2005-05-16,29.58
2005-05-17,29.78
2005-05-18,30.23
2005-05-19,30.27
2005-05-20,30.26
2005-05-23,30.47
2005-05-24,30.39
2005-05-25,30.13
2005-05-26,30.35
2005-05-27,30.33
2005-05-31,30.25
2005-06-01,30.36
2005-06-02,30.36
2005-06-03,30.22
2005-06-06,30.24
2005-06-07,30.37
2005-06-08,30.18
2005-06-09,30.19
2005-06-10,30.15
2005-06-13,30.2
2005-06-14,30.13
2005-06-15,30.16
2005-06-16,30.19
2005-06-17,30.36
2005-06-20,30.25
2005-06-21,30.24
2005-06-22,30.09
2005-06-23,29.48
2005-06-24,29.29
2005-06-27,29.25
2005-06-28,29.76
2005-06-29,29.57
2005-06-30,29.38
2005-07-01,29.48
2005-07-05,29.57
2005-07-06,29.24
2005-07-07,29.31
2005-07-08,29.82
2005-07-11,29.87
2005-07-12,29.71
2005-07-13,29.8
2005-07-14,30.07
2005-07-15,30.03
2005-07-18,29.97
2005-07-19,30.22
2005-07-20,30.57
2005-07-21,30.41
2005-07-22,30.5
2005-07-25,30.28
2005-07-26,30.43
2005-07-27,30.55
2005-07-28,30.72
2005-07-29,30.5
2005-08-01,30.48
2005-08-02,30.44
2005-08-03,30.38
2005-08-04,30.18
2005-08-05,30.02
2005-08-08,29.95
2005-08-09,30.17
2005-08-10,30.15
2005-08-11,30.4
2005-08-12,30.27
2005-08-15,30.33
2005-08-16,29.98
2005-08-17,30.06
2005-08-18,29.93
2005-08-19,30.05
2005-08-22,30.11
2005-08-23,29.97
2005-08-24,29.73
2005-08-25,29.78
2005-08-26,29.62
2005-08-29,29.8
2005-08-30,29.56
2005-08-31,29.78
2005-09-01,29.66
2005-09-02,29.76
2005-09-06,30.11
2005-09-07,30.23
2005-09-08,30.06
2005-09-09,30.23
2005-09-12,30.42
2005-09-13,30.29
2005-09-14,30.06
2005-09-15,30.02
2005-09-16,30.11
2005-09-19,29.71
2005-09-20,29.51
2005-09-21,29.41
2005-09-22,29.53
2005-09-23,29.75
2005-09-26,29.71
2005-09-27,29.87
2005-09-28,29.88
2005-09-29,30.02
2005-09-30,30.16
2005-10-03,29.98
2005-10-04,29.71
2005-10-05,29.34
2005-10-06,29.54
2005-10-07,29.8
2005-10-10,29.57
2005-10-11,29.41
2005-10-12,29.41
2005-10-13,29.37
2005-10-14,29.63
2005-10-17,29.69
2005-10-18,29.48
2005-10-19,29.87
2005-10-20,29.49
2005-10-21,29.29
2005-10-24,29.74
2005-10-25,29.7
2005-10-26,29.44
2005-10-27,29.18
2005-10-28,29.65
2005-10-31,29.73
2005-11-01,29.64
2005-11-02,29.94
2005-11-03,30.07
2005-11-04,30.09
2005-11-07,30.2
2005-11-08,30.01
2005-11-09,30.08
2005-11-10,30.47
2005-11-11,30.53
2005-11-14,30.59
2005-11-15,30.58
2005-11-16,30.69
2005-11-17,30.98
2005-11-18,31.3
2005-11-21,31.48
2005-11-22,31.56
2005-11-23,31.6
2005-11-25,31.61
2005-11-28,31.44
2005-11-29,31.51
2005-11-30,31.46
2005-12-01,31.81
2005-12-02,31.69
2005-12-05,31.52
2005-12-06,31.65
2005-12-07,31.42
2005-12-08,31.28
2005-12-09,31.45
2005-12-12,31.46
2005-12-13,31.49
2005-12-14,31.76
2005-12-15,31.81
2005-12-16,31.67
2005-12-19,31.36
2005-12-20,31.38
2005-12-21,31.54
2005-12-22,31.78
2005-12-23,31.84
2005-12-27,31.56
2005-12-28,31.61
2005-12-29,31.6
2005-12-30,31.42
2006-01-03,31.63
2006-01-04,31.71
2006-01-05,31.66
2006-01-06,31.78
2006-01-09,32.04
2006-01-10,31.95
2006-01-11,31.97
2006-01-12,31.73
2006-01-13,31.62
2006-01-17,31.46
2006-01-18,31.5
2006-01-19,31.65
2006-01-20,30.96
2006-01-23,30.98
2006-01-24,31.21
2006-01-25,31.2
2006-01-26,31.55
2006-01-27,31.62
2006-01-30,31.69
2006-01-31,31.51
2006-02-01,31.78
2006-02-02,31.51
2006-02-03,31.44
2006-02-06,31.55
2006-02-07,31.32
2006-02-08,31.47
2006-02-09,31.65
2006-02-10,31.86
2006-02-13,31.9
2006-02-14,32.28
2006-02-15,32.37
2006-02-16,32.46
2006-02-17,32.54
2006-02-21,32.41
2006-02-22,32.75
2006-02-23,32.64
2006-02-24,32.66
2006-02-27,32.87
2006-02-28,32.49
2006-03-01,32.75
2006-03-02,32.66
2006-03-03,32.74
2006-03-06,32.57
2006-03-07,32.59
2006-03-08,32.55
2006-03-09,32.51
2006-03-10,32.85
2006-03-13,32.83
2006-03-14,33.14
2006-03-15,33.64
2006-03-16,33.66
2006-03-17,33.79
2006-03-20,33.73
2006-03-21,33.6
2006-03-22,33.85
2006-03-23,33.71
2006-03-24,33.68
2006-03-27,33.71
2006-03-28,33.47
2006-03-29,33.81
2006-03-30,33.81
2006-03-31,33.8
2006-04-03,33.92
2006-04-04,34.15
2006-04-05,34.17
2006-04-06,34.12
2006-04-07,33.95
2006-04-10,33.83
2006-04-11,33.77
2006-04-12,34.0
2006-04-13,33.86
2006-04-17,33.69
2006-04-18,34.5
2006-04-19,34.72
2006-04-20,34.85
2006-04-21,34.89
2006-04-24,35.01
2006-04-25,34.6
2006-04-26,34.79
2006-04-27,34.6
2006-04-28,34.53
2006-05-01,34.62
2006-05-02,34.9
2006-05-03,34.91
2006-05-04,35.33
2006-05-05,35.68
2006-05-08,35.65
2006-05-09,35.65
2006-05-10,35.67
2006-05-11,35.49
2006-05-12,34.93
2006-05-15,34.94
2006-05-16,34.93
2006-05-17,34.21
2006-05-18,33.93
2006-05-19,34.04
2006-05-22,33.97
2006-05-23,33.81
2006-05-24,33.72
2006-05-25,33.95
2006-05-26,34.14
2006-05-30,33.7
2006-05-31,33.94
2006-06-01,34.29
2006-06-02,34.34
2006-06-05,33.6
2006-06-06,33.47
2006-06-07,33.1
2006-06-08,33.12
2006-06-09,32.84
2006-06-12,32.43
2006-06-13,32.33
2006-06-14,32.61
2006-06-15,33.35
2006-06-16,33.26
2006-06-19,33.0
2006-06-20,32.96
2006-06-21,33.35
2006-06-22,33.15
2006-06-23,33.24
2006-06-26,33.33
2006-06-27,33.02
2006-06-28,33.12
2006-06-29,33.82
2006-06-30,33.81
2006-07-03,33.93
2006-07-05,33.68
2006-07-06,33.77
2006-07-07,33.27
2006-07-10,33.36
2006-07-11,33.45
2006-07-12,33.11
2006-07-13,32.46
2006-07-14,32.0
2006-07-17,31.89
2006-07-18,32.04
2006-07-19,32.69
2006-07-20,32.02
2006-07-21,31.7
2006-07-24,32.22
2006-07-25,32.13
2006-07-26,31.72
2006-07-27,31.66
2006-07-28,32.02
2006-07-31,31.89
2006-08-01,31.69
2006-08-02,31.89
2006-08-03,32.15
2006-08-04,32.06
2006-08-07,31.93
2006-08-08,31.65
2006-08-09,31.16
2006-08-10,31.41
2006-08-11,31.23
2006-08-14,31.29
2006-08-15,31.86
2006-08-16,32.57
2006-08-17,32.61
2006-08-18,32.53
2006-08-21,32.24
2006-08-22,32.34
2006-08-23,32.1
2006-08-24,31.93
2006-08-25,31.94
2006-08-28,32.07
2006-08-29,32.15
2006-08-30,32.18
2006-08-31,32.25
2006-09-01,32.48
2006-09-05,32.55
2006-09-06,32.21
2006-09-07,32.13
2006-09-08,32.19
2006-09-11,32.22
2006-09-12,32.52
2006-09-13,32.85
2006-09-14,32.7
2006-09-15,32.73
2006-09-18,32.81
2006-09-19,32.68
2006-09-20,32.86
2006-09-21,32.55
2006-09-22,32.39
2006-09-25,32.78
2006-09-26,33.19
2006-09-27,33.27
2006-09-28,33.5
2006-09-29,33.34
2006-10-02,33.44
2006-10-03,33.65
2006-10-04,34.15
2006-10-05,34.32
2006-10-06,34.25
2006-10-09,34.29
2006-10-10,34.34
2006-10-11,34.35
2006-10-12,34.64
2006-10-13,34.56
2006-10-16,34.79
2006-10-17,34.6
2006-10-18,34.51
2006-10-19,34.43
2006-10-20,34.28
2006-10-23,34.46
2006-10-24,34.48
2006-10-25,34.51
2006-10-26,34.5
2006-10-27,34.25
2006-10-30,34.36
2006-10-31,34.28
2006-11-01,34.11
2006-11-02,33.99
2006-11-03,33.92
2006-11-06,34.22
2006-11-07,34.61
2006-11-08,34.66
2006-11-09,34.45
2006-11-10,34.5
2006-11-13,34.77
2006-11-14,34.88
2006-11-15,35.22
2006-11-16,35.38
2006-11-17,35.4
2006-11-20,35.28
2006-11-21,35.4
2006-11-22,35.54
2006-11-24,35.47
2006-11-27,34.9
2006-11-28,34.86
2006-11-29,35.14
2006-11-30,35.12
2006-12-01,34.92
2006-12-04,35.37
2006-12-05,35.45
2006-12-06,35.33
2006-12-07,35.27
2006-12-08,35.31
2006-12-11,35.15
2006-12-12,35.21
2006-12-13,35.09
2006-12-14,35.29
2006-12-15,35.2
2006-12-18,35.24
2006-12-19,35.25
2006-12-20,35.3
2006-12-21,35.23
2006-12-22,35.01
2006-12-26,35.18
2006-12-27,35.36
2006-12-28,35.24
2006-12-29,35.01
2007-01-03,35.23
2007-01-04,35.08
2007-01-05,34.96
2007-01-08,35.09
2007-01-09,35.07
2007-01-10,35.19
2007-01-11,35.48
2007-01-12,35.58
2007-01-16,35.77
2007-01-17,35.8
2007-01-18,35.64
2007-01-19,35.62
2007-01-22,35.23
2007-01-23,35.64
2007-01-24,35.54
2007-01-25,35.35
2007-01-26,35.21
2007-01-29,35.29
2007-01-30,35.27
2007-01-31,35.74
2007-02-01,36.05
2007-02-02,36.19
2007-02-05,36.26
2007-02-06,36.27
2007-02-07,36.24
2007-02-08,35.99
2007-02-09,35.85
2007-02-12,35.91
2007-02-13,36.2
2007-02-14,36.73
2007-02-15,36.81
2007-02-16,36.66
2007-02-20,36.72
2007-02-21,36.82
2007-02-22,36.7
2007-02-23,36.6
2007-02-26,36.39
2007-02-27,35.3
2007-02-28,35.34
2007-03-01,35.28
2007-03-02,34.84
2007-03-05,34.75
2007-03-06,35.15
2007-03-07,35.01
2007-03-08,35.27
2007-03-09,35.45
2007-03-12,35.62
2007-03-13,35.02
2007-03-14,35.16
2007-03-15,35.2
2007-03-16,35.25
2007-03-19,35.5
2007-03-20,35.59
2007-03-21,36.08
2007-03-22,36.15
2007-03-23,36.36
2007-03-26,36.06
2007-03-27,35.89
2007-03-28,35.6
2007-03-29,35.59
2007-03-30,35.55
2007-04-02,35.61
2007-04-03,35.86
2007-04-04,35.72
2007-04-05,35.83
2007-04-09,35.79
2007-04-10,35.78
2007-04-11,35.64
2007-04-12,36.07
2007-04-13,36.06
2007-04-16,36.35
2007-04-17,36.35
2007-04-18,36.45
2007-04-19,36.57
2007-04-20,36.82
2007-04-23,36.96
2007-04-24,36.85
2007-04-25,37.23
2007-04-26,37.21
2007-04-27,37.64
2007-04-30,37.2
2007-05-01,37.43
2007-05-02,37.67
2007-05-03,37.94
2007-05-04,37.98
2007-05-07,38.08
2007-05-08,38.06
2007-05-09,38.16
2007-05-10,37.9
2007-05-11,38.19
2007-05-14,38.02
2007-05-15,38.12
2007-05-16,38.31
2007-05-17,38.38
2007-05-18,38.25
2007-05-21,38.47
2007-05-22,38.39
2007-05-23,38.58
2007-05-24,38.27
2007-05-25,38.5
2007-05-29,38.75
2007-05-30,38.92
2007-05-31,39.13
2007-06-01,39.28
2007-06-04,39.29
2007-06-05,39.17
2007-06-06,38.75
2007-06-07,38.12
2007-06-08,38.65
2007-06-11,38.7
2007-06-12,38.2
2007-06-13,39.11
2007-06-14,39.31
2007-06-15,39.42
2007-06-18,39.4
2007-06-19,39.52
2007-06-20,39.3
2007-06-21,39.38
2007-06-22,39.15
2007-06-25,39.05
2007-06-26,38.72
2007-06-27,39.1
2007-06-28,38.9
2007-06-29,39.04
2007-07-02,39.32
2007-07-03,39.6
2007-07-05,39.56
2007-07-06,39.8
2007-07-09,40.1
2007-07-10,39.43
2007-07-11,39.85
2007-07-12,40.44
2007-07-13,40.72
2007-07-16,40.98
2007-07-17,41.22
2007-07-18,41.13
2007-07-19,41.5
2007-07-20,40.9
2007-07-23,41.17
2007-07-24,40.6
2007-07-25,40.7
2007-07-26,39.85
2007-07-27,39.11
2007-07-30,39.95
2007-07-31,39.41
2007-08-01,39.7
2007-08-02,39.97
2007-08-03,39.15
2007-08-06,39.74
2007-08-07,39.74
2007-08-08,40.05
2007-08-09,38.98
2007-08-10,38.53
2007-08-13,39.05
2007-08-14,38.05
2007-08-15,37.6
2007-08-16,37.62
2007-08-17,38.0
2007-08-20,38.55
2007-08-21,38.4
2007-08-22,39.09
2007-08-23,38.88
2007-08-24,39.2
2007-08-27,39.11
2007-08-28,38.17
2007-08-29,39.07
2007-08-30,38.83
2007-08-31,39.42
2007-09-04,39.6
2007-09-05,39.2
2007-09-06,39.52
2007-09-07,38.71
2007-09-10,38.74
2007-09-11,39.09
2007-09-12,39.06
2007-09-13,39.47
2007-09-14,39.54
2007-09-17,39.2
2007-09-18,40.47
2007-09-19,40.9
2007-09-20,40.56
2007-09-21,40.63
2007-09-24,40.24
2007-09-25,40.4
2007-09-26,40.68
2007-09-27,40.86
2007-09-28,41.08
2007-10-01,41.61
2007-10-02,41.27
2007-10-03,40.99
2007-10-04,41.13
2007-10-05,41.58
2007-10-08,41.51
2007-10-09,41.9
2007-10-10,41.44
2007-10-11,41.14
2007-10-12,41.32
2007-10-15,41.0
2007-10-16,40.82
2007-10-17,40.93
2007-10-18,41.04
2007-10-19,39.9
2007-10-22,40.05
2007-10-23,40.32
2007-10-24,40.2
2007-10-25,40.27
2007-10-26,40.3
2007-10-29,40.56
2007-10-30,40.2
2007-10-31,40.55
2007-11-01,39.86
2007-11-02,40.22
2007-11-05,40.05
2007-11-06,40.68
2007-11-07,39.7
2007-11-08,39.71
2007-11-09,38.92
2007-11-12,38.5
2007-11-13,39.48
2007-11-14,39.35
2007-11-15,38.8
2007-11-16,38.81
2007-11-19,38.25
2007-11-20,38.31
2007-11-21,37.67
2007-11-23,38.17
2007-11-26,37.57
2007-11-27,38.32
2007-11-28,39.25
2007-11-29,39.25
2007-11-30,39.4
2007-12-03,39.0
2007-12-04,38.91
2007-12-05,39.55
2007-12-06,40.0
2007-12-07,40.3
2007-12-10,40.49
2007-12-11,39.2
2007-12-12,39.7
2007-12-13,39.9
2007-12-14,39.46
2007-12-17,38.75
2007-12-18,38.86
2007-12-19,38.73
2007-12-20,39.05
2007-12-21,39.55
2007-12-24,39.99
2007-12-26,39.84
2007-12-27,39.38
2007-12-28,39.34
2007-12-31,39.16
2008-01-02,38.51
2008-01-03,38.54
2008-01-04,37.75
2008-01-07,37.28
2008-01-08,36.45
2008-01-09,36.56
2008-01-10,37.07
2008-01-11,36.44
2008-01-14,36.89
2008-01-15,36.12
2008-01-16,35.7
2008-01-17,34.75
2008-01-18,34.68
2008-01-22,34.8
2008-01-23,35.75
2008-01-24,35.96
2008-01-25,35.8
2008-01-28,36.33
2008-01-29,36.65
2008-01-30,36.8
2008-01-31,37.0
2008-02-01,37.85
2008-02-04,37.44
2008-02-05,36.49
2008-02-06,36.43
2008-02-07,36.44
2008-02-08,36.17
2008-02-11,36.53
2008-02-12,36.9
2008-02-13,37.56
2008-02-14,37.0
2008-02-15,36.77
2008-02-19,36.95
2008-02-20,37.07
2008-02-21,36.78
2008-02-22,37.15
2008-02-25,37.44
2008-02-26,37.47
2008-02-27,37.54
2008-02-28,37.27
2008-02-29,36.25
2008-03-03,36.78
2008-03-04,36.35
2008-03-05,36.83
2008-03-06,36.13
2008-03-07,35.61
2008-03-10,35.04
2008-03-11,36.23
2008-03-12,36.16
2008-03-13,36.66
2008-03-14,36.08
2008-03-17,35.9
2008-03-18,37.79
2008-03-19,36.41
2008-03-20,36.63
2008-03-24,37.46
2008-03-25,37.69
2008-03-26,37.39
2008-03-27,36.98
2008-03-28,36.84
2008-03-31,37.4
2008-04-01,38.25
2008-04-02,38.42
2008-04-03,38.25
2008-04-04,38.4
2008-04-07,38.16
2008-04-08,38.13
2008-04-09,37.76
2008-04-10,37.92
2008-04-11,36.43
2008-04-14,36.45
2008-04-15,36.62
2008-04-16,37.64
2008-04-17,37.2
2008-04-18,38.32
2008-04-21,38.19
2008-04-22,37.58
2008-04-23,37.6
2008-04-24,37.84
2008-04-25,38.37
2008-04-28,38.59
2008-04-29,38.23
2008-04-30,38.5
2008-05-01,38.75
2008-05-02,38.9
2008-05-05,38.8
2008-05-06,38.95
2008-05-07,38.35
2008-05-08,38.48
2008-05-09,38.24
2008-05-12,38.85
2008-05-13,39.11
2008-05-14,39.15
2008-05-15,39.38
2008-05-16,39.28
2008-05-19,39.72
2008-05-20,39.09
2008-05-21,38.43
2008-05-22,38.34
2008-05-23,37.79
2008-05-27,38.19
2008-05-28,38.45
2008-05-29,38.6
2008-05-30,38.84
2008-06-02,38.51
2008-06-03,38.38
2008-06-04,38.23
2008-06-05,38.51
2008-06-06,37.01
2008-06-09,37.39
2008-06-10,37.17
2008-06-11,36.47
2008-06-12,36.6
2008-06-13,37.02
2008-06-16,36.82
2008-06-17,36.74
2008-06-18,36.21
2008-06-19,36.68
2008-06-20,35.9
2008-06-23,35.97
2008-06-24,35.54
2008-06-25,35.28
2008-06-26,34.7
2008-06-27,33.7
2008-06-30,34.01
2008-07-01,33.99
2008-07-02,32.95
2008-07-03,33.41
2008-07-07,33.37
2008-07-08,34.14
2008-07-09,33.19
2008-07-10,33.7
2008-07-11,33.09
2008-07-14,33.24
2008-07-15,32.58
2008-07-16,33.33
2008-07-17,34.25
2008-07-18,34.3
2008-07-21,34.33
2008-07-22,34.75
2008-07-23,35.02
2008-07-24,34.15
2008-07-25,34.47
2008-07-28,33.68
2008-07-29,34.95
2008-07-30,35.36
2008-07-31,34.28
2008-08-01,34.25
2008-08-04,34.1
2008-08-05,35.05
2008-08-06,35.72
2008-08-07,34.52
2008-08-08,35.71
2008-08-11,35.8
2008-08-12,35.45
2008-08-13,35.32
2008-08-14,35.45
2008-08-15,35.65
2008-08-18,35.25
2008-08-19,34.81
2008-08-20,34.53
2008-08-21,34.61
2008-08-22,35.29
2008-08-25,34.74
2008-08-26,34.73
2008-08-27,34.83
2008-08-28,35.61
2008-08-29,35.22
2008-09-02,35.23
2008-09-03,34.97
2008-09-04,33.77
2008-09-05,33.76
2008-09-08,34.3
2008-09-09,33.29
2008-09-10,33.43
2008-09-11,34.2
2008-09-12,34.11
2008-09-15,32.74
2008-09-16,32.84
2008-09-17,31.73
2008-09-18,32.38
2008-09-19,33.11
2008-09-22,32.23
2008-09-23,31.52
2008-09-24,31.45
2008-09-25,31.7
2008-09-26,31.57
2008-09-29,30.5
2008-09-30,30.8
2008-10-01,30.07
2008-10-02,28.27
2008-10-03,27.82
2008-10-06,27.09
2008-10-07,26.19
2008-10-08,25.79
2008-10-09,24.32
2008-10-10,23.54
2008-10-13,26.06
2008-10-14,26.05
2008-10-15,23.6
2008-10-16,24.08
2008-10-17,23.56
2008-10-20,24.73
2008-10-21,24.51
2008-10-22,23.38
2008-10-23,23.44
2008-10-24,22.09
2008-10-27,21.24
2008-10-28,23.42
2008-10-29,23.52
2008-10-30,24.37
2008-10-31,25.18
2008-11-03,24.75
2008-11-04,25.83
2008-11-05,24.75
2008-11-06,23.59
2008-11-07,23.83
2008-11-10,23.84
2008-11-11,23.31
2008-11-12,22.2
2008-11-13,23.39
2008-11-14,22.4
2008-11-17,21.95
2008-11-18,21.97
2008-11-19,20.55
2008-11-20,20.0
2008-11-21,20.59
2008-11-24,21.62
2008-11-25,21.93
2008-11-26,22.62
2008-11-28,23.11
2008-12-01,21.21
2008-12-02,22.19
2008-12-03,22.57
2008-12-04,22.12
2008-12-05,22.66
2008-12-08,23.25
2008-12-09,22.84
2008-12-10,23.21
2008-12-11,22.21
2008-12-12,22.27
2008-12-15,22.26
2008-12-16,23.36
2008-12-17,23.37
2008-12-18,22.55
2008-12-19,22.58
2008-12-22,22.23
2008-12-23,22.16
2008-12-24,22.3
2008-12-26,22.47
2008-12-29,22.05
2008-12-30,22.87
2008-12-31,23.42
2009-01-02,24.28
2009-01-05,24.09
2009-01-06,24.62
2009-01-07,23.52
2009-01-08,23.75
2009-01-09,23.23
2009-01-12,22.72
2009-01-13,22.33
2009-01-14,21.5
2009-01-15,21.7
2009-01-16,21.82
2009-01-20,20.81
2009-01-21,21.34
2009-01-22,21.27
2009-01-23,20.63
2009-01-26,20.87
2009-01-27,21.25
2009-01-28,21.86
2009-01-29,21.06
2009-01-30,20.61
2009-02-02,20.14
2009-02-03,20.51
2009-02-04,20.4
2009-02-05,20.64
2009-02-06,21.14
2009-02-09,21.54
2009-02-10,20.41
2009-02-11,20.57
2009-02-12,20.34
2009-02-13,20.34
2009-02-17,19.31
2009-02-18,19.34
2009-02-19,18.91
2009-02-20,18.62
2009-02-23,17.9
2009-02-24,18.29
2009-02-25,17.85
2009-02-26,17.54
2009-02-27,17.1
2009-03-02,15.98
2009-03-03,15.86
2009-03-04,16.3
2009-03-05,15.67
2009-03-06,15.5
2009-03-09,15.36
2009-03-10,16.52
2009-03-11,16.68
2009-03-12,17.22
2009-03-13,17.25
2009-03-16,17.44
2009-03-17,17.95
2009-03-18,18.29
2009-03-19,18.11
2009-03-20,17.39
2009-03-23,18.65
2009-03-24,18.5
2009-03-25,18.65
2009-03-26,19.65
2009-03-27,19.28
2009-03-30,18.32
2009-03-31,18.43
2009-04-01,18.84
2009-04-02,19.85
2009-04-03,19.87
2009-04-06,19.92
2009-04-07,19.35
2009-04-08,19.52
2009-04-09,20.48
2009-04-13,20.54
2009-04-14,20.24
2009-04-15,20.43
2009-04-16,21.12
2009-04-17,21.11
2009-04-20,20.18
2009-04-21,20.67
2009-04-22,20.99
2009-04-23,21.22
2009-04-24,21.66
2009-04-27,21.23
2009-04-28,20.98
2009-04-29,21.68
2009-04-30,21.76
2009-05-01,22.0
2009-05-04,22.72
2009-05-05,22.79
2009-05-06,23.15
2009-05-07,22.68
2009-05-08,23.51
2009-05-11,22.81
2009-05-12,22.56
2009-05-13,21.63
2009-05-14,21.79
2009-05-15,21.8
2009-05-18,22.6
2009-05-19,22.43
2009-05-20,22.45
2009-05-21,21.77
2009-05-22,21.69
2009-05-26,22.48
2009-05-27,21.75
2009-05-28,21.96
2009-05-29,22.49
2009-06-01,23.53
2009-06-02,23.57
2009-06-03,23.11
2009-06-04,23.53
2009-06-05,23.73
2009-06-08,23.79
2009-06-09,23.74
2009-06-10,23.59
2009-06-11,23.55
2009-06-12,23.59
2009-06-15,22.87
2009-06-16,22.45
2009-06-17,22.28
2009-06-18,22.3
2009-06-19,22.2
2009-06-22,21.46
2009-06-23,21.26
2009-06-24,21.4
2009-06-25,22.06
2009-06-26,21.97
2009-06-29,22.19
2009-06-30,21.96
2009-07-01,22.05
2009-07-02,21.36
2009-07-06,21.37
2009-07-07,20.64
2009-07-08,20.56
2009-07-09,20.75
2009-07-10,20.72
2009-07-13,21.25
2009-07-14,21.56
2009-07-15,22.23
2009-07-16,22.64
2009-07-17,22.38
2009-07-20,22.83
2009-07-21,22.84
2009-07-22,22.91
2009-07-23,23.39
2009-07-24,23.41
2009-07-27,23.54
2009-07-28,23.52
2009-07-29,23.41
2009-07-30,23.79
2009-07-31,23.88
2009-08-03,24.4
2009-08-04,24.58
2009-08-05,24.38
2009-08-06,24.51
2009-08-07,25.12
2009-08-10,24.88
2009-08-11,24.55
2009-08-12,24.98
2009-08-13,25.09
2009-08-14,24.73
2009-08-17,24.0
2009-08-18,24.29
2009-08-19,24.36
2009-08-20,24.66
2009-08-21,25.3
2009-08-24,25.35
2009-08-25,25.49
2009-08-26,25.23
2009-08-27,25.46
2009-08-28,25.32
2009-08-31,25.02
2009-09-01,24.6
2009-09-02,24.5
2009-09-03,24.82
2009-09-04,25.31
2009-09-08,25.53
2009-09-09,25.96
2009-09-10,26.18
2009-09-11,26.35
2009-09-14,26.6
2009-09-15,26.92
2009-09-16,27.26
2009-09-17,27.31
2009-09-18,27.01
2009-09-21,26.85
2009-09-22,27.17
2009-09-23,26.94
2009-09-24,26.5
2009-09-25,26.13
2009-09-28,26.67
2009-09-29,26.61
2009-09-30,26.34
2009-10-01,25.68
2009-10-02,25.35
2009-10-05,25.87
2009-10-06,26.12
2009-10-07,26.02
2009-10-08,26.48
2009-10-09,26.55
2009-10-12,26.5
2009-10-13,26.52
2009-10-14,27.29
2009-10-15,27.25
2009-10-16,27.06
2009-10-19,27.35
2009-10-20,27.16
2009-10-21,26.97
2009-10-22,27.16
2009-10-23,26.68
2009-10-26,26.47
2009-10-27,26.11
2009-10-28,25.57
2009-10-29,26.18
2009-10-30,25.29
2009-11-02,25.58
2009-11-03,26.02
2009-11-04,25.97
2009-11-05,26.64
2009-11-06,26.88
2009-11-09,27.56
2009-11-10,27.4
2009-11-11,27.61
2009-11-12,27.29
2009-11-13,27.5
2009-11-16,28.13
2009-11-17,28.08
2009-11-18,27.93
2009-11-19,27.51
2009-11-20,27.46
2009-11-23,27.96
2009-11-24,27.73
2009-11-25,27.96
2009-11-27,27.42
2009-11-30,27.51
2009-12-01,27.96
2009-12-02,27.88
2009-12-03,27.75
2009-12-04,28.17
2009-12-07,28.07
2009-12-08,27.64
2009-12-09,27.77
2009-12-10,27.89
2009-12-11,28.17
2009-12-14,28.55
2009-12-15,28.47
2009-12-16,28.35
2009-12-17,28.04
2009-12-18,27.85
2009-12-21,28.06
2009-12-22,28.09
2009-12-23,28.14
2009-12-24,28.25
2009-12-28,28.2
2009-12-29,28.28
2009-12-30,28.14
2009-12-31,27.79
2010-01-04,28.32
2010-01-05,28.42
2010-01-06,28.48
2010-01-07,28.79
2010-01-08,29.25
2010-01-11,29.57
2010-01-12,29.33
2010-01-13,29.45
2010-01-14,29.45
2010-01-15,29.07
2010-01-19,29.39
2010-01-20,28.94
2010-01-21,28.27
2010-01-22,27.84
2010-01-25,28.02
2010-01-26,27.9
2010-01-27,27.98
2010-01-28,27.66
2010-01-29,27.38
2010-02-01,27.79
2010-02-02,28.32
2010-02-03,28.15
2010-02-04,27.32
2010-02-05,27.2
2010-02-08,26.9
2010-02-09,27.42
2010-02-10,27.38
2010-02-11,27.79
2010-02-12,27.57
2010-02-16,28.22
2010-02-17,28.46
2010-02-18,28.72
2010-02-19,28.86
2010-02-22,28.88
2010-02-23,28.51
2010-02-24,28.8
2010-02-25,28.73
2010-02-26,28.84
2010-03-01,29.22
2010-03-02,29.27
2010-03-03,29.31
2010-03-04,29.45
2010-03-05,29.9
2010-03-08,29.76
2010-03-09,30.0
2010-03-10,30.06
2010-03-11,30.17
2010-03-12,30.37
2010-03-15,30.37
2010-03-16,30.78
2010-03-17,30.83
2010-03-18,31.04
2010-03-19,30.81
2010-03-22,30.9
2010-03-23,31.25
2010-03-24,31.03
2010-03-25,31.01
2010-03-26,31.09
2010-03-29,31.37
2010-03-30,31.42
2010-03-31,31.24
2010-04-01,31.44
2010-04-05,31.67
2010-04-06,31.68
2010-04-07,31.5
2010-04-08,31.6
2010-04-09,31.78
2010-04-12,31.85
2010-04-13,31.9
2010-04-14,32.31
2010-04-15,32.62
2010-04-16,32.09
2010-04-19,32.03
2010-04-20,32.4
2010-04-21,32.62
2010-04-22,32.92
2010-04-23,33.12
2010-04-26,33.19
2010-04-27,32.39
2010-04-28,32.62
2010-04-29,33.36
2010-04-30,32.57
2010-05-03,33.22
2010-05-04,32.17
2010-05-05,31.76
2010-05-06,30.71
2010-05-07,30.03
2010-05-10,31.75
2010-05-11,31.66
2010-05-12,32.36
2010-05-13,31.86
2010-05-14,31.19
2010-05-17,31.11
2010-05-18,30.72
2010-05-19,30.33
2010-05-20,29.01
2010-05-21,29.42
2010-05-24,28.98
2010-05-25,28.96
2010-05-26,29.02
2010-05-27,30.0
2010-05-28,29.6
2010-06-01,28.94
2010-06-02,29.69
2010-06-03,29.83
2010-06-04,28.43
2010-06-07,27.7
2010-06-08,27.99
2010-06-09,27.99
2010-06-10,29.07
2010-06-11,29.17
2010-06-14,29.14
2010-06-15,30.02
2010-06-16,29.94
2010-06-17,30.03
2010-06-18,30.0
2010-06-21,30.05
2010-06-22,29.32
2010-06-23,29.21
2010-06-24,28.7
2010-06-25,28.92
2010-06-28,28.72
2010-06-29,27.61
2010-06-30,27.43
2010-07-01,27.35
2010-07-02,27.01
2010-07-06,27.06
2010-07-07,28.0
2010-07-08,28.36
2010-07-09,28.64
2010-07-12,28.49
2010-07-13,28.99
2010-07-14,29.05
2010-07-15,29.04
2010-07-16,28.07
2010-07-19,28.23
2010-07-20,28.67
2010-07-21,28.6
2010-07-22,29.48
2010-07-23,30.07
2010-07-26,30.56
2010-07-27,30.35
2010-07-28,30.27
2010-07-29,30.17
2010-07-30,30.29
2010-08-02,30.89
2010-08-03,30.73
2010-08-04,31.0
2010-08-05,31.02
2010-08-06,30.85
2010-08-09,31.01
2010-08-10,30.8
2010-08-11,29.65
2010-08-12,29.44
2010-08-13,29.4
2010-08-16,29.34
2010-08-17,29.85
2010-08-18,29.96
2010-08-19,29.32
2010-08-20,29.17
2010-08-23,28.85
2010-08-24,28.26
2010-08-25,28.21
2010-08-26,28.17
2010-08-27,28.74
2010-08-30,28.3
2010-08-31,28.19
2010-09-01,29.31
2010-09-02,29.68
2010-09-03,30.13
2010-09-07,29.85
2010-09-08,30.16
2010-09-09,30.13
2010-09-10,30.4
2010-09-13,30.7
2010-09-14,30.61
2010-09-15,30.61
2010-09-16,30.57
2010-09-17,30.7
2010-09-20,31.16
2010-09-21,31.22
2010-09-22,31.06
2010-09-23,30.6
2010-09-24,31.44
2010-09-27,31.24
2010-09-28,31.41
2010-09-29,31.4
2010-09-30,31.28
2010-10-01,31.31
2010-10-04,30.98
2010-10-05,31.81
2010-10-06,32.0
2010-10-07,31.93
2010-10-08,32.2
2010-10-11,32.11
2010-10-12,32.09
2010-10-13,32.62
2010-10-14,32.43
2010-10-15,32.23
2010-10-18,32.21
2010-10-19,31.78
2010-10-20,32.23
2010-10-21,32.49
2010-10-22,32.48
2010-10-25,32.59
2010-10-26,32.44
2010-10-27,32.2
2010-10-28,32.13
2010-10-29,32.18
2010-11-01,32.18
2010-11-02,32.49
2010-11-03,32.54
2010-11-04,33.23
2010-11-05,33.43
2010-11-08,33.29
2010-11-09,32.99
2010-11-10,32.98
2010-11-11,32.79
2010-11-12,32.41
2010-11-15,32.51
2010-11-16,31.99
2010-11-17,32.01
2010-11-18,32.66
2010-11-19,32.76
2010-11-22,32.69
2010-11-23,32.24
2010-11-24,32.97
2010-11-26,32.7
2010-11-29,32.69
2010-11-30,32.61
2010-12-01,33.45
2010-12-02,33.97
2010-12-03,34.04
2010-12-06,34.02
2010-12-07,34.11
2010-12-08,33.99
2010-12-09,34.09
2010-12-10,34.4
2010-12-13,34.42
2010-12-14,34.58
2010-12-15,34.44
2010-12-16,34.82
2010-12-17,34.54
2010-12-20,34.53
2010-12-21,34.81
2010-12-22,34.89
2010-12-23,34.82
2010-12-27,34.88
2010-12-28,34.86
2010-12-29,34.89
2010-12-30,34.83
2010-12-31,34.87
2011-01-03,35.12
2011-01-04,35.07
2011-01-05,35.25
2011-01-06,35.19
2011-01-07,35.26
2011-01-10,35.31
2011-01-11,35.44
2011-01-12,35.73
2011-01-13,35.77
2011-01-14,35.91
2011-01-18,36.17
2011-01-19,35.79
2011-01-20,35.61
2011-01-21,35.9
2011-01-24,36.24
2011-01-25,36.2
2011-01-26,36.41
2011-01-27,36.54
2011-01-28,35.83
2011-01-31,36.24
2011-02-01,36.75
2011-02-02,36.63
2011-02-03,36.65
2011-02-04,36.78
2011-02-07,37.13
2011-02-08,37.38
2011-02-09,37.37
2011-02-10,37.57
2011-02-11,37.85
2011-02-14,37.81
2011-02-15,37.67
2011-02-16,37.85
2011-02-17,37.94
2011-02-18,38.04
2011-02-22,36.94
2011-02-23,36.29
2011-02-24,36.5
2011-02-25,36.83
2011-02-28,37.01
2011-03-01,36.22
2011-03-02,36.4
2011-03-03,37.28
2011-03-04,36.84
2011-03-07,36.5
2011-03-08,37.07
2011-03-09,36.99
2011-03-10,36.24
2011-03-11,36.67
2011-03-14,36.36
2011-03-15,36.02
2011-03-16,35.35
2011-03-17,35.9
2011-03-18,35.97
2011-03-21,36.76
2011-03-22,36.47
2011-03-23,36.59
2011-03-24,36.97
2011-03-25,37.1
2011-03-28,37.07
2011-03-29,37.37
2011-03-30,37.52
2011-03-31,37.67
2011-04-01,37.98
2011-04-04,38.03
2011-04-05,37.89
2011-04-06,37.93
2011-04-07,37.75
2011-04-08,37.42
2011-04-11,37.39
2011-04-12,37.11
2011-04-13,37.0
2011-04-14,37.0
2011-04-15,37.13
2011-04-18,36.6
2011-04-19,36.92
2011-04-20,37.52
2011-04-21,37.63
2011-04-25,37.52
2011-04-26,38.24
2011-04-27,38.41
2011-04-28,38.54
2011-04-29,38.7
2011-05-02,38.64
2011-05-03,38.48
2011-05-04,37.92
2011-05-05,37.74
2011-05-06,38.07
2011-05-09,38.23
2011-05-10,38.58
2011-05-11,38.06
2011-05-12,38.14
2011-05-13,37.68
2011-05-16,37.54
2011-05-17,37.03
2011-05-18,37.53
2011-05-19,37.77
2011-05-20,37.37
2011-05-23,36.84
2011-05-24,36.65
2011-05-25,36.96
2011-05-26,37.11
2011-05-27,37.29
2011-05-31,37.63
2011-06-01,36.4
2011-06-02,36.59
2011-06-03,36.1
2011-06-06,35.84
2011-06-07,35.82
2011-06-08,35.51
2011-06-09,35.78
2011-06-10,35.21
2011-06-13,35.22
2011-06-14,35.89
2011-06-15,35.35
2011-06-16,35.47
2011-06-17,35.45
2011-06-20,35.76
2011-06-21,36.32
2011-06-22,36.12
2011-06-23,36.04
2011-06-24,35.63
2011-06-27,35.91
2011-06-28,36.47
2011-06-29,36.66
2011-06-30,37.24
2011-07-01,37.91
2011-07-05,37.7
2011-07-06,37.9
2011-07-07,38.3
2011-07-08,37.82
2011-07-11,37.12
2011-07-12,36.76
2011-07-13,36.91
2011-07-14,36.51
2011-07-15,36.54
2011-07-18,36.13
2011-07-19,36.6
2011-07-20,36.67
2011-07-21,37.22
2011-07-22,36.83
2011-07-25,36.81
2011-07-26,36.13
2011-07-27,35.15
2011-07-28,34.85
2011-07-29,34.68
2011-08-01,34.46
2011-08-02,33.26
2011-08-03,33.56
2011-08-04,31.76
2011-08-05,31.76
2011-08-08,29.52
2011-08-09,30.98
2011-08-10,29.4
2011-08-11,30.8
2011-08-12,31.4
2011-08-15,31.87
2011-08-16,31.42
2011-08-17,31.32
2011-08-18,29.59
2011-08-19,29.13
2011-08-22,29.24
2011-08-23,30.27
2011-08-24,30.88
2011-08-25,30.3
2011-08-26,30.93
2011-08-29,31.91
2011-08-30,32.18
2011-08-31,32.4
2011-09-01,31.87
2011-09-02,30.85
2011-09-06,30.53
2011-09-07,31.48
2011-09-08,31.01
2011-09-09,30.18
2011-09-12,30.24
2011-09-13,30.8
2011-09-14,31.34
2011-09-15,31.98
2011-09-16,31.97
2011-09-19,31.67
2011-09-20,31.44
2011-09-21,30.14
2011-09-22,29.01
2011-09-23,29.31
2011-09-26,30.05
2011-09-27,30.58
2011-09-28,29.8
2011-09-29,30.23
2011-09-30,29.22
2011-10-03,28.4
2011-10-04,29.19
2011-10-05,29.81
2011-10-06,30.41
2011-10-07,30.34
2011-10-10,31.4
2011-10-11,31.49
2011-10-12,31.89
2011-10-13,31.62
2011-10-14,32.19
2011-10-17,31.27
2011-10-18,32.17
2011-10-19,31.78
2011-10-20,32.05
2011-10-21,32.67
2011-10-24,33.28
2011-10-25,32.6
2011-10-26,32.83
2011-10-27,34.26
2011-10-28,34.26
2011-10-31,33.42
2011-11-01,32.41
2011-11-02,33.05
2011-11-03,33.86
2011-11-04,33.6
2011-11-07,33.68
2011-11-08,34.06
2011-11-09,32.74
2011-11-10,33.14
2011-11-11,33.93
2011-11-14,33.72
2011-11-15,33.92
2011-11-16,33.42
2011-11-17,32.84
2011-11-18,32.92
2011-11-21,32.16
2011-11-22,31.95
2011-11-23,31.21
2011-11-25,31.16
2011-11-28,32.21
2011-11-29,32.24
2011-11-30,33.89
2011-12-01,33.78
2011-12-02,33.71
2011-12-05,34.07
2011-12-06,34.06
2011-12-07,34.05
2011-12-08,33.21
2011-12-09,33.97
2011-12-12,33.35
2011-12-13,32.91
2011-12-14,32.52
2011-12-15,32.75
2011-12-16,32.67
2011-12-19,32.33
2011-12-20,33.44
2011-12-21,33.45
2011-12-22,33.77
2011-12-23,34.09
2011-12-27,34.08
2011-12-28,33.54
2011-12-29,33.96
2011-12-30,33.75
2012-01-03,34.49
2012-01-04,34.65
2012-01-05,34.66
2012-01-06,34.59
2012-01-09,34.85
2012-01-10,35.35
2012-01-11,35.46
2012-01-12,35.77
2012-01-13,35.49
2012-01-17,35.67
2012-01-18,35.99
2012-01-19,36.37
2012-01-20,36.16
2012-01-23,36.12
2012-01-24,36.16
2012-01-25,36.56
2012-01-26,36.49
2012-01-27,36.46
2012-01-30,36.33
2012-01-31,36.22
2012-02-01,36.61
2012-02-02,36.63
2012-02-03,37.26
2012-02-06,37.17
2012-02-07,37.13
2012-02-08,37.21
2012-02-09,37.31
2012-02-10,36.97
2012-02-13,37.42
2012-02-14,37.29
2012-02-15,36.8
2012-02-16,37.14
2012-02-17,37.28
2012-02-21,37.41
2012-02-22,37.37
2012-02-23,37.49
2012-02-24,37.48
2012-02-27,37.51
2012-02-28,37.46
2012-02-29,37.23
2012-03-01,37.36
2012-03-02,37.14
2012-03-05,36.88
2012-03-06,36.05
2012-03-07,36.42
2012-03-08,36.94
2012-03-09,37.02
2012-03-12,37.01
2012-03-13,37.78
2012-03-14,37.69
2012-03-15,38.14
2012-03-16,37.98
2012-03-19,37.98
2012-03-20,37.54
2012-03-21,37.52
2012-03-22,37.1
2012-03-23,37.16
2012-03-26,37.71
2012-03-27,37.59
2012-03-28,37.23
2012-03-29,37.25
2012-03-30,37.42
2012-04-02,37.66
2012-04-03,37.39
2012-04-04,37.12
2012-04-05,36.97
2012-04-09,36.37
2012-04-10,35.63
2012-04-11,36.03
2012-04-12,36.8
2012-04-13,36.33
2012-04-16,36.43
2012-04-17,37.03
2012-04-18,36.87
2012-04-19,36.46
2012-04-20,36.77
2012-04-23,36.36
2012-04-24,36.84
2012-04-25,36.91
2012-04-26,37.13
2012-04-27,37.36
2012-04-30,37.01
2012-05-01,37.12
2012-05-02,37.13
2012-05-03,36.83
2012-05-04,36.3
2012-05-07,36.2
2012-05-08,36.11
2012-05-09,35.69
2012-05-10,35.74
2012-05-11,35.67
2012-05-14,35.26
2012-05-15,35.08
2012-05-16,35.04
2012-05-17,34.29
2012-05-18,34.12
2012-05-21,34.88
2012-05-22,35.01
2012-05-23,35.2
2012-05-24,35.16
2012-05-25,34.92
2012-05-29,35.39
2012-05-30,34.8
2012-05-31,34.67
2012-06-01,33.71
2012-06-04,33.36
2012-06-05,33.46
2012-06-06,34.35
2012-06-07,34.54
2012-06-08,34.8
2012-06-11,34.35
2012-06-12,34.9
2012-06-13,34.55
2012-06-14,34.82
2012-06-15,34.96
2012-06-18,35.04
2012-06-19,35.51
2012-06-20,35.32
2012-06-21,34.63
2012-06-22,34.75
2012-06-25,34.11
2012-06-26,34.17
2012-06-27,34.5
2012-06-28,34.47
2012-06-29,35.67
2012-07-02,35.36
2012-07-03,35.73
2012-07-05,35.69
2012-07-06,35.21
2012-07-09,35.19
2012-07-10,34.62
2012-07-11,34.34
2012-07-12,34.21
2012-07-13,34.87
2012-07-16,34.63
2012-07-17,34.78
2012-07-18,35.43
2012-07-19,35.6
2012-07-20,35.16
2012-07-23,34.98
2012-07-24,34.59
2012-07-25,34.71
2012-07-26,35.24
2012-07-27,36.01
2012-07-30,35.91
2012-07-31,35.81
2012-08-01,35.57
2012-08-02,35.39
2012-08-03,36.16
2012-08-06,36.16
2012-08-07,36.53
2012-08-08,36.48
2012-08-09,36.51
2012-08-10,36.68
2012-08-13,36.6
2012-08-14,36.55
2012-08-15,36.63
2012-08-16,37.0
2012-08-17,37.18
2012-08-20,37.1
2012-08-21,37.02
2012-08-22,36.84
2012-08-23,36.54
2012-08-24,36.71
2012-08-27,36.6
2012-08-28,36.46
2012-08-29,36.45
2012-08-30,36.14
2012-08-31,36.36
2012-09-04,35.98
2012-09-05,35.88
2012-09-06,36.69
2012-09-07,37.0
2012-09-10,36.76
2012-09-11,36.96
2012-09-12,37.11
2012-09-13,37.53
2012-09-14,37.76
2012-09-17,37.58
2012-09-18,37.59
2012-09-19,37.68
2012-09-20,37.32
2012-09-21,36.97
2012-09-24,36.97
2012-09-25,36.48
2012-09-26,36.34
2012-09-27,36.68
2012-09-28,36.53
2012-10-01,36.7
2012-10-02,36.64
2012-10-03,36.83
2012-10-04,37.04
2012-10-05,37.16
2012-10-08,37.07
2012-10-09,36.64
2012-10-10,36.3
2012-10-11,36.41
2012-10-12,36.45
2012-10-15,36.7
2012-10-16,37.09
2012-10-17,37.31
2012-10-18,37.42
2012-10-19,36.79
2012-10-22,36.69
2012-10-23,36.32
2012-10-24,36.09
2012-10-25,36.29
2012-10-26,36.32
2012-10-31,36.49
2012-11-01,37.14
2012-11-02,36.83
2012-11-05,37.03
2012-11-06,37.43
2012-11-07,36.55
2012-11-08,36.17
2012-11-09,36.27
2012-11-12,36.37
2012-11-13,36.27
2012-11-14,35.42
2012-11-15,35.42
2012-11-16,35.52
2012-11-19,36.19
2012-11-20,36.22
2012-11-21,36.27
2012-11-23,36.74
2012-11-26,36.77
2012-11-27,36.69
2012-11-28,37.0
2012-11-29,37.21
2012-11-30,37.13
2012-12-03,36.73
2012-12-04,36.87
2012-12-05,37.26
2012-12-06,37.25
2012-12-07,37.49
2012-12-10,37.68
2012-12-11,37.76
2012-12-12,37.82
2012-12-13,37.7
2012-12-14,37.62
2012-12-17,37.97
2012-12-18,38.46
2012-12-19,38.25
2012-12-20,38.45
2012-12-21,37.93
2012-12-24,37.82
2012-12-26,37.69
2012-12-27,37.63
2012-12-28,37.22
2012-12-31,37.9
2013-01-02,38.81
2013-01-03,38.83
2013-01-04,39.12
2013-01-07,38.95
2013-01-08,38.65
2013-01-09,39.04
2013-01-10,39.23
2013-01-11,39.09
2013-01-14,39.24
2013-01-15,39.35
2013-01-16,39.19
2013-01-17,39.61
2013-01-18,39.93
2013-01-22,40.09
2013-01-23,40.1
2013-01-24,40.34
2013-01-25,40.47
2013-01-28,40.5
2013-01-29,40.59
2013-01-30,40.22
2013-01-31,40.08
2013-02-01,40.47
2013-02-04,40.12
2013-02-05,40.49
2013-02-06,40.5
2013-02-07,40.45
2013-02-08,40.61
2013-02-11,40.58
2013-02-12,40.76
2013-02-13,40.98
2013-02-14,41.04
2013-02-15,41.06
2013-02-19,41.36
2013-02-20,40.82
2013-02-21,40.52
2013-02-22,40.84
2013-02-25,40.0
2013-02-26,40.24
2013-02-27,41.0
2013-02-28,40.97
2013-03-01,40.9
2013-03-04,40.82
2013-03-05,41.4
2013-03-06,41.4
2013-03-07,41.43
2013-03-08,41.82
2013-03-11,41.96
2013-03-12,41.72
2013-03-13,41.92
2013-03-14,42.12
2013-03-15,41.97
2013-03-18,41.71
2013-03-19,41.67
2013-03-20,41.72
2013-03-21,41.3
2013-03-22,41.62
2013-03-25,41.25
2013-03-26,41.46
2013-03-27,41.46
2013-03-28,41.76
2013-04-01,41.25
2013-04-02,41.12
2013-04-03,40.87
2013-04-04,41.05
2013-04-05,40.97
2013-04-08,41.21
2013-04-09,41.34
2013-04-10,41.89
2013-04-11,42.0
2013-04-12,41.76
2013-04-15,40.49
2013-04-16,41.04
2013-04-17,40.36
2013-04-18,40.18
2013-04-19,40.38
2013-04-22,40.43
2013-04-23,40.72
2013-04-24,41.14
2013-04-25,41.35
2013-04-26,41.23
2013-04-29,41.44
2013-04-30,41.45
2013-05-01,40.91
2013-05-02,41.42
2013-05-03,42.13
2013-05-06,42.4
2013-05-07,42.79
2013-05-08,43.06
2013-05-09,43.06
2013-05-10,43.19
2013-05-13,43.02
2013-05-14,43.55
2013-05-15,43.73
2013-05-16,43.51
2013-05-17,44.17
2013-05-20,44.3
2013-05-21,44.36
2013-05-22,43.97
2013-05-23,43.85
2013-05-24,43.71
2013-05-28,43.94
2013-05-29,43.69
2013-05-30,43.95
2013-05-31,43.53
2013-06-03,43.74
2013-06-04,43.5
2013-06-05,42.71
2013-06-06,42.98
2013-06-07,43.79
2013-06-10,43.66
2013-06-11,43.26
2013-06-12,42.96
2013-06-13,43.59
2013-06-14,43.3
2013-06-17,43.64
2013-06-18,44.15
2013-06-19,43.48
2013-06-20,42.49
2013-06-21,42.3
2013-06-24,41.59
2013-06-25,42.06
2013-06-26,42.47
2013-06-27,42.89
2013-06-28,42.64
2013-07-01,43.07
2013-07-02,42.61
2013-07-03,42.63
2013-07-05,43.3
2013-07-08,43.42
2013-07-09,44.03
2013-07-10,44.02
2013-07-11,44.72
2013-07-12,44.45
2013-07-15,44.61
2013-07-16,44.37
2013-07-17,44.5
2013-07-18,44.95
2013-07-19,45.41
2013-07-22,45.44
2013-07-23,45.41
2013-07-24,45.06
2013-07-25,45.08
2013-07-26,44.93
2013-07-29,44.81
2013-07-30,45.0
2013-07-31,45.16
2013-08-01,45.93
2013-08-02,46.02
2013-08-05,45.84
2013-08-06,45.5
2013-08-07,45.43
2013-08-08,45.64
2013-08-09,45.49
2013-08-12,45.55
2013-08-13,45.75
2013-08-14,45.43
2013-08-15,44.92
2013-08-16,44.98
2013-08-19,44.74
2013-08-20,44.82
2013-08-21,44.51
2013-08-22,45.12
2013-08-23,45.13
2013-08-26,45.03
2013-08-27,44.12
2013-08-28,44.16
2013-08-29,44.29
2013-08-30,44.04
2013-09-03,44.32
2013-09-04,44.77
2013-09-05,44.88
2013-09-06,44.86
2013-09-09,45.42
2013-09-10,46.08
2013-09-11,46.27
2013-09-12,46.08
2013-09-13,46.21
2013-09-16,46.81
2013-09-17,47.01
2013-09-18,47.6
2013-09-19,47.76
2013-09-20,46.96
2013-09-23,46.81
2013-09-24,46.98
2013-09-25,46.77
2013-09-26,46.98
2013-09-27,46.68
2013-09-30,46.41
2013-10-01,46.7
2013-10-02,46.48
2013-10-03,45.97
2013-10-04,46.27
2013-10-07,45.95
2013-10-08,45.43
2013-10-09,45.41
2013-10-10,46.58
2013-10-11,46.8
2013-10-14,46.98
2013-10-15,46.51
2013-10-16,46.82
2013-10-17,47.18
2013-10-18,47.69
2013-10-21,47.81
2013-10-22,48.13
2013-10-23,48.15
2013-10-24,48.51
2013-10-25,48.76
2013-10-28,48.69
2013-10-29,48.83
2013-10-30,48.61
2013-10-31,48.62
2013-11-01,48.97
2013-11-04,49.15
2013-11-05,49.1
2013-11-06,49.24
2013-11-07,48.72
2013-11-08,49.38
2013-11-11,49.34
2013-11-12,49.36
2013-11-13,49.65
2013-11-14,49.84
2013-11-15,50.01
2013-11-18,50.09
2013-11-19,49.73
2013-11-20,49.51
2013-11-21,49.91
2013-11-22,50.35
2013-11-25,50.24
2013-11-26,50.34
2013-11-27,50.54
2013-11-29,50.4
2013-12-02,50.19
2013-12-03,49.76
2013-12-04,49.56
2013-12-05,49.58
2013-12-06,50.34
2013-12-09,50.47
2013-12-10,50.36
2013-12-11,49.57
2013-12-12,49.62
2013-12-13,49.77
2013-12-16,50.24
2013-12-17,50.22
2013-12-18,51.06
2013-12-19,51.11
2013-12-20,51.26
2013-12-23,51.46
2013-12-24,51.7
2013-12-26,52.06
2013-12-27,52.0
2013-12-30,51.95
2013-12-31,52.26
2014-01-02,51.53
2014-01-03,51.67
2014-01-06,51.37
2014-01-07,51.69
2014-01-08,51.6
2014-01-09,51.85
2014-01-10,51.93
2014-01-13,51.3
2014-01-14,51.84
2014-01-15,52.21
2014-01-16,52.08
2014-01-17,51.82
2014-01-21,51.87
2014-01-22,52.03
2014-01-23,51.41
2014-01-24,49.81
2014-01-27,49.86
2014-01-28,50.33
2014-01-29,49.79
2014-01-30,50.28
2014-01-31,50.03
2014-02-03,48.64
2014-02-04,48.95
2014-02-05,48.93
2014-02-06,49.61
2014-02-07,50.47
2014-02-10,50.15
2014-02-11,50.71
2014-02-12,51.0
2014-02-13,51.04
2014-02-14,51.37
2014-02-18,51.33
2014-02-19,50.85
2014-02-20,51.33
2014-02-21,51.39
2014-02-24,51.78
2014-02-25,51.61
2014-02-26,51.66
2014-02-27,51.96
2014-02-28,52.06
2014-03-03,51.71
2014-03-04,52.46
2014-03-05,52.53
2014-03-06,52.83
2014-03-07,53.0
2014-03-10,52.77
2014-03-11,52.39
2014-03-12,52.29
2014-03-13,51.55
2014-03-14,51.35
2014-03-17,51.98
2014-03-18,52.26
2014-03-19,51.72
2014-03-20,51.87
2014-03-21,51.65
2014-03-24,51.48
2014-03-25,51.95
2014-03-26,51.42
2014-03-27,51.35
2014-03-28,51.73
2014-03-31,52.33
2014-04-01,52.7
2014-04-02,53.07
2014-04-03,53.15
2014-04-04,52.54
2014-04-07,51.79
2014-04-08,51.79
2014-04-09,52.45
2014-04-10,51.41
2014-04-11,50.9
2014-04-14,51.19
2014-04-15,51.55
2014-04-16,52.34
2014-04-17,52.75
2014-04-21,52.9
2014-04-22,52.93
2014-04-23,53.13
2014-04-24,53.03
2014-04-25,52.51
2014-04-28,52.54
2014-04-29,52.68
2014-04-30,53.03
2014-05-01,52.9
2014-05-02,52.82
2014-05-05,52.93
2014-05-06,52.53
2014-05-07,52.98
2014-05-08,52.97
2014-05-09,53.01
2014-05-12,53.8
2014-05-13,53.89
2014-05-14,53.49
2014-05-15,53.02
2014-05-16,53.09
2014-05-19,53.3
2014-05-20,52.59
2014-05-21,53.11
2014-05-22,53.21
2014-05-23,53.55
2014-05-27,53.83
2014-05-28,53.87
2014-05-29,54.09
2014-05-30,54.05
2014-06-02,54.28
2014-06-03,54.22
2014-06-04,54.21
2014-06-05,54.76
2014-06-06,55.31
2014-06-09,55.59
2014-06-10,55.46
2014-06-11,55.05
2014-06-12,54.31
2014-06-13,54.5
2014-06-16,54.44
2014-06-17,54.59
2014-06-18,54.9
2014-06-19,55.04
2014-06-20,55.02
2014-06-23,54.7
2014-06-24,54.15
2014-06-25,54.2
2014-06-26,54.16
2014-06-27,54.29
2014-06-30,54.06
2014-07-01,54.39
2014-07-02,54.3
2014-07-03,54.75
2014-07-07,54.36
2014-07-08,53.99
2014-07-09,54.08
2014-07-10,53.76
2014-07-11,54.07
2014-07-14,54.38
2014-07-15,54.41
2014-07-16,54.64
2014-07-17,53.79
2014-07-18,54.24
2014-07-21,54.21
2014-07-22,54.41
2014-07-23,54.19
2014-07-24,53.93
2014-07-25,53.79
2014-07-28,53.52
2014-07-29,52.85
2014-07-30,52.9
2014-07-31,51.83
2014-08-01,51.78
2014-08-04,51.96
2014-08-05,51.65
2014-08-06,51.39
2014-08-07,51.44
2014-08-08,52.17
2014-08-11,52.38
2014-08-12,52.26
2014-08-13,52.77
2014-08-14,53.0
2014-08-15,52.89
2014-08-18,53.69
2014-08-19,53.82
2014-08-20,54.39
2014-08-21,54.34
2014-08-22,54.15
2014-08-25,54.36
2014-08-26,54.18
2014-08-27,54.15
2014-08-28,54.07
2014-08-29,54.02
2014-09-02,54.2
2014-09-03,54.13
2014-09-04,54.15
2014-09-05,54.33
2014-09-08,54.28
2014-09-09,54.11
2014-09-10,54.15
2014-09-11,54.17
2014-09-12,53.99
2014-09-15,53.97
2014-09-16,54.27
2014-09-17,54.48
2014-09-18,54.74
2014-09-19,54.43
2014-09-22,53.82
2014-09-23,53.38
2014-09-24,53.66
2014-09-25,52.82
2014-09-26,53.31
2014-09-29,53.23
2014-09-30,53.15
2014-10-01,52.15
2014-10-02,52.09
2014-10-03,52.8
2014-10-06,52.64
2014-10-07,51.36
2014-10-08,52.28
2014-10-09,51.07
2014-10-10,50.32
2014-10-13,49.54
2014-10-14,50.23
2014-10-15,50.11
2014-10-16,50.48
2014-10-17,51.48
2014-10-20,51.63
2014-10-21,52.78
2014-10-22,52.09
2014-10-23,53.24
2014-10-24,53.71
2014-10-27,53.69
2014-10-28,54.64
2014-10-29,54.45
2014-10-30,54.67
2014-10-31,55.21
2014-11-03,55.14
2014-11-04,55.11
2014-11-05,55.45
2014-11-06,56.03
2014-11-07,56.11
2014-11-10,56.39
2014-11-11,56.32
2014-11-12,56.4
2014-11-13,56.24
2014-11-14,56.31
2014-11-17,56.23
2014-11-18,56.65
2014-11-19,56.48
2014-11-20,56.63
2014-11-21,57.18
2014-11-24,57.33
2014-11-25,57.5
2014-11-26,57.39
2014-11-28,56.91
2014-12-01,56.18
2014-12-02,56.66
2014-12-03,57.42
2014-12-04,57.13
2014-12-05,57.26
2014-12-08,56.63
2014-12-09,56.64
2014-12-10,55.56
2014-12-11,55.83
2014-12-12,54.82
2014-12-15,54.64
2014-12-16,54.69
2014-12-17,55.2
2014-12-18,56.59
2014-12-19,56.59
2014-12-22,57.13
2014-12-23,57.34
2014-12-24,57.4
2014-12-26,57.4
2014-12-29,57.49
2014-12-30,57.15
2014-12-31,56.58
2015-01-02,56.51
2015-01-05,55.19
2015-01-06,54.51
2015-01-07,54.92
2015-01-08,56.02
2015-01-09,55.42
2015-01-12,55.04
2015-01-13,54.93
2015-01-14,54.63
2015-01-15,54.37
2015-01-16,54.73
2015-01-20,55.12
2015-01-21,55.57
2015-01-22,56.46
2015-01-23,55.99
2015-01-26,56.06
2015-01-27,55.32
2015-01-28,54.84
2015-01-29,55.47
2015-01-30,54.57
2015-02-02,55.38
2015-02-03,56.28
2015-02-04,55.85
2015-02-05,56.33
2015-02-06,56.2
2015-02-09,56.05
2015-02-10,56.36
2015-02-11,56.38
2015-02-12,56.91
2015-02-13,57.17
2015-02-17,57.25
2015-02-18,57.57
2015-02-19,57.67
2015-02-20,58.16
2015-02-23,57.91
2015-02-24,58.14
2015-02-25,58.02
2015-02-26,57.76
2015-02-27,57.49
2015-03-02,58.02
2015-03-03,57.65
2015-03-04,57.2
2015-03-05,57.24
2015-03-06,56.46
2015-03-09,56.99
2015-03-10,55.94
2015-03-11,55.88
2015-03-12,56.6
2015-03-13,56.08
2015-03-16,57.01
2015-03-17,56.78
2015-03-18,57.45
2015-03-19,57.06
2015-03-20,57.12
2015-03-23,56.64
2015-03-24,56.45
2015-03-25,55.49
2015-03-26,55.34
2015-03-27,55.55
2015-03-30,56.33
2015-03-31,55.77
2015-04-01,55.4
2015-04-02,55.43
2015-04-06,55.85
2015-04-07,55.72
2015-04-08,55.91
2015-04-09,56.18
2015-04-10,56.97
2015-04-13,56.43
2015-04-14,56.5
2015-04-15,56.6
2015-04-16,56.48
2015-04-17,55.8
2015-04-20,56.45
2015-04-21,56.38
2015-04-22,56.62
2015-04-23,56.56
2015-04-24,56.32
2015-04-27,56.3
2015-04-28,56.4
2015-04-29,56.12
2015-04-30,55.63
2015-05-01,56.33
2015-05-04,56.42
2015-05-05,55.66
2015-05-06,55.63
2015-05-07,55.92
2015-05-08,56.58
2015-05-11,56.53
2015-05-12,56.47
2015-05-13,56.59
2015-05-14,57.16
2015-05-15,57.11
2015-05-18,57.22
2015-05-19,57.06
2015-05-20,56.85
2015-05-21,57.16
2015-05-22,56.9
2015-05-26,56.28
2015-05-27,56.64
2015-05-28,56.37
2015-05-29,55.81
2015-06-01,56.06
2015-06-02,56.17
2015-06-03,56.45
2015-06-04,55.82
2015-06-05,55.86
2015-06-08,55.45
2015-06-09,55.44
2015-06-10,55.99
2015-06-11,56.31
2015-06-12,55.98
2015-06-15,55.51
2015-06-16,55.56
2015-06-17,55.71
2015-06-18,56.27
2015-06-19,55.72
2015-06-22,56.06
2015-06-23,55.92
2015-06-24,55.4
2015-06-25,54.97
2015-06-26,55.07
2015-06-29,54.03
2015-06-30,54.06
2015-07-01,54.33
2015-07-02,54.23
2015-07-06,54.02
2015-07-07,54.46
2015-07-08,53.48
2015-07-09,53.61
2015-07-10,54.17
2015-07-13,54.77
2015-07-14,54.92
2015-07-15,54.69
2015-07-16,54.94
2015-07-17,54.92
2015-07-20,54.93
2015-07-21,54.34
2015-07-22,54.1
2015-07-23,53.6
2015-07-24,52.9
2015-07-27,52.64
2015-07-28,53.66
2015-07-29,54.32
2015-07-30,54.27
2015-07-31,54.22
2015-08-03,53.96
2015-08-04,53.93
2015-08-05,54.23
2015-08-06,53.95
2015-08-07,53.69
2015-08-10,54.74
2015-08-11,54.07
2015-08-12,54.08
2015-08-13,54.04
2015-08-14,54.38
2015-08-17,54.65
2015-08-18,54.55
2015-08-19,54.04
2015-08-20,52.92
2015-08-21,51.46
2015-08-24,49.63
2015-08-25,48.98
2015-08-26,50.51
2015-08-27,51.73
2015-08-28,51.75
2015-08-31,51.29
2015-09-01,49.93
2015-09-02,51.04
2015-09-03,51.07
2015-09-04,50.36
2015-09-08,51.75
2015-09-09,51.2
2015-09-10,51.23
2015-09-11,51.51
2015-09-14,51.25
2015-09-15,52.14
2015-09-16,52.52
2015-09-17,52.29
2015-09-18,50.86
2015-09-21,51.11
2015-09-22,50.37
2015-09-23,50.02
2015-09-24,49.71
2015-09-25,49.81
2015-09-28,48.83
2015-09-29,49.15
2015-09-30,49.89
2015-10-01,49.78
2015-10-02,50.41
2015-10-05,51.84
2015-10-06,51.79
2015-10-07,52.47
2015-10-08,53.2
2015-10-09,53.38
2015-10-12,53.39
2015-10-13,52.82
2015-10-14,52.25
2015-10-15,52.82
2015-10-16,52.55
2015-10-19,52.62
2015-10-20,52.97
2015-10-21,52.98
2015-10-22,54.46
2015-10-23,54.66
2015-10-26,54.54
2015-10-27,53.94
2015-10-28,54.37
2015-10-29,54.34
2015-10-30,54.27
2015-11-02,54.9
2015-11-03,54.94
2015-11-04,54.79
2015-11-05,54.86
2015-11-06,54.86
2015-11-09,54.44
2015-11-10,54.43
2015-11-11,54.5
2015-11-12,53.76
2015-11-13,53.52
2015-11-16,54.21
2015-11-17,54.1
2015-11-18,54.85
2015-11-19,55.09
2015-11-20,55.37
2015-11-23,55.09
2015-11-24,55.0
2015-11-25,55.0
2015-11-27,55.1
2015-11-30,54.74
2015-12-01,55.0
2015-12-02,54.44
2015-12-03,53.76
2015-12-04,54.56
2015-12-07,54.29
2015-12-08,53.42
2015-12-09,53.26
2015-12-10,53.51
2015-12-11,52.61
2015-12-14,52.8
2015-12-15,52.81
2015-12-16,53.75
2015-12-17,52.86
2015-12-18,51.74
2015-12-21,52.14
2015-12-22,52.86
2015-12-23,53.48
2015-12-24,53.46
2015-12-28,53.34
2015-12-29,53.85
2015-12-30,53.4
2015-12-31,53.01
2016-01-04,52.3
2016-01-05,52.44
2016-01-06,51.63
2016-01-07,50.23
2016-01-08,49.72
2016-01-11,49.75
2016-01-12,50.15
2016-01-13,48.94
2016-01-14,49.52
2016-01-15,48.65
2016-01-19,48.64
2016-01-20,48.01
2016-01-21,48.22
2016-01-22,48.64
2016-01-25,48.04
2016-01-26,48.95
2016-01-27,48.4
2016-01-28,48.68
2016-01-29,49.99
2016-02-01,49.87
2016-02-02,48.87
2016-02-03,49.66
2016-02-04,50.52
2016-02-05,50.04
2016-02-08,49.62
2016-02-09,49.92
2016-02-10,49.66
2016-02-11,48.69
2016-02-12,49.67
2016-02-16,50.67
2016-02-17,51.45
2016-02-18,51.42
2016-02-19,51.32
2016-02-22,52.19
2016-02-23,51.67
2016-02-24,51.7
2016-02-25,52.38
2016-02-26,52.45
2016-02-29,52.12
2016-03-01,53.14
2016-03-02,53.18
2016-03-03,53.56
2016-03-04,53.78
2016-03-07,53.94
2016-03-08,53.18
2016-03-09,53.35
2016-03-10,53.27
2016-03-11,54.04
2016-03-14,54.09
2016-03-15,54.06
2016-03-16,54.25
2016-03-17,55.44
2016-03-18,55.63
2016-03-21,55.96
2016-03-22,55.64
2016-03-23,55.28
2016-03-24,55.12
2016-03-28,55.14
2016-03-29,55.5
2016-03-30,55.6
2016-03-31,55.47
2016-04-01,55.73
2016-04-04,55.1
2016-04-05,54.76
2016-04-06,55.03
2016-04-07,54.5
2016-04-08,54.71
2016-04-11,54.73
2016-04-12,55.05
2016-04-13,55.87
2016-04-14,55.97
2016-04-15,56.05
2016-04-18,56.1
2016-04-19,56.5
2016-04-20,56.41
2016-04-21,56.27
2016-04-22,56.41
2016-04-25,56.14
2016-04-26,56.64
2016-04-27,57.04
2016-04-28,56.49
2016-04-29,56.16
2016-05-02,56.45
2016-05-03,55.99
2016-05-04,55.3
2016-05-05,55.27
2016-05-06,55.64
2016-05-09,55.39
2016-05-10,56.34
2016-05-11,55.87
2016-05-12,55.75
2016-05-13,55.05
2016-05-16,55.73
2016-05-17,55.46
2016-05-18,55.27
2016-05-19,54.75
2016-05-20,55.03
2016-05-23,54.93
2016-05-24,55.5
2016-05-25,55.88
2016-05-26,55.72
2016-05-27,55.93
2016-05-31,55.92
2016-06-01,55.97
2016-06-02,56.04
2016-06-03,55.99
2016-06-06,56.52
2016-06-07,56.79
2016-06-08,57.15
2016-06-09,57.14
2016-06-10,56.47
2016-06-13,55.86
2016-06-14,55.87
2016-06-15,55.89
2016-06-16,55.99
2016-06-17,55.73
2016-06-20,56.24
2016-06-21,56.2
2016-06-22,56.04
2016-06-23,56.69
2016-06-24,54.38
2016-06-27,53.1
2016-06-28,54.0
2016-06-29,54.96
2016-06-30,56.01
2016-07-01,56.19
2016-07-05,55.68
2016-07-06,55.96
2016-07-07,56.11
2016-07-08,57.23
2016-07-11,57.59
2016-07-12,58.12
2016-07-13,58.26
2016-07-14,58.7
2016-07-15,58.69
2016-07-18,58.64
2016-07-19,58.67
2016-07-20,58.78
2016-07-21,58.18
2016-07-22,58.29
2016-07-25,57.98
2016-07-26,58.46
2016-07-27,58.23
2016-07-28,58.21
2016-07-29,58.04
2016-08-01,57.97
2016-08-02,57.43
2016-08-03,57.71
2016-08-04,57.73
2016-08-05,58.31
2016-08-08,58.39
2016-08-09,58.37
2016-08-10,58.34
2016-08-11,58.72
2016-08-12,58.56
2016-08-15,58.95
2016-08-16,58.69
2016-08-17,58.86
2016-08-18,59.04
2016-08-19,59.02
2016-08-22,58.97
2016-08-23,59.02
2016-08-24,58.84
2016-08-25,58.83
2016-08-26,58.66
2016-08-29,59.08
2016-08-30,58.92
2016-08-31,58.59
2016-09-01,58.64
2016-09-02,58.93
2016-09-06,58.76
2016-09-07,58.83
2016-09-08,58.78
2016-09-09,57.12
2016-09-12,57.85
2016-09-13,57.0
2016-09-14,56.95
2016-09-15,57.4
2016-09-16,56.61
2016-09-19,56.86
2016-09-20,56.91
2016-09-21,57.65
2016-09-22,58.06
2016-09-23,57.72
2016-09-26,57.47
2016-09-27,57.87
2016-09-28,58.32
2016-09-29,57.86
2016-09-30,58.38
2016-10-03,58.43
2016-10-04,57.94
2016-10-05,58.31
2016-10-06,58.31
2016-10-07,57.56
2016-10-10,57.62
2016-10-11,57.02
2016-10-12,57.13
2016-10-13,57.11
2016-10-14,57.23
2016-10-17,57.08
2016-10-18,57.2
2016-10-19,57.38
2016-10-20,57.07
2016-10-21,56.99
2016-10-24,57.1
2016-10-25,56.95
2016-10-26,57.15
2016-10-27,56.76
2016-10-28,57.1
2016-10-31,57.21
2016-11-01,56.72
2016-11-02,56.51
2016-11-03,56.42
2016-11-04,56.47
2016-11-07,57.86
2016-11-08,58.21
2016-11-09,59.67
2016-11-10,60.94
2016-11-11,61.05
2016-11-14,61.31
2016-11-15,61.54
2016-11-16,61.19
2016-11-17,61.32
2016-11-18,61.3
2016-11-21,61.63
2016-11-22,61.91
2016-11-23,62.37
2016-11-25,62.71
2016-11-28,62.28
2016-11-29,62.33
2016-11-30,62.41
2016-12-01,62.82
2016-12-02,62.81
2016-12-05,62.76
2016-12-06,62.88
2016-12-07,64.05
2016-12-08,63.69
2016-12-09,63.98
2016-12-12,63.75
2016-12-13,63.66
2016-12-14,63.02
2016-12-15,63.09
2016-12-16,62.58
2016-12-19,62.93
2016-12-20,63.29
2016-12-21,63.05
2016-12-22,62.93
2016-12-23,62.99
2016-12-27,63.12
2016-12-28,62.46
2016-12-29,62.44
2016-12-30,62.22
2017-01-03,62.59
2017-01-04,62.96
2017-01-05,62.78
2017-01-06,63.14
2017-01-09,62.65
2017-01-10,62.91
2017-01-11,63.24
2017-01-12,62.98
2017-01-13,63.22
2017-01-17,62.73
2017-01-18,62.97
2017-01-19,63.43
2017-01-20,63.44
2017-01-23,63.09
2017-01-24,63.72
2017-01-25,64.39
2017-01-26,64.54
2017-01-27,64.49
2017-01-30,63.94
2017-01-31,63.38
2017-02-01,63.27
2017-02-02,63.15
2017-02-03,63.62
2017-02-06,63.71
2017-02-07,63.82
2017-02-08,63.73
2017-02-09,64.22
2017-02-10,64.73
2017-02-13,65.38
2017-02-14,65.41
2017-02-15,65.76
2017-02-16,65.78
2017-02-17,65.89
2017-02-21,66.22
2017-02-22,66.04
2017-02-23,65.61
2017-02-24,65.89
2017-02-27,66.13
2017-02-28,65.86
2017-03-01,66.97
2017-03-02,66.25
2017-03-03,66.32
2017-03-06,66.16
2017-03-07,65.97
2017-03-08,65.74
2017-03-09,65.44
2017-03-10,65.84
2017-03-13,65.8
2017-03-14,65.18
2017-03-15,65.92
2017-03-16,65.62
2017-03-17,65.68
2017-03-20,65.56
2017-03-21,64.56
2017-03-22,64.79
2017-03-23,64.7
2017-03-24,64.53
2017-03-27,64.3
2017-03-28,64.98
2017-03-29,64.97
2017-03-30,65.33
2017-03-31,65.06
2017-04-03,64.92
2017-04-04,65.09
2017-04-05,64.88
2017-04-06,65.06
2017-04-07,65.13
2017-04-10,65.29
2017-04-11,65.38
2017-04-12,64.48
2017-04-13,64.02
2017-04-17,64.72
2017-04-18,64.51
2017-04-19,64.57
2017-04-20,65.35
2017-04-21,65.41
2017-04-24,66.34
2017-04-25,66.66
2017-04-26,66.67
2017-04-27,66.65
2017-04-28,66.34
2017-05-01,66.14
2017-05-02,66.46
2017-05-03,66.51
2017-05-04,66.58
2017-05-05,66.92
2017-05-08,66.74
2017-05-09,66.83
2017-05-10,66.69
2017-05-11,66.67
2017-05-12,66.3
2017-05-15,66.61
2017-05-16,66.54
2017-05-17,65.21
2017-05-18,65.3
2017-05-19,66.16
2017-05-22,66.67
2017-05-23,66.81
2017-05-24,66.89
2017-05-25,67.33
2017-05-26,67.41
2017-05-30,67.39
2017-05-31,67.52
2017-06-01,67.94
2017-06-02,68.21
2017-06-05,67.97
2017-06-06,67.51
2017-06-07,67.43
2017-06-08,67.65
2017-06-09,67.91
2017-06-12,68.16
2017-06-13,68.44
2017-06-14,68.37
2017-06-15,68.78
2017-06-16,68.68
2017-06-19,69.1
2017-06-20,68.36
2017-06-21,67.9
2017-06-22,67.76
2017-06-23,68.01
2017-06-26,68.03
2017-06-27,67.52
2017-06-28,68.13
2017-06-29,67.55
2017-06-30,68.11
2017-07-03,68.53
2017-07-05,68.73
2017-07-06,68.13
2017-07-07,68.66
2017-07-10,68.86
2017-07-11,68.8
2017-07-12,69.18
2017-07-13,69.13
2017-07-14,69.43
2017-07-17,69.39
2017-07-18,69.23
2017-07-19,69.3
2017-07-20,68.91
2017-07-21,68.78
2017-07-24,68.63
2017-07-25,68.54
2017-07-26,68.63
2017-07-27,68.24
2017-07-28,68.4
2017-07-31,68.31
2017-08-01,68.11
2017-08-02,68.41
2017-08-03,68.75
2017-08-04,68.88
2017-08-07,68.88
2017-08-08,68.67
2017-08-09,68.69
2017-08-10,67.82
2017-08-11,67.86
2017-08-14,68.57
2017-08-15,68.42
2017-08-16,68.61
2017-08-17,67.42
2017-08-18,67.15
2017-08-21,67.26
2017-08-22,68.03
2017-08-23,67.39
2017-08-24,67.18
2017-08-25,67.5
2017-08-28,67.46
2017-08-29,67.95
2017-08-30,68.23
2017-08-31,68.46
2017-09-01,68.52
2017-09-05,67.83
2017-09-06,67.9
2017-09-07,68.04
2017-09-08,68.27
2017-09-11,68.86
2017-09-12,69.19
2017-09-13,69.09
2017-09-14,69.42
2017-09-15,69.39
2017-09-18,69.78
2017-09-19,69.85
2017-09-20,70.36
2017-09-21,70.57
2017-09-22,70.75
2017-09-25,70.75
2017-09-26,70.75
2017-09-27,70.83
2017-09-28,70.79
2017-09-29,71.0
2017-10-02,71.49
2017-10-03,71.8
2017-10-04,71.78
2017-10-05,71.95
2017-10-06,71.94
2017-10-09,71.74
2017-10-10,71.85
2017-10-11,71.81
2017-10-12,72.19
2017-10-13,72.06
2017-10-16,72.14
2017-10-17,71.95
2017-10-18,71.98
2017-10-19,72.18
2017-10-20,72.96
2017-10-23,72.5
2017-10-24,72.91
2017-10-25,72.19
2017-10-26,72.29
2017-10-27,72.32
2017-10-30,71.82
2017-10-31,71.53
2017-11-01,71.49
2017-11-02,71.9
2017-11-03,71.83
2017-11-06,71.87
2017-11-07,71.98
2017-11-08,71.86
2017-11-09,70.96
2017-11-10,71.06
2017-11-13,70.82
2017-11-14,70.63
2017-11-15,70.23
2017-11-16,70.89
2017-11-17,70.5
2017-11-20,70.82
2017-11-21,71.33
2017-11-22,71.41
2017-11-24,71.41
2017-11-27,71.53
2017-11-28,72.62
2017-11-29,73.26
2017-11-30,74.51
2017-12-01,73.59
2017-12-04,74.21
2017-12-05,73.58
2017-12-06,73.69
2017-12-07,74.37
2017-12-08,74.69
2017-12-11,74.54
2017-12-12,74.62
2017-12-13,74.91
2017-12-14,74.4
2017-12-15,74.52
2017-12-18,75.05
2017-12-19,75.07
2017-12-20,75.32
2017-12-21,75.38
2017-12-22,75.4
2017-12-26,75.48
2017-12-27,75.66
2017-12-28,75.81
2017-12-29,75.67
2018-01-02,76.12
2018-01-03,76.53
2018-01-04,77.09
2018-01-05,77.62
2018-01-08,77.94
2018-01-09,78.44
2018-01-10,78.43
2018-01-11,79.43
2018-01-12,80.17
2018-01-16,79.45
2018-01-17,79.89
2018-01-18,79.46
2018-01-19,79.69
2018-01-22,79.69
2018-01-23,79.73
2018-01-24,79.66
2018-01-25,79.74
2018-01-26,80.66
2018-01-29,80.12
2018-01-30,79.49
2018-01-31,79.73
2018-02-01,79.59
2018-02-02,77.99
2018-02-05,74.45
2018-02-06,75.81
2018-02-07,75.95
2018-02-08,73.02
2018-02-09,73.81
2018-02-12,75.0
2018-02-13,75.17
2018-02-14,76.12
2018-02-15,77.27
2018-02-16,77.29
2018-02-20,76.51
2018-02-21,76.53
2018-02-22,77.04
2018-02-23,77.68
2018-02-26,78.75
2018-02-27,77.76
2018-02-28,76.65
2018-03-01,75.15
2018-03-02,75.13
2018-03-05,76.03
2018-03-06,76.37
2018-03-07,76.36
2018-03-08,76.76
2018-03-09,78.45
2018-03-12,77.48
2018-03-13,77.1
2018-03-14,76.26
2018-03-15,76.48
2018-03-16,76.58
2018-03-19,75.99
2018-03-20,76.25
2018-03-21,76.34
2018-03-22,73.82
2018-03-23,72.74
2018-03-26,74.5
2018-03-27,73.47
2018-03-28,73.22
2018-03-29,74.29
2018-04-02,72.76
2018-04-03,73.77
2018-04-04,74.09
2018-04-05,74.84
2018-04-06,72.77
2018-04-09,72.55
2018-04-10,73.66
2018-04-11,73.12
2018-04-12,74.17
2018-04-13,73.99
2018-04-16,74.73
2018-04-17,75.36
2018-04-18,76.14
2018-04-19,75.93
2018-04-20,75.6
2018-04-23,75.51
2018-04-24,73.4
2018-04-25,73.61
2018-04-26,73.34
2018-04-27,73.19
2018-04-30,72.22
2018-05-01,71.89
2018-05-02,71.26
2018-05-03,71.43
2018-05-04,72.26
2018-05-07,72.74
2018-05-08,73.26
2018-05-09,74.05
2018-05-10,74.55
2018-05-11,74.71
2018-05-14,74.58
2018-05-15,74.33
2018-05-16,74.6
2018-05-17,74.89
2018-05-18,75.33
2018-05-21,76.47
2018-05-22,75.53
2018-05-23,75.46
2018-05-24,75.83
2018-05-25,75.69
2018-05-29,74.48
2018-05-30,75.53
2018-05-31,74.44
2018-06-01,75.26
2018-06-04,75.15
2018-06-05,75.24
2018-06-06,75.87
2018-06-07,76.19
2018-06-08,76.44
2018-06-11,76.59
2018-06-12,76.51
2018-06-13,75.9
2018-06-14,75.61
2018-06-15,75.12
2018-06-18,74.81
2018-06-19,73.23
2018-06-20,73.28
2018-06-21,72.36
2018-06-22,72.61
2018-06-25,71.69
2018-06-26,71.96
2018-06-27,71.38
2018-06-28,71.48
2018-06-29,71.63
2018-07-02,71.79
2018-07-03,71.56
2018-07-05,71.91
2018-07-06,72.16
2018-07-09,73.5
2018-07-10,73.73
2018-07-11,72.52
2018-07-12,73.37
2018-07-13,73.75
2018-07-16,73.45
2018-07-17,73.74
2018-07-18,74.55
2018-07-19,74.52
2018-07-20,74.44
2018-07-23,73.98
2018-07-24,74.29
2018-07-25,75.42
2018-07-26,76.0
2018-07-27,76.01
2018-07-30,75.26
2018-07-31,76.92
2018-08-01,75.88
2018-08-02,75.78
2018-08-03,75.85
2018-08-06,75.96
2018-08-07,76.5
2018-08-08,76.16
2018-08-09,75.74
2018-08-10,75.07
2018-08-13,74.71
2018-08-14,75.23
2018-08-15,74.87
2018-08-16,75.82
2018-08-17,76.28
2018-08-20,76.79
2018-08-21,77.36
2018-08-22,76.61
2018-08-23,76.39
2018-08-24,76.72
2018-08-27,77.69
2018-08-28,77.53
2018-08-29,77.59
2018-08-30,77.05
2018-08-31,77.1
2018-09-04,77.04
2018-09-05,77.59
2018-09-06,77.83
2018-09-07,77.59
2018-09-10,77.99
2018-09-11,77.97
2018-09-12,78.21
2018-09-13,78.68
2018-09-14,79.07
2018-09-17,79.1
2018-09-18,79.82
2018-09-19,79.75
2018-09-20,79.87
2018-09-21,80.0
2018-09-24,78.63
2018-09-25,78.39
2018-09-26,78.34
2018-09-27,78.45
2018-09-28,78.4
2018-10-01,79.09
2018-10-02,79.27
2018-10-03,79.6
2018-10-04,79.34
2018-10-05,78.93
2018-10-08,79.13
2018-10-09,77.91
2018-10-10,75.4
2018-10-11,73.41
2018-10-12,73.9
2018-10-15,74.04
2018-10-16,75.29
2018-10-17,74.74
2018-10-18,73.45
2018-10-19,73.18
2018-10-22,72.93
2018-10-23,71.73
2018-10-24,69.3
2018-10-25,69.79
2018-10-26,69.1
2018-10-29,67.95
2018-10-30,69.35
2018-10-31,69.88
2018-11-01,71.11
2018-11-02,70.99
2018-11-05,71.36
2018-11-06,72.11
2018-11-07,73.28
2018-11-08,73.16
2018-11-09,72.42
2018-11-12,70.99
2018-11-13,71.31
2018-11-14,71.07
2018-11-15,72.01
2018-11-16,71.99
2018-11-19,70.85
2018-11-20,69.38
2018-11-21,69.87
2018-11-23,69.73
2018-11-26,70.24
2018-11-27,70.12
2018-11-28,71.8
2018-11-29,71.84
2018-11-30,72.54
2018-12-03,73.38
2018-12-04,70.26
2018-12-06,69.87
2018-12-07,68.03
2018-12-10,68.2
2018-12-11,67.8
2018-12-12,68.18
2018-12-13,67.99
2018-12-14,67.05
2018-12-17,65.95
2018-12-18,66.28
2018-12-19,65.03
2018-12-20,63.84
2018-12-21,62.25
2018-12-24,60.34
2018-12-26,63.15
2018-12-27,63.94
2018-12-28,63.77
2018-12-31,64.41
2019-01-02,64.74
2019-01-03,62.77
2019-01-04,65.15
2019-01-07,65.68
2019-01-08,66.58
2019-01-09,67.03
2019-01-10,67.94
2019-01-11,67.87
2019-01-14,67.86
2019-01-15,67.65
2019-01-16,67.72
2019-01-17,68.88
2019-01-18,70.19
2019-01-22,68.74
2019-01-23,68.84
2019-01-24,69.19
2019-01-25,70.07
2019-01-28,69.4
2019-01-29,70.36
2019-01-30,71.46
2019-01-31,71.77
2019-02-01,71.88
2019-02-04,72.81
2019-02-05,73.44
2019-02-06,73.46
2019-02-07,72.96
2019-02-08,73.07
2019-02-11,73.46
2019-02-12,74.6
2019-02-13,75.04
2019-02-14,74.69
2019-02-15,75.69
2019-02-19,75.66
2019-02-20,76.02
2019-02-21,75.71
2019-02-22,76.21
2019-02-25,76.51
2019-02-26,76.3
2019-02-27,76.6
2019-02-28,76.34
2019-03-01,76.41
2019-03-04,76.07
2019-03-05,75.58
2019-03-06,74.87
2019-03-07,74.42
2019-03-08,74.27
2019-03-11,74.9
2019-03-12,74.28
2019-03-13,74.93
2019-03-14,74.68
2019-03-15,73.99
2019-03-18,74.71
2019-03-19,74.44
2019-03-20,73.93
2019-03-21,74.64
2019-03-22,72.95
2019-03-25,73.12
2019-03-26,73.61
2019-03-27,73.69
2019-03-28,74.23
2019-03-29,75.03
2019-04-01,76.58
2019-04-02,76.55
2019-04-03,76.32
2019-04-04,76.79
2019-04-05,77.01
2019-04-08,76.68
2019-04-09,75.64
2019-04-10,75.62
2019-04-11,76.27
2019-04-12,77.28
2019-04-15,76.85
2019-04-16,77.32
2019-04-17,77.42
2019-04-18,78.31
2019-04-22,78.07
2019-04-23,78.75
2019-04-24,78.52
2019-04-25,76.94
2019-04-26,77.52
2019-04-29,77.7
2019-04-30,78.01
2019-05-01,77.5
2019-05-02,77.46
2019-05-03,78.4
2019-05-06,77.65
2019-05-07,76.08
2019-05-08,76.08
2019-05-09,75.97
2019-05-10,76.27
2019-05-13,74.1
2019-05-14,74.87
2019-05-15,74.97
2019-05-16,75.66
2019-05-17,74.82
2019-05-20,74.63
2019-05-21,75.51
2019-05-22,74.89
2019-05-23,73.75
2019-05-24,73.78
2019-05-28,73.1
2019-05-29,72.77
2019-05-30,73.05
2019-05-31,72.05
2019-06-03,72.54
2019-06-04,74.27
2019-06-05,74.99
2019-06-06,75.12
2019-06-07,75.72
2019-06-10,75.82
2019-06-11,75.17
2019-06-12,75.33
2019-06-13,75.71
2019-06-14,75.41
2019-06-17,75.15
2019-06-18,76.61
2019-06-19,76.55
2019-06-20,77.83
2019-06-21,77.08
2019-06-24,76.93
2019-06-25,76.35
2019-06-26,76.54
2019-06-27,76.61
2019-06-28,77.42
2019-07-01,77.49
2019-07-02,77.39
2019-07-03,77.82
2019-07-05,77.51
2019-07-08,76.87
2019-07-09,76.7
2019-07-10,76.52
2019-07-11,77.04
2019-07-12,78.39
2019-07-15,78.07
2019-07-16,78.57
2019-07-17,76.89
2019-07-18,77.03
2019-07-19,77.45
2019-07-22,77.51
2019-07-23,78.49
2019-07-24,78.83
2019-07-25,78.67
2019-07-26,78.5
2019-07-29,78.36
2019-07-30,78.7
2019-07-31,77.82
2019-08-01,76.31
2019-08-02,75.82
2019-08-05,73.72
2019-08-06,74.83
2019-08-07,74.79
2019-08-08,76.06
2019-08-09,75.42
2019-08-12,74.38
2019-08-13,75.27
2019-08-14,72.97
2019-08-15,72.89
2019-08-16,74.3
2019-08-19,75.0
2019-08-20,74.56
2019-08-21,75.02
2019-08-22,75.13
2019-08-23,73.12
2019-08-26,73.66
2019-08-27,73.28
2019-08-28,74.18
2019-08-29,75.45
2019-08-30,75.76
2019-09-03,74.73
2019-09-04,75.68
2019-09-05,77.04
2019-09-06,77.2
2019-09-09,77.43
2019-09-10,78.14
2019-09-11,78.87
2019-09-12,78.92
2019-09-13,79.35
2019-09-16,79.28
2019-09-17,79.24
2019-09-18,79.12
2019-09-19,78.72
2019-09-20,77.81
2019-09-23,77.66
2019-09-24,77.22
2019-09-25,77.72
2019-09-26,77.83
2019-09-27,77.52
2019-09-30,77.63
2019-10-01,75.77
2019-10-02,74.34
2019-10-03,74.83
2019-10-04,75.61
2019-10-07,75.23
2019-10-08,74.07
2019-10-09,74.7
2019-10-10,75.38
2019-10-11,76.8
2019-10-14,76.65
2019-10-15,77.27
2019-10-16,77.23
2019-10-17,77.61
2019-10-18,76.94
2019-10-21,77.4
2019-10-22,78.01
2019-10-23,78.0
2019-10-24,78.11
2019-10-25,78.6
2019-10-28,78.82
2019-10-29,79.08
2019-10-30,79.36
2019-10-31,78.51
2019-11-01,80.22
2019-11-04,81.15
2019-11-05,81.32
2019-11-06,81.37
2019-11-07,81.65
2019-11-08,81.76
2019-11-11,81.8
2019-11-12,81.79
2019-11-13,81.45
2019-11-14,81.71
2019-11-15,82.31
2019-11-18,82.0
2019-11-19,81.93
2019-11-20,81.28
2019-11-21,81.25
2019-11-22,81.67
2019-11-25,82.26
2019-11-26,82.5
2019-11-27,82.42
2019-11-29,82.04
2019-12-02,80.69
2019-12-03,79.81
2019-12-04,80.12
2019-12-05,80.14
2019-12-06,81.11
2019-12-09,80.8
2019-12-10,80.7
2019-12-11,81.21
2019-12-12,81.93
2019-12-13,81.71
2019-12-16,81.67
2019-12-17,81.59
2019-12-18,81.25
2019-12-19,81.47
2019-12-20,81.44
2019-12-23,82.11
2019-12-24,81.78
2019-12-26,81.97
2019-12-27,81.9
2019-12-30,81.52
2019-12-31,81.47
2020-01-02,83.01
2020-01-03,82.85
2020-01-06,82.88
2020-01-07,82.71
2020-01-08,82.99
2020-01-09,83.34
2020-01-10,82.75
2020-01-13,83.43
2020-01-14,83.44
2020-01-15,83.57
2020-01-16,84.4
2020-01-17,84.41
2020-01-21,83.48
2020-01-22,83.04
2020-01-23,83.94
2020-01-24,83.55
2020-01-27,81.97
2020-01-28,82.5
2020-01-29,82.94
2020-01-30,83.03
2020-01-31,81.11
2020-02-03,81.08
2020-02-04,82.61
2020-02-05,83.99
2020-02-06,84.26
2020-02-07,83.65
2020-02-10,84.12
2020-02-11,84.44
2020-02-12,85.23
2020-02-13,84.75
2020-02-14,84.64
2020-02-18,84.16
2020-02-19,84.13
2020-02-20,84.01
2020-02-21,83.59
2020-02-24,81.21
2020-02-25,77.9
2020-02-26,77.31
2020-02-27,74.44
2020-02-28,73.08
2020-03-02,75.65
2020-03-03,73.8
2020-03-04,76.85
2020-03-05,73.09
2020-03-06,72.45
2020-03-09,65.77
2020-03-10,69.18
2020-03-11,65.12
2020-03-12,58.38
2020-03-13,62.94
2020-03-16,55.8
2020-03-17,58.37
2020-03-18,54.07
2020-03-19,54.11
2020-03-20,51.4
2020-03-23,48.77
2020-03-24,54.94
2020-03-25,57.83
2020-03-26,61.48
2020-03-27,58.89
2020-03-30,59.75
2020-03-31,59.01
2020-04-01,56.35
2020-04-02,57.1
2020-04-03,56.34
2020-04-06,60.24
2020-04-07,60.1
2020-04-08,62.28
2020-04-09,63.22
2020-04-13,61.37
2020-04-14,62.54
2020-04-15,60.81
2020-04-16,60.27
2020-04-17,63.1
2020-04-20,61.42
2020-04-21,59.97
2020-04-22,60.6
2020-04-23,61.08
2020-04-24,61.57
2020-04-27,63.1
2020-04-28,64.28
2020-04-29,65.51
2020-04-30,64.21
2020-05-01,62.27
2020-05-04,61.48
2020-05-05,61.72
2020-05-06,60.87
2020-05-07,61.58
2020-05-08,63.11
2020-05-11,62.32
2020-05-12,60.57
2020-05-13,59.05
2020-05-14,59.67
2020-05-15,59.46
2020-05-18,63.38
2020-05-19,62.57
2020-05-20,63.74
2020-05-21,63.89
2020-05-22,63.84
2020-05-26,66.52
2020-05-27,68.74
2020-05-28,68.09
2020-05-29,67.67
2020-06-01,67.82
2020-06-02,68.7
2020-06-03,71.38
2020-06-04,72.14
2020-06-05,74.79
2020-06-08,76.29
2020-06-09,74.39
2020-06-10,72.61
2020-06-11,67.51
2020-06-12,68.82
2020-06-15,69.5
2020-06-16,70.86
2020-06-17,70.35
2020-06-18,70.09
2020-06-19,69.23
2020-06-22,69.04
2020-06-23,69.05
2020-06-24,66.65
2020-06-25,67.39
2020-06-26,66.14
2020-06-29,68.31
2020-06-30,68.7
2020-07-01,68.39
2020-07-02,68.98
2020-07-06,69.97
2020-07-07,68.63
2020-07-08,68.63
2020-07-09,67.14
2020-07-10,68.01
2020-07-13,68.29
2020-07-14,69.77
2020-07-15,71.55
2020-07-16,71.57
2020-07-17,72.0
2020-07-20,71.12
2020-07-21,72.06
2020-07-22,72.64
2020-07-23,72.42
2020-07-24,71.84
2020-07-27,72.14
2020-07-28,71.64
2020-07-29,72.73
2020-07-30,72.0
2020-07-31,71.73
2020-08-03,72.03
2020-08-04,72.21
2020-08-05,73.59
2020-08-06,73.87
2020-08-07,75.13
2020-08-10,76.98
2020-08-11,77.39
2020-08-12,77.64
2020-08-13,77.23
2020-08-14,77.53
2020-08-17,77.17
2020-08-18,76.75
2020-08-19,76.55
2020-08-20,76.14
2020-08-21,76.45
2020-08-24,77.83
2020-08-25,77.73
2020-08-26,77.77
2020-08-27,78.05
2020-08-28,78.79
2020-08-31,77.81
2020-09-01,78.6
2020-09-02,79.9
2020-09-03,77.66
2020-09-04,77.84
2020-09-08,76.38
2020-09-09,77.56
2020-09-10,76.57
2020-09-11,77.61
2020-09-14,78.66
2020-09-15,78.71
2020-09-16,79.51
2020-09-17,79.67
2020-09-18,78.78
2020-09-21,75.87
2020-09-22,76.62
2020-09-23,75.25
2020-09-24,75.36
2020-09-25,76.49
2020-09-28,77.87
2020-09-29,77.18
2020-09-30,76.98
2020-10-01,76.75
2020-10-02,77.61
2020-10-05,78.86
2020-10-06,77.9
2020-10-07,79.62
2020-10-08,80.41
2020-10-09,80.71
2020-10-12,81.17
2020-10-13,80.27
2020-10-14,80.72
2020-10-15,81.01
2020-10-16,81.6
2020-10-19,80.59
2020-10-20,81.01
2020-10-21,80.19
2020-10-22,80.85
2020-10-23,81.17
2020-10-26,79.14
2020-10-27,77.41
2020-10-28,74.87
2020-10-29,75.96
2020-10-30,75.87
2020-11-02,77.92
2020-11-03,80.22
2020-11-04,79.39
2020-11-05,81.26
2020-11-06,81.34
2020-11-09,84.11
2020-11-10,85.59
2020-11-11,84.87
2020-11-12,83.9
2020-11-13,85.76
2020-11-16,87.85
2020-11-17,87.62
2020-11-18,87.23
2020-11-19,87.45
2020-11-20,86.66
2020-11-23,88.11
2020-11-24,89.65
2020-11-25,88.97
2020-11-27,88.82
2020-11-30,88.03
2020-12-01,87.81
2020-12-02,87.93
2020-12-03,88.16
2020-12-04,89.21
2020-12-07,88.78
2020-12-08,89.21
2020-12-09,89.41
2020-12-10,88.56
2020-12-11,88.77
2020-12-14,87.62
2020-12-15,88.84
2020-12-16,88.29
2020-12-17,88.83
2020-12-18,88.84
2020-12-21,87.94
2020-12-22,87.53
2020-12-23,87.99
2020-12-24,88.0
2020-12-28,88.11
2020-12-29,87.58
2020-12-30,88.14
2020-12-31,88.55
2021-01-04,86.41
2021-01-05,87.26
2021-01-06,89.34
2021-01-07,89.83
2021-01-08,89.61
2021-01-11,89.58
2021-01-12,90.47
2021-01-13,89.69
2021-01-14,90.0
2021-01-15,88.83
2021-01-19,89.12
2021-01-20,89.67
2021-01-21,88.97
2021-01-22,88.51
2021-01-25,87.91
2021-01-26,87.1
2021-01-27,85.37
2021-01-28,86.64
2021-01-29,84.77
2021-02-01,85.65
2021-02-02,87.47
2021-02-03,87.53
2021-02-04,88.47
2021-02-05,88.99
2021-02-08,89.75
2021-02-09,89.98
2021-02-10,89.84
2021-02-11,89.65
2021-02-12,90.3
2021-02-16,90.21
2021-02-17,89.96
2021-02-18,89.51
2021-02-19,90.98
2021-02-22,91.27
2021-02-23,91.55
2021-02-24,93.28
2021-02-25,91.56
2021-02-26,90.61
2021-03-01,92.93
2021-03-02,92.66
2021-03-03,92.76
2021-03-04,91.28
2021-03-05,93.44
2021-03-08,94.42
2021-03-09,94.03
2021-03-10,95.42
2021-03-11,95.49
2021-03-12,96.77
2021-03-15,97.58
2021-03-16,96.19
2021-03-17,97.3
2021-03-18,97.21
2021-03-19,96.47
2021-03-22,96.12
2021-03-23,94.44
2021-03-24,95.13
2021-03-25,96.65
2021-03-26,98.32
2021-03-29,98.34
2021-03-30,98.77
2021-03-31,98.45
2021-04-01,98.78
2021-04-05,100.0
2021-04-06,99.76
2021-04-07,99.3
2021-04-08,99.54
2021-04-09,100.51
2021-04-12,100.88
2021-04-13,100.39
2021-04-14,100.52
2021-04-15,100.92
2021-04-16,101.14
2021-04-19,100.72
2021-04-20,99.61
2021-04-21,100.97
2021-04-22,100.46
2021-04-23,101.56
2021-04-26,101.26
2021-04-27,102.1
2021-04-28,101.89
2021-04-29,102.61
2021-04-30,101.93
2021-05-03,102.98
2021-05-04,103.43
2021-05-05,103.53
2021-05-06,104.25
2021-05-07,105.35
2021-05-10,105.45
2021-05-11,103.89
2021-05-12,101.4
2021-05-13,103.3
2021-05-14,104.73
2021-05-17,104.41
2021-05-18,102.89
2021-05-19,102.31
2021-05-20,102.54
2021-05-21,103.04
2021-05-24,103.68
2021-05-25,103.37
2021-05-26,103.7
2021-05-27,105.12
2021-05-28,105.12
2021-06-01,105.53
2021-06-02,105.23
2021-06-03,105.0
2021-06-04,105.34
2021-06-07,104.61
2021-06-08,104.88
2021-06-09,103.81
2021-06-10,103.3
2021-06-11,103.51
2021-06-14,103.04
2021-06-15,103.48
2021-06-16,102.5
2021-06-17,100.92
2021-06-18,99.61
2021-06-21,101.48
2021-06-22,101.59
2021-06-23,101.36
2021-06-24,102.15
2021-06-25,102.35
2021-06-28,101.81
2021-06-29,101.61
2021-06-30,102.4
2021-07-01,103.13
2021-07-02,103.29
2021-07-06,102.3
2021-07-07,103.32
2021-07-08,101.88
2021-07-09,103.49
2021-07-12,103.63
2021-07-13,102.63
2021-07-14,102.62
2021-07-15,102.82
2021-07-16,101.91
2021-07-19,99.78
2021-07-20,102.57
2021-07-21,103.55
2021-07-22,103.17
2021-07-23,103.61
2021-07-26,103.56
2021-07-27,102.99
2021-07-28,102.75
2021-07-29,103.56
2021-07-30,103.36
2021-08-02,102.65
2021-08-03,103.99
2021-08-04,102.58
2021-08-05,103.06
2021-08-06,103.54
2021-08-09,103.13
2021-08-10,104.18
2021-08-11,105.53
2021-08-12,105.33
2021-08-13,105.0
2021-08-16,105.36
2021-08-17,104.22
2021-08-18,103.08
2021-08-19,102.36
2021-08-20,102.63
2021-08-23,103.47
2021-08-24,103.99
2021-08-25,104.66
2021-08-26,104.2
2021-08-27,104.92
2021-08-30,104.8
2021-08-31,104.51
2021-09-01,104.11
2021-09-02,105.23
2021-09-03,104.59
2021-09-07,102.78
2021-09-08,102.92
2021-09-09,102.42
2021-09-10,101.96
2021-09-13,102.23
2021-09-14,101.0
2021-09-15,102.11
2021-09-16,101.41
2021-09-17,100.33
2021-09-20,98.86
2021-09-21,98.34
2021-09-22,99.12
2021-09-23,100.64
2021-09-24,100.85
2021-09-27,100.95
2021-09-28,99.78
2021-09-29,99.89
2021-09-30,97.84
2021-10-01,99.18
2021-10-04,98.64
2021-10-05,99.74
2021-10-06,100.18
2021-10-07,100.96
2021-10-08,100.95
2021-10-11,100.14
2021-10-12,99.81
2021-10-13,100.02
2021-10-14,101.91
2021-10-15,102.89
2021-10-18,102.96
2021-10-19,103.57
2021-10-20,104.22
2021-10-21,104.43
2021-10-22,104.8
2021-10-25,105.04
2021-10-26,104.39
2021-10-27,103.17
2021-10-28,104.46
2021-10-29,104.49
2021-11-01,104.78
2021-11-02,105.13
2021-11-03,104.9
2021-11-04,105.32
2021-11-05,106.39
2021-11-08,106.83
2021-11-09,107.1
2021-11-10,106.5
2021-11-11,106.06
2021-11-12,106.9
2021-11-15,107.1
2021-11-16,107.12
2021-11-17,106.48
2021-11-18,106.26
2021-11-19,105.73
2021-11-22,106.02
2021-11-23,106.2
2021-11-24,106.08
2021-11-26,103.21
2021-11-29,103.39
2021-11-30,100.77
2021-12-01,99.37
2021-12-02,102.32
2021-12-03,102.2
2021-12-06,103.93
2021-12-07,104.99
2021-12-08,105.25
2021-12-09,104.92
2021-12-10,105.35
2021-12-13,104.26
2021-12-14,103.27
2021-12-15,104.17
2021-12-16,104.22
2021-12-17,102.44
2021-12-20,100.42
2021-12-21,102.42
2021-12-22,102.71
2021-12-23,103.92
2021-12-27,105.02
2021-12-28,105.55
2021-12-29,105.74
2021-12-30,105.36
2021-12-31,105.81
2022-01-03,104.94
2022-01-04,107.05
2022-01-05,106.03
2022-01-06,106.52
2022-01-07,106.49
2022-01-10,105.29
2022-01-11,105.92
2022-01-12,106.26
2022-01-13,106.49
2022-01-14,105.85
2022-01-18,104.63
2022-01-19,103.46
2022-01-20,102.14
2022-01-21,101.2
2022-01-24,101.78
2022-01-25,100.78
2022-01-26,99.9
2022-01-27,99.01
2022-01-28,99.7
2022-01-31,100.74
2022-02-01,102.13
2022-02-02,102.84
2022-02-03,101.2
2022-02-04,100.11
2022-02-07,100.19
2022-02-08,101.19
2022-02-09,102.58
2022-02-10,100.9
2022-02-11,99.36
2022-02-14,98.99
2022-02-15,100.48
2022-02-16,101.01
2022-02-17,99.16
2022-02-18,98.34
2022-02-22,97.39
2022-02-23,95.6
2022-02-24,96.82
2022-02-25,99.13
2022-02-28,99.89
2022-03-01,98.4
2022-03-02,100.5
2022-03-03,100.61
2022-03-04,100.39
2022-03-07,97.7
2022-03-08,97.1
2022-03-09,98.86
2022-03-10,98.73
2022-03-11,97.94
2022-03-14,98.27
2022-03-15,99.83
2022-03-16,101.15
2022-03-17,102.45
2022-03-18,102.84
2022-03-21,102.73
2022-03-22,103.29
2022-03-23,102.3
2022-03-24,103.08
2022-03-25,103.72
2022-03-28,103.75
2022-03-29,104.71
2022-03-30,104.59
2022-03-31,102.98
2022-04-01,102.18
2022-04-04,102.05
2022-04-05,100.6
2022-04-06,99.82
2022-04-07,100.16
2022-04-08,99.6
2022-04-11,99.28
2022-04-12,99.12
2022-04-13,100.05
2022-04-14,99.94
2022-04-18,99.59
2022-04-19,101.4
2022-04-20,101.95
2022-04-21,100.91
2022-04-22,98.43
2022-04-25,98.43
2022-04-26,96.28
2022-04-27,96.64
2022-04-28,97.73
2022-04-29,95.14
2022-05-02,95.34
2022-05-03,95.97
2022-05-04,98.75
2022-05-05,96.17
2022-05-06,95.52
2022-05-09,93.21
2022-05-10,92.6
2022-05-11,91.76
2022-05-12,91.93
2022-05-13,93.1
2022-05-16,92.97
2022-05-17,95.08
2022-05-18,91.54
2022-05-19,90.72
2022-05-20,89.74
2022-05-23,91.21
2022-05-24,91.16
2022-05-25,91.69
2022-05-26,93.55
2022-05-27,95.47
2022-05-31,94.7
2022-06-01,94.12
2022-06-02,95.92
2022-06-03,95.55
2022-06-06,95.95
2022-06-07,97.24
2022-06-08,95.48
2022-06-09,93.6
2022-06-10,90.84
2022-06-13,88.11
2022-06-14,87.89
2022-06-15,88.74
2022-06-16,85.78
2022-06-17,85.56
2022-06-21,86.74
2022-06-22,86.26
2022-06-23,85.82
2022-06-24,88.82
2022-06-27,88.61
2022-06-28,87.58
2022-06-29,87.07
2022-06-30,87.34
2022-07-01,88.1
2022-07-05,86.78
2022-07-06,87.28
2022-07-07,88.31
2022-07-08,87.91
2022-07-11,87.32
2022-07-12,87.05
2022-07-13,85.99
2022-07-14,85.5
2022-07-15,86.84
2022-07-18,86.32
2022-07-19,89.4
2022-07-20,90.09
2022-07-21,90.74
2022-07-22,90.45
2022-07-25,90.88
2022-07-26,90.39
2022-07-27,91.79
2022-07-28,93.71
2022-07-29,95.64
2022-08-01,95.74
2022-08-02,94.73
2022-08-03,95.62
2022-08-04,95.97
2022-08-05,96.12
2022-08-08,96.09
2022-08-09,95.74
2022-08-10,97.84
2022-08-11,98.36
2022-08-12,99.84
2022-08-15,100.08
2022-08-16,100.53
2022-08-17,99.73
2022-08-18,100.13
2022-08-19,98.84
2022-08-22,96.96
2022-08-23,97.14
2022-08-24,97.46
2022-08-25,98.95
2022-08-26,95.52
2022-08-29,95.09
2022-08-30,93.72
2022-08-31,92.93
2022-09-01,93.06
2022-09-02,92.16
2022-09-06,92.31
2022-09-07,93.79
2022-09-08,94.07
2022-09-09,95.29
2022-09-12,95.86
2022-09-13,92.25
2022-09-14,92.07
2022-09-15,91.11
2022-09-16,89.21
2022-09-19,89.99
2022-09-20,88.87
2022-09-21,87.69
2022-09-22,86.37
2022-09-23,84.75
2022-09-26,83.86
2022-09-27,83.58
2022-09-28,85.42
2022-09-29,83.94
2022-09-30,82.84
2022-10-03,85.34
2022-10-04,88.31
2022-10-05,87.83
2022-10-06,86.82
2022-10-07,85.16
2022-10-10,85.46
2022-10-11,85.44
2022-10-12,84.77
2022-10-13,86.64
2022-10-14,84.74
2022-10-17,86.59
2022-10-18,88.68
2022-10-19,88.05
2022-10-20,86.32
2022-10-21,88.69
2022-10-24,89.87
2022-10-25,91.08
2022-10-26,91.4
2022-10-27,92.47
2022-10-28,94.62
2022-10-31,94.35
2022-11-01,94.26
2022-11-02,92.6
2022-11-03,93.57
2022-11-04,95.07
2022-11-07,96.09
2022-11-08,96.93
2022-11-09,95.58
2022-11-10,99.59
2022-11-11,99.53
2022-11-14,98.92
2022-11-15,99.6
2022-11-16,98.88
2022-11-17,98.71
2022-11-18,99.44
2022-11-21,99.76
2022-11-22,100.53
2022-11-23,100.91
2022-11-25,101.3
2022-11-28,99.46
2022-11-29,100.07
2022-11-30,101.72
2022-12-01,101.75
2022-12-02,102.33
2022-12-05,100.62
2022-12-06,99.43
2022-12-07,99.3
2022-12-08,99.89
2022-12-09,99.07
2022-12-12,100.77
2022-12-13,101.15
2022-12-14,100.96
2022-12-15,98.52
2022-12-16,98.1
2022-12-19,97.12
2022-12-20,97.24
2022-12-21,99.07
2022-12-22,97.81
2022-12-23,98.39
2022-12-27,98.69
2022-12-28,97.4
2022-12-29,98.6
2022-12-30,98.21
2023-01-03,98.42
2023-01-04,99.29
2023-01-05,98.22
2023-01-06,100.91
2023-01-09,100.46
2023-01-10,101.01
2023-01-11,101.98
2023-01-12,102.58
2023-01-13,102.46
2023-01-17,101.59
2023-01-18,99.68
2023-01-19,97.63
2023-01-20,98.99
2023-01-23,100.07
2023-01-24,100.73
2023-01-25,100.17
2023-01-26,100.72
2023-01-27,101.14
2023-01-30,100.15
2023-01-31,101.85
2023-02-01,102.59
2023-02-02,103.39
2023-02-03,102.85
2023-02-06,102.6
2023-02-07,102.92
2023-02-08,102.34
2023-02-09,101.42
2023-02-10,102.14
2023-02-13,103.07
2023-02-14,102.79
2023-02-15,103.43
2023-02-16,102.36
2023-02-17,103.03
2023-02-21,100.67
2023-02-22,100.42
2023-02-23,100.89
2023-02-24,100.31
2023-02-27,101.2
2023-02-28,100.97
2023-03-01,101.37
2023-03-02,102.56
2023-03-03,103.67
2023-03-06,103.48
2023-03-07,102.15
2023-03-08,102.39
2023-03-09,100.88
2023-03-10,99.0
2023-03-13,98.44
2023-03-14,99.48
2023-03-15,97.03
2023-03-16,98.28
2023-03-17,96.67
2023-03-20,97.55
2023-03-21,98.68
2023-03-22,96.79
2023-03-23,96.51
2023-03-24,96.91
2023-03-27,97.72
2023-03-28,98.22
2023-03-29,99.65
2023-03-30,99.86
2023-03-31,101.18
2023-04-03,101.36
2023-04-04,99.09
2023-04-05,97.8
2023-04-06,97.77
2023-04-10,98.66
2023-04-11,99.25
2023-04-12,99.58
2023-04-13,99.95
2023-04-14,99.83
2023-04-17,100.62
2023-04-18,101.1
2023-04-19,101.02
2023-04-20,100.84
2023-04-21,100.61
2023-04-24,100.85
2023-04-25,98.99
2023-04-26,97.12
2023-04-27,99.04
2023-04-28,100.0
2023-05-01,100.54
2023-05-02,99.49
2023-05-03,99.11
2023-05-04,98.03
2023-05-05,99.51
2023-05-08,99.15
2023-05-09,99.37
2023-05-10,99.01
2023-05-11,98.41
2023-05-12,98.48
2023-05-15,98.96
2023-05-16,97.62
2023-05-17,99.3
2023-05-18,100.02
2023-05-19,99.78
2023-05-22,99.76
2023-05-23,98.56
2023-05-24,97.29
2023-05-25,97.61
2023-05-26,98.34
2023-05-30,98.19
2023-05-31,96.85
2023-06-01,98.09
2023-06-02,100.94
2023-06-05,100.24
2023-06-06,100.87
2023-06-07,102.49
2023-06-08,102.67
2023-06-09,102.4
2023-06-12,103.13
2023-06-13,104.33
2023-06-14,104.05
2023-06-15,105.62
2023-06-16,105.45
2023-06-20,104.25
2023-06-21,104.83
2023-06-22,104.07
2023-06-23,103.28
2023-06-26,104.14
2023-06-27,105.39
2023-06-28,105.39
2023-06-29,106.41
2023-06-30,107.32
2023-07-03,107.34
2023-07-05,106.76
2023-07-06,105.96
2023-07-07,106.2
2023-07-10,107.71
2023-07-11,108.98
2023-07-12,108.79
2023-07-13,108.93
2023-07-14,108.61
2023-07-17,109.02
2023-07-18,109.63
2023-07-19,109.58
2023-07-20,110.07
2023-07-21,109.55
2023-07-24,109.8
2023-07-25,109.66
2023-07-26,110.43
2023-07-27,109.48
2023-07-28,110.16
2023-07-31,110.42
2023-08-01,110.75
2023-08-02,109.59
2023-08-03,108.9
2023-08-04,108.24
2023-08-07,109.57
2023-08-08,109.07
2023-08-09,109.01
2023-08-10,108.71
2023-08-11,108.89
2023-08-14,108.93
2023-08-15,107.54
2023-08-16,106.94
2023-08-17,106.04
2023-08-18,106.24
2023-08-21,106.11
2023-08-22,105.86
2023-08-23,106.95
2023-08-24,105.65
2023-08-25,106.54
2023-08-28,107.41
2023-08-29,108.23
2023-08-30,108.72
2023-08-31,108.23
2023-09-01,108.8
2023-09-05,106.97
2023-09-06,106.51
2023-09-07,106.16
2023-09-08,105.63
2023-09-11,105.66
2023-09-12,105.28
2023-09-13,104.58
2023-09-14,105.61
2023-09-15,105.0
2023-09-18,104.69
2023-09-19,104.25
2023-09-20,103.84
2023-09-21,102.14
2023-09-22,101.79
2023-09-25,102.3
2023-09-26,100.74
2023-09-27,101.49
2023-09-28,101.92
2023-09-29,101.38
2023-10-02,100.39
2023-10-03,99.69
2023-10-04,100.01
2023-10-05,99.42
2023-10-06,100.78
2023-10-09,102.36
2023-10-10,102.98
2023-10-11,103.6
2023-10-12,102.66
2023-10-13,101.75
2023-10-16,102.83
2023-10-17,103.15
2023-10-18,100.66
2023-10-19,99.73
2023-10-20,98.7
2023-10-23,98.24
2023-10-24,98.98
2023-10-25,97.71
2023-10-26,97.3
2023-10-27,96.44
2023-10-30,97.64
2023-10-31,98.36
2023-11-01,98.68
2023-11-02,100.71
2023-11-03,101.6
2023-11-06,101.33
2023-11-07,101.08
2023-11-08,101.31
2023-11-09,101.09
2023-11-10,102.55
2023-11-13,102.64
2023-11-14,104.7
2023-11-15,104.92
2023-11-16,104.94
2023-11-17,105.61
2023-11-20,105.93
2023-11-21,105.85
2023-11-22,106.08
2023-11-24,106.34
2023-11-27,105.74
2023-11-28,105.49
2023-11-29,105.89
2023-11-30,107.05
2023-12-01,108.74
2023-12-04,108.92
2023-12-05,108.04
2023-12-06,108.52
2023-12-07,108.62
2023-12-08,108.96
2023-12-11,110.0
2023-12-12,110.5
2023-12-13,111.73
2023-12-14,113.17
2023-12-15,113.02
2023-12-18,112.4
2023-12-19,113.27
2023-12-20,111.44
2023-12-21,112.59
2023-12-22,113.13
2023-12-26,113.93
2023-12-27,114.1
2023-12-28,114.13
2023-12-29,113.99
2024-01-02,112.84
2024-01-03,111.16
2024-01-04,111.3
2024-01-05,111.43
2024-01-08,112.16
2024-01-09,111.81
2024-01-10,112.38
2024-01-11,112.12
2024-01-12,112.11
2024-01-16,110.98
2024-01-17,110.23
2024-01-18,111.72
2024-01-19,112.45
2024-01-22,113.32
2024-01-23,113.23
2024-01-24,112.53
2024-01-25,113.61
2024-01-26,113.43
2024-01-29,114.17
2024-01-30,114.21
2024-01-31,112.89
2024-02-01,114.81
2024-02-02,115.58
2024-02-05,114.95
2024-02-06,115.98
2024-02-07,116.75
2024-02-08,116.77
2024-02-09,116.95
2024-02-12,117.12
2024-02-13,115.92
2024-02-14,117.86
2024-02-15,118.74
2024-02-16,118.03
2024-02-20,117.66
2024-02-21,118.13
2024-02-22,119.59
2024-02-23,120.22
2024-02-26,120.04
2024-02-27,120.22
2024-02-28,120.63
2024-02-29,121.0
2024-03-01,121.52
2024-03-04,121.96
2024-03-05,120.96
2024-03-06,121.59
2024-03-07,122.57
2024-03-08,122.3
2024-03-11,121.67
2024-03-12,122.21
2024-03-13,122.54
2024-03-14,122.02
2024-03-15,122.04
2024-03-18,121.88
2024-03-19,122.93
2024-03-20,124.41
2024-03-21,125.64
2024-03-22,125.21
2024-03-25,124.4
2024-03-26,123.95
2024-03-27,125.94
2024-03-28,125.96
2024-04-01,124.99
2024-04-02,124.41
2024-04-03,125.05
2024-04-04,123.95
2024-04-05,125.67
2024-04-08,125.45
2024-04-09,125.16
2024-04-10,124.09
2024-04-11,124.23
2024-04-12,122.9
2024-04-15,122.02
2024-04-16,121.74
2024-04-17,121.11
2024-04-18,120.69
2024-04-19,120.47
2024-04-22,121.38
2024-04-23,123.07
2024-04-24,122.09
2024-04-25,122.46
2024-04-26,122.66
2024-04-29,123.48
2024-04-30,121.52
2024-05-01,121.22
2024-05-02,121.92
2024-05-03,122.77
2024-05-06,124.01
2024-05-07,124.35
2024-05-08,124.35
2024-05-09,125.59
2024-05-10,125.68
2024-05-13,125.15
2024-05-14,125.12
2024-05-15,125.94
2024-05-16,125.19
2024-05-17,125.33
2024-05-20,125.57
2024-05-21,125.16
2024-05-22,125.31
2024-05-23,123.83
2024-05-24,124.46
2024-05-28,122.94
2024-05-29,121.2
2024-05-30,122.03
2024-05-31,123.51
2024-06-03,122.0
2024-06-04,121.7
2024-06-05,122.93
2024-06-06,122.2
2024-06-07,122.33
2024-06-10,122.71
2024-06-11,122.01
2024-06-12,123.17
2024-06-13,122.38
2024-06-14,121.15
2024-06-17,122.49
2024-06-18,123.15
2024-06-20,123.23
2024-06-21,122.97
2024-06-24,123.07
2024-06-25,122.02
2024-06-26,121.69
2024-06-27,121.82
2024-06-28,121.87
2024-07-01,120.56
2024-07-02,121.22
2024-07-03,121.66
2024-07-05,121.22
2024-07-08,121.37
2024-07-09,120.84
2024-07-10,121.92
2024-07-11,123.47
2024-07-12,124.18
2024-07-15,125.07
2024-07-16,128.19
2024-07-17,126.55
2024-07-18,125.56
2024-07-19,124.87
2024-07-22,126.14
2024-07-23,125.9
2024-07-24,123.19
2024-07-25,124.18
2024-07-26,126.3
2024-07-29,126.08
2024-07-30,126.45
2024-07-31,127.86
2024-08-01,125.49
2024-08-02,122.73
2024-08-05,120.6
2024-08-06,122.05
2024-08-07,121.46
2024-08-08,124.26
2024-08-09,124.28
2024-08-12,123.65
2024-08-13,124.95
2024-08-14,125.46
2024-08-15,127.15
2024-08-16,126.97
2024-08-19,127.74
2024-08-20,127.39
2024-08-21,128.16
2024-08-22,128.0
2024-08-23,129.28
2024-08-26,129.14
2024-08-27,129.22
2024-08-28,129.16
2024-08-29,130.07
2024-08-30,131.46
2024-09-03,128.55
2024-09-04,128.68
2024-09-05,127.18
2024-09-06,125.89
2024-09-09,127.82
2024-09-10,128.04
2024-09-11,128.27
2024-09-12,129.26
2024-09-13,130.57
2024-09-16,131.24
2024-09-17,131.96
2024-09-18,131.85
2024-09-19,134.12
2024-09-20,133.18
2024-09-23,133.64
2024-09-24,134.6
2024-09-25,133.97
2024-09-26,134.64
2024-09-27,134.83
2024-09-30,135.44
2024-10-01,135.51
2024-10-02,135.26
2024-10-03,134.57
2024-10-04,135.51
2024-10-07,135.18
2024-10-08,135.48
2024-10-09,136.69
2024-10-10,135.99
2024-10-11,138.42
2024-10-14,139.25
2024-10-15,138.18
2024-10-16,139.25
2024-10-17,138.85
2024-10-18,139.27
2024-10-21,138.78
2024-10-22,137.1
2024-10-23,136.7
2024-10-24,135.76
2024-10-25,135.4
2024-10-28,135.8
2024-10-29,135.62
2024-10-30,135.39
2024-10-31,133.83
2024-11-01,134.01
2024-11-04,133.86
2024-11-05,136.1
2024-11-06,141.43
2024-11-07,140.58
2024-11-08,142.09
2024-11-11,143.19
2024-11-12,141.96
2024-11-13,142.26
2024-11-14,139.86
2024-11-15,139.11
2024-11-18,138.92
2024-11-19,138.8
2024-11-20,138.95
2024-11-21,140.69
2024-11-22,142.65
2024-11-25,143.54
2024-11-26,143.71
2024-11-27,143.18
2024-11-29,143.99
2024-12-02,142.93
2024-12-03,142.03
2024-12-04,142.65
2024-12-05,140.92
2024-12-06,140.56
2024-12-09,139.34
2024-12-10,139.0
2024-12-11,138.68
2024-12-12,137.79
2024-12-13,137.43
2024-12-16,137.55
2024-12-17,136.29
2024-12-18,132.44
2024-12-19,132.27
2024-12-20,133.82
2024-12-23,133.12
2024-12-24,134.16
2024-12-26,134.26
2024-12-27,133.26
2024-12-30,131.92
2024-12-31,131.76
2025-01-02,131.3
2025-01-03,132.72
2025-01-06,132.43
2025-01-07,132.3
2025-01-08,132.82
2025-01-10,131.33
2025-01-13,132.87
2025-01-14,134.44
2025-01-15,135.29
2025-01-16,136.93
2025-01-17,137.75
2025-01-21,140.58
2025-01-22,140.25
2025-01-23,141.67
2025-01-24,141.07
2025-01-27,139.18
2025-01-28,138.26
2025-01-29,137.79
2025-01-30,139.33
2025-01-31,138.35
2025-02-03,136.98
2025-02-04,137.02
2025-02-05,137.12
2025-02-06,137.74
2025-02-07,137.33
2025-02-10,138.56
2025-02-11,138.61
2025-02-12,137.75
2025-02-13,137.89
2025-02-14,137.55
2025-02-18,138.63
2025-02-19,138.77
2025-02-20,137.86
2025-02-21,134.84
2025-02-24,134.23
2025-02-25,134.92
2025-02-26,135.0
2025-02-27,134.53
2025-02-28,136.33
2025-03-03,134.39
2025-03-04,131.77
2025-03-05,133.85
2025-03-06,132.7
2025-03-07,134.25
2025-03-10,132.15
2025-03-11,130.12
2025-03-12,130.11
2025-03-13,128.78
2025-03-14,131.13
2025-03-17,132.94
2025-03-18,131.88
2025-03-19,133.63
2025-03-20,132.96
2025-03-21,132.25
2025-03-24,134.29
2025-03-25,134.49
2025-03-26,133.6
2025-03-27,132.89
2025-03-28,130.15
2025-03-31,131.07
2025-04-01,131.81
2025-04-02,133.05
2025-04-03,125.85
2025-04-04,117.94
2025-04-07,117.39
2025-04-08,116.42
2025-04-09,126.76
2025-04-10,123.49
2025-04-11,125.67
2025-04-14,126.98
2025-04-15,126.35
2025-04-16,124.62
2025-04-17,125.3
2025-04-21,122.49
2025-04-22,124.63
2025-04-23,126.19
2025-04-24,129.02
2025-04-25,129.01
2025-04-28,129.44
2025-04-29,130.28
2025-04-30,131.22
2025-05-01,132.21
2025-05-02,134.58
2025-05-05,134.65
2025-05-06,133.47
2025-05-07,134.15
2025-05-08,136.0
2025-05-09,136.11
2025-05-12,140.3
2025-05-13,141.28
2025-05-14,140.6
2025-05-15,142.16
2025-05-16,143.78
2025-05-19,144.27
2025-05-20,143.75
2025-05-21,141.32
2025-05-22,141.29
2025-05-23,140.83
2025-05-27,143.31
2025-05-28,142.6
2025-05-29,142.73
2025-05-30,142.82
2025-06-02,142.64
2025-06-03,143.74
2025-06-04,143.82
2025-06-05,143.72
2025-06-06,144.93
2025-06-09,144.8
2025-06-10,144.17
2025-06-11,144.24
2025-06-12,143.86
2025-06-13,142.65
2025-06-16,143.63
2025-06-17,142.55
2025-06-18,142.21
2025-06-20,142.37
2025-06-23,143.86
2025-06-24,145.06
2025-06-25,143.78
2025-06-26,145.34
2025-06-27,146.79
2025-06-30,147.52
2025-07-01,148.01
2025-07-02,148.16
2025-07-03,149.42
2025-07-07,148.9
2025-07-08,148.86
2025-07-09,149.9
2025-07-10,150.74
2025-07-11,150.2
2025-07-14,151.01
2025-07-15,149.88
2025-07-16,150.41
2025-07-17,151.8
2025-07-18,151.46
2025-07-21,150.66
2025-07-22,151.02
2025-07-23,153.73
2025-07-24,153.47
2025-07-25,154.99
2025-07-28,154.51
2025-07-29,152.75
2025-07-30,152.0
2025-07-31,152.01
2025-08-01,149.74
2025-08-04,151.12
2025-08-05,150.81
2025-08-06,150.93
2025-08-07,150.71
2025-08-08,150.83
2025-08-11,150.34
2025-08-12,151.9
2025-08-13,152.48
2025-08-14,151.13
2025-08-15,150.44
2025-08-18,151.03
2025-08-19,151.36
2025-08-20,151.22
2025-08-21,150.68
2025-08-22,153.14
2025-08-25,151.61
2025-08-26,153.17
2025-08-27,153.15
2025-08-28,153.42
2025-08-29,152.01
2025-09-02,150.56
2025-09-03,149.8
2025-09-04,151.49
2025-09-05,150.93
2025-09-08,151.27
2025-09-09,150.25
2025-09-10,151.36
2025-09-11,152.8
2025-09-12,151.58
2025-09-15,152.28
2025-09-16,151.83
2025-09-17,151.14
2025-09-18,152.75
2025-09-19,153.12
2025-09-22,153.0
2025-09-23,153.04
2025-09-24,152.25
2025-09-25,151.22
2025-09-26,152.58
2025-09-29,153.05
2025-09-30,154.23
2025-10-01,153.8
2025-10-02,154.2
2025-10-03,154.41
2025-10-06,155.13
2025-10-07,154.25
2025-10-08,155.59
2025-10-09,153.29
2025-10-10,149.9
2025-10-13,151.46
2025-10-14,153.24
2025-10-15,152.6
2025-10-16,151.6
2025-10-17,151.73
2025-10-20,153.52
2025-10-21,154.88
2025-10-22,152.87
2025-10-23,154.78
2025-10-24,154.91
2025-10-27,155.79
2025-10-28,154.68
2025-10-29,155.08
2025-10-30,154.69
2025-10-31,155.06
2025-11-03,154.4
2025-11-04,152.61
2025-11-05,153.2
2025-11-06,152.59
2025-11-07,153.33
2025-11-10,154.2
2025-11-11,154.24
2025-11-12,154.39
2025-11-13,152.0
2025-11-14,152.01
2025-11-17,150.52
2025-11-18,149.85
2025-11-19,150.35
2025-11-20,147.83
2025-11-21,149.63
2025-11-24,150.0
2025-11-25,151.92
2025-11-26,152.8
2025-11-28,153.69
2025-12-01,151.44
2025-12-02,152.76
2025-12-03,154.21
2025-12-04,155.01
2025-12-05,154.58
2025-12-08,154.39
2025-12-09,153.26
2025-12-10,156.06
2025-12-11,157.73
2025-12-12,156.74
2025-12-15,156.99
2025-12-16,156.06
2025-12-17,153.53
2025-12-18,154.53
2025-12-19,155.86
2025-12-22,157.05
2025-12-23,156.99
2025-12-24,157.5
2025-12-26,157.21
2025-12-29,156.87
2025-12-30,156.42
2025-12-31,155.12
2026-01-02,157.98
2026-01-05,159.85
2026-01-06,162.02
2026-01-07,158.97
2026-01-08,160.17
2026-01-09,161.93
2026-01-12,163.17
2026-01-13,164.01
2026-01-14,164.27
2026-01-15,165.78
2026-01-16,166.9
2026-01-20,163.53
2026-01-21,166.36
2026-01-22,165.5
2026-01-23,164.22
2026-01-26,164.38
2026-01-27,165.06
2026-01-28,164.14
2026-01-29,165.86
2026-01-30,165.44
2026-02-02,167.53
2026-02-03,168.94
2026-02-04,169.39
2026-02-05,168.37
2026-02-06,173.18
2026-02-09,173.7
2026-02-10,173.91
2026-02-11,174.84
2026-02-12,172.75
2026-02-13,174.17
2026-02-17,175.08
2026-02-18,175.04
2026-02-19,176.34
2026-02-20,177.23
2026-02-23,174.83
2026-02-24,176.98
2026-02-25,175.6
2026-02-26,176.7
2026-02-27,177.14
2026-03-02,178.9
2026-03-03,175.44
2026-03-04,175.97
2026-03-05,172.06
2026-03-06,169.94
2026-03-09,170.94
2026-03-10,170.02
2026-03-11,169.49
2026-03-12,165.24
2026-03-13,164.65
2026-03-16,166.06
2026-03-17,166.5
2026-03-18,165.18
2026-03-19,164.06
2026-03-20,161.67
2026-03-23,163.05
2026-03-24,164.0
2026-03-25,165.1
2026-03-26,161.27
2026-03-27,159.2
2026-03-30,156.61
2026-03-31,161.73
2026-04-01,164.43
2026-04-02,163.77
2026-04-06,164.61
2026-04-07,164.28
2026-04-08,170.44
2026-04-09,172.19
2026-04-10,171.52
2026-04-13,172.73
2026-04-14,173.35
2026-04-15,171.18
2026-04-16,170.33
2026-04-17,173.51
2026-04-20,173.9
2026-04-21,171.44
2026-04-22,171.04
2026-04-23,174.07
2026-04-24,172.47
2026-04-27,172.51
2026-04-28,170.98
2026-04-29,169.93
2026-04-30,174.58
2026-05-01,172.96
2026-05-04,170.98
2026-05-05,172.41
2026-05-06,176.87
2026-05-07,174.0
2026-05-08,173.2
2026-05-11,175.04
2026-05-12,174.35
2026-05-13,173.62
2026-05-14,174.51
2026-05-15,171.4
2026-05-18,170.75
2026-05-19,168.74
2026-05-20,170.73
2026-05-21,170.53
2026-05-22,171.77
2026-05-26,174.3
2026-05-27,174.3
2026-05-28,173.8
2026-05-29,173.13
2026-06-01,172.4
2026-06-02,174.19
2026-06-03,174.05
2026-06-04,176.16
2026-06-05,174.18
2026-06-08,173.63
2026-06-09,175.6
2026-06-10,169.66
2026-06-11,175.15
2026-06-12,176.18
2026-06-15,178.68
2026-06-16,179.85
2026-06-17,179.6
2026-06-18,180.91
2026-06-22,181.8
2026-06-23,178.15
2026-06-24,180.21
2026-06-25,184.12
2026-06-26,181.2
2026-06-29,182.76
2026-06-30,185.23
2026-07-01,183.36
2026-07-02,183.91
2026-07-06,185.56
2026-07-07,182.38
2026-07-08,180.42
2026-07-09,181.11
2026-07-10,181.92
2026-07-13,180.37
2026-07-14,180.45
2026-07-15,180.06
2026-07-16,180.15
2026-07-17,179.41
2026-07-20,178.12
2026-07-21,178.66
2026-07-22,178.85
2026-07-23,181.94
2026-07-24,182.66
2026-07-27,183.2
2026-07-28,182.49
2026-07-29,176.66
2026-07-30,178.39
2026-07-31,179.84
2026-08-03,183.16
2026-08-04,186.4
2026-08-05,186.35
2026-08-06,184.76
2026-08-07,185.18
