Date,Close
2003-01-02,9.8
2003-01-03,9.9
2003-01-06,10.345
2003-01-07,10.12
2003-01-08,10.19
2003-01-09,10.14
2003-01-10,10.14
2003-01-13,9.925
2003-01-14,9.945
2003-01-15,9.915
2003-01-16,9.9
2003-01-17,9.855
2003-01-21,9.65
2003-01-22,9.565
2003-01-23,9.74
2003-01-24,9.49
2003-01-27,9.125
2003-01-28,9.4
2003-01-29,9.395
2003-01-30,9.245
2003-01-31,9.35
2003-02-03,9.38
2003-02-04,9.335
2003-02-05,9.195
2003-02-06,9.11
2003-02-07,8.95
2003-02-10,8.98
2003-02-11,8.83
2003-02-12,8.525
2003-02-13,8.645
2003-02-14,8.79
2003-02-18,8.885
2003-02-19,8.89
2003-02-20,8.885
2003-02-21,9.0
2003-02-24,8.94
2003-02-25,9.0
2003-02-26,8.845
2003-02-27,8.86
2003-02-28,8.85
2003-03-03,8.91
2003-03-04,8.855
2003-03-05,8.945
2003-03-06,8.945
2003-03-07,8.975
2003-03-10,8.765
2003-03-11,8.75
2003-03-12,8.765
2003-03-13,8.92
2003-03-14,8.955
2003-03-17,9.155
2003-03-18,9.26
2003-03-19,9.21
2003-03-20,9.315
2003-03-21,9.37
2003-03-24,9.14
2003-03-25,9.265
2003-03-26,9.185
2003-03-27,9.23
2003-03-28,9.245
2003-03-31,9.2
2003-04-01,9.265
2003-04-02,9.27
2003-04-03,9.235
2003-04-04,9.35
2003-04-07,9.35
2003-04-08,9.29
2003-04-09,9.27
2003-04-10,9.35
2003-04-11,9.32
2003-04-14,9.44
2003-04-15,9.56
2003-04-16,9.55
2003-04-17,9.57
2003-04-21,9.66
2003-04-22,9.795
2003-04-23,9.795
2003-04-24,9.885
2003-04-25,9.86
2003-04-28,9.995
2003-04-29,10.01
2003-04-30,9.995
2003-05-01,9.86
2003-05-02,9.94
2003-05-05,9.98
2003-05-06,9.965
2003-05-07,9.95
2003-05-08,9.935
2003-05-09,10.0
2003-05-12,10.075
2003-05-13,10.095
2003-05-14,10.14
2003-05-15,10.295
2003-05-16,10.51
2003-05-19,10.345
2003-05-20,10.39
2003-05-21,10.365
2003-05-22,10.55
2003-05-23,10.95
2003-05-27,11.11
2003-05-28,11.06
2003-05-29,10.895
2003-05-30,11.005
2003-06-02,11.1
2003-06-03,11.145
2003-06-04,11.3
2003-06-05,11.17
2003-06-06,11.05
2003-06-09,11.04
2003-06-10,11.09
2003-06-11,11.175
2003-06-12,11.31
2003-06-13,11.16
2003-06-16,11.375
2003-06-17,11.32
2003-06-18,11.375
2003-06-19,11.41
2003-06-20,11.26
2003-06-23,11.14
2003-06-24,11.07
2003-06-25,11.05
2003-06-26,11.155
2003-06-27,11.01
2003-06-30,11.06
2003-07-01,10.985
2003-07-02,11.065
2003-07-03,11.0
2003-07-07,11.02
2003-07-08,10.935
2003-07-09,10.855
2003-07-10,10.66
2003-07-11,10.725
2003-07-14,10.71
2003-07-15,10.5
2003-07-16,10.325
2003-07-17,10.3
2003-07-18,10.46
2003-07-21,10.31
2003-07-22,10.485
2003-07-23,10.42
2003-07-24,10.415
2003-07-25,10.5
2003-07-28,10.425
2003-07-29,10.38
2003-07-30,10.305
2003-07-31,10.32
2003-08-01,10.275
2003-08-04,10.275
2003-08-05,10.115
2003-08-06,10.175
2003-08-07,10.27
2003-08-08,10.32
2003-08-11,10.32
2003-08-12,10.46
2003-08-13,10.36
2003-08-14,10.4
2003-08-15,10.38
2003-08-18,10.355
2003-08-19,10.365
2003-08-20,10.465
2003-08-21,10.505
2003-08-22,10.36
2003-08-25,10.41
2003-08-26,10.44
2003-08-27,10.475
2003-08-28,10.5
2003-08-29,10.525
2003-09-02,10.72
2003-09-03,10.755
2003-09-04,10.76
2003-09-05,10.74
2003-09-08,10.82
2003-09-09,10.795
2003-09-10,10.78
2003-09-11,10.75
2003-09-12,10.83
2003-09-15,10.77
2003-09-16,10.865
2003-09-17,10.835
2003-09-18,10.955
2003-09-19,10.875
2003-09-22,10.815
2003-09-23,10.865
2003-09-24,10.735
2003-09-25,10.755
2003-09-26,10.855
2003-09-29,10.97
2003-09-30,10.95
2003-10-01,10.965
2003-10-02,11.07
2003-10-03,11.095
2003-10-06,11.08
2003-10-07,11.045
2003-10-08,11.005
2003-10-09,11.025
2003-10-10,10.99
2003-10-13,11.06
2003-10-14,11.09
2003-10-15,10.95
2003-10-16,11.0
2003-10-17,10.93
2003-10-20,10.985
2003-10-21,10.97
2003-10-22,10.965
2003-10-23,10.985
2003-10-24,10.95
2003-10-27,10.995
2003-10-28,10.965
2003-10-29,10.955
2003-10-30,11.045
2003-10-31,11.025
2003-11-03,11.08
2003-11-04,11.025
2003-11-05,11.02
2003-11-06,10.975
2003-11-07,10.905
2003-11-10,10.88
2003-11-11,10.89
2003-11-12,10.915
2003-11-13,10.93
2003-11-14,10.915
2003-11-17,10.825
2003-11-18,10.63
2003-11-19,10.765
2003-11-20,10.74
2003-11-21,10.72
2003-11-24,10.885
2003-11-25,10.945
2003-11-26,11.025
2003-11-28,11.05
2003-12-01,11.08
2003-12-02,11.1
2003-12-03,11.08
2003-12-04,11.105
2003-12-05,11.165
2003-12-08,11.195
2003-12-09,11.1
2003-12-10,11.15
2003-12-11,11.2
2003-12-12,11.225
2003-12-15,11.185
2003-12-16,11.255
2003-12-17,11.305
2003-12-18,11.45
2003-12-19,11.37
2003-12-22,11.475
2003-12-23,11.535
2003-12-24,11.555
2003-12-26,11.57
2003-12-29,11.655
2003-12-30,11.685
2003-12-31,11.665
2004-01-02,11.635
2004-01-05,11.655
2004-01-06,11.63
2004-01-07,11.69
2004-01-08,11.685
2004-01-09,11.645
2004-01-12,11.64
2004-01-13,11.585
2004-01-14,11.725
2004-01-15,11.685
2004-01-16,11.665
2004-01-20,11.75
2004-01-21,11.955
2004-01-22,12.0
2004-01-23,11.895
2004-01-26,11.825
2004-01-27,11.785
2004-01-28,11.83
2004-01-29,11.925
2004-01-30,11.905
2004-02-02,11.835
2004-02-03,11.94
2004-02-04,11.745
2004-02-05,11.675
2004-02-06,11.775
2004-02-09,11.845
2004-02-10,11.945
2004-02-11,11.935
2004-02-12,11.9
2004-02-13,11.885
2004-02-17,11.975
2004-02-18,12.015
2004-02-19,11.935
2004-02-20,11.82
2004-02-23,11.865
2004-02-24,11.8
2004-02-25,11.92
2004-02-26,12.0
2004-02-27,12.13
2004-03-01,12.19
2004-03-02,12.135
2004-03-03,12.13
2004-03-04,12.215
2004-03-05,12.31
2004-03-08,12.275
2004-03-09,12.205
2004-03-10,12.065
2004-03-11,11.89
2004-03-12,12.005
2004-03-15,11.97
2004-03-16,12.085
2004-03-17,12.275
2004-03-18,12.22
2004-03-19,12.05
2004-03-22,11.91
2004-03-23,11.905
2004-03-24,11.93
2004-03-25,11.95
2004-03-26,11.99
2004-03-29,12.065
2004-03-30,12.11
2004-03-31,12.16
2004-04-01,12.195
2004-04-02,12.135
2004-04-05,12.17
2004-04-06,12.175
2004-04-07,12.05
2004-04-08,12.04
2004-04-12,11.85
2004-04-13,11.635
2004-04-14,11.65
2004-04-15,11.715
2004-04-16,11.755
2004-04-19,11.68
2004-04-20,11.55
2004-04-21,11.64
2004-04-22,11.77
2004-04-23,11.775
2004-04-26,11.81
2004-04-27,11.83
2004-04-28,11.84
2004-04-29,11.655
2004-04-30,11.64
2004-05-03,11.72
2004-05-04,11.765
2004-05-05,11.685
2004-05-06,11.725
2004-05-07,11.37
2004-05-10,11.21
2004-05-11,11.18
2004-05-12,11.17
2004-05-13,11.215
2004-05-14,11.275
2004-05-17,11.155
2004-05-18,11.25
2004-05-19,11.17
2004-05-20,11.285
2004-05-21,11.27
2004-05-24,11.425
2004-05-25,11.63
2004-05-26,11.635
2004-05-27,11.755
2004-05-28,11.78
2004-06-01,11.765
2004-06-02,11.785
2004-06-03,11.66
2004-06-04,11.7
2004-06-07,11.8
2004-06-08,11.69
2004-06-09,11.615
2004-06-10,11.695
2004-06-14,11.615
2004-06-15,11.665
2004-06-16,11.73
2004-06-17,11.81
2004-06-18,11.77
2004-06-21,11.85
2004-06-22,11.805
2004-06-23,11.895
2004-06-24,11.935
2004-06-25,11.865
2004-06-28,11.92
2004-06-29,11.83
2004-06-30,11.88
2004-07-01,11.74
2004-07-02,11.86
2004-07-06,11.84
2004-07-07,11.865
2004-07-08,11.82
2004-07-09,11.795
2004-07-12,11.82
2004-07-13,11.795
2004-07-14,11.9
2004-07-15,11.955
2004-07-16,12.04
2004-07-19,12.095
2004-07-20,12.12
2004-07-21,11.93
2004-07-22,11.85
2004-07-23,11.78
2004-07-26,11.75
2004-07-27,11.735
2004-07-28,11.89
2004-07-29,11.975
2004-07-30,12.06
2004-08-02,12.15
2004-08-03,12.125
2004-08-04,12.23
2004-08-05,12.085
2004-08-06,12.175
2004-08-09,12.145
2004-08-10,12.235
2004-08-11,12.285
2004-08-12,12.28
2004-08-13,12.235
2004-08-16,12.29
2004-08-17,12.285
2004-08-18,12.365
2004-08-19,12.305
2004-08-20,12.355
2004-08-23,12.33
2004-08-24,12.355
2004-08-25,12.405
2004-08-26,12.405
2004-08-27,12.4
2004-08-30,12.43
2004-08-31,12.55
2004-09-01,12.51
2004-09-02,12.625
2004-09-03,12.58
2004-09-07,12.67
2004-09-08,12.55
2004-09-09,12.605
2004-09-10,12.63
2004-09-13,12.53
2004-09-14,12.51
2004-09-15,12.535
2004-09-16,12.61
2004-09-17,12.58
2004-09-20,12.535
2004-09-21,12.605
2004-09-22,12.55
2004-09-23,12.425
2004-09-24,12.43
2004-09-27,12.445
2004-09-28,12.525
2004-09-29,12.5
2004-09-30,12.525
2004-10-01,12.625
2004-10-04,12.675
2004-10-05,12.73
2004-10-06,12.78
2004-10-07,12.71
2004-10-08,12.765
2004-10-11,12.73
2004-10-12,12.835
2004-10-13,12.665
2004-10-14,12.69
2004-10-15,12.79
2004-10-18,12.7
2004-10-19,12.68
2004-10-20,12.695
2004-10-21,12.75
2004-10-22,12.83
2004-10-25,13.025
2004-10-26,13.155
2004-10-27,13.14
2004-10-28,13.065
2004-10-29,13.135
2004-11-01,13.24
2004-11-02,12.98
2004-11-03,13.255
2004-11-04,13.52
2004-11-05,13.47
2004-11-08,13.6
2004-11-09,13.605
2004-11-10,13.6
2004-11-11,13.745
2004-11-12,13.91
2004-11-15,13.84
2004-11-16,13.815
2004-11-17,13.7
2004-11-18,13.7
2004-11-19,13.65
2004-11-22,13.865
2004-11-23,13.95
2004-11-24,14.0
2004-11-26,14.055
2004-11-29,13.87
2004-11-30,13.72
2004-12-01,13.6
2004-12-02,13.43
2004-12-03,13.53
2004-12-06,13.655
2004-12-07,13.55
2004-12-08,13.48
2004-12-09,13.485
2004-12-10,13.535
2004-12-13,13.735
2004-12-14,13.785
2004-12-15,13.85
2004-12-16,13.855
2004-12-17,13.76
2004-12-20,13.835
2004-12-21,13.98
2004-12-22,14.01
2004-12-23,14.005
2004-12-27,13.915
2004-12-28,13.95
2004-12-29,13.99
2004-12-30,13.995
2004-12-31,13.925
2005-01-03,13.765
2005-01-04,13.67
2005-01-05,13.455
2005-01-06,13.525
2005-01-07,13.525
2005-01-10,13.595
2005-01-11,13.555
2005-01-12,13.595
2005-01-13,13.66
2005-01-14,13.775
2005-01-18,13.895
2005-01-19,13.835
2005-01-20,13.79
2005-01-21,13.735
2005-01-24,13.855
2005-01-25,13.775
2005-01-26,13.975
2005-01-27,14.045
2005-01-28,14.06
2005-01-31,14.22
2005-02-01,14.315
2005-02-02,14.37
2005-02-03,14.41
2005-02-04,14.55
2005-02-07,14.52
2005-02-08,14.605
2005-02-09,14.52
2005-02-10,14.535
2005-02-11,14.545
2005-02-14,14.675
2005-02-15,14.65
2005-02-16,14.69
2005-02-17,14.66
2005-02-18,14.505
2005-02-22,14.16
2005-02-23,14.235
2005-02-24,14.345
2005-02-25,14.625
2005-02-28,14.525
2005-03-01,14.565
2005-03-02,14.55
2005-03-03,14.625
2005-03-04,14.855
2005-03-07,14.96
2005-03-08,14.86
2005-03-09,14.595
2005-03-10,14.69
2005-03-11,14.625
2005-03-14,14.85
2005-03-15,14.785
2005-03-16,14.65
2005-03-17,14.735
2005-03-18,14.58
2005-03-21,14.575
2005-03-22,14.28
2005-03-23,14.21
2005-03-24,14.36
2005-03-28,14.385
2005-03-29,14.205
2005-03-30,14.435
2005-03-31,14.575
2005-04-01,14.625
2005-04-04,14.665
2005-04-05,14.75
2005-04-06,14.705
2005-04-07,14.84
2005-04-08,14.725
2005-04-11,14.87
2005-04-12,15.01
2005-04-13,14.905
2005-04-14,14.765
2005-04-15,14.505
2005-04-18,14.56
2005-04-19,14.765
2005-04-20,14.635
2005-04-21,14.765
2005-04-22,14.86
2005-04-25,14.96
2005-04-26,14.77
2005-04-27,14.88
2005-04-28,14.815
2005-04-29,15.025
2005-05-02,15.065
2005-05-03,14.99
2005-05-04,15.005
2005-05-05,14.945
2005-05-06,14.91
2005-05-09,15.035
2005-05-10,14.925
2005-05-11,14.995
2005-05-12,14.825
2005-05-13,14.585
2005-05-16,14.68
2005-05-17,14.85
2005-05-18,14.855
2005-05-19,14.94
2005-05-20,14.935
2005-05-23,14.88
2005-05-24,14.88
2005-05-25,14.92
2005-05-26,14.96
2005-05-27,15.02
2005-05-31,15.015
2005-06-01,15.21
2005-06-02,15.19
2005-06-03,15.24
2005-06-06,15.225
2005-06-07,15.26
2005-06-08,15.29
2005-06-09,15.305
2005-06-10,15.36
2005-06-13,15.425
2005-06-14,15.465
2005-06-15,15.39
2005-06-16,15.365
2005-06-17,15.435
2005-06-20,15.465
2005-06-21,15.485
2005-06-22,15.625
2005-06-23,15.67
2005-06-24,15.56
2005-06-27,15.655
2005-06-28,15.81
2005-06-29,15.765
2005-06-30,15.78
2005-07-01,15.925
2005-07-05,15.955
2005-07-06,15.685
2005-07-07,15.81
2005-07-08,15.995
2005-07-11,16.085
2005-07-12,16.13
2005-07-13,16.175
2005-07-14,16.015
2005-07-15,16.01
2005-07-18,16.0
2005-07-19,16.015
2005-07-20,16.1
2005-07-21,15.81
2005-07-22,15.9
2005-07-25,15.905
2005-07-26,15.96
2005-07-27,16.03
2005-07-28,16.13
2005-07-29,16.135
2005-08-01,15.925
2005-08-02,16.295
2005-08-03,16.34
2005-08-04,16.235
2005-08-05,15.955
2005-08-08,15.63
2005-08-09,15.795
2005-08-10,15.79
2005-08-11,15.885
2005-08-12,15.87
2005-08-15,15.93
2005-08-16,15.68
2005-08-17,15.665
2005-08-18,15.725
2005-08-19,15.82
2005-08-22,15.925
2005-08-23,16.055
2005-08-24,15.98
2005-08-25,16.1
2005-08-26,16.075
2005-08-29,16.14
2005-08-30,16.115
2005-08-31,16.24
2005-09-01,16.495
2005-09-02,16.5
2005-09-06,16.655
2005-09-07,16.665
2005-09-08,16.52
2005-09-09,16.715
2005-09-12,16.7
2005-09-13,16.555
2005-09-14,16.615
2005-09-15,16.77
2005-09-16,16.795
2005-09-19,16.745
2005-09-20,16.68
2005-09-21,16.39
2005-09-22,16.3
2005-09-23,16.34
2005-09-26,16.475
2005-09-27,16.48
2005-09-28,16.65
2005-09-29,16.815
2005-09-30,16.8
2005-10-03,16.99
2005-10-04,16.695
2005-10-05,16.21
2005-10-06,15.995
2005-10-07,16.135
2005-10-10,15.85
2005-10-11,15.885
2005-10-12,15.585
2005-10-13,15.255
2005-10-14,15.43
2005-10-17,15.6
2005-10-18,15.34
2005-10-19,15.38
2005-10-20,14.975
2005-10-21,15.175
2005-10-24,15.565
2005-10-25,15.585
2005-10-26,15.395
2005-10-27,15.22
2005-10-28,15.525
2005-10-31,15.725
2005-11-01,15.415
2005-11-02,15.475
2005-11-03,15.465
2005-11-04,15.445
2005-11-07,15.405
2005-11-08,15.4
2005-11-09,15.535
2005-11-10,15.46
2005-11-11,15.32
2005-11-14,15.22
2005-11-15,15.25
2005-11-16,15.39
2005-11-17,15.615
2005-11-18,15.585
2005-11-21,15.62
2005-11-22,15.62
2005-11-23,15.815
2005-11-25,15.875
2005-11-28,15.815
2005-11-29,15.855
2005-11-30,15.7
2005-12-01,15.76
2005-12-02,15.785
2005-12-05,15.775
2005-12-06,15.73
2005-12-07,15.655
2005-12-08,15.82
2005-12-09,16.0
2005-12-12,15.85
2005-12-13,16.085
2005-12-14,16.265
2005-12-15,16.3
2005-12-16,16.155
2005-12-19,15.94
2005-12-20,15.965
2005-12-21,15.82
2005-12-22,15.89
2005-12-23,15.92
2005-12-27,15.89
2005-12-28,15.81
2005-12-29,15.78
2005-12-30,15.695
2006-01-03,16.0
2006-01-04,16.025
2006-01-05,15.92
2006-01-06,16.09
2006-01-09,15.99
2006-01-10,16.015
2006-01-11,15.99
2006-01-12,15.99
2006-01-13,16.1
2006-01-17,16.27
2006-01-18,16.305
2006-01-19,16.45
2006-01-20,16.355
2006-01-23,16.33
2006-01-24,16.475
2006-01-25,16.25
2006-01-26,16.105
2006-01-27,16.195
2006-01-30,16.085
2006-01-31,16.075
2006-02-01,16.12
2006-02-02,15.91
2006-02-03,15.83
2006-02-06,15.925
2006-02-07,15.83
2006-02-08,15.825
2006-02-09,15.88
2006-02-10,15.89
2006-02-13,15.87
2006-02-14,15.855
2006-02-15,15.88
2006-02-16,16.005
2006-02-17,16.15
2006-02-21,16.175
2006-02-22,16.235
2006-02-23,16.215
2006-02-24,16.265
2006-02-27,16.395
2006-02-28,16.285
2006-03-01,16.24
2006-03-02,16.23
2006-03-03,16.15
2006-03-06,15.89
2006-03-07,15.815
2006-03-08,15.8
2006-03-09,15.755
2006-03-10,15.855
2006-03-13,15.875
2006-03-14,16.045
2006-03-15,16.15
2006-03-16,16.235
2006-03-17,16.075
2006-03-20,15.84
2006-03-21,15.72
2006-03-22,15.795
2006-03-23,15.775
2006-03-24,15.745
2006-03-27,15.64
2006-03-28,15.575
2006-03-29,15.67
2006-03-30,15.53
2006-03-31,15.415
2006-04-03,15.435
2006-04-04,15.6
2006-04-05,15.75
2006-04-06,15.555
2006-04-07,15.335
2006-04-10,15.33
2006-04-11,15.155
2006-04-12,15.19
2006-04-13,15.12
2006-04-17,15.105
2006-04-18,15.395
2006-04-19,15.445
2006-04-20,15.555
2006-04-21,15.625
2006-04-24,15.77
2006-04-25,15.545
2006-04-26,15.39
2006-04-27,15.595
2006-04-28,15.66
2006-05-01,15.515
2006-05-02,15.765
2006-05-03,15.715
2006-05-04,15.735
2006-05-05,16.09
2006-05-08,15.965
2006-05-09,15.83
2006-05-10,15.955
2006-05-11,15.805
2006-05-12,15.63
2006-05-15,15.73
2006-05-16,15.66
2006-05-17,15.42
2006-05-18,15.415
2006-05-19,15.545
2006-05-22,15.665
2006-05-23,15.445
2006-05-24,15.5
2006-05-25,15.645
2006-05-26,15.815
2006-05-30,15.655
2006-05-31,15.915
2006-06-01,16.075
2006-06-02,16.27
2006-06-05,16.075
2006-06-06,16.105
2006-06-07,16.045
2006-06-08,16.1
2006-06-09,16.235
2006-06-12,16.27
2006-06-13,16.075
2006-06-14,15.955
2006-06-15,16.2
2006-06-16,16.055
2006-06-19,15.835
2006-06-20,15.875
2006-06-21,15.86
2006-06-22,15.805
2006-06-23,15.83
2006-06-26,15.895
2006-06-27,15.835
2006-06-28,15.88
2006-06-29,16.085
2006-06-30,16.145
2006-07-03,16.325
2006-07-05,16.215
2006-07-06,16.13
2006-07-07,16.255
2006-07-10,16.345
2006-07-11,16.47
2006-07-12,16.39
2006-07-13,16.33
2006-07-14,16.33
2006-07-17,16.375
2006-07-18,16.4
2006-07-19,16.65
2006-07-20,16.69
2006-07-21,16.73
2006-07-24,16.885
2006-07-25,16.955
2006-07-26,17.015
2006-07-27,16.88
2006-07-28,16.995
2006-07-31,16.92
2006-08-01,17.13
2006-08-02,17.115
2006-08-03,17.03
2006-08-04,17.035
2006-08-07,16.835
2006-08-08,16.995
2006-08-09,17.0
2006-08-10,16.975
2006-08-11,16.935
2006-08-14,17.05
2006-08-15,17.16
2006-08-16,17.0
2006-08-17,16.98
2006-08-18,17.17
2006-08-21,17.205
2006-08-22,17.265
2006-08-23,17.085
2006-08-24,17.155
2006-08-25,17.155
2006-08-28,17.285
2006-08-29,17.3
2006-08-30,17.21
2006-08-31,17.385
2006-09-01,17.4
2006-09-05,17.215
2006-09-06,17.15
2006-09-07,17.175
2006-09-08,17.175
2006-09-11,17.115
2006-09-12,17.025
2006-09-13,17.06
2006-09-14,16.99
2006-09-15,16.86
2006-09-18,16.81
2006-09-19,16.845
2006-09-20,16.82
2006-09-21,16.795
2006-09-22,16.775
2006-09-25,17.01
2006-09-26,16.985
2006-09-27,17.22
2006-09-28,17.165
2006-09-29,16.995
2006-10-02,17.12
2006-10-03,17.19
2006-10-04,17.26
2006-10-05,17.205
2006-10-06,17.11
2006-10-09,17.095
2006-10-10,17.22
2006-10-11,17.26
2006-10-12,17.255
2006-10-13,17.275
2006-10-16,17.36
2006-10-17,17.435
2006-10-18,17.625
2006-10-19,17.695
2006-10-20,17.805
2006-10-23,17.825
2006-10-24,17.84
2006-10-25,18.03
2006-10-26,17.95
2006-10-27,17.885
2006-10-30,17.875
2006-10-31,17.895
2006-11-01,18.005
2006-11-02,17.92
2006-11-03,17.79
2006-11-06,17.71
2006-11-07,17.65
2006-11-08,17.825
2006-11-09,17.82
2006-11-10,17.955
2006-11-13,17.95
2006-11-14,17.995
2006-11-15,17.935
2006-11-16,18.0
2006-11-17,18.02
2006-11-20,17.96
2006-11-21,17.99
2006-11-22,18.03
2006-11-24,18.1
2006-11-27,17.9
2006-11-28,18.03
2006-11-29,18.255
2006-11-30,18.37
2006-12-01,18.36
2006-12-04,18.505
2006-12-05,18.55
2006-12-06,18.46
2006-12-07,18.44
2006-12-08,18.385
2006-12-11,18.485
2006-12-12,18.555
2006-12-13,18.625
2006-12-14,18.655
2006-12-15,18.47
2006-12-18,18.34
2006-12-19,18.42
2006-12-20,18.36
2006-12-21,18.35
2006-12-22,18.285
2006-12-26,18.375
2006-12-27,18.475
2006-12-28,18.365
2006-12-29,18.36
2007-01-03,18.41
2007-01-04,18.385
2007-01-05,18.055
2007-01-08,18.045
2007-01-09,18.06
2007-01-10,18.065
2007-01-11,18.085
2007-01-12,17.935
2007-01-16,17.99
2007-01-17,18.03
2007-01-18,18.02
2007-01-19,18.025
2007-01-22,18.02
2007-01-23,18.125
2007-01-24,18.185
2007-01-25,18.17
2007-01-26,18.125
2007-01-29,18.185
2007-01-30,18.24
2007-01-31,18.295
2007-02-01,18.45
2007-02-02,18.55
2007-02-05,18.75
2007-02-06,18.85
2007-02-07,18.92
2007-02-08,18.955
2007-02-09,19.02
2007-02-12,18.95
2007-02-13,19.115
2007-02-14,19.25
2007-02-15,19.085
2007-02-16,19.12
2007-02-20,19.17
2007-02-21,19.09
2007-02-22,19.115
2007-02-23,19.335
2007-02-26,19.795
2007-02-27,19.075
2007-02-28,19.265
2007-03-01,19.325
2007-03-02,19.025
2007-03-05,18.785
2007-03-06,19.065
2007-03-07,19.025
2007-03-08,19.125
2007-03-09,19.1
2007-03-12,19.29
2007-03-13,19.03
2007-03-14,19.125
2007-03-15,19.37
2007-03-16,19.2
2007-03-19,19.34
2007-03-20,19.62
2007-03-21,19.85
2007-03-22,19.83
2007-03-23,19.925
2007-03-26,20.01
2007-03-27,19.98
2007-03-28,19.94
2007-03-29,20.055
2007-03-30,19.85
2007-04-02,20.325
2007-04-03,20.35
2007-04-04,20.26
2007-04-05,20.35
2007-04-09,20.5
2007-04-10,20.505
2007-04-11,20.455
2007-04-12,20.365
2007-04-13,20.36
2007-04-16,20.48
2007-04-17,20.575
2007-04-18,20.725
2007-04-19,20.625
2007-04-20,20.785
2007-04-23,20.94
2007-04-24,21.09
2007-04-25,21.15
2007-04-26,21.08
2007-04-27,20.905
2007-04-30,20.825
2007-05-01,20.995
2007-05-02,21.11
2007-05-03,21.085
2007-05-04,21.045
2007-05-07,21.295
2007-05-08,21.2
2007-05-09,21.215
2007-05-10,21.0
2007-05-11,21.1
2007-05-14,21.185
2007-05-15,21.3
2007-05-16,21.35
2007-05-17,21.3
2007-05-18,21.415
2007-05-21,21.385
2007-05-22,21.345
2007-05-23,21.01
2007-05-24,20.54
2007-05-25,20.55
2007-05-29,20.61
2007-05-30,20.865
2007-05-31,20.92
2007-06-01,20.805
2007-06-04,20.725
2007-06-05,20.45
2007-06-06,20.125
2007-06-07,19.5
2007-06-08,19.64
2007-06-11,19.9
2007-06-12,19.575
2007-06-13,19.965
2007-06-14,20.09
2007-06-15,20.22
2007-06-18,20.0
2007-06-19,20.13
2007-06-20,19.605
2007-06-21,19.73
2007-06-22,19.355
2007-06-25,19.46
2007-06-26,19.355
2007-06-27,19.64
2007-06-28,19.635
2007-06-29,19.79
2007-07-02,20.075
2007-07-03,20.075
2007-07-05,20.035
2007-07-06,19.93
2007-07-09,19.96
2007-07-10,19.775
2007-07-11,19.825
2007-07-12,20.075
2007-07-13,20.375
2007-07-16,20.08
2007-07-17,20.1
2007-07-18,20.25
2007-07-19,20.575
2007-07-20,20.35
2007-07-23,20.37
2007-07-24,19.76
2007-07-25,19.8
2007-07-26,19.35
2007-07-27,18.775
2007-07-30,19.035
2007-07-31,19.0
2007-08-01,19.43
2007-08-02,19.64
2007-08-03,18.975
2007-08-06,19.57
2007-08-07,19.925
2007-08-08,20.215
2007-08-09,19.85
2007-08-10,19.505
2007-08-13,19.605
2007-08-14,19.275
2007-08-15,19.015
2007-08-16,19.15
2007-08-17,19.315
2007-08-20,19.42
2007-08-21,19.4
2007-08-22,19.625
2007-08-23,19.685
2007-08-24,19.805
2007-08-27,19.3
2007-08-28,19.0
2007-08-29,19.375
2007-08-30,19.34
2007-08-31,19.3
2007-09-04,19.675
2007-09-05,19.625
2007-09-06,19.65
2007-09-07,19.505
2007-09-10,19.52
2007-09-11,19.65
2007-09-12,19.815
2007-09-13,19.855
2007-09-14,19.85
2007-09-17,19.865
2007-09-18,20.325
2007-09-19,20.55
2007-09-20,20.27
2007-09-21,20.16
2007-09-24,20.235
2007-09-25,20.26
2007-09-26,20.36
2007-09-27,20.215
2007-09-28,19.9
2007-10-01,20.17
2007-10-02,20.245
2007-10-03,20.18
2007-10-04,20.29
2007-10-05,20.45
2007-10-08,20.42
2007-10-09,20.645
2007-10-10,20.49
2007-10-11,20.7
2007-10-12,20.645
2007-10-15,20.495
2007-10-16,20.445
2007-10-17,20.5
2007-10-18,20.32
2007-10-19,19.87
2007-10-22,20.01
2007-10-23,20.02
2007-10-24,20.0
2007-10-25,20.49
2007-10-26,20.77
2007-10-29,20.955
2007-10-30,20.98
2007-10-31,21.225
2007-11-01,20.79
2007-11-02,20.96
2007-11-05,21.19
2007-11-06,21.21
2007-11-07,20.725
2007-11-08,21.13
2007-11-09,20.965
2007-11-12,20.6
2007-11-13,20.775
2007-11-14,20.65
2007-11-15,20.835
2007-11-16,20.84
2007-11-19,20.9
2007-11-20,21.155
2007-11-21,20.98
2007-11-23,20.96
2007-11-26,20.925
2007-11-27,21.005
2007-11-28,21.37
2007-11-29,21.225
2007-11-30,21.365
2007-12-03,21.575
2007-12-04,21.73
2007-12-05,22.105
2007-12-06,21.975
2007-12-07,22.09
2007-12-10,22.19
2007-12-11,21.675
2007-12-12,21.68
2007-12-13,22.0
2007-12-14,21.59
2007-12-17,21.39
2007-12-18,21.58
2007-12-19,21.525
2007-12-20,21.62
2007-12-21,21.5
2007-12-24,21.605
2007-12-26,21.495
2007-12-27,21.305
2007-12-28,21.46
2007-12-31,21.165
2008-01-02,21.045
2008-01-03,21.015
2008-01-04,21.175
2008-01-07,21.615
2008-01-08,21.62
2008-01-09,21.855
2008-01-10,21.72
2008-01-11,21.715
2008-01-14,21.745
2008-01-15,21.515
2008-01-16,21.13
2008-01-17,20.315
2008-01-18,20.015
2008-01-22,19.325
2008-01-23,19.84
2008-01-24,19.3
2008-01-25,19.09
2008-01-28,19.39
2008-01-29,19.455
2008-01-30,19.355
2008-01-31,19.61
2008-02-01,20.12
2008-02-04,20.41
2008-02-05,19.795
2008-02-06,19.76
2008-02-07,19.655
2008-02-08,19.5
2008-02-11,19.66
2008-02-12,19.995
2008-02-13,19.9
2008-02-14,19.65
2008-02-15,19.925
2008-02-19,19.765
2008-02-20,19.805
2008-02-21,19.37
2008-02-22,19.71
2008-02-25,19.73
2008-02-26,19.985
2008-02-27,19.505
2008-02-28,19.375
2008-02-29,18.805
2008-03-03,19.09
2008-03-04,19.42
2008-03-05,19.365
2008-03-06,18.97
2008-03-07,18.85
2008-03-10,18.825
2008-03-11,19.15
2008-03-12,19.15
2008-03-13,19.09
2008-03-14,18.95
2008-03-17,18.96
2008-03-18,19.295
2008-03-19,18.915
2008-03-20,18.725
2008-03-24,18.785
2008-03-25,18.73
2008-03-26,18.8
2008-03-27,18.99
2008-03-28,18.815
2008-03-31,18.97
2008-04-01,19.46
2008-04-02,19.71
2008-04-03,19.605
2008-04-04,19.585
2008-04-07,19.67
2008-04-08,19.8
2008-04-09,19.75
2008-04-10,19.61
2008-04-11,19.635
2008-04-14,19.605
2008-04-15,19.82
2008-04-16,20.235
2008-04-17,20.275
2008-04-18,20.34
2008-04-21,20.155
2008-04-22,20.095
2008-04-23,20.125
2008-04-24,20.105
2008-04-25,20.17
2008-04-28,19.975
2008-04-29,20.07
2008-04-30,19.94
2008-05-01,20.175
2008-05-02,20.51
2008-05-05,20.215
2008-05-06,20.21
2008-05-07,19.905
2008-05-08,19.955
2008-05-09,20.02
2008-05-12,20.215
2008-05-13,20.185
2008-05-14,20.26
2008-05-15,20.24
2008-05-16,20.39
2008-05-19,20.62
2008-05-20,20.76
2008-05-21,20.655
2008-05-22,20.775
2008-05-23,20.455
2008-05-27,20.56
2008-05-28,20.575
2008-05-29,20.795
2008-05-30,20.655
2008-06-02,20.505
2008-06-03,20.325
2008-06-04,20.57
2008-06-05,20.815
2008-06-06,20.27
2008-06-09,20.585
2008-06-10,20.565
2008-06-11,20.545
2008-06-12,20.46
2008-06-13,20.645
2008-06-16,20.665
2008-06-17,20.78
2008-06-18,20.7
2008-06-19,20.725
2008-06-20,20.335
2008-06-23,20.58
2008-06-24,20.41
2008-06-25,20.65
2008-06-26,20.035
2008-06-27,19.865
2008-06-30,20.35
2008-07-01,20.455
2008-07-02,20.4
2008-07-03,20.19
2008-07-07,19.99
2008-07-08,20.095
2008-07-09,20.335
2008-07-10,20.385
2008-07-11,20.23
2008-07-14,20.09
2008-07-15,19.95
2008-07-16,19.555
2008-07-17,19.245
2008-07-18,19.265
2008-07-21,19.605
2008-07-22,19.54
2008-07-23,19.065
2008-07-24,19.035
2008-07-25,18.805
2008-07-28,18.85
2008-07-29,18.875
2008-07-30,19.245
2008-07-31,19.04
2008-08-01,18.495
2008-08-04,18.295
2008-08-05,18.445
2008-08-06,18.545
2008-08-07,18.53
2008-08-08,18.585
2008-08-11,18.79
2008-08-12,18.57
2008-08-13,18.57
2008-08-14,18.41
2008-08-15,18.475
2008-08-18,18.5
2008-08-19,18.6
2008-08-20,18.67
2008-08-21,18.85
2008-08-22,18.925
2008-08-25,18.725
2008-08-26,18.93
2008-08-27,19.065
2008-08-28,19.095
2008-08-29,18.83
2008-09-02,18.6
2008-09-03,18.305
2008-09-04,18.075
2008-09-05,17.695
2008-09-08,18.14
2008-09-09,17.57
2008-09-10,17.765
2008-09-11,17.905
2008-09-12,18.24
2008-09-15,17.605
2008-09-16,17.34
2008-09-17,16.5
2008-09-18,17.105
2008-09-19,17.5
2008-09-22,17.065
2008-09-23,16.77
2008-09-24,16.925
2008-09-25,17.26
2008-09-26,17.265
2008-09-29,16.36
2008-09-30,16.615
2008-10-01,16.545
2008-10-02,16.305
2008-10-03,16.06
2008-10-06,15.275
2008-10-07,14.65
2008-10-08,14.395
2008-10-09,13.425
2008-10-10,12.88
2008-10-13,14.435
2008-10-14,14.315
2008-10-15,13.25
2008-10-16,13.635
2008-10-17,13.705
2008-10-20,14.86
2008-10-21,14.39
2008-10-22,13.78
2008-10-23,14.11
2008-10-24,13.735
2008-10-27,13.2
2008-10-28,14.53
2008-10-29,14.065
2008-10-30,14.85
2008-10-31,14.455
2008-11-03,14.605
2008-11-04,14.88
2008-11-05,14.605
2008-11-06,13.92
2008-11-07,14.53
2008-11-10,14.18
2008-11-11,14.18
2008-11-12,13.71
2008-11-13,14.75
2008-11-14,14.4
2008-11-17,14.375
2008-11-18,14.22
2008-11-19,13.915
2008-11-20,13.105
2008-11-21,14.415
2008-11-24,14.56
2008-11-25,14.85
2008-11-26,14.8
2008-11-28,15.06
2008-12-01,14.06
2008-12-02,14.425
2008-12-03,14.675
2008-12-04,14.145
2008-12-05,14.235
2008-12-08,14.465
2008-12-09,14.26
2008-12-10,14.475
2008-12-11,14.36
2008-12-12,14.45
2008-12-15,14.225
2008-12-16,14.71
2008-12-17,14.265
2008-12-18,14.385
2008-12-19,14.29
2008-12-22,14.1
2008-12-23,13.94
2008-12-24,14.01
2008-12-26,14.04
2008-12-29,14.07
2008-12-30,14.285
2008-12-31,14.515
2009-01-02,14.855
2009-01-05,15.065
2009-01-06,14.85
2009-01-07,14.73
2009-01-08,14.655
2009-01-09,14.54
2009-01-12,14.545
2009-01-13,14.27
2009-01-14,14.095
2009-01-15,14.17
2009-01-16,14.45
2009-01-20,14.2
2009-01-21,14.36
2009-01-22,14.355
2009-01-23,14.385
2009-01-26,14.73
2009-01-27,14.8
2009-01-28,14.895
2009-01-29,14.785
2009-01-30,14.49
2009-02-02,14.57
2009-02-03,14.635
2009-02-04,14.745
2009-02-05,14.85
2009-02-06,14.945
2009-02-09,14.86
2009-02-10,14.44
2009-02-11,14.395
2009-02-12,14.27
2009-02-13,14.185
2009-02-17,13.57
2009-02-18,13.365
2009-02-19,13.425
2009-02-20,13.12
2009-02-23,12.805
2009-02-24,13.175
2009-02-25,13.09
2009-02-26,12.875
2009-02-27,12.675
2009-03-02,12.275
2009-03-03,11.835
2009-03-04,11.945
2009-03-05,11.605
2009-03-06,11.59
2009-03-09,11.37
2009-03-10,11.52
2009-03-11,11.5
2009-03-12,11.65
2009-03-13,11.81
2009-03-16,12.13
2009-03-17,12.32
2009-03-18,12.72
2009-03-19,12.905
2009-03-20,12.675
2009-03-23,13.165
2009-03-24,12.88
2009-03-25,12.875
2009-03-26,13.03
2009-03-27,12.9
2009-03-30,12.645
2009-03-31,12.775
2009-04-01,12.825
2009-04-02,12.99
2009-04-03,13.075
2009-04-06,12.965
2009-04-07,12.905
2009-04-08,13.03
2009-04-09,13.035
2009-04-13,12.865
2009-04-14,12.7
2009-04-15,12.82
2009-04-16,12.91
2009-04-17,12.89
2009-04-20,12.745
2009-04-21,12.79
2009-04-22,12.655
2009-04-23,12.7
2009-04-24,12.68
2009-04-27,12.77
2009-04-28,12.82
2009-04-29,12.915
2009-04-30,12.925
2009-05-01,13.265
2009-05-04,13.465
2009-05-05,13.44
2009-05-06,13.36
2009-05-07,13.43
2009-05-08,13.625
2009-05-11,13.565
2009-05-12,13.66
2009-05-13,13.295
2009-05-14,13.285
2009-05-15,12.97
2009-05-18,12.97
2009-05-19,13.205
2009-05-20,12.965
2009-05-21,12.81
2009-05-22,12.915
2009-05-26,13.29
2009-05-27,13.02
2009-05-28,13.29
2009-05-29,13.385
2009-06-01,13.815
2009-06-02,13.65
2009-06-03,13.42
2009-06-04,13.545
2009-06-05,13.56
2009-06-08,13.475
2009-06-09,13.44
2009-06-10,13.65
2009-06-11,13.915
2009-06-12,14.09
2009-06-15,13.805
2009-06-16,13.71
2009-06-17,13.75
2009-06-18,14.06
2009-06-19,13.735
2009-06-22,13.695
2009-06-23,13.575
2009-06-24,13.69
2009-06-25,13.92
2009-06-26,13.87
2009-06-29,14.05
2009-06-30,13.945
2009-07-01,14.125
2009-07-02,13.72
2009-07-06,13.8
2009-07-07,13.525
2009-07-08,13.465
2009-07-09,13.47
2009-07-10,13.455
2009-07-13,13.69
2009-07-14,13.795
2009-07-15,14.07
2009-07-16,14.075
2009-07-17,14.01
2009-07-20,14.115
2009-07-21,14.255
2009-07-22,14.18
2009-07-23,14.55
2009-07-24,14.78
2009-07-27,14.745
2009-07-28,14.505
2009-07-29,14.435
2009-07-30,14.655
2009-07-31,14.47
2009-08-03,14.615
2009-08-04,14.4
2009-08-05,14.3
2009-08-06,14.325
2009-08-07,14.46
2009-08-10,14.49
2009-08-11,14.5
2009-08-12,14.57
2009-08-13,14.52
2009-08-14,14.52
2009-08-17,14.32
2009-08-18,14.35
2009-08-19,14.455
2009-08-20,14.575
2009-08-21,14.86
2009-08-24,14.885
2009-08-25,14.79
2009-08-26,14.775
2009-08-27,14.775
2009-08-28,14.74
2009-08-31,14.615
2009-09-01,14.5
2009-09-02,14.4
2009-09-03,14.39
2009-09-04,14.46
2009-09-08,14.495
2009-09-09,14.475
2009-09-10,14.475
2009-09-11,14.47
2009-09-14,14.68
2009-09-15,14.79
2009-09-16,15.025
2009-09-17,14.925
2009-09-18,14.84
2009-09-21,14.77
2009-09-22,14.73
2009-09-23,14.68
2009-09-24,14.64
2009-09-25,14.6
2009-09-28,14.725
2009-09-29,14.755
2009-09-30,14.665
2009-10-01,14.415
2009-10-02,14.26
2009-10-05,14.415
2009-10-06,14.525
2009-10-07,14.535
2009-10-08,14.535
2009-10-09,14.625
2009-10-12,14.775
2009-10-13,14.67
2009-10-14,14.68
2009-10-15,14.795
2009-10-16,14.845
2009-10-19,15.055
2009-10-20,14.905
2009-10-21,14.925
2009-10-22,14.96
2009-10-23,14.715
2009-10-26,14.52
2009-10-27,14.485
2009-10-28,14.34
2009-10-29,14.465
2009-10-30,14.195
2009-11-02,14.17
2009-11-03,14.14
2009-11-04,14.235
2009-11-05,14.475
2009-11-06,14.46
2009-11-09,14.72
2009-11-10,14.79
2009-11-11,14.755
2009-11-12,14.55
2009-11-13,14.68
2009-11-16,14.885
2009-11-17,14.805
2009-11-18,14.74
2009-11-19,14.56
2009-11-20,14.625
2009-11-23,14.81
2009-11-24,14.84
2009-11-25,15.01
2009-11-27,14.755
2009-11-30,14.88
2009-12-01,15.16
2009-12-02,15.365
2009-12-03,15.415
2009-12-04,15.32
2009-12-07,15.455
2009-12-08,15.39
2009-12-09,15.445
2009-12-10,15.64
2009-12-11,15.91
2009-12-14,15.985
2009-12-15,15.885
2009-12-16,15.815
2009-12-17,15.725
2009-12-18,15.675
2009-12-21,15.72
2009-12-22,15.59
2009-12-23,15.625
2009-12-24,15.74
2009-12-28,15.75
2009-12-29,15.74
2009-12-30,15.735
2009-12-31,15.51
2010-01-04,15.54
2010-01-05,15.355
2010-01-06,15.445
2010-01-07,15.375
2010-01-08,15.36
2010-01-11,15.52
2010-01-12,15.455
2010-01-13,15.625
2010-01-14,15.555
2010-01-15,15.455
2010-01-19,15.635
2010-01-20,15.47
2010-01-21,15.245
2010-01-22,14.91
2010-01-25,15.01
2010-01-26,15.07
2010-01-27,14.97
2010-01-28,14.855
2010-01-29,14.765
2010-02-01,14.86
2010-02-02,14.98
2010-02-03,14.875
2010-02-04,14.485
2010-02-05,14.46
2010-02-08,14.295
2010-02-09,14.44
2010-02-10,14.375
2010-02-11,14.46
2010-02-12,14.405
2010-02-16,14.655
2010-02-17,14.595
2010-02-18,14.675
2010-02-19,14.88
2010-02-22,14.8
2010-02-23,14.7
2010-02-24,14.715
2010-02-25,14.685
2010-02-26,14.57
2010-03-01,14.78
2010-03-02,14.825
2010-03-03,14.8
2010-03-04,14.83
2010-03-05,14.98
2010-03-08,14.98
2010-03-09,14.96
2010-03-10,14.965
2010-03-11,15.015
2010-03-12,14.92
2010-03-15,14.975
2010-03-16,15.15
2010-03-17,15.2
2010-03-18,15.13
2010-03-19,14.98
2010-03-22,14.88
2010-03-23,14.94
2010-03-24,14.785
2010-03-25,14.69
2010-03-26,14.725
2010-03-29,14.905
2010-03-30,14.865
2010-03-31,14.83
2010-04-01,15.035
2010-04-05,15.125
2010-04-06,15.25
2010-04-07,15.1
2010-04-08,15.01
2010-04-09,15.12
2010-04-12,15.16
2010-04-13,15.08
2010-04-14,15.095
2010-04-15,15.09
2010-04-16,14.915
2010-04-19,14.93
2010-04-20,15.12
2010-04-21,15.135
2010-04-22,15.185
2010-04-23,15.305
2010-04-26,15.25
2010-04-27,14.99
2010-04-28,15.145
2010-04-29,15.16
2010-04-30,15.22
2010-05-03,15.415
2010-05-04,15.15
2010-05-05,15.045
2010-05-06,14.63
2010-05-07,14.55
2010-05-10,15.0
2010-05-11,15.03
2010-05-12,15.155
2010-05-13,15.09
2010-05-14,14.965
2010-05-17,14.98
2010-05-18,14.835
2010-05-19,14.685
2010-05-20,14.245
2010-05-21,14.31
2010-05-24,14.175
2010-05-25,14.1
2010-05-26,14.095
2010-05-27,14.365
2010-05-28,14.38
2010-06-01,14.045
2010-06-02,14.34
2010-06-03,14.49
2010-06-04,14.06
2010-06-07,14.145
2010-06-08,14.33
2010-06-09,14.25
2010-06-10,14.6
2010-06-11,14.61
2010-06-14,14.695
2010-06-15,14.98
2010-06-16,15.075
2010-06-17,15.185
2010-06-18,15.04
2010-06-21,14.935
2010-06-22,14.565
2010-06-23,14.435
2010-06-24,14.355
2010-06-25,14.42
2010-06-28,14.515
2010-06-29,14.22
2010-06-30,14.13
2010-07-01,14.065
2010-07-02,14.08
2010-07-06,14.245
2010-07-07,14.685
2010-07-08,14.8
2010-07-09,14.9
2010-07-12,14.95
2010-07-13,15.0
2010-07-14,15.005
2010-07-15,15.105
2010-07-16,14.845
2010-07-19,15.075
2010-07-20,15.21
2010-07-21,14.975
2010-07-22,15.215
2010-07-23,15.24
2010-07-26,15.35
2010-07-27,15.575
2010-07-28,15.5
2010-07-29,15.26
2010-07-30,15.185
2010-08-02,15.5
2010-08-03,15.425
2010-08-04,15.49
2010-08-05,15.465
2010-08-06,15.495
2010-08-09,15.55
2010-08-10,15.64
2010-08-11,15.325
2010-08-12,15.295
2010-08-13,15.35
2010-08-16,15.35
2010-08-17,15.5
2010-08-18,15.415
2010-08-19,15.195
2010-08-20,15.235
2010-08-23,15.335
2010-08-24,15.36
2010-08-25,15.35
2010-08-26,15.28
2010-08-27,15.57
2010-08-30,15.335
2010-08-31,15.405
2010-09-01,15.74
2010-09-02,15.74
2010-09-03,15.81
2010-09-07,15.73
2010-09-08,15.655
2010-09-09,15.81
2010-09-10,15.72
2010-09-13,15.775
2010-09-14,15.755
2010-09-15,15.665
2010-09-16,15.61
2010-09-17,15.425
2010-09-20,15.63
2010-09-21,15.55
2010-09-22,15.66
2010-09-23,15.48
2010-09-24,15.73
2010-09-27,15.76
2010-09-28,15.77
2010-09-29,15.74
2010-09-30,15.69
2010-10-01,15.775
2010-10-04,15.745
2010-10-05,15.92
2010-10-06,15.845
2010-10-07,15.875
2010-10-08,15.925
2010-10-11,15.93
2010-10-12,15.865
2010-10-13,15.925
2010-10-14,15.9
2010-10-15,15.95
2010-10-18,15.95
2010-10-19,15.98
2010-10-20,16.11
2010-10-21,16.04
2010-10-22,15.935
2010-10-25,15.9
2010-10-26,15.86
2010-10-27,15.795
2010-10-28,15.835
2010-10-29,15.86
2010-11-01,15.705
2010-11-02,15.89
2010-11-03,15.86
2010-11-04,16.03
2010-11-05,16.025
2010-11-08,15.935
2010-11-09,15.88
2010-11-10,15.81
2010-11-11,15.8
2010-11-12,15.67
2010-11-15,15.725
2010-11-16,15.54
2010-11-17,15.535
2010-11-18,15.625
2010-11-19,15.565
2010-11-22,15.61
2010-11-23,15.44
2010-11-24,15.535
2010-11-26,15.43
2010-11-29,15.4
2010-11-30,15.38
2010-12-01,15.56
2010-12-02,15.605
2010-12-03,15.64
2010-12-06,15.595
2010-12-07,15.49
2010-12-08,15.435
2010-12-09,15.5
2010-12-10,15.56
2010-12-13,15.635
2010-12-14,15.675
2010-12-15,15.54
2010-12-16,15.68
2010-12-17,15.575
2010-12-20,15.595
2010-12-21,15.6
2010-12-22,15.67
2010-12-23,15.68
2010-12-27,15.69
2010-12-28,15.745
2010-12-29,15.69
2010-12-30,15.665
2010-12-31,15.67
2011-01-03,15.745
2011-01-04,15.82
2011-01-05,15.72
2011-01-06,15.735
2011-01-07,15.79
2011-01-10,15.705
2011-01-11,15.73
2011-01-12,15.81
2011-01-13,15.795
2011-01-14,15.87
2011-01-18,15.91
2011-01-19,15.87
2011-01-20,15.99
2011-01-21,15.975
2011-01-24,16.065
2011-01-25,16.04
2011-01-26,15.98
2011-01-27,16.04
2011-01-28,15.825
2011-01-31,15.86
2011-02-01,16.02
2011-02-02,15.935
2011-02-03,16.0
2011-02-04,15.9
2011-02-07,16.005
2011-02-08,16.0
2011-02-09,16.0
2011-02-10,16.03
2011-02-11,16.0
2011-02-14,15.885
2011-02-15,15.935
2011-02-16,15.9
2011-02-17,15.93
2011-02-18,15.955
2011-02-22,15.885
2011-02-23,15.85
2011-02-24,15.79
2011-02-25,15.88
2011-02-28,16.055
2011-03-01,15.895
2011-03-02,15.92
2011-03-03,16.1
2011-03-04,16.005
2011-03-07,16.065
2011-03-08,16.245
2011-03-09,16.41
2011-03-10,16.225
2011-03-11,16.26
2011-03-14,16.045
2011-03-15,15.74
2011-03-16,15.495
2011-03-17,15.515
2011-03-18,15.44
2011-03-21,15.62
2011-03-22,15.645
2011-03-23,15.635
2011-03-24,15.7
2011-03-25,15.695
2011-03-28,15.64
2011-03-29,15.795
2011-03-30,15.975
2011-03-31,15.935
2011-04-01,16.06
2011-04-04,16.05
2011-04-05,15.985
2011-04-06,16.1
2011-04-07,16.035
2011-04-08,15.99
2011-04-11,15.78
2011-04-12,15.74
2011-04-13,15.78
2011-04-14,15.875
2011-04-15,16.05
2011-04-18,15.91
2011-04-19,15.915
2011-04-20,16.12
2011-04-21,16.12
2011-04-25,16.14
2011-04-26,16.27
2011-04-27,16.4
2011-04-28,16.545
2011-04-29,16.58
2011-05-02,16.585
2011-05-03,16.69
2011-05-04,16.67
2011-05-05,16.55
2011-05-06,16.645
2011-05-09,16.68
2011-05-10,16.92
2011-05-11,16.865
2011-05-12,17.035
2011-05-13,16.955
2011-05-16,16.975
2011-05-17,17.1
2011-05-18,17.045
2011-05-19,17.085
2011-05-20,17.065
2011-05-23,16.865
2011-05-24,16.85
2011-05-25,16.815
2011-05-26,16.81
2011-05-27,16.81
2011-05-31,16.935
2011-06-01,16.76
2011-06-02,16.71
2011-06-03,16.595
2011-06-06,16.52
2011-06-07,16.54
2011-06-08,16.58
2011-06-09,16.595
2011-06-10,16.485
2011-06-13,16.56
2011-06-14,16.625
2011-06-15,16.42
2011-06-16,16.55
2011-06-17,16.495
2011-06-20,16.59
2011-06-21,16.6
2011-06-22,16.49
2011-06-23,16.35
2011-06-24,16.4
2011-06-27,16.52
2011-06-28,16.595
2011-06-29,16.705
2011-06-30,16.74
2011-07-01,16.94
2011-07-05,16.84
2011-07-06,16.875
2011-07-07,16.945
2011-07-08,16.88
2011-07-11,16.7
2011-07-12,16.775
2011-07-13,16.73
2011-07-14,16.655
2011-07-15,16.68
2011-07-18,16.52
2011-07-19,16.665
2011-07-20,16.765
2011-07-21,17.015
2011-07-22,16.91
2011-07-25,16.97
2011-07-26,16.91
2011-07-27,16.86
2011-07-28,16.755
2011-07-29,16.585
2011-08-01,16.635
2011-08-02,16.35
2011-08-03,16.35
2011-08-04,15.815
2011-08-05,15.945
2011-08-08,15.1
2011-08-09,15.595
2011-08-10,15.3
2011-08-11,15.945
2011-08-12,15.85
2011-08-15,16.39
2011-08-16,16.37
2011-08-17,16.49
2011-08-18,16.295
2011-08-19,16.195
2011-08-22,16.155
2011-08-23,16.445
2011-08-24,16.8
2011-08-25,16.525
2011-08-26,16.5
2011-08-29,16.825
2011-08-30,16.835
2011-08-31,16.945
2011-09-01,16.835
2011-09-02,16.645
2011-09-06,16.565
2011-09-07,16.75
2011-09-08,16.74
2011-09-09,16.4
2011-09-12,16.535
2011-09-13,16.645
2011-09-14,16.76
2011-09-15,16.97
2011-09-16,16.99
2011-09-19,16.895
2011-09-20,17.14
2011-09-21,16.825
2011-09-22,16.54
2011-09-23,16.705
2011-09-26,16.84
2011-09-27,16.9
2011-09-28,16.73
2011-09-29,17.0
2011-09-30,16.81
2011-10-03,16.41
2011-10-04,16.33
2011-10-05,16.34
2011-10-06,16.63
2011-10-07,16.7
2011-10-10,17.025
2011-10-11,16.87
2011-10-12,16.83
2011-10-13,16.83
2011-10-14,16.99
2011-10-17,16.92
2011-10-18,17.04
2011-10-19,17.055
2011-10-20,17.15
2011-10-21,17.44
2011-10-24,17.365
2011-10-25,17.17
2011-10-26,17.24
2011-10-27,17.65
2011-10-28,17.505
2011-10-31,17.425
2011-11-01,17.06
2011-11-02,17.36
2011-11-03,17.57
2011-11-04,17.49
2011-11-07,17.585
2011-11-08,17.7
2011-11-09,17.315
2011-11-10,17.43
2011-11-11,17.68
2011-11-14,17.47
2011-11-15,17.5
2011-11-16,17.29
2011-11-17,17.2
2011-11-18,17.32
2011-11-21,17.105
2011-11-22,16.895
2011-11-23,16.63
2011-11-25,16.715
2011-11-28,16.925
2011-11-29,17.11
2011-11-30,17.605
2011-12-01,17.555
2011-12-02,17.375
2011-12-05,17.51
2011-12-06,17.56
2011-12-07,17.535
2011-12-08,17.28
2011-12-09,17.5
2011-12-12,17.35
2011-12-13,17.415
2011-12-14,17.305
2011-12-15,17.515
2011-12-16,17.27
2011-12-19,17.14
2011-12-20,17.505
2011-12-21,17.765
2011-12-22,17.785
2011-12-23,17.9
2011-12-27,18.045
2011-12-28,17.98
2011-12-29,18.12
2011-12-30,17.99
2012-01-03,17.67
2012-01-04,17.57
2012-01-05,17.605
2012-01-06,17.51
2012-01-09,17.535
2012-01-10,17.56
2012-01-11,17.48
2012-01-12,17.455
2012-01-13,17.445
2012-01-17,17.43
2012-01-18,17.425
2012-01-19,17.28
2012-01-20,17.305
2012-01-23,17.375
2012-01-24,17.235
2012-01-25,17.52
2012-01-26,17.58
2012-01-27,17.365
2012-01-30,17.255
2012-01-31,17.34
2012-02-01,17.4
2012-02-02,17.37
2012-02-03,17.415
2012-02-06,17.34
2012-02-07,17.465
2012-02-08,17.485
2012-02-09,17.435
2012-02-10,17.4
2012-02-13,17.38
2012-02-14,17.385
2012-02-15,17.35
2012-02-16,17.535
2012-02-17,17.525
2012-02-21,17.46
2012-02-22,17.48
2012-02-23,17.465
2012-02-24,17.54
2012-02-27,17.535
2012-02-28,17.45
2012-02-29,17.445
2012-03-01,17.49
2012-03-02,17.48
2012-03-05,17.52
2012-03-06,17.45
2012-03-07,17.46
2012-03-08,17.515
2012-03-09,17.585
2012-03-12,17.785
2012-03-13,17.845
2012-03-14,17.58
2012-03-15,17.565
2012-03-16,17.39
2012-03-19,17.27
2012-03-20,17.29
2012-03-21,17.255
2012-03-22,17.295
2012-03-23,17.3
2012-03-26,17.42
2012-03-27,17.505
2012-03-28,17.36
2012-03-29,17.43
2012-03-30,17.52
2012-04-02,17.61
2012-04-03,17.6
2012-04-04,17.575
2012-04-05,17.445
2012-04-09,17.355
2012-04-10,17.13
2012-04-11,17.17
2012-04-12,17.225
2012-04-13,17.165
2012-04-16,17.325
2012-04-17,17.415
2012-04-18,17.385
2012-04-19,17.34
2012-04-20,17.51
2012-04-23,17.435
2012-04-24,17.555
2012-04-25,17.645
2012-04-26,17.745
2012-04-27,17.805
2012-04-30,17.83
2012-05-01,17.92
2012-05-02,17.815
2012-05-03,17.76
2012-05-04,17.785
2012-05-07,17.75
2012-05-08,17.78
2012-05-09,17.79
2012-05-10,17.955
2012-05-11,17.965
2012-05-14,17.945
2012-05-15,17.82
2012-05-16,17.845
2012-05-17,17.745
2012-05-18,17.71
2012-05-21,17.73
2012-05-22,17.855
2012-05-23,17.76
2012-05-24,17.83
2012-05-25,17.89
2012-05-29,17.945
2012-05-30,17.835
2012-05-31,17.93
2012-06-01,17.855
2012-06-04,17.915
2012-06-05,17.98
2012-06-06,18.23
2012-06-07,18.37
2012-06-08,18.41
2012-06-11,18.395
2012-06-12,18.415
2012-06-13,18.42
2012-06-14,18.545
2012-06-15,18.465
2012-06-18,18.535
2012-06-19,18.495
2012-06-20,18.315
2012-06-21,18.125
2012-06-22,18.13
2012-06-25,18.095
2012-06-26,18.12
2012-06-27,18.325
2012-06-28,18.39
2012-06-29,18.495
2012-07-02,18.61
2012-07-03,18.565
2012-07-05,18.455
2012-07-06,18.415
2012-07-09,18.355
2012-07-10,18.385
2012-07-11,18.48
2012-07-12,18.505
2012-07-13,18.67
2012-07-16,18.66
2012-07-17,18.7
2012-07-18,18.76
2012-07-19,18.795
2012-07-20,18.835
2012-07-23,18.71
2012-07-24,18.545
2012-07-25,18.535
2012-07-26,18.825
2012-07-27,19.045
2012-07-30,19.115
2012-07-31,18.96
2012-08-01,18.815
2012-08-02,18.71
2012-08-03,18.93
2012-08-06,18.885
2012-08-07,18.69
2012-08-08,18.715
2012-08-09,18.715
2012-08-10,18.77
2012-08-13,18.75
2012-08-14,18.73
2012-08-15,18.64
2012-08-16,18.595
2012-08-17,18.545
2012-08-20,18.58
2012-08-21,18.445
2012-08-22,18.415
2012-08-23,18.225
2012-08-24,18.31
2012-08-27,18.35
2012-08-28,18.315
2012-08-29,18.285
2012-08-30,18.195
2012-08-31,18.175
2012-09-04,18.245
2012-09-05,18.165
2012-09-06,18.37
2012-09-07,18.31
2012-09-10,18.29
2012-09-11,18.245
2012-09-12,18.14
2012-09-13,18.395
2012-09-14,18.27
2012-09-17,18.155
2012-09-18,18.1
2012-09-19,18.12
2012-09-20,18.195
2012-09-21,18.015
2012-09-24,18.185
2012-09-25,18.145
2012-09-26,18.185
2012-09-27,18.11
2012-09-28,18.195
2012-10-01,18.11
2012-10-02,18.205
2012-10-03,18.295
2012-10-04,18.4
2012-10-05,18.37
2012-10-08,18.4
2012-10-09,18.365
2012-10-10,18.335
2012-10-11,18.355
2012-10-12,18.25
2012-10-15,18.325
2012-10-16,18.395
2012-10-17,18.62
2012-10-18,18.705
2012-10-19,18.555
2012-10-22,18.505
2012-10-23,18.335
2012-10-24,18.2
2012-10-25,18.29
2012-10-26,18.29
2012-10-31,18.45
2012-11-01,18.255
2012-11-02,18.13
2012-11-05,17.835
2012-11-06,17.845
2012-11-07,17.47
2012-11-08,17.44
2012-11-09,17.335
2012-11-12,17.19
2012-11-13,17.255
2012-11-14,17.135
2012-11-15,17.035
2012-11-16,17.18
2012-11-19,17.195
2012-11-20,17.165
2012-11-21,17.09
2012-11-23,17.045
2012-11-26,17.26
2012-11-27,17.305
2012-11-28,17.375
2012-11-29,17.475
2012-11-30,17.66
2012-12-03,17.55
2012-12-04,17.46
2012-12-05,17.725
2012-12-06,17.715
2012-12-07,17.73
2012-12-10,17.735
2012-12-11,17.775
2012-12-12,17.745
2012-12-13,17.675
2012-12-14,17.605
2012-12-17,17.875
2012-12-18,18.0
2012-12-19,17.865
2012-12-20,17.92
2012-12-21,17.655
2012-12-24,17.58
2012-12-26,17.43
2012-12-27,17.4
2012-12-28,17.225
2012-12-31,17.46
2013-01-02,17.78
2013-01-03,17.78
2013-01-04,17.87
2013-01-07,17.695
2013-01-08,17.64
2013-01-09,17.605
2013-01-10,17.68
2013-01-11,17.7
2013-01-14,17.665
2013-01-15,17.715
2013-01-16,17.63
2013-01-17,17.7
2013-01-18,17.84
2013-01-22,17.99
2013-01-23,17.945
2013-01-24,18.025
2013-01-25,18.115
2013-01-28,18.105
2013-01-29,18.23
2013-01-30,18.245
2013-01-31,18.29
2013-02-01,18.34
2013-02-04,18.215
2013-02-05,18.265
2013-02-06,18.32
2013-02-07,18.345
2013-02-08,18.345
2013-02-11,18.39
2013-02-12,18.47
2013-02-13,18.47
2013-02-14,18.32
2013-02-15,18.36
2013-02-19,18.52
2013-02-20,18.485
2013-02-21,18.405
2013-02-22,18.59
2013-02-25,18.425
2013-02-26,18.48
2013-02-27,18.65
2013-02-28,18.715
2013-03-01,18.75
2013-03-04,18.94
2013-03-05,19.04
2013-03-06,19.03
2013-03-07,18.945
2013-03-08,18.985
2013-03-11,19.03
2013-03-12,18.98
2013-03-13,19.065
2013-03-14,19.105
2013-03-15,19.065
2013-03-18,18.96
2013-03-19,19.01
2013-03-20,19.15
2013-03-21,19.055
2013-03-22,19.085
2013-03-25,19.045
2013-03-26,19.225
2013-03-27,19.315
2013-03-28,19.55
2013-04-01,19.505
2013-04-02,19.57
2013-04-03,19.515
2013-04-04,19.7
2013-04-05,19.785
2013-04-08,19.935
2013-04-09,19.875
2013-04-10,20.035
2013-04-11,20.08
2013-04-12,20.165
2013-04-15,19.875
2013-04-16,20.115
2013-04-17,20.0
2013-04-18,20.065
2013-04-19,20.365
2013-04-22,20.34
2013-04-23,20.39
2013-04-24,20.455
2013-04-25,20.46
2013-04-26,20.49
2013-04-29,20.66
2013-04-30,20.715
2013-05-01,20.51
2013-05-02,20.485
2013-05-03,20.445
2013-05-06,20.16
2013-05-07,20.355
2013-05-08,20.175
2013-05-09,19.87
2013-05-10,19.915
2013-05-13,19.81
2013-05-14,19.945
2013-05-15,20.135
2013-05-16,19.97
2013-05-17,20.16
2013-05-20,20.06
2013-05-21,20.1
2013-05-22,19.76
2013-05-23,19.625
2013-05-24,19.415
2013-05-28,19.19
2013-05-29,18.905
2013-05-30,18.955
2013-05-31,18.84
2013-06-03,18.88
2013-06-04,18.815
2013-06-05,18.65
2013-06-06,18.87
2013-06-07,18.985
2013-06-10,18.98
2013-06-11,18.855
2013-06-12,18.67
2013-06-13,18.975
2013-06-14,19.0
2013-06-17,19.06
2013-06-18,19.19
2013-06-19,18.75
2013-06-20,18.22
2013-06-21,18.27
2013-06-24,18.255
2013-06-25,18.495
2013-06-26,18.73
2013-06-27,18.77
2013-06-28,18.815
2013-07-01,18.58
2013-07-02,18.575
2013-07-03,18.505
2013-07-05,18.45
2013-07-08,18.715
2013-07-09,18.85
2013-07-10,18.955
2013-07-11,19.26
2013-07-12,19.32
2013-07-15,19.635
2013-07-16,19.53
2013-07-17,19.52
2013-07-18,19.69
2013-07-19,19.695
2013-07-22,19.675
2013-07-23,19.725
2013-07-24,19.425
2013-07-25,19.605
2013-07-26,19.675
2013-07-29,19.71
2013-07-30,19.775
2013-07-31,19.63
2013-08-01,19.795
2013-08-02,19.77
2013-08-05,19.64
2013-08-06,19.54
2013-08-07,19.63
2013-08-08,19.705
2013-08-09,19.57
2013-08-12,19.465
2013-08-13,19.36
2013-08-14,19.235
2013-08-15,18.99
2013-08-16,18.77
2013-08-19,18.61
2013-08-20,18.785
2013-08-21,18.57
2013-08-22,18.675
2013-08-23,18.83
2013-08-26,18.69
2013-08-27,18.68
2013-08-28,18.745
2013-08-29,18.635
2013-08-30,18.65
2013-09-03,18.435
2013-09-04,18.435
2013-09-05,18.36
2013-09-06,18.49
2013-09-09,18.555
2013-09-10,18.7
2013-09-11,18.515
2013-09-12,18.465
2013-09-13,18.605
2013-09-16,18.655
2013-09-17,18.765
2013-09-18,19.325
2013-09-19,19.235
2013-09-20,18.765
2013-09-23,18.99
2013-09-24,18.98
2013-09-25,18.85
2013-09-26,18.825
2013-09-27,18.705
2013-09-30,18.685
2013-10-01,18.74
2013-10-02,18.76
2013-10-03,18.54
2013-10-04,18.575
2013-10-07,18.485
2013-10-08,18.615
2013-10-09,18.69
2013-10-10,18.97
2013-10-11,19.06
2013-10-14,18.955
2013-10-15,18.69
2013-10-16,18.86
2013-10-17,19.165
2013-10-18,19.215
2013-10-21,19.175
2013-10-22,19.42
2013-10-23,19.435
2013-10-24,19.395
2013-10-25,19.6
2013-10-28,19.56
2013-10-29,19.585
2013-10-30,19.46
2013-10-31,19.39
2013-11-01,19.53
2013-11-04,19.57
2013-11-05,19.43
2013-11-06,19.695
2013-11-07,19.51
2013-11-08,19.475
2013-11-11,19.47
2013-11-12,19.305
2013-11-13,19.4
2013-11-14,19.57
2013-11-15,19.685
2013-11-18,19.66
2013-11-19,19.515
2013-11-20,19.3
2013-11-21,19.345
2013-11-22,19.33
2013-11-25,19.255
2013-11-26,19.065
2013-11-27,19.025
2013-11-29,19.015
2013-12-02,18.935
2013-12-03,19.03
2013-12-04,19.115
2013-12-05,18.96
2013-12-06,19.22
2013-12-09,19.105
2013-12-10,18.915
2013-12-11,18.76
2013-12-12,18.785
2013-12-13,18.755
2013-12-16,18.855
2013-12-17,18.82
2013-12-18,19.07
2013-12-19,18.93
2013-12-20,18.915
2013-12-23,18.84
2013-12-24,18.915
2013-12-26,18.83
2013-12-27,18.905
2013-12-30,18.95
2013-12-31,18.985
2014-01-02,18.695
2014-01-03,18.635
2014-01-06,18.665
2014-01-07,18.83
2014-01-08,18.73
2014-01-09,18.84
2014-01-10,19.11
2014-01-13,18.915
2014-01-14,18.94
2014-01-15,18.905
2014-01-16,19.035
2014-01-17,19.03
2014-01-21,19.24
2014-01-22,19.26
2014-01-23,19.205
2014-01-24,18.99
2014-01-27,19.035
2014-01-28,19.105
2014-01-29,19.095
2014-01-30,19.39
2014-01-31,19.55
2014-02-03,19.395
2014-02-04,19.28
2014-02-05,19.195
2014-02-06,19.335
2014-02-07,19.44
2014-02-10,19.585
2014-02-11,19.77
2014-02-12,19.795
2014-02-13,20.01
2014-02-14,20.14
2014-02-18,20.21
2014-02-19,20.095
2014-02-20,20.25
2014-02-21,20.275
2014-02-24,20.225
2014-02-25,20.2
2014-02-26,20.135
2014-02-27,20.085
2014-02-28,20.225
2014-03-03,20.025
2014-03-04,20.17
2014-03-05,20.035
2014-03-06,19.935
2014-03-07,19.995
2014-03-10,19.945
2014-03-11,19.89
2014-03-12,20.14
2014-03-13,20.35
2014-03-14,20.445
2014-03-17,20.58
2014-03-18,20.55
2014-03-19,20.225
2014-03-20,20.27
2014-03-21,20.255
2014-03-24,20.31
2014-03-25,20.395
2014-03-26,20.31
2014-03-27,20.475
2014-03-28,20.505
2014-03-31,20.73
2014-04-01,20.585
2014-04-02,20.555
2014-04-03,20.62
2014-04-04,20.73
2014-04-07,20.695
2014-04-08,20.99
2014-04-09,20.945
2014-04-10,20.865
2014-04-11,20.845
2014-04-14,20.97
2014-04-15,21.26
2014-04-16,21.415
2014-04-17,21.15
2014-04-21,21.125
2014-04-22,21.155
2014-04-23,21.165
2014-04-24,21.31
2014-04-25,21.555
2014-04-28,21.66
2014-04-29,21.57
2014-04-30,21.605
2014-05-01,21.695
2014-05-02,21.25
2014-05-05,21.44
2014-05-06,21.335
2014-05-07,21.68
2014-05-08,21.445
2014-05-09,21.13
2014-05-12,20.935
2014-05-13,20.985
2014-05-14,21.09
2014-05-15,21.005
2014-05-16,21.07
2014-05-19,20.745
2014-05-20,20.745
2014-05-21,20.76
2014-05-22,20.93
2014-05-23,20.88
2014-05-27,21.045
2014-05-28,21.17
2014-05-29,21.23
2014-05-30,21.37
2014-06-02,21.365
2014-06-03,21.445
2014-06-04,21.435
2014-06-05,21.615
2014-06-06,21.54
2014-06-09,21.395
2014-06-10,21.345
2014-06-11,21.075
2014-06-12,21.14
2014-06-13,21.275
2014-06-16,21.42
2014-06-17,21.39
2014-06-18,21.875
2014-06-19,22.055
2014-06-20,21.735
2014-06-23,21.66
2014-06-24,21.725
2014-06-25,21.805
2014-06-26,21.87
2014-06-27,21.955
2014-06-30,22.13
2014-07-01,21.91
2014-07-02,21.485
2014-07-03,21.25
2014-07-07,21.35
2014-07-08,21.495
2014-07-09,21.435
2014-07-10,21.58
2014-07-11,21.415
2014-07-14,21.17
2014-07-15,21.28
2014-07-16,21.35
2014-07-17,21.155
2014-07-18,21.37
2014-07-21,21.35
2014-07-22,21.305
2014-07-23,21.325
2014-07-24,21.39
2014-07-25,21.22
2014-07-28,21.515
2014-07-29,21.315
2014-07-30,20.955
2014-07-31,20.625
2014-08-01,20.705
2014-08-04,20.595
2014-08-05,20.345
2014-08-06,20.085
2014-08-07,20.315
2014-08-08,20.72
2014-08-11,20.645
2014-08-12,20.63
2014-08-13,20.725
2014-08-14,20.905
2014-08-15,20.985
2014-08-18,20.93
2014-08-19,21.195
2014-08-20,21.24
2014-08-21,21.29
2014-08-22,21.225
2014-08-25,21.37
2014-08-26,21.115
2014-08-27,21.345
2014-08-28,21.5
2014-08-29,21.64
2014-09-02,21.445
2014-09-03,21.55
2014-09-04,21.54
2014-09-05,21.81
2014-09-08,21.68
2014-09-09,21.43
2014-09-10,21.335
2014-09-11,21.515
2014-09-12,21.13
2014-09-15,21.195
2014-09-16,21.465
2014-09-17,21.425
2014-09-18,21.27
2014-09-19,21.27
2014-09-22,21.11
2014-09-23,21.05
2014-09-24,20.975
2014-09-25,20.85
2014-09-26,20.88
2014-09-29,21.015
2014-09-30,21.045
2014-10-01,21.165
2014-10-02,21.135
2014-10-03,21.27
2014-10-06,21.27
2014-10-07,21.24
2014-10-08,21.72
2014-10-09,21.365
2014-10-10,21.465
2014-10-13,21.445
2014-10-14,21.64
2014-10-15,21.355
2014-10-16,21.375
2014-10-17,21.5
2014-10-20,21.8
2014-10-21,21.875
2014-10-22,22.01
2014-10-23,22.05
2014-10-24,22.265
2014-10-27,22.215
2014-10-28,22.37
2014-10-29,22.24
2014-10-30,22.73
2014-10-31,22.735
2014-11-03,22.885
2014-11-04,22.765
2014-11-05,23.28
2014-11-06,22.885
2014-11-07,23.125
2014-11-10,23.24
2014-11-11,23.155
2014-11-12,22.75
2014-11-13,22.565
2014-11-14,22.47
2014-11-17,22.765
2014-11-18,22.83
2014-11-19,22.81
2014-11-20,22.76
2014-11-21,22.85
2014-11-24,22.66
2014-11-25,22.66
2014-11-26,22.76
2014-11-28,23.0
2014-12-01,23.045
2014-12-02,23.2
2014-12-03,23.135
2014-12-04,23.115
2014-12-05,22.935
2014-12-08,23.12
2014-12-09,23.235
2014-12-10,22.945
2014-12-11,23.175
2014-12-12,22.955
2014-12-15,22.76
2014-12-16,22.74
2014-12-17,23.145
2014-12-18,23.6
2014-12-19,23.43
2014-12-22,23.49
2014-12-23,23.55
2014-12-24,23.985
2014-12-26,24.275
2014-12-29,24.555
2014-12-30,24.045
2014-12-31,23.61
2015-01-02,23.72
2015-01-05,23.43
2015-01-06,23.445
2015-01-07,23.675
2015-01-08,23.84
2015-01-09,23.69
2015-01-12,23.635
2015-01-13,23.7
2015-01-14,23.905
2015-01-15,24.095
2015-01-16,24.31
2015-01-20,24.37
2015-01-21,24.605
2015-01-22,24.5
2015-01-23,24.57
2015-01-26,24.555
2015-01-27,24.59
2015-01-28,24.38
2015-01-29,24.705
2015-01-30,24.16
2015-02-02,24.265
2015-02-03,24.355
2015-02-04,24.06
2015-02-05,24.28
2015-02-06,23.28
2015-02-09,23.075
2015-02-10,23.55
2015-02-11,23.04
2015-02-12,22.935
2015-02-13,22.585
2015-02-17,22.565
2015-02-18,23.1
2015-02-19,22.84
2015-02-20,22.845
2015-02-23,23.0
2015-02-24,23.17
2015-02-25,22.79
2015-02-26,22.64
2015-02-27,22.615
2015-03-02,22.18
2015-03-03,22.315
2015-03-04,22.19
2015-03-05,22.365
2015-03-06,21.695
2015-03-09,21.735
2015-03-10,21.695
2015-03-11,21.555
2015-03-12,21.965
2015-03-13,21.74
2015-03-16,22.115
2015-03-17,22.08
2015-03-18,22.675
2015-03-19,22.465
2015-03-20,22.49
2015-03-23,22.505
2015-03-24,22.255
2015-03-25,21.995
2015-03-26,21.81
2015-03-27,21.94
2015-03-30,22.21
2015-03-31,22.215
2015-04-01,22.235
2015-04-02,22.275
2015-04-06,22.585
2015-04-07,22.325
2015-04-08,22.26
2015-04-09,22.165
2015-04-10,22.33
2015-04-13,22.11
2015-04-14,22.22
2015-04-15,22.275
2015-04-16,22.13
2015-04-17,22.05
2015-04-20,22.38
2015-04-21,22.18
2015-04-22,22.225
2015-04-23,22.35
2015-04-24,22.575
2015-04-27,22.305
2015-04-28,22.465
2015-04-29,22.37
2015-04-30,22.11
2015-05-01,22.235
2015-05-04,22.4
2015-05-05,21.9
2015-05-06,21.78
2015-05-07,21.86
2015-05-08,22.015
2015-05-11,21.865
2015-05-12,21.84
2015-05-13,21.625
2015-05-14,21.875
2015-05-15,22.16
2015-05-18,22.245
2015-05-19,22.295
2015-05-20,22.33
2015-05-21,22.32
2015-05-22,22.285
2015-05-26,22.145
2015-05-27,22.235
2015-05-28,22.285
2015-05-29,22.25
2015-06-01,22.28
2015-06-02,21.985
2015-06-03,21.66
2015-06-04,21.63
2015-06-05,21.36
2015-06-08,21.235
2015-06-09,21.185
2015-06-10,21.29
2015-06-11,21.46
2015-06-12,21.27
2015-06-15,21.235
2015-06-16,21.335
2015-06-17,21.515
2015-06-18,21.8
2015-06-19,21.395
2015-06-22,21.365
2015-06-23,21.075
2015-06-24,20.91
2015-06-25,20.77
2015-06-26,20.895
2015-06-29,20.785
2015-06-30,20.73
2015-07-01,20.855
2015-07-02,21.115
2015-07-06,21.2
2015-07-07,21.725
2015-07-08,21.61
2015-07-09,21.37
2015-07-10,21.485
2015-07-13,21.495
2015-07-14,21.465
2015-07-15,21.57
2015-07-16,21.89
2015-07-17,21.675
2015-07-20,21.565
2015-07-21,21.37
2015-07-22,21.465
2015-07-23,21.145
2015-07-24,21.165
2015-07-27,21.435
2015-07-28,21.535
2015-07-29,21.615
2015-07-30,21.775
2015-07-31,21.995
2015-08-03,22.11
2015-08-04,21.755
2015-08-05,21.81
2015-08-06,21.925
2015-08-07,22.195
2015-08-10,22.105
2015-08-11,22.215
2015-08-12,22.61
2015-08-13,22.615
2015-08-14,22.785
2015-08-17,22.895
2015-08-18,22.84
2015-08-19,22.935
2015-08-20,22.8
2015-08-21,22.525
2015-08-24,21.68
2015-08-25,21.015
2015-08-26,21.39
2015-08-27,21.64
2015-08-28,21.575
2015-08-31,21.23
2015-09-01,20.655
2015-09-02,20.67
2015-09-03,20.765
2015-09-04,20.48
2015-09-08,20.915
2015-09-09,20.655
2015-09-10,20.62
2015-09-11,20.775
2015-09-14,20.825
2015-09-15,20.935
2015-09-16,21.145
2015-09-17,21.435
2015-09-18,21.115
2015-09-21,21.2
2015-09-22,20.935
2015-09-23,20.99
2015-09-24,21.16
2015-09-25,21.365
2015-09-28,21.26
2015-09-29,21.265
2015-09-30,21.645
2015-10-01,21.39
2015-10-02,21.675
2015-10-05,21.955
2015-10-06,21.805
2015-10-07,21.73
2015-10-08,22.0
2015-10-09,21.895
2015-10-12,22.09
2015-10-13,22.04
2015-10-14,22.035
2015-10-15,22.36
2015-10-16,22.39
2015-10-19,22.405
2015-10-20,22.48
2015-10-21,22.435
2015-10-22,22.695
2015-10-23,22.295
2015-10-26,22.215
2015-10-27,22.135
2015-10-28,21.9
2015-10-29,21.775
2015-10-30,21.875
2015-11-02,21.9
2015-11-03,21.965
2015-11-04,22.08
2015-11-05,21.89
2015-11-06,21.125
2015-11-09,21.18
2015-11-10,21.37
2015-11-11,21.555
2015-11-12,21.35
2015-11-13,21.27
2015-11-16,21.63
2015-11-17,21.24
2015-11-18,21.375
2015-11-19,21.605
2015-11-20,21.695
2015-11-23,21.495
2015-11-24,21.465
2015-11-25,21.335
2015-11-27,21.375
2015-11-30,21.41
2015-12-01,21.58
2015-12-02,21.1
2015-12-03,20.94
2015-12-04,21.235
2015-12-07,21.33
2015-12-08,21.3
2015-12-09,21.305
2015-12-10,20.955
2015-12-11,20.895
2015-12-14,21.0
2015-12-15,21.165
2015-12-16,21.7
2015-12-17,21.745
2015-12-18,21.255
2015-12-21,21.24
2015-12-22,21.42
2015-12-23,21.75
2015-12-24,21.735
2015-12-28,21.775
2015-12-29,21.895
2015-12-30,21.875
2015-12-31,21.64
2016-01-04,21.595
2016-01-05,21.75
2016-01-06,21.71
2016-01-07,21.565
2016-01-08,21.555
2016-01-11,21.67
2016-01-12,21.585
2016-01-13,21.575
2016-01-14,21.9
2016-01-15,21.705
2016-01-19,22.03
2016-01-20,21.535
2016-01-21,21.515
2016-01-22,21.9
2016-01-25,21.715
2016-01-26,21.865
2016-01-27,21.915
2016-01-28,22.265
2016-01-29,22.71
2016-02-01,22.925
2016-02-02,23.025
2016-02-03,23.31
2016-02-04,23.21
2016-02-05,23.285
2016-02-08,23.205
2016-02-09,23.285
2016-02-10,23.26
2016-02-11,22.85
2016-02-12,22.78
2016-02-16,22.925
2016-02-17,22.88
2016-02-18,23.255
2016-02-19,23.1
2016-02-22,23.37
2016-02-23,23.39
2016-02-24,23.5
2016-02-25,23.74
2016-02-26,23.085
2016-02-29,23.15
2016-03-01,23.035
2016-03-02,23.155
2016-03-03,23.295
2016-03-04,23.555
2016-03-07,23.685
2016-03-08,23.92
2016-03-09,24.03
2016-03-10,24.05
2016-03-11,24.075
2016-03-14,24.105
2016-03-15,24.15
2016-03-16,24.52
2016-03-17,24.655
2016-03-18,24.315
2016-03-21,24.29
2016-03-22,24.21
2016-03-23,24.39
2016-03-24,24.455
2016-03-28,24.365
2016-03-29,24.725
2016-03-30,24.665
2016-03-31,24.81
2016-04-01,24.905
2016-04-04,24.8
2016-04-05,24.335
2016-04-06,24.305
2016-04-07,24.295
2016-04-08,24.425
2016-04-11,24.32
2016-04-12,24.49
2016-04-13,24.34
2016-04-14,24.31
2016-04-15,24.445
2016-04-18,24.54
2016-04-19,24.58
2016-04-20,23.965
2016-04-21,23.465
2016-04-22,23.675
2016-04-25,23.72
2016-04-26,23.755
2016-04-27,24.1
2016-04-28,24.065
2016-04-29,24.21
2016-05-02,24.405
2016-05-03,24.385
2016-05-04,24.67
2016-05-05,24.575
2016-05-06,24.415
2016-05-09,24.555
2016-05-10,24.58
2016-05-11,24.67
2016-05-12,24.815
2016-05-13,24.695
2016-05-16,24.725
2016-05-17,24.305
2016-05-18,23.85
2016-05-19,24.09
2016-05-20,24.145
2016-05-23,23.93
2016-05-24,24.17
2016-05-25,24.1
2016-05-26,24.375
2016-05-27,24.415
2016-05-31,24.575
2016-06-01,24.64
2016-06-02,24.65
2016-06-03,25.04
2016-06-06,25.005
2016-06-07,24.985
2016-06-08,25.135
2016-06-09,25.35
2016-06-10,25.285
2016-06-13,25.255
2016-06-14,25.39
2016-06-15,25.23
2016-06-16,25.39
2016-06-17,25.275
2016-06-20,25.18
2016-06-21,25.215
2016-06-22,25.095
2016-06-23,25.165
2016-06-24,25.205
2016-06-27,25.515
2016-06-28,25.61
2016-06-29,25.68
2016-06-30,26.235
2016-07-01,26.24
2016-07-05,26.435
2016-07-06,26.49
2016-07-07,26.0
2016-07-08,26.27
2016-07-11,26.25
2016-07-12,25.89
2016-07-13,26.095
2016-07-14,25.925
2016-07-15,26.0
2016-07-18,26.075
2016-07-19,26.03
2016-07-20,25.88
2016-07-21,26.035
2016-07-22,26.38
2016-07-25,26.335
2016-07-26,26.105
2016-07-27,25.805
2016-07-28,25.905
2016-07-29,26.06
2016-08-01,26.075
2016-08-02,25.905
2016-08-03,25.75
2016-08-04,25.735
2016-08-05,25.365
2016-08-08,25.355
2016-08-09,25.35
2016-08-10,25.355
2016-08-11,25.415
2016-08-12,25.45
2016-08-15,25.06
2016-08-16,24.765
2016-08-17,25.135
2016-08-18,25.445
2016-08-19,25.135
2016-08-22,25.2
2016-08-23,25.09
2016-08-24,25.08
2016-08-25,25.095
2016-08-26,24.575
2016-08-29,24.775
2016-08-30,24.515
2016-08-31,24.615
2016-09-01,24.49
2016-09-02,24.815
2016-09-06,25.085
2016-09-07,25.09
2016-09-08,25.175
2016-09-09,24.23
2016-09-12,24.66
2016-09-13,24.32
2016-09-14,24.415
2016-09-15,24.6
2016-09-16,24.63
2016-09-19,24.875
2016-09-20,24.83
2016-09-21,25.335
2016-09-22,25.49
2016-09-23,25.47
2016-09-26,25.405
2016-09-27,25.075
2016-09-28,25.04
2016-09-29,24.665
2016-09-30,24.495
2016-10-03,24.15
2016-10-04,23.645
2016-10-05,23.595
2016-10-06,23.59
2016-10-07,23.56
2016-10-10,23.755
2016-10-11,23.485
2016-10-12,23.715
2016-10-13,24.01
2016-10-14,23.875
2016-10-17,24.005
2016-10-18,24.21
2016-10-19,24.155
2016-10-20,24.14
2016-10-21,24.0
2016-10-24,24.09
2016-10-25,24.24
2016-10-26,24.3
2016-10-27,24.155
2016-10-28,24.23
2016-10-31,24.715
2016-11-01,24.265
2016-11-02,23.96
2016-11-03,24.05
2016-11-04,23.975
2016-11-07,24.395
2016-11-08,24.585
2016-11-09,23.68
2016-11-10,23.11
2016-11-11,23.015
2016-11-14,23.0
2016-11-15,23.37
2016-11-16,23.21
2016-11-17,23.215
2016-11-18,23.145
2016-11-21,23.39
2016-11-22,23.48
2016-11-23,23.245
2016-11-25,23.58
2016-11-28,24.035
2016-11-29,24.135
2016-11-30,23.375
2016-12-01,23.19
2016-12-02,23.4
2016-12-05,23.43
2016-12-06,23.385
2016-12-07,23.69
2016-12-08,23.73
2016-12-09,23.98
2016-12-12,24.23
2016-12-13,24.48
2016-12-14,23.975
2016-12-15,24.145
2016-12-16,24.205
2016-12-19,24.295
2016-12-20,24.325
2016-12-21,24.225
2016-12-22,24.31
2016-12-23,24.305
2016-12-27,24.325
2016-12-28,24.095
2016-12-29,24.42
2016-12-30,24.285
2017-01-03,24.225
2017-01-04,24.315
2017-01-05,24.34
2017-01-06,24.415
2017-01-09,24.095
2017-01-10,24.02
2017-01-11,24.27
2017-01-12,24.29
2017-01-13,24.255
2017-01-17,24.52
2017-01-18,24.49
2017-01-19,24.275
2017-01-20,24.32
2017-01-23,24.195
2017-01-24,24.19
2017-01-25,24.19
2017-01-26,24.2
2017-01-27,24.195
2017-01-30,24.215
2017-01-31,24.59
2017-02-01,24.165
2017-02-02,24.42
2017-02-03,24.45
2017-02-06,24.4
2017-02-07,24.46
2017-02-08,24.7
2017-02-09,24.49
2017-02-10,24.645
2017-02-13,24.765
2017-02-14,24.585
2017-02-15,24.525
2017-02-16,24.77
2017-02-17,24.785
2017-02-21,25.045
2017-02-22,25.15
2017-02-23,25.41
2017-02-24,25.795
2017-02-27,25.65
2017-02-28,25.885
2017-03-01,25.655
2017-03-02,25.84
2017-03-03,25.76
2017-03-06,25.71
2017-03-07,25.695
2017-03-08,25.325
2017-03-09,25.27
2017-03-10,25.48
2017-03-13,25.555
2017-03-14,25.53
2017-03-15,25.94
2017-03-16,25.655
2017-03-17,25.615
2017-03-20,25.445
2017-03-21,25.805
2017-03-22,25.93
2017-03-23,25.85
2017-03-24,25.945
2017-03-27,25.845
2017-03-28,25.825
2017-03-29,25.755
2017-03-30,25.555
2017-03-31,25.655
2017-04-03,25.65
2017-04-04,25.73
2017-04-05,25.875
2017-04-06,25.81
2017-04-07,25.7
2017-04-10,25.745
2017-04-11,25.735
2017-04-12,25.925
2017-04-13,25.84
2017-04-17,25.955
2017-04-18,26.015
2017-04-19,25.835
2017-04-20,25.735
2017-04-21,25.865
2017-04-24,26.0
2017-04-25,25.965
2017-04-26,25.885
2017-04-27,25.975
2017-04-28,25.85
2017-05-01,25.695
2017-05-02,25.725
2017-05-03,25.635
2017-05-04,25.725
2017-05-05,25.865
2017-05-08,25.855
2017-05-09,25.665
2017-05-10,25.705
2017-05-11,25.74
2017-05-12,25.865
2017-05-15,25.975
2017-05-16,25.785
2017-05-17,25.85
2017-05-18,25.94
2017-05-19,26.04
2017-05-22,26.265
2017-05-23,26.335
2017-05-24,26.485
2017-05-25,26.7
2017-05-26,26.7
2017-05-30,26.785
2017-05-31,26.92
2017-06-01,27.11
2017-06-02,27.14
2017-06-05,27.055
2017-06-06,26.995
2017-06-07,27.085
2017-06-08,26.86
2017-06-09,26.835
2017-06-12,26.785
2017-06-13,26.85
2017-06-14,26.995
2017-06-15,27.15
2017-06-16,27.055
2017-06-19,26.965
2017-06-20,26.98
2017-06-21,26.82
2017-06-22,26.695
2017-06-23,26.605
2017-06-26,26.785
2017-06-27,26.485
2017-06-28,26.23
2017-06-29,26.02
2017-06-30,25.98
2017-07-03,25.86
2017-07-05,25.735
2017-07-06,25.725
2017-07-07,25.745
2017-07-10,25.725
2017-07-11,25.71
2017-07-12,25.93
2017-07-13,25.84
2017-07-14,25.96
2017-07-17,26.08
2017-07-18,26.155
2017-07-19,26.265
2017-07-20,26.455
2017-07-21,26.645
2017-07-24,26.395
2017-07-25,26.245
2017-07-26,26.495
2017-07-27,26.56
2017-07-28,26.52
2017-07-31,26.61
2017-08-01,26.76
2017-08-02,26.875
2017-08-03,27.01
2017-08-04,26.89
2017-08-07,26.975
2017-08-08,27.085
2017-08-09,26.945
2017-08-10,27.03
2017-08-11,26.87
2017-08-14,27.025
2017-08-15,27.175
2017-08-16,27.285
2017-08-17,27.09
2017-08-18,27.25
2017-08-21,27.35
2017-08-22,27.41
2017-08-23,27.5
2017-08-24,27.48
2017-08-25,27.57
2017-08-28,27.62
2017-08-29,27.56
2017-08-30,27.48
2017-08-31,27.485
2017-09-01,27.4
2017-09-05,27.47
2017-09-06,27.345
2017-09-07,27.55
2017-09-08,27.68
2017-09-11,27.915
2017-09-12,27.45
2017-09-13,27.315
2017-09-14,27.545
2017-09-15,27.375
2017-09-18,27.095
2017-09-19,27.04
2017-09-20,26.84
2017-09-21,26.835
2017-09-22,26.615
2017-09-25,26.86
2017-09-26,26.81
2017-09-27,26.45
2017-09-28,26.545
2017-09-29,26.525
2017-10-02,26.57
2017-10-03,26.495
2017-10-04,26.76
2017-10-05,26.735
2017-10-06,26.715
2017-10-09,26.75
2017-10-10,27.01
2017-10-11,27.125
2017-10-12,27.265
2017-10-13,27.075
2017-10-16,27.015
2017-10-17,27.175
2017-10-18,27.125
2017-10-19,27.41
2017-10-20,27.43
2017-10-23,27.445
2017-10-24,27.47
2017-10-25,27.35
2017-10-26,27.355
2017-10-27,27.525
2017-10-30,27.53
2017-10-31,27.56
2017-11-01,27.405
2017-11-02,27.505
2017-11-03,27.605
2017-11-06,27.5
2017-11-07,27.83
2017-11-08,27.85
2017-11-09,27.885
2017-11-10,27.755
2017-11-13,28.085
2017-11-14,28.435
2017-11-15,28.19
2017-11-16,28.1
2017-11-17,27.905
2017-11-20,27.82
2017-11-21,27.895
2017-11-22,27.895
2017-11-24,27.94
2017-11-27,28.06
2017-11-28,28.19
2017-11-29,28.205
2017-11-30,28.3
2017-12-01,28.205
2017-12-04,28.045
2017-12-05,27.69
2017-12-06,27.795
2017-12-07,27.845
2017-12-08,27.935
2017-12-11,28.105
2017-12-12,27.625
2017-12-13,27.7
2017-12-14,27.665
2017-12-15,27.51
2017-12-18,27.205
2017-12-19,26.71
2017-12-20,26.5
2017-12-21,26.185
2017-12-22,26.225
2017-12-26,26.07
2017-12-27,26.18
2017-12-28,26.325
2017-12-29,26.34
2018-01-02,26.095
2018-01-03,25.89
2018-01-04,25.675
2018-01-05,25.665
2018-01-08,25.905
2018-01-09,25.65
2018-01-10,25.37
2018-01-11,25.275
2018-01-12,25.13
2018-01-16,25.075
2018-01-17,25.23
2018-01-18,25.07
2018-01-19,24.995
2018-01-22,25.03
2018-01-23,25.27
2018-01-24,25.115
2018-01-25,25.505
2018-01-26,25.52
2018-01-29,25.195
2018-01-30,25.24
2018-01-31,25.52
2018-02-01,25.12
2018-02-02,24.94
2018-02-05,24.53
2018-02-06,24.165
2018-02-07,24.05
2018-02-08,23.78
2018-02-09,24.28
2018-02-12,24.465
2018-02-13,24.575
2018-02-14,24.3
2018-02-15,24.84
2018-02-16,25.06
2018-02-20,24.735
2018-02-21,24.41
2018-02-22,24.535
2018-02-23,25.175
2018-02-26,25.1
2018-02-27,24.7
2018-02-28,24.53
2018-03-01,24.535
2018-03-02,24.47
2018-03-05,24.97
2018-03-06,24.635
2018-03-07,24.45
2018-03-08,24.63
2018-03-09,24.7
2018-03-12,24.805
2018-03-13,24.86
2018-03-14,25.115
2018-03-15,25.1
2018-03-16,25.125
2018-03-19,24.97
2018-03-20,24.855
2018-03-21,24.77
2018-03-22,24.88
2018-03-23,24.53
2018-03-26,24.785
2018-03-27,25.14
2018-03-28,25.13
2018-03-29,25.265
2018-04-02,25.07
2018-04-03,25.155
2018-04-04,25.21
2018-04-05,25.41
2018-04-06,25.21
2018-04-09,25.26
2018-04-10,25.065
2018-04-11,25.03
2018-04-12,24.7
2018-04-13,24.895
2018-04-16,25.235
2018-04-17,25.49
2018-04-18,25.395
2018-04-19,25.38
2018-04-20,25.15
2018-04-23,25.165
2018-04-24,25.335
2018-04-25,25.34
2018-04-26,25.595
2018-04-27,25.855
2018-04-30,25.78
2018-05-01,25.7
2018-05-02,25.675
2018-05-03,25.64
2018-05-04,25.755
2018-05-07,25.62
2018-05-08,24.98
2018-05-09,24.805
2018-05-10,25.155
2018-05-11,25.19
2018-05-14,25.095
2018-05-15,24.885
2018-05-16,24.69
2018-05-17,24.49
2018-05-18,24.495
2018-05-21,24.62
2018-05-22,24.71
2018-05-23,24.935
2018-05-24,25.14
2018-05-25,25.25
2018-05-29,25.25
2018-05-30,25.455
2018-05-31,25.495
2018-06-01,25.105
2018-06-04,24.905
2018-06-05,24.775
2018-06-06,24.185
2018-06-07,24.355
2018-06-08,24.345
2018-06-11,24.295
2018-06-12,24.575
2018-06-13,24.51
2018-06-14,24.815
2018-06-15,24.77
2018-06-18,24.85
2018-06-19,25.095
2018-06-20,25.115
2018-06-21,25.2
2018-06-22,25.375
2018-06-25,25.795
2018-06-26,25.825
2018-06-27,25.95
2018-06-28,25.94
2018-06-29,25.98
2018-07-02,26.165
2018-07-03,26.24
2018-07-05,26.38
2018-07-06,26.585
2018-07-09,25.765
2018-07-10,26.01
2018-07-11,26.245
2018-07-12,26.265
2018-07-13,26.27
2018-07-16,26.245
2018-07-17,26.225
2018-07-18,26.09
2018-07-19,26.33
2018-07-20,26.145
2018-07-23,25.96
2018-07-24,26.05
2018-07-25,26.125
2018-07-26,26.405
2018-07-27,26.32
2018-07-30,26.16
2018-07-31,26.395
2018-08-01,26.225
2018-08-02,26.355
2018-08-03,26.65
2018-08-06,26.67
2018-08-07,26.63
2018-08-08,26.49
2018-08-09,26.61
2018-08-10,26.495
2018-08-13,26.53
2018-08-14,26.585
2018-08-15,26.83
2018-08-16,27.12
2018-08-17,27.26
2018-08-20,27.165
2018-08-21,26.97
2018-08-22,26.77
2018-08-23,26.75
2018-08-24,26.865
2018-08-27,26.7
2018-08-28,26.645
2018-08-29,26.84
2018-08-30,26.85
2018-08-31,26.735
2018-09-04,26.855
2018-09-05,27.23
2018-09-06,27.385
2018-09-07,27.05
2018-09-10,27.185
2018-09-11,27.115
2018-09-12,27.09
2018-09-13,27.295
2018-09-14,27.15
2018-09-17,27.24
2018-09-18,27.19
2018-09-19,26.6
2018-09-20,26.655
2018-09-21,26.53
2018-09-24,26.295
2018-09-25,25.935
2018-09-26,25.68
2018-09-27,25.945
2018-09-28,26.325
2018-10-01,26.235
2018-10-02,26.59
2018-10-03,26.27
2018-10-04,26.41
2018-10-05,26.815
2018-10-08,27.04
2018-10-09,27.15
2018-10-10,27.0
2018-10-11,26.505
2018-10-12,26.475
2018-10-15,26.6
2018-10-16,26.875
2018-10-17,26.825
2018-10-18,26.865
2018-10-19,27.285
2018-10-22,27.11
2018-10-23,26.96
2018-10-24,27.615
2018-10-25,27.185
2018-10-26,26.685
2018-10-29,27.06
2018-10-30,27.165
2018-10-31,26.845
2018-11-01,26.725
2018-11-02,26.575
2018-11-05,26.95
2018-11-06,27.13
2018-11-07,27.44
2018-11-08,27.395
2018-11-09,27.435
2018-11-12,27.42
2018-11-13,27.535
2018-11-14,27.25
2018-11-15,27.025
2018-11-16,27.44
2018-11-19,27.56
2018-11-20,27.445
2018-11-21,27.04
2018-11-23,27.055
2018-11-26,27.215
2018-11-27,27.42
2018-11-28,27.4
2018-11-29,27.39
2018-11-30,27.795
2018-12-03,28.075
2018-12-04,28.095
2018-12-06,28.125
2018-12-07,28.23
2018-12-10,28.285
2018-12-11,28.4
2018-12-12,28.22
2018-12-13,28.465
2018-12-14,28.41
2018-12-17,27.495
2018-12-18,27.31
2018-12-19,27.265
2018-12-20,27.25
2018-12-21,26.905
2018-12-24,25.78
2018-12-26,26.13
2018-12-27,26.35
2018-12-28,26.415
2018-12-31,26.46
2019-01-02,26.005
2019-01-03,26.0
2019-01-04,26.385
2019-01-07,26.205
2019-01-08,26.53
2019-01-09,26.37
2019-01-10,26.715
2019-01-11,26.615
2019-01-14,26.015
2019-01-15,26.335
2019-01-16,26.43
2019-01-17,26.54
2019-01-18,26.57
2019-01-22,26.62
2019-01-23,26.89
2019-01-24,27.03
2019-01-25,26.66
2019-01-28,26.535
2019-01-29,26.61
2019-01-30,26.815
2019-01-31,27.38
2019-02-01,27.275
2019-02-04,27.32
2019-02-05,27.375
2019-02-06,27.36
2019-02-07,27.72
2019-02-08,27.84
2019-02-11,27.83
2019-02-12,27.895
2019-02-13,27.815
2019-02-14,27.77
2019-02-15,27.855
2019-02-19,28.02
2019-02-20,28.145
2019-02-21,28.35
2019-02-22,28.525
2019-02-25,28.34
2019-02-26,28.305
2019-02-27,28.34
2019-02-28,28.505
2019-03-01,28.565
2019-03-04,28.615
2019-03-05,28.58
2019-03-06,28.58
2019-03-07,28.675
2019-03-08,28.775
2019-03-11,28.98
2019-03-12,29.18
2019-03-13,29.21
2019-03-14,29.205
2019-03-15,29.095
2019-03-18,28.985
2019-03-19,28.655
2019-03-20,28.73
2019-03-21,29.035
2019-03-22,29.245
2019-03-25,29.27
2019-03-26,29.48
2019-03-27,29.275
2019-03-28,28.93
2019-03-29,29.085
2019-04-01,28.885
2019-04-02,28.925
2019-04-03,28.88
2019-04-04,28.78
2019-04-05,29.05
2019-04-08,28.845
2019-04-09,28.915
2019-04-10,28.825
2019-04-11,28.97
2019-04-12,29.105
2019-04-15,29.1
2019-04-16,28.74
2019-04-17,28.63
2019-04-18,28.645
2019-04-22,28.62
2019-04-23,28.7
2019-04-24,28.885
2019-04-25,29.005
2019-04-26,29.05
2019-04-29,28.88
2019-04-30,29.355
2019-05-01,29.055
2019-05-02,28.99
2019-05-03,29.15
2019-05-06,28.99
2019-05-07,28.9
2019-05-08,28.505
2019-05-09,28.47
2019-05-10,28.98
2019-05-13,29.29
2019-05-14,29.095
2019-05-15,29.045
2019-05-16,29.24
2019-05-17,29.39
2019-05-20,29.43
2019-05-21,29.485
2019-05-22,29.705
2019-05-23,29.96
2019-05-24,29.915
2019-05-28,29.425
2019-05-29,29.035
2019-05-30,28.99
2019-05-31,29.125
2019-06-03,29.415
2019-06-04,29.44
2019-06-05,30.07
2019-06-06,30.255
2019-06-07,30.03
2019-06-10,29.825
2019-06-11,29.645
2019-06-12,30.03
2019-06-13,30.09
2019-06-14,30.405
2019-06-17,30.32
2019-06-18,30.195
2019-06-19,30.425
2019-06-20,30.62
2019-06-21,30.495
2019-06-24,30.505
2019-06-25,30.32
2019-06-26,29.66
2019-06-27,29.7
2019-06-28,29.815
2019-07-01,29.74
2019-07-02,30.145
2019-07-03,30.355
2019-07-05,30.34
2019-07-08,30.385
2019-07-09,30.425
2019-07-10,30.495
2019-07-11,30.505
2019-07-12,30.305
2019-07-15,30.425
2019-07-16,30.25
2019-07-17,30.365
2019-07-18,30.63
2019-07-19,30.185
2019-07-22,30.12
2019-07-23,29.93
2019-07-24,29.955
2019-07-25,29.88
2019-07-26,29.99
2019-07-29,30.145
2019-07-30,29.915
2019-07-31,29.775
2019-08-01,30.08
2019-08-02,30.075
2019-08-05,29.645
2019-08-06,30.015
2019-08-07,30.09
2019-08-08,30.4
2019-08-09,30.435
2019-08-12,30.375
2019-08-13,30.395
2019-08-14,30.145
2019-08-15,30.535
2019-08-16,30.69
2019-08-19,30.885
2019-08-20,30.835
2019-08-21,31.04
2019-08-22,31.07
2019-08-23,30.74
2019-08-26,31.095
2019-08-27,31.15
2019-08-28,31.065
2019-08-29,31.28
2019-08-30,31.29
2019-09-03,31.845
2019-09-04,31.875
2019-09-05,31.53
2019-09-06,31.405
2019-09-09,31.25
2019-09-10,31.29
2019-09-11,31.6
2019-09-12,31.67
2019-09-13,31.47
2019-09-16,31.495
2019-09-17,31.77
2019-09-18,31.905
2019-09-19,32.055
2019-09-20,31.935
2019-09-23,31.94
2019-09-24,32.315
2019-09-25,32.295
2019-09-26,32.465
2019-09-27,32.35
2019-09-30,32.37
2019-10-01,32.295
2019-10-02,31.865
2019-10-03,31.94
2019-10-04,32.385
2019-10-07,32.26
2019-10-08,31.96
2019-10-09,32.115
2019-10-10,32.08
2019-10-11,31.96
2019-10-14,31.755
2019-10-15,31.655
2019-10-16,31.725
2019-10-17,31.805
2019-10-18,31.91
2019-10-21,32.035
2019-10-22,32.17
2019-10-23,32.3
2019-10-24,32.41
2019-10-25,32.08
2019-10-28,31.64
2019-10-29,31.67
2019-10-30,31.95
2019-10-31,32.125
2019-11-01,32.045
2019-11-04,31.635
2019-11-05,31.31
2019-11-06,31.43
2019-11-07,31.005
2019-11-08,30.875
2019-11-11,30.685
2019-11-12,30.76
2019-11-13,31.215
2019-11-14,31.325
2019-11-15,31.425
2019-11-18,31.49
2019-11-19,31.41
2019-11-20,31.6
2019-11-21,31.49
2019-11-22,31.5
2019-11-25,31.395
2019-11-26,31.5
2019-11-27,31.555
2019-11-29,31.525
2019-12-02,31.32
2019-12-03,31.405
2019-12-04,31.645
2019-12-05,31.7
2019-12-06,31.605
2019-12-09,31.495
2019-12-10,31.49
2019-12-11,31.575
2019-12-12,31.44
2019-12-13,31.685
2019-12-16,32.08
2019-12-17,32.185
2019-12-18,32.315
2019-12-19,32.325
2019-12-20,32.295
2019-12-23,31.995
2019-12-24,32.04
2019-12-26,32.095
2019-12-27,32.19
2019-12-30,32.185
2019-12-31,32.31
2020-01-02,31.905
2020-01-03,31.97
2020-01-06,32.0
2020-01-07,31.955
2020-01-08,31.94
2020-01-09,32.115
2020-01-10,32.2
2020-01-13,32.395
2020-01-14,32.49
2020-01-15,32.945
2020-01-16,33.15
2020-01-17,33.38
2020-01-21,33.685
2020-01-22,33.79
2020-01-23,34.09
2020-01-24,34.18
2020-01-27,34.095
2020-01-28,34.235
2020-01-29,34.325
2020-01-30,34.645
2020-01-31,34.49
2020-02-03,34.6
2020-02-04,34.255
2020-02-05,34.395
2020-02-06,34.405
2020-02-07,34.295
2020-02-10,34.425
2020-02-11,34.55
2020-02-12,34.575
2020-02-13,34.96
2020-02-14,35.195
2020-02-18,35.49
2020-02-19,35.105
2020-02-20,35.23
2020-02-21,35.165
2020-02-24,34.755
2020-02-25,34.025
2020-02-26,33.68
2020-02-27,32.165
2020-02-28,31.09
2020-03-02,32.92
2020-03-03,32.515
2020-03-04,34.36
2020-03-05,33.83
2020-03-06,33.555
2020-03-09,31.73
2020-03-10,32.025
2020-03-11,30.415
2020-03-12,27.345
2020-03-13,28.835
2020-03-16,25.56
2020-03-17,28.83
2020-03-18,27.575
2020-03-19,25.97
2020-03-20,23.91
2020-03-23,22.465
2020-03-24,24.88
2020-03-25,25.515
2020-03-26,27.69
2020-03-27,27.84
2020-03-30,28.87
2020-03-31,27.705
2020-04-01,26.04
2020-04-02,26.855
2020-04-03,25.895
2020-04-06,27.895
2020-04-07,27.545
2020-04-08,29.045
2020-04-09,30.415
2020-04-13,29.45
2020-04-14,30.315
2020-04-15,29.315
2020-04-16,29.32
2020-04-17,30.265
2020-04-20,29.12
2020-04-21,28.64
2020-04-22,29.475
2020-04-23,28.98
2020-04-24,29.16
2020-04-27,29.465
2020-04-28,29.575
2020-04-29,29.305
2020-04-30,28.63
2020-05-01,27.94
2020-05-04,28.15
2020-05-05,28.38
2020-05-06,27.415
2020-05-07,27.525
2020-05-08,28.08
2020-05-11,27.96
2020-05-12,27.715
2020-05-13,27.48
2020-05-14,27.775
2020-05-15,27.405
2020-05-18,28.53
2020-05-19,28.06
2020-05-20,28.215
2020-05-21,27.93
2020-05-22,28.24
2020-05-26,28.425
2020-05-27,28.765
2020-05-28,29.615
2020-05-29,29.845
2020-06-01,30.2
2020-06-02,30.395
2020-06-03,30.76
2020-06-04,30.21
2020-06-05,30.595
2020-06-08,31.415
2020-06-09,30.785
2020-06-10,30.605
2020-06-11,29.41
2020-06-12,29.335
2020-06-15,29.535
2020-06-16,29.67
2020-06-17,29.58
2020-06-18,29.575
2020-06-19,28.745
2020-06-22,28.785
2020-06-23,28.495
2020-06-24,28.235
2020-06-25,27.885
2020-06-26,27.59
2020-06-29,28.11
2020-06-30,28.215
2020-07-01,28.875
2020-07-02,28.95
2020-07-06,28.595
2020-07-07,28.48
2020-07-08,28.735
2020-07-09,28.35
2020-07-10,28.885
2020-07-13,28.915
2020-07-14,29.185
2020-07-15,29.07
2020-07-16,29.44
2020-07-17,30.105
2020-07-20,29.71
2020-07-21,29.845
2020-07-22,30.305
2020-07-23,30.34
2020-07-24,30.14
2020-07-27,29.775
2020-07-28,30.225
2020-07-29,30.365
2020-07-30,30.365
2020-07-31,30.415
2020-08-03,30.085
2020-08-04,30.415
2020-08-05,30.025
2020-08-06,30.2
2020-08-07,30.745
2020-08-10,30.735
2020-08-11,30.07
2020-08-12,30.505
2020-08-13,30.455
2020-08-14,30.19
2020-08-17,30.15
2020-08-18,30.015
2020-08-19,29.925
2020-08-20,29.66
2020-08-21,29.71
2020-08-24,29.97
2020-08-25,29.685
2020-08-26,29.355
2020-08-27,29.45
2020-08-28,29.535
2020-08-31,29.625
2020-09-01,29.285
2020-09-02,30.195
2020-09-03,29.855
2020-09-04,29.685
2020-09-08,29.52
2020-09-09,29.91
2020-09-10,29.395
2020-09-11,29.465
2020-09-14,29.87
2020-09-15,30.07
2020-09-16,30.03
2020-09-17,29.785
2020-09-18,29.26
2020-09-21,28.83
2020-09-22,29.01
2020-09-23,28.565
2020-09-24,28.885
2020-09-25,29.36
2020-09-28,29.435
2020-09-29,29.425
2020-09-30,29.69
2020-10-01,29.99
2020-10-02,30.345
2020-10-05,30.725
2020-10-06,30.985
2020-10-07,31.175
2020-10-08,31.745
2020-10-09,31.74
2020-10-12,31.94
2020-10-13,31.72
2020-10-14,31.68
2020-10-15,31.66
2020-10-16,32.0
2020-10-19,31.73
2020-10-20,31.92
2020-10-21,31.835
2020-10-22,32.285
2020-10-23,32.375
2020-10-26,32.365
2020-10-27,32.34
2020-10-28,31.4
2020-10-29,31.485
2020-10-30,31.19
2020-11-02,31.875
2020-11-03,32.335
2020-11-04,31.85
2020-11-05,32.135
2020-11-06,32.065
2020-11-09,32.66
2020-11-10,33.13
2020-11-11,33.255
2020-11-12,32.72
2020-11-13,33.045
2020-11-16,33.38
2020-11-17,32.725
2020-11-18,32.085
2020-11-19,31.765
2020-11-20,31.77
2020-11-23,31.775
2020-11-24,32.115
2020-11-25,32.2
2020-11-27,31.88
2020-11-30,31.42
2020-12-01,31.64
2020-12-02,31.85
2020-12-03,31.52
2020-12-04,31.205
2020-12-07,31.38
2020-12-08,31.285
2020-12-09,31.23
2020-12-10,31.07
2020-12-11,31.12
2020-12-14,30.96
2020-12-15,31.57
2020-12-16,31.205
2020-12-17,31.415
2020-12-18,31.145
2020-12-21,30.51
2020-12-22,30.45
2020-12-23,30.39
2020-12-24,30.605
2020-12-28,30.74
2020-12-29,30.735
2020-12-30,30.89
2020-12-31,31.35
2021-01-04,30.56
2021-01-05,30.555
2021-01-06,31.315
2021-01-07,30.905
2021-01-08,31.165
2021-01-11,30.875
2021-01-12,30.71
2021-01-13,31.31
2021-01-14,31.19
2021-01-15,31.495
2021-01-19,31.375
2021-01-20,31.56
2021-01-21,31.375
2021-01-22,31.42
2021-01-25,32.05
2021-01-26,31.73
2021-01-27,30.875
2021-01-28,31.245
2021-01-29,31.075
2021-02-01,31.225
2021-02-02,31.48
2021-02-03,31.38
2021-02-04,31.625
2021-02-05,31.795
2021-02-08,31.55
2021-02-09,31.595
2021-02-10,31.72
2021-02-11,31.54
2021-02-12,31.31
2021-02-16,30.96
2021-02-17,30.985
2021-02-18,31.17
2021-02-19,30.705
2021-02-22,30.105
2021-02-23,30.355
2021-02-24,30.0
2021-02-25,29.73
2021-02-26,29.18
2021-03-01,29.825
2021-03-02,29.735
2021-03-03,29.385
2021-03-04,29.36
2021-03-05,29.84
2021-03-08,30.26
2021-03-09,30.66
2021-03-10,30.87
2021-03-11,30.79
2021-03-12,31.205
2021-03-15,31.605
2021-03-16,31.645
2021-03-17,31.13
2021-03-18,31.015
2021-03-19,31.1
2021-03-22,30.825
2021-03-23,31.285
2021-03-24,31.295
2021-03-25,31.63
2021-03-26,31.735
2021-03-29,32.075
2021-03-30,31.785
2021-03-31,32.02
2021-04-01,31.99
2021-04-05,32.34
2021-04-06,32.51
2021-04-07,32.47
2021-04-08,32.445
2021-04-09,32.41
2021-04-12,32.44
2021-04-13,32.825
2021-04-14,32.97
2021-04-15,33.335
2021-04-16,33.605
2021-04-19,33.435
2021-04-20,33.86
2021-04-21,33.575
2021-04-22,33.335
2021-04-23,33.29
2021-04-26,33.1
2021-04-27,32.845
2021-04-28,32.8
2021-04-29,33.1
2021-04-30,33.36
2021-05-03,33.355
2021-05-04,33.23
2021-05-05,32.67
2021-05-06,32.92
2021-05-07,33.02
2021-05-10,33.355
2021-05-11,32.945
2021-05-12,32.175
2021-05-13,32.795
2021-05-14,32.955
2021-05-17,32.685
2021-05-18,32.68
2021-05-19,32.625
2021-05-20,32.91
2021-05-21,33.08
2021-05-24,33.02
2021-05-25,32.62
2021-05-26,32.625
2021-05-27,32.405
2021-05-28,32.58
2021-06-01,32.38
2021-06-02,32.55
2021-06-03,32.745
2021-06-04,32.695
2021-06-07,32.755
2021-06-08,32.475
2021-06-09,32.765
2021-06-10,32.98
2021-06-11,33.055
2021-06-14,33.125
2021-06-15,33.225
2021-06-16,32.725
2021-06-17,32.905
2021-06-18,32.05
2021-06-21,32.215
2021-06-22,32.02
2021-06-23,31.68
2021-06-24,31.65
2021-06-25,31.99
2021-06-28,32.195
2021-06-29,31.675
2021-06-30,31.615
2021-07-01,31.96
2021-07-02,32.01
2021-07-06,32.145
2021-07-07,32.355
2021-07-08,32.26
2021-07-09,32.3
2021-07-12,32.405
2021-07-13,32.16
2021-07-14,32.44
2021-07-15,32.805
2021-07-16,33.135
2021-07-19,32.61
2021-07-20,32.75
2021-07-21,32.39
2021-07-22,32.44
2021-07-23,32.855
2021-07-26,32.865
2021-07-27,33.43
2021-07-28,33.175
2021-07-29,33.265
2021-07-30,32.985
2021-08-02,33.24
2021-08-03,33.43
2021-08-04,33.38
2021-08-05,33.745
2021-08-06,33.725
2021-08-09,33.715
2021-08-10,33.75
2021-08-11,34.065
2021-08-12,34.1
2021-08-13,34.34
2021-08-16,34.55
2021-08-17,34.57
2021-08-18,34.395
2021-08-19,34.535
2021-08-20,34.965
2021-08-23,34.515
2021-08-24,34.29
2021-08-25,34.355
2021-08-26,34.27
2021-08-27,34.26
2021-08-30,34.31
2021-08-31,34.27
2021-09-01,34.72
2021-09-02,35.035
2021-09-03,34.745
2021-09-07,34.285
2021-09-08,34.9
2021-09-09,34.71
2021-09-10,34.225
2021-09-13,34.165
2021-09-14,34.05
2021-09-15,34.005
2021-09-16,33.72
2021-09-17,33.2
2021-09-20,32.89
2021-09-21,32.8
2021-09-22,32.78
2021-09-23,32.605
2021-09-24,32.57
2021-09-27,32.185
2021-09-28,31.78
2021-09-29,32.195
2021-09-30,31.94
2021-10-01,31.94
2021-10-04,32.38
2021-10-05,32.3
2021-10-06,32.8
2021-10-07,32.625
2021-10-08,32.385
2021-10-11,31.945
2021-10-12,32.16
2021-10-13,32.535
2021-10-14,32.935
2021-10-15,32.84
2021-10-18,32.525
2021-10-19,32.935
2021-10-20,33.455
2021-10-21,33.455
2021-10-22,33.625
2021-10-25,33.48
2021-10-26,33.66
2021-10-27,33.435
2021-10-28,33.655
2021-10-29,33.455
2021-11-01,33.575
2021-11-02,33.605
2021-11-03,33.48
2021-11-04,33.295
2021-11-05,33.61
2021-11-08,33.11
2021-11-09,33.28
2021-11-10,33.55
2021-11-11,33.345
2021-11-12,33.325
2021-11-15,33.765
2021-11-16,33.605
2021-11-17,33.635
2021-11-18,33.46
2021-11-19,33.65
2021-11-22,33.855
2021-11-23,33.89
2021-11-24,33.91
2021-11-26,33.38
2021-11-29,33.875
2021-11-30,32.885
2021-12-01,32.945
2021-12-02,33.365
2021-12-03,33.7
2021-12-06,34.215
2021-12-07,34.47
2021-12-08,34.435
2021-12-09,34.39
2021-12-10,34.575
2021-12-13,35.0
2021-12-14,34.79
2021-12-15,35.36
2021-12-16,35.54
2021-12-17,35.005
2021-12-20,34.765
2021-12-21,34.715
2021-12-22,34.865
2021-12-23,34.86
2021-12-27,35.03
2021-12-28,35.345
2021-12-29,35.535
2021-12-30,35.665
2021-12-31,35.79
2022-01-03,35.435
2022-01-04,35.325
2022-01-05,35.305
2022-01-06,34.94
2022-01-07,35.205
2022-01-10,34.975
2022-01-11,34.66
2022-01-12,34.77
2022-01-13,34.94
2022-01-14,34.7
2022-01-18,34.285
2022-01-19,34.44
2022-01-20,34.485
2022-01-21,34.42
2022-01-24,34.09
2022-01-25,33.555
2022-01-26,33.28
2022-01-27,33.575
2022-01-28,33.98
2022-01-31,34.625
2022-02-01,34.165
2022-02-02,34.67
2022-02-03,34.515
2022-02-04,34.24
2022-02-07,34.19
2022-02-08,34.215
2022-02-09,34.365
2022-02-10,33.495
2022-02-11,33.515
2022-02-14,33.23
2022-02-15,33.075
2022-02-16,33.15
2022-02-17,33.17
2022-02-18,33.11
2022-02-22,33.075
2022-02-23,32.515
2022-02-24,32.775
2022-02-25,33.79
2022-02-28,33.965
2022-03-01,33.67
2022-03-02,34.08
2022-03-03,34.68
2022-03-04,35.445
2022-03-07,35.905
2022-03-08,35.35
2022-03-09,35.1
2022-03-10,35.335
2022-03-11,35.215
2022-03-14,35.175
2022-03-15,35.625
2022-03-16,35.56
2022-03-17,35.71
2022-03-18,35.405
2022-03-21,35.405
2022-03-22,35.455
2022-03-23,35.505
2022-03-24,35.87
2022-03-25,36.39
2022-03-28,36.625
2022-03-29,36.965
2022-03-30,37.27
2022-03-31,37.23
2022-04-01,37.75
2022-04-04,37.46
2022-04-05,37.695
2022-04-06,38.445
2022-04-07,38.35
2022-04-08,38.48
2022-04-11,37.955
2022-04-12,38.1
2022-04-13,38.025
2022-04-14,38.045
2022-04-18,37.84
2022-04-19,38.085
2022-04-20,38.395
2022-04-21,37.76
2022-04-22,37.125
2022-04-25,36.87
2022-04-26,36.5
2022-04-27,36.325
2022-04-28,36.73
2022-04-29,35.63
2022-05-02,35.265
2022-05-03,35.4
2022-05-04,36.19
2022-05-05,35.82
2022-05-06,36.105
2022-05-09,35.835
2022-05-10,35.4
2022-05-11,35.655
2022-05-12,35.295
2022-05-13,35.715
2022-05-16,35.825
2022-05-17,36.195
2022-05-18,35.845
2022-05-19,35.77
2022-05-20,35.87
2022-05-23,36.3
2022-05-24,37.025
2022-05-25,37.0
2022-05-26,37.105
2022-05-27,37.685
2022-05-31,37.165
2022-06-01,37.105
2022-06-02,37.355
2022-06-03,37.175
2022-06-06,37.34
2022-06-07,37.565
2022-06-08,36.83
2022-06-09,35.945
2022-06-10,35.67
2022-06-13,34.03
2022-06-14,33.17
2022-06-15,33.385
2022-06-16,32.74
2022-06-17,32.435
2022-06-21,32.79
2022-06-22,33.135
2022-06-23,33.915
2022-06-24,34.505
2022-06-27,34.785
2022-06-28,34.655
2022-06-29,34.68
2022-06-30,35.065
2022-07-01,35.925
2022-07-05,34.7
2022-07-06,35.06
2022-07-07,35.025
2022-07-08,34.91
2022-07-11,35.13
2022-07-12,34.96
2022-07-13,34.815
2022-07-14,34.815
2022-07-15,34.88
2022-07-18,34.395
2022-07-19,34.615
2022-07-20,34.155
2022-07-21,34.245
2022-07-22,34.715
2022-07-25,35.15
2022-07-26,35.36
2022-07-27,35.39
2022-07-28,36.66
2022-07-29,36.975
2022-08-01,37.015
2022-08-02,36.94
2022-08-03,37.17
2022-08-04,37.25
2022-08-05,37.115
2022-08-08,37.17
2022-08-09,37.585
2022-08-10,37.75
2022-08-11,37.745
2022-08-12,38.36
2022-08-15,38.68
2022-08-16,38.79
2022-08-17,38.725
2022-08-18,38.87
2022-08-19,38.85
2022-08-22,38.32
2022-08-23,38.09
2022-08-24,38.21
2022-08-25,38.445
2022-08-26,37.855
2022-08-29,37.97
2022-08-30,37.415
2022-08-31,37.17
2022-09-01,37.705
2022-09-02,37.3
2022-09-06,37.395
2022-09-07,38.565
2022-09-08,38.535
2022-09-09,38.69
2022-09-12,39.06
2022-09-13,38.02
2022-09-14,38.33
2022-09-15,37.375
2022-09-16,37.235
2022-09-19,37.48
2022-09-20,36.935
2022-09-21,36.43
2022-09-22,36.3
2022-09-23,35.88
2022-09-26,35.015
2022-09-27,34.425
2022-09-28,34.795
2022-09-29,33.4
2022-09-30,32.755
2022-10-03,33.715
2022-10-04,34.43
2022-10-05,33.665
2022-10-06,32.555
2022-10-07,31.88
2022-10-10,31.935
2022-10-11,31.82
2022-10-12,30.76
2022-10-13,31.53
2022-10-14,31.075
2022-10-17,31.725
2022-10-18,32.305
2022-10-19,31.885
2022-10-20,31.08
2022-10-21,31.655
2022-10-24,31.92
2022-10-25,32.56
2022-10-26,32.545
2022-10-27,32.805
2022-10-28,33.705
2022-10-31,33.39
2022-11-01,33.52
2022-11-02,33.195
2022-11-03,33.34
2022-11-04,33.545
2022-11-07,32.905
2022-11-08,33.135
2022-11-09,32.875
2022-11-10,34.425
2022-11-11,34.04
2022-11-14,33.635
2022-11-15,34.005
2022-11-16,34.31
2022-11-17,33.71
2022-11-18,34.425
2022-11-21,34.58
2022-11-22,34.875
2022-11-23,35.265
2022-11-25,35.47
2022-11-28,35.105
2022-11-29,34.845
2022-11-30,35.715
2022-12-01,35.685
2022-12-02,35.515
2022-12-05,35.315
2022-12-06,35.535
2022-12-07,35.37
2022-12-08,35.6
2022-12-09,35.415
2022-12-12,36.225
2022-12-13,36.335
2022-12-14,36.29
2022-12-15,35.85
2022-12-16,35.24
2022-12-19,34.815
2022-12-20,34.825
2022-12-21,35.31
2022-12-22,35.095
2022-12-23,35.455
2022-12-27,35.675
2022-12-28,35.335
2022-12-29,35.59
2022-12-30,35.25
2023-01-03,35.25
2023-01-04,35.57
2023-01-05,34.8
2023-01-06,35.5
2023-01-09,35.74
2023-01-10,35.75
2023-01-11,36.04
2023-01-12,35.795
2023-01-13,35.665
2023-01-17,35.615
2023-01-18,34.76
2023-01-19,34.41
2023-01-20,34.615
2023-01-23,34.625
2023-01-24,34.8
2023-01-25,34.33
2023-01-26,34.445
2023-01-27,34.445
2023-01-30,34.29
2023-01-31,34.545
2023-02-01,34.605
2023-02-02,34.68
2023-02-03,33.955
2023-02-06,34.245
2023-02-07,34.23
2023-02-08,33.655
2023-02-09,33.195
2023-02-10,33.855
2023-02-13,34.06
2023-02-14,33.915
2023-02-15,34.135
2023-02-16,33.875
2023-02-17,34.24
2023-02-21,33.6
2023-02-22,33.47
2023-02-23,33.295
2023-02-24,33.305
2023-02-27,33.08
2023-02-28,32.5
2023-03-01,31.965
2023-03-02,32.57
2023-03-03,33.125
2023-03-06,33.285
2023-03-07,32.74
2023-03-08,32.99
2023-03-09,32.725
2023-03-10,32.21
2023-03-13,32.705
2023-03-14,33.135
2023-03-15,33.585
2023-03-16,33.81
2023-03-17,33.485
2023-03-20,33.5
2023-03-21,32.825
2023-03-22,32.18
2023-03-23,31.85
2023-03-24,32.845
2023-03-27,32.885
2023-03-28,32.975
2023-03-29,33.455
2023-03-30,33.6
2023-03-31,33.845
2023-04-03,33.615
2023-04-04,33.785
2023-04-05,34.66
2023-04-06,34.905
2023-04-10,34.835
2023-04-11,34.865
2023-04-12,34.83
2023-04-13,34.835
2023-04-14,34.445
2023-04-17,34.635
2023-04-18,34.455
2023-04-19,34.72
2023-04-20,34.71
2023-04-21,34.81
2023-04-24,34.985
2023-04-25,34.95
2023-04-26,34.13
2023-04-27,34.54
2023-04-28,34.49
2023-05-01,34.55
2023-05-02,34.13
2023-05-03,34.035
2023-05-04,34.295
2023-05-05,34.515
2023-05-08,34.41
2023-05-09,34.365
2023-05-10,34.68
2023-05-11,34.325
2023-05-12,34.515
2023-05-15,34.08
2023-05-16,33.325
2023-05-17,33.205
2023-05-18,33.105
2023-05-19,33.055
2023-05-22,33.065
2023-05-23,32.95
2023-05-24,32.735
2023-05-25,32.295
2023-05-26,32.295
2023-05-30,32.17
2023-05-31,32.465
2023-06-01,32.225
2023-06-02,32.56
2023-06-05,32.715
2023-06-06,32.69
2023-06-07,33.245
2023-06-08,33.39
2023-06-09,33.195
2023-06-12,33.135
2023-06-13,33.13
2023-06-14,33.11
2023-06-15,33.47
2023-06-16,33.65
2023-06-20,32.99
2023-06-21,33.255
2023-06-22,33.0
2023-06-23,32.515
2023-06-26,32.835
2023-06-27,32.845
2023-06-28,32.36
2023-06-29,32.36
2023-06-30,32.72
2023-07-03,32.965
2023-07-05,33.34
2023-07-06,32.935
2023-07-07,32.695
2023-07-10,32.555
2023-07-11,32.96
2023-07-12,33.44
2023-07-13,33.555
2023-07-14,33.425
2023-07-17,33.04
2023-07-18,32.785
2023-07-19,33.12
2023-07-20,33.725
2023-07-21,34.23
2023-07-24,34.14
2023-07-25,34.2
2023-07-26,34.2
2023-07-27,33.595
2023-07-28,33.52
2023-07-31,33.535
2023-08-01,33.125
2023-08-02,33.125
2023-08-03,32.37
2023-08-04,31.995
2023-08-07,31.99
2023-08-08,32.14
2023-08-09,32.21
2023-08-10,32.11
2023-08-11,32.285
2023-08-14,32.03
2023-08-15,31.51
2023-08-16,31.65
2023-08-17,31.58
2023-08-18,31.745
2023-08-21,31.545
2023-08-22,31.635
2023-08-23,31.76
2023-08-24,31.575
2023-08-25,31.815
2023-08-28,31.81
2023-08-29,31.93
2023-08-30,31.785
2023-08-31,31.48
2023-09-01,31.32
2023-09-05,30.84
2023-09-06,30.91
2023-09-07,31.315
2023-09-08,31.59
2023-09-11,31.72
2023-09-12,31.76
2023-09-13,32.14
2023-09-14,32.61
2023-09-15,32.47
2023-09-18,32.185
2023-09-19,32.01
2023-09-20,32.04
2023-09-21,31.705
2023-09-22,31.645
2023-09-25,31.6
2023-09-26,30.655
2023-09-27,30.065
2023-09-28,29.415
2023-09-29,29.465
2023-10-02,28.095
2023-10-03,28.42
2023-10-04,28.39
2023-10-05,28.225
2023-10-06,28.625
2023-10-09,28.91
2023-10-10,29.305
2023-10-11,29.78
2023-10-12,29.32
2023-10-13,29.65
2023-10-16,29.955
2023-10-17,29.875
2023-10-18,29.615
2023-10-19,29.32
2023-10-20,29.015
2023-10-23,28.77
2023-10-24,29.51
2023-10-25,29.675
2023-10-26,29.93
2023-10-27,29.365
2023-10-30,29.59
2023-10-31,29.845
2023-11-01,30.185
2023-11-02,30.75
2023-11-03,30.93
2023-11-06,30.85
2023-11-07,30.625
2023-11-08,30.4
2023-11-09,30.0
2023-11-10,30.16
2023-11-13,29.8
2023-11-14,30.99
2023-11-15,30.895
2023-11-16,31.06
2023-11-17,31.145
2023-11-20,31.05
2023-11-21,31.115
2023-11-22,31.265
2023-11-24,31.345
2023-11-27,31.395
2023-11-28,31.495
2023-11-29,31.245
2023-11-30,31.38
2023-12-01,31.765
2023-12-04,31.64
2023-12-05,31.415
2023-12-06,31.835
2023-12-07,31.765
2023-12-08,31.705
2023-12-11,31.91
2023-12-12,31.78
2023-12-13,32.98
2023-12-14,32.55
2023-12-15,31.985
2023-12-18,31.615
2023-12-19,31.795
2023-12-20,31.15
2023-12-21,31.205
2023-12-22,31.31
2023-12-26,31.5
2023-12-27,31.48
2023-12-28,31.705
2023-12-29,31.665
2024-01-02,32.125
2024-01-03,32.245
2024-01-04,32.145
2024-01-05,32.265
2024-01-08,32.5
2024-01-09,32.235
2024-01-10,32.23
2024-01-11,31.48
2024-01-12,31.66
2024-01-16,31.315
2024-01-17,30.86
2024-01-18,30.53
2024-01-19,30.49
2024-01-22,30.335
2024-01-23,30.39
2024-01-24,29.975
2024-01-25,30.515
2024-01-26,30.605
2024-01-29,30.8
2024-01-30,30.79
2024-01-31,30.725
2024-02-01,31.31
2024-02-02,30.745
2024-02-05,30.105
2024-02-06,30.215
2024-02-07,30.235
2024-02-08,30.02
2024-02-09,30.135
2024-02-12,30.485
2024-02-13,29.98
2024-02-14,30.145
2024-02-15,30.65
2024-02-16,30.615
2024-02-20,30.595
2024-02-21,31.0
2024-02-22,30.76
2024-02-23,30.98
2024-02-26,30.37
2024-02-27,30.945
2024-02-28,31.04
2024-02-29,31.05
2024-03-01,30.86
2024-03-04,31.38
2024-03-05,31.29
2024-03-06,31.59
2024-03-07,31.795
2024-03-08,31.875
2024-03-11,32.035
2024-03-12,31.725
2024-03-13,31.94
2024-03-14,31.685
2024-03-15,31.73
2024-03-18,31.615
2024-03-19,31.895
2024-03-20,31.935
2024-03-21,31.885
2024-03-22,31.93
2024-03-25,32.08
2024-03-26,31.715
2024-03-27,32.6
2024-03-28,32.825
2024-04-01,32.625
2024-04-02,32.68
2024-04-03,32.55
2024-04-04,32.485
2024-04-05,32.58
2024-04-08,32.795
2024-04-09,32.975
2024-04-10,32.41
2024-04-11,32.345
2024-04-12,32.1
2024-04-15,31.805
2024-04-16,31.385
2024-04-17,32.04
2024-04-18,32.22
2024-04-19,32.715
2024-04-22,33.015
2024-04-23,33.17
2024-04-24,33.37
2024-04-25,33.46
2024-04-26,33.095
2024-04-29,33.545
2024-04-30,33.37
2024-05-01,33.755
2024-05-02,33.935
2024-05-03,34.205
2024-05-06,34.38
2024-05-07,34.77
2024-05-08,35.135
2024-05-09,35.67
2024-05-10,35.635
2024-05-13,35.635
2024-05-14,35.73
2024-05-15,36.265
2024-05-16,36.14
2024-05-17,36.17
2024-05-20,36.11
2024-05-21,36.435
2024-05-22,36.005
2024-05-23,35.395
2024-05-24,35.75
2024-05-28,35.715
2024-05-29,35.255
2024-05-30,35.73
2024-05-31,36.36
2024-06-03,35.945
2024-06-04,35.93
2024-06-05,35.725
2024-06-06,35.355
2024-06-07,34.97
2024-06-10,35.42
2024-06-11,35.205
2024-06-12,34.975
2024-06-13,35.055
2024-06-14,34.97
2024-06-17,34.585
2024-06-18,34.6
2024-06-20,34.9
2024-06-21,34.695
2024-06-24,34.87
2024-06-25,34.54
2024-06-26,34.395
2024-06-27,34.455
2024-06-28,34.07
2024-07-01,33.835
2024-07-02,34.01
2024-07-03,34.215
2024-07-05,34.275
2024-07-08,34.31
2024-07-09,34.41
2024-07-10,34.735
2024-07-11,35.37
2024-07-12,35.63
2024-07-15,34.765
2024-07-16,35.035
2024-07-17,35.055
2024-07-18,35.025
2024-07-19,35.065
2024-07-22,35.36
2024-07-23,35.14
2024-07-24,35.535
2024-07-25,35.24
2024-07-26,35.585
2024-07-29,35.745
2024-07-30,35.93
2024-07-31,36.395
2024-08-01,37.05
2024-08-02,37.11
2024-08-05,36.13
2024-08-06,36.435
2024-08-07,36.64
2024-08-08,36.68
2024-08-09,36.805
2024-08-12,36.87
2024-08-13,37.085
2024-08-14,37.06
2024-08-15,37.055
2024-08-16,37.22
2024-08-19,37.465
2024-08-20,37.385
2024-08-21,37.65
2024-08-22,37.605
2024-08-23,37.71
2024-08-26,37.955
2024-08-27,37.655
2024-08-28,37.655
2024-08-29,37.86
2024-08-30,38.145
2024-09-03,38.09
2024-09-04,38.415
2024-09-05,38.32
2024-09-06,37.955
2024-09-09,38.34
2024-09-10,38.52
2024-09-11,38.64
2024-09-12,38.725
2024-09-13,39.27
2024-09-16,39.57
2024-09-17,39.54
2024-09-18,39.24
2024-09-19,39.01
2024-09-20,40.04
2024-09-23,40.165
2024-09-24,39.88
2024-09-25,40.09
2024-09-26,39.815
2024-09-27,40.21
2024-09-30,40.39
2024-10-01,40.715
2024-10-02,40.735
2024-10-03,40.72
2024-10-04,40.655
2024-10-07,39.72
2024-10-08,39.74
2024-10-09,39.4
2024-10-10,39.28
2024-10-11,39.625
2024-10-14,40.125
2024-10-15,40.305
2024-10-16,41.105
2024-10-17,40.74
2024-10-18,40.975
2024-10-21,40.815
2024-10-22,40.67
2024-10-23,41.06
2024-10-24,40.795
2024-10-25,40.19
2024-10-28,40.505
2024-10-29,39.64
2024-10-30,39.545
2024-10-31,39.955
2024-11-01,39.065
2024-11-04,38.6
2024-11-05,39.18
2024-11-06,38.775
2024-11-07,38.845
2024-11-08,39.59
2024-11-11,39.7
2024-11-12,39.245
2024-11-13,39.175
2024-11-14,39.04
2024-11-15,39.625
2024-11-18,39.97
2024-11-19,40.225
2024-11-20,40.245
2024-11-21,40.945
2024-11-22,40.725
2024-11-25,40.8
2024-11-26,41.45
2024-11-27,41.45
2024-11-29,41.465
2024-12-02,40.575
2024-12-03,40.225
2024-12-04,40.22
2024-12-05,40.345
2024-12-06,39.845
2024-12-09,39.345
2024-12-10,39.06
2024-12-11,38.815
2024-12-12,38.795
2024-12-13,38.82
2024-12-16,38.51
2024-12-17,38.35
2024-12-18,37.445
2024-12-19,37.615
2024-12-20,38.215
2024-12-23,38.03
2024-12-24,38.24
2024-12-26,38.15
2024-12-27,38.04
2024-12-30,37.88
2024-12-31,37.845
2025-01-02,38.135
2025-01-03,38.54
2025-01-06,38.11
2025-01-07,38.015
2025-01-08,38.005
2025-01-10,37.79
2025-01-13,37.35
2025-01-14,37.84
2025-01-15,38.395
2025-01-16,39.365
2025-01-17,39.42
2025-01-21,40.025
2025-01-22,39.16
2025-01-23,39.345
2025-01-24,39.745
2025-01-27,38.825
2025-01-28,38.29
2025-01-29,38.37
2025-01-30,39.17
2025-01-31,38.94
2025-02-03,39.15
2025-02-04,38.805
2025-02-05,39.195
2025-02-06,39.15
2025-02-07,39.07
2025-02-10,39.495
2025-02-11,39.695
2025-02-12,39.625
2025-02-13,39.715
2025-02-14,39.55
2025-02-18,39.92
2025-02-19,40.13
2025-02-20,40.125
2025-02-21,40.135
2025-02-24,39.935
2025-02-25,39.735
2025-02-26,39.9
2025-02-27,39.015
2025-02-28,39.61
2025-03-03,39.665
2025-03-04,39.02
2025-03-05,38.745
2025-03-06,37.94
2025-03-07,38.645
2025-03-10,39.07
2025-03-11,38.705
2025-03-12,38.585
2025-03-13,38.68
2025-03-14,39.435
2025-03-17,39.6
2025-03-18,39.325
2025-03-19,39.47
2025-03-20,39.63
2025-03-21,39.375
2025-03-24,39.085
2025-03-25,38.46
2025-03-26,38.715
2025-03-27,38.705
2025-03-28,38.99
2025-03-31,39.425
2025-04-01,39.525
2025-04-02,39.71
2025-04-03,39.46
2025-04-04,37.265
2025-04-07,36.695
2025-04-08,36.545
2025-04-09,37.985
2025-04-10,37.7
2025-04-11,38.16
2025-04-14,38.845
2025-04-15,38.84
2025-04-16,38.49
2025-04-17,38.885
2025-04-21,37.965
2025-04-22,39.0
2025-04-23,39.165
2025-04-24,39.225
2025-04-25,39.105
2025-04-28,39.345
2025-04-29,39.65
2025-04-30,39.45
2025-05-01,39.565
2025-05-02,39.875
2025-05-05,39.775
2025-05-06,40.26
2025-05-07,40.375
2025-05-08,40.05
2025-05-09,40.12
2025-05-12,39.88
2025-05-13,39.825
2025-05-14,39.65
2025-05-15,40.495
2025-05-16,41.09
2025-05-19,41.265
2025-05-20,41.385
2025-05-21,40.63
2025-05-22,40.05
2025-05-23,40.53
2025-05-27,40.835
2025-05-28,40.265
2025-05-29,40.545
2025-05-30,40.96
2025-06-02,41.09
2025-06-03,41.2
2025-06-04,40.48
2025-06-05,40.415
2025-06-06,40.595
2025-06-09,40.335
2025-06-10,40.43
2025-06-11,40.455
2025-06-12,40.945
2025-06-13,40.71
2025-06-16,40.51
2025-06-17,40.175
2025-06-18,40.28
2025-06-20,40.39
2025-06-23,40.62
2025-06-24,40.795
2025-06-25,40.25
2025-06-26,40.585
2025-06-27,40.665
2025-06-30,40.83
2025-07-01,40.97
2025-07-02,40.615
2025-07-03,40.92
2025-07-07,41.005
2025-07-08,40.57
2025-07-09,40.95
2025-07-10,41.285
2025-07-11,41.225
2025-07-14,41.39
2025-07-15,40.995
2025-07-16,41.015
2025-07-17,41.185
2025-07-18,41.875
2025-07-21,42.01
2025-07-22,42.525
2025-07-23,42.205
2025-07-24,42.15
2025-07-25,42.26
2025-07-28,41.81
2025-07-29,42.29
2025-07-30,42.605
2025-07-31,42.835
2025-08-01,42.9
2025-08-04,43.66
2025-08-05,43.195
2025-08-06,42.81
2025-08-07,43.275
2025-08-08,43.09
2025-08-11,42.955
2025-08-12,43.14
2025-08-13,43.235
2025-08-14,42.935
2025-08-15,42.81
2025-08-18,42.625
2025-08-19,43.04
2025-08-20,43.085
2025-08-21,42.79
2025-08-22,43.02
2025-08-25,42.535
2025-08-26,42.63
2025-08-27,42.64
2025-08-28,42.315
2025-08-29,42.16
2025-09-02,42.02
2025-09-03,41.915
2025-09-04,41.865
2025-09-05,41.735
2025-09-08,41.31
2025-09-09,41.595
2025-09-10,42.31
2025-09-11,42.535
2025-09-12,42.75
2025-09-15,42.85
2025-09-16,42.07
2025-09-17,42.175
2025-09-18,42.205
2025-09-19,42.475
2025-09-22,42.6
2025-09-23,42.82
2025-09-24,43.125
2025-09-25,42.71
2025-09-26,43.405
2025-09-29,43.53
2025-09-30,43.605
2025-10-01,44.025
2025-10-02,43.945
2025-10-03,44.455
2025-10-06,44.885
2025-10-07,45.09
2025-10-08,45.4
2025-10-09,45.285
2025-10-10,45.1
2025-10-13,45.445
2025-10-14,45.85
2025-10-15,46.45
2025-10-16,45.945
2025-10-17,45.785
2025-10-20,45.77
2025-10-21,45.305
2025-10-22,45.2
2025-10-23,45.165
2025-10-24,45.695
2025-10-27,45.82
2025-10-28,45.065
2025-10-29,45.05
2025-10-30,44.86
2025-10-31,44.55
2025-11-03,44.575
2025-11-04,44.415
2025-11-05,44.425
2025-11-06,44.23
2025-11-07,44.845
2025-11-10,44.83
2025-11-11,44.855
2025-11-12,44.96
2025-11-13,44.34
2025-11-14,44.38
2025-11-17,44.78
2025-11-18,44.61
2025-11-19,44.235
2025-11-20,44.01
2025-11-21,44.075
2025-11-24,44.575
2025-11-25,44.405
2025-11-26,44.995
2025-11-28,45.315
2025-12-01,44.255
2025-12-02,43.94
2025-12-03,43.8
2025-12-04,43.71
2025-12-05,43.3
2025-12-08,42.72
2025-12-09,42.75
2025-12-10,42.73
2025-12-11,43.04
2025-12-12,42.83
2025-12-15,43.22
2025-12-16,43.04
2025-12-17,42.76
2025-12-18,43.18
2025-12-19,42.63
2025-12-22,42.47
2025-12-23,42.62
2025-12-24,42.81
2025-12-26,42.78
2025-12-29,42.86
2025-12-30,42.96
2025-12-31,42.69
2026-01-02,43.18
2026-01-05,42.7
2026-01-06,42.91
2026-01-07,41.87
2026-01-08,41.99
2026-01-09,42.51
2026-01-12,42.58
2026-01-13,42.85
2026-01-14,43.17
2026-01-15,43.61
2026-01-16,43.39
2026-01-20,42.96
2026-01-21,43.02
2026-01-22,42.71
2026-01-23,42.56
2026-01-26,42.87
2026-01-27,43.43
2026-01-28,43.33
2026-01-29,43.33
2026-01-30,43.25
2026-02-02,42.62
2026-02-03,43.24
2026-02-04,43.08
2026-02-05,43.1
2026-02-06,43.35
2026-02-09,43.48
2026-02-10,44.2
2026-02-11,44.59
2026-02-12,45.25
2026-02-13,46.5
2026-02-17,46.38
2026-02-18,45.61
2026-02-19,46.11
2026-02-20,46.33
2026-02-23,46.68
2026-02-24,47.2
2026-02-25,47.36
2026-02-26,47.18
2026-02-27,47.73
2026-03-02,47.37
2026-03-03,47.07
2026-03-04,47.27
2026-03-05,46.9
2026-03-06,46.74
2026-03-09,46.85
2026-03-10,46.56
2026-03-11,46.17
2026-03-12,46.5
2026-03-13,46.96
2026-03-16,47.26
2026-03-17,47.13
2026-03-18,46.73
2026-03-19,46.54
2026-03-20,44.65
2026-03-23,44.78
2026-03-24,45.09
2026-03-25,45.25
2026-03-26,45.33
2026-03-27,45.59
2026-03-30,45.92
2026-03-31,45.89
2026-04-01,46.11
2026-04-02,46.34
2026-04-06,46.17
2026-04-07,46.27
2026-04-08,46.78
2026-04-09,47.15
2026-04-10,46.96
2026-04-13,46.39
2026-04-14,46.47
2026-04-15,46.02
2026-04-16,46.35
2026-04-17,46.16
2026-04-20,45.75
2026-04-21,44.95
2026-04-22,44.87
2026-04-23,46.09
2026-04-24,46.18
2026-04-27,46.19
2026-04-28,46.25
2026-04-29,45.68
2026-04-30,46.85
2026-05-01,46.55
2026-05-04,46.37
2026-05-05,46.37
2026-05-06,45.71
2026-05-07,45.12
2026-05-08,44.72
2026-05-11,45.14
2026-05-12,45.19
2026-05-13,44.67
2026-05-14,44.9
2026-05-15,43.87
2026-05-18,43.94
2026-05-19,44.34
2026-05-20,44.51
2026-05-21,45.0
2026-05-22,45.35
2026-05-26,45.33
2026-05-27,45.14
2026-05-28,44.63
2026-05-29,44.42
2026-06-01,43.1
2026-06-02,43.9
2026-06-03,43.71
2026-06-04,43.94
2026-06-05,44.35
2026-06-08,43.52
2026-06-09,43.98
2026-06-10,44.0
2026-06-11,44.05
2026-06-12,44.53
2026-06-15,44.74
2026-06-16,45.06
2026-06-17,44.46
2026-06-18,44.76
2026-06-22,44.72
2026-06-23,45.07
2026-06-24,45.54
2026-06-25,45.85
2026-06-26,46.2
2026-06-29,46.02
2026-06-30,45.34
2026-07-01,44.77
2026-07-02,45.76
2026-07-06,45.3
2026-07-07,45.7
2026-07-08,45.36
2026-07-09,45.13
2026-07-10,45.41
2026-07-13,45.72
2026-07-14,45.69
2026-07-15,45.22
2026-07-16,45.47
2026-07-17,45.17
2026-07-20,44.94
2026-07-21,44.92
2026-07-22,45.93
2026-07-23,46.19
2026-07-24,46.29
2026-07-27,45.68
2026-07-28,45.52
2026-07-29,44.91
2026-07-30,44.66
2026-07-31,44.35
2026-08-03,44.36
2026-08-04,44.11
2026-08-05,43.66
2026-08-06,43.38
2026-08-07,43.61
2026-08-10,43.13
2026-08-11,43.46
