Year,Month,1. Economic Policy Uncertainty,2. Monetary policy,Fiscal Policy (Taxes OR Spending),3. Taxes,4. Government spending,5. Health care,6. National security,7. Entitlement programs,8. Regulation,Financial Regulation,9. Trade policy,"10. Sovereign debt, currency crises"
1985,1,213.67883454378006,270.46922797349083,292.61455649932316,295.7907863674324,394.099746651721,107.84824125033536,179.69985419842243,258.34622086375316,129.63282015617793,113.24717692833723,122.6139604621083,0
1985,2,155.42602201382735,219.8356774033789,164.23553590540817,139.12559578984676,225.0327804965307,36.733030483128594,124.85949791054506,82.49299689692269,55.19105225088689,0,41.762223427057904,128.38899745436922
1985,3,121.13737494201942,119.034522104052,108.82881488743891,115.71434219243433,102.02633957007627,31.642943766488706,63.26926409173189,113.69914118628975,85.5778358516457,149.52152249961915,107.92572815952798,110.59816664324532
1985,4,104.98235328442325,122.04476013285317,104.73733061737542,85.76021737119784,138.08052902934818,38.066635504640985,85.62743203271965,51.29275973028586,60.054521056271575,44.968803622498534,194.7528674515738,0
1985,5,115.73677784390946,107.57358028821929,134.83996651064527,132.17776948378784,167.5689089025722,54.70593062185159,109.38312179296861,98.28442915112961,65.75614014249659,129.25020656580745,124.39165880768948,95.60386789450635
1985,6,139.79243116342545,156.64301589149864,197.68990210292938,190.0223945591272,182.43722914896264,26.943793829078935,161.62029866613165,108.91597259196801,89.06218435284849,42.43891997922851,153.1636136554804,0
1985,7,120.5051540490732,173.4075841492203,134.14929290495292,122.2601401250383,201.22260929019575,26.003398310126496,155.9794076467922,116.79397141447117,39.069875149396644,0,59.127151547654734,181.7737439864739
1985,8,122.68383435594511,111.33082240954488,118.87553977505596,122.8273742350156,217.70667160882908,56.26716914749916,106.0759341617947,151.63401490705226,57.97091808344815,37.98252716201626,109.6642632517361,168.56962656758523
1985,9,91.71113418800618,113.58992027707504,81.79870378966548,67.47986932904466,126.92818413556344,24.60382663136664,83.6310372290549,11.050781094067167,51.75384357492873,77.50651865992805,279.7238592692929,85.99510013727648
1985,10,86.33861930052964,69.60723764287044,108.07515522473383,89.5425966079385,103.62251076805659,7.141775120670622,42.8393950507226,67.36212573536777,64.38272236156298,33.74683143492714,121.79354834019418,74.88562765399385
1985,11,115.88342940936741,70.2455792352138,96.54843807378656,83.16289586964687,99.34415386015722,34.234530758024185,114.99780868675444,36.90336248258832,117.27653918775452,32.35349529281694,93.41195781341841,287.1750263695076
1985,12,126.42213233620303,112.56385155713394,150.93895319726045,137.0244445222053,225.5225311789997,6.857318781355056,119.28600544948412,55.43922650108746,98.90938177919153,64.80539560540491,70.16551255419515,0
1986,1,149.45848258400224,119.54760034074782,160.30359127786383,155.8956344985284,269.41088595674023,85.26163140044262,146.61148513383054,91.9083983264435,143.47742570470672,53.71792220881251,116.32196701884982,119.20231173798275
1986,2,157.86909287158858,190.2599354995266,242.36691750766556,196.18239011516744,382.68207708955293,55.63447281487918,144.6116338870359,99.95264388300737,150.46254284618013,204.46846602207614,42.167666781694024,64.81772303799251
1986,3,101.7271997367243,104.97753222087178,118.5400565079655,103.39219378534025,166.69585261651565,64.62482522501408,116.29413014778532,36.28270957115708,135.93751678808303,101.78996335089445,165.3136645027882,0
1986,4,105.7670166098196,120.61308508823251,112.8365019824523,117.83317170172671,121.65104959498669,21.872142904621718,118.07854758776948,36.839431562597035,73.94107628814166,25.83795720431466,111.90015853821247,0
1986,5,126.26104795694661,148.36253216728718,108.68131438335601,100.72809538586965,124.33797001406433,32.135650867000386,122.0833969585554,14.4336914890245,111.05211942538806,126.54141472025916,127.87392568503171,112.32027260187017
1986,6,152.2630177521189,162.7707631593223,164.6540390091609,157.04096239158477,156.157049867404,50.10134977635698,110.194017001685,45.00592994668314,105.38756666057449,105.21889567585258,151.89553640328566,291.85640209436644
1986,7,143.29232842494622,183.8203274707098,174.43771914143545,172.8021228495613,197.3076648119645,22.051876063762098,72.75207604394632,37.14215761210004,89.45841973167076,26.050279229381715,112.81969207866554,115.61331406272578
1986,8,138.32248715745155,132.9928987577534,194.71012835971203,211.45183166705334,148.4199988079275,37.036998587693795,92.03921399751417,49.90537893631037,62.00750581618768,50.00282851155884,54.13861081931941,110.95836374397048
1986,9,169.47782574439495,166.75523417176362,221.74180523662434,227.13858163718461,204.38776045581332,81.26898881706391,110.4967927332529,73.0037500759028,87.91627272278498,102.40482495016462,73.91655137690071,170.4304359502086
1986,10,118.8804977446416,73.60328100870163,154.8506247883165,147.3301653583395,229.72193591052428,39.58170851096149,139.48887302973318,120.00203943079576,93.66708598103983,46.7585867118569,151.87810392782734,0
1986,11,93.8603810233655,58.412989521027924,103.24930562212329,109.51142248362257,120.16003556950307,56.935719178277154,93.14306795375485,90.66654165583972,97.98838181093194,244.57888273520402,52.96164773544478,54.27307502885228
1986,12,89.36405281738683,79.13561045395129,122.0315664656809,122.902139941093,134.30015690121243,92.56111554815864,70.94488177814425,34.64476756233961,78.80761089433072,72.89607768036267,70.15589579439259,107.83962619096847
1987,1,113.31331785764165,124.15943599900172,150.16536485481842,159.91415732556302,188.21553454797308,75.93376091241231,93.9433463432305,89.52710397126313,81.28898375902611,112.12740295802209,80.93437926912608,49.76307754353115
1987,2,75.62146614519732,37.383917832366535,70.18030286243402,68.52908967669487,56.39451346499118,43.72616977710787,67.02918233162316,39.27912007580218,96.35733355238143,68.87268481716548,82.8546791004974,101.88757504921715
1987,3,84.34975067890139,58.1611342507737,101.98606266941177,100.80694159439032,101.23549599030626,56.69023335297794,41.852560546346915,52.88335192489703,114.00556616021923,103.02953217807428,118.98795139443563,91.45073307317578
1987,4,86.86082377681267,93.71384914381267,93.4807413146503,90.78250677201558,103.44112017525484,35.64636742761054,90.8743605034949,78.05131370714068,72.30377338481453,42.10969725738478,136.77789313518045,93.44317600659895
1987,5,97.97026833042129,98.87145938027076,79.84845750328587,77.23420658478838,80.50705177543003,39.4244960282923,89.33871803706766,53.122404317036796,78.97994045665033,82.7962111438264,74.70363820508055,45.93206217622062
1987,6,109.31131133061739,137.08158943124693,80.81532190185065,70.40356524466765,93.59065489842239,41.46665658662095,113.31242283016289,55.87410667949662,128.76011913978553,130.62749305827168,172.86111253764955,144.93392995130418
1987,7,74.65576784650307,59.49972744703929,60.57695822940055,62.27759657493103,66.48646590288911,38.66331559568778,64.4219330313009,17.365584769406507,61.96404106548818,40.59882007475368,73.2613129156141,45.045238234764945
1987,8,61.51616048389953,24.436541412881596,56.59825525478407,45.81310480165136,79.59077036267009,30.314503976113,62.3448847535642,23.341243557723004,58.560779759491766,81.85387593659937,29.541363060825084,0
1987,9,75.5653054977109,64.6669565034891,65.03483968919959,57.62462590146507,105.68091595155991,42.021015140489105,80.65915658758057,62.283182769255724,71.9752705779049,59.56822039521658,71.66129501899823,132.18436762363442
1987,10,212.34254458916695,353.2999683564979,243.6799374456086,186.10348416721013,459.4493590939387,43.54039937160466,175.6987214465081,133.33719183371392,189.12056562854457,523.7024258297402,256.5083057065455,249.0251879824728
1987,11,204.11462347214368,289.5949953223394,253.12925728684323,160.56920868237188,513.7159599825666,87.81767833958413,160.5387174028374,135.233868277256,162.10420386691771,414.9624341090027,85.57797683355172,306.93965437912846
1987,12,153.9771963943396,216.72407516527304,160.97477374082231,123.3387340431679,284.464050078833,41.42021600883358,124.22800821275835,100.46075486302216,123.22234365967476,254.43833378112004,84.76405367845497,304.02038354380045
1988,1,197.51809724775347,268.1961693381205,250.9353072340054,214.0201752977608,324.5699264725313,156.0677381565212,93.61604610328497,168.2343582780914,214.55870803079767,313.4215813685773,133.07646411671215,368.2035382599504
1988,2,104.34334299855657,142.51895876059447,99.76873599661943,91.2467681748639,146.2269783746247,61.28587061041236,63.720563418664625,66.0635518617981,66.29866315633313,57.91848412718248,125.41795593349752,42.841177993212334
1988,3,85.18104870413448,46.637684378532484,73.79405494275362,71.24360421106786,87.94254562399162,47.27654118683947,78.53115814111,49.002012388752775,118.02336950240844,154.65774861198366,99.22941664062118,76.2648889056574
1988,4,84.86827929392389,77.70900561291938,77.51570891482949,70.93531188599343,71.47917714177277,29.558531549178852,68.7055340785921,44.80711169274913,86.60229100569386,104.75408054718129,100.81634832439308,116.22683875105614
1988,5,93.41527943737212,61.19577408357696,78.32861284845526,79.31848809202867,62.94221928102817,32.53534191334324,110.59110566752115,48.710707578391784,58.660874921208794,85.41019258561322,73.97964177689244,0
1988,6,84.38802188397031,64.50129921790092,69.95594509542745,62.30700969991655,89.43172503574642,33.284146719416675,90.95277066124936,39.8654322960934,63.344904344630585,34.950367374959804,75.68229212744583,0
1988,7,87.10117893742432,59.13433467959627,79.29432451966447,68.47858640110894,107.90990980935557,59.49813826652329,95.91554699055943,50.1066036905868,60.34191162363596,52.714668504496956,25.36655543151192,272.944116407927
1988,8,101.87862804409833,110.9630582081855,58.27703106855665,59.32740673624418,52.30948930615652,50.47316930903791,80.01500238229616,24.289250677265727,32.500923804208895,17.035675983699143,110.66827932491637,37.80287613103235
1988,9,84.65760514539629,69.61300726792881,74.19760231536729,65.44039823754966,87.5107065493021,55.67383578013123,70.96549506159815,60.951736955797564,106.65304121106337,32.88425355850956,94.94437860057862,36.485765669741994
1988,10,103.58834357840787,103.52812341052488,77.78862559608311,72.25786503589235,100.97495232684406,52.19476904634082,108.53660258111283,56.263732528614405,122.33859643279236,197.30759291971853,59.34085965594739,72.9722974890395
1988,11,123.35616536936206,176.5998964859659,159.90513093621422,143.23028059880585,281.51051192367925,70.982955651354,110.70432423108714,114.77489326504457,70.38983213241583,50.312068049845344,205.78850524475928,186.07429864678068
1988,12,87.84960145160605,109.47032012582626,98.70414491008405,82.17167841367159,138.80178630980276,47.831843526299316,83.8676593120136,24.788790912067302,63.021760907294194,34.772073919999805,100.39494875909841,192.90170881311644
1989,1,109.65313627227827,94.23443870354441,144.26180378742737,130.75665538188946,186.57824380094976,119.40661243028788,108.35599400860278,132.01562053893576,146.286013705009,188.076248729705,104.42677803338472,128.41509133260948
1989,2,71.73418346544128,60.87680535387029,79.42459691360779,77.9149375375504,77.56257024033462,32.07417560133754,61.56624116757898,30.252767879264763,98.30997485367868,166.7151313305489,43.75861844506312,33.631621421944686
1989,3,70.52105889050353,47.02287394169892,55.41095251412967,57.68328780533864,40.304036337819284,36.111369083850384,41.656019575689854,22.457604267982077,95.15845096734242,65.62924939562697,66.3203408823374,0
1989,4,82.52077726781084,67.46421328507807,72.76453220231026,69.45223495155044,80.20024228410325,22.872360552612125,99.46863389739893,57.78615965481948,92.78690051827775,189.13672656034953,68.2601360475956,89.93620530104843
1989,5,86.19914672791779,78.5050295120631,65.07528782932887,67.59357065608322,48.447274566345754,38.95544773015686,90.13035521942179,37.49313340596871,82.77844613361475,105.18576810860944,113.88578472209421,145.88225638808174
1989,6,98.90107853745417,119.27155612780761,45.4131985808791,39.36396333281884,63.86188838179006,40.18697115426094,75.76124000741193,58.01764163149774,85.3953739669346,108.51107290822162,48.95255362409982,120.39530019002521
1989,7,114.1515981181913,103.3323756682477,75.39310235176512,69.63982313618172,65.90485232465994,20.736283144832193,124.38501780236558,27.94103484447372,117.50293543579224,97.98458227145385,90.93341300531016,62.123393785120534
1989,8,69.97617521708048,74.32218321719773,67.41705334244729,55.654103898209684,87.93470572621612,31.24973511902182,80.09191386099474,49.76323214660909,71.70919580952022,120.81559468010974,96.89508841935337,0
1989,9,58.854462833730715,51.415518776779095,35.45692525323155,35.905010968592194,38.78075565766648,31.500992391612215,51.5335384761787,23.152312387168422,33.56124539822918,0,58.604492450075895,30.027823451215216
1989,10,93.83407770625277,95.28586003718779,78.48763855117272,75.89832401780002,87.27128868313119,31.843224381952357,79.5871501329656,57.2093938469882,110.04157256965135,238.2408462963782,63.3551522737471,111.29818586547455
1989,11,95.64348875976832,67.41013119154023,59.95354149271018,51.48776971264981,80.41792073392705,37.545898421012865,117.43417026729715,32.52284633685778,87.03624205909011,25.34494143218876,73.17665613621689,56.24148301635261
1989,12,101.4528655780832,91.16194796533344,91.19547591756178,74.05028895833048,114.59994029782992,36.67091718977647,135.3647437309915,26.606517425568423,68.66024513685264,53.31694324246564,125.07481823406695,29.57813066838097
1990,1,120.59051828742729,128.50265551767703,117.24293794027264,93.09087301777721,172.36596403704834,105.8838192000616,144.06744294882873,86.99560692933505,123.39136713028009,61.01583747252256,88.08335520395981,54.15867613852376
1990,2,125.65754757429923,75.27427801503346,95.32908047528649,83.04745905865546,97.25604770282106,67.93572592700077,140.1825065958203,84.21658376714848,146.98486827891986,51.36236753537263,55.61059863070726,28.49380939732217
1990,3,84.91120658649048,55.47670121229057,66.30389518856987,63.559547339844755,63.67557601259747,32.91441993567238,93.07633283231984,53.8540865580641,103.85260997604124,155.52959349457078,80.18742695100103,49.30380860907037
1990,4,101.56322789615805,49.948172434317385,75.14428668919027,63.27374879267218,84.99620267668966,26.123646818451157,78.35035459056114,38.40023985999158,196.96638364657852,100.99746169250493,56.70054933484222,124.50976858354842
1990,5,93.54481519356992,58.80464702171323,72.5440610148252,62.88087708060474,102.01441149404398,25.219687513516355,118.2721864529482,30.89289359315418,80.60737683932311,97.50263587793863,265.8728806359306,48.08053757394198
1990,6,98.32611617355244,58.901574540201196,68.28670424440837,61.85979980374315,90.24275135490302,16.745151451433593,97.57467443161251,19.3398839090449,90.57398912040266,124.33991214055291,269.2483730647223,50.16644643319996
1990,7,102.29686452574738,77.43656602327341,99.78002682796613,77.62905606107394,159.70782874705225,66.04341408837766,123.09145221394272,60.38605497608141,91.43302861000289,111.45468163274319,120.67320614695603,49.46451820306758
1990,8,167.86148387212853,197.20085882549245,146.05161017873797,130.48047562645706,183.76438037439763,40.23075964136733,284.2226911264494,27.1044007527268,181.3390777937086,211.22365567798107,30.49255580396004,0
1990,9,177.46926973539234,162.943818346405,207.7235337849096,177.91988545022645,365.67755383105094,100.66243493402331,236.1591319156636,108.50980698426898,231.9081029811002,517.9380636119378,99.18508684736946,46.9112727973111
1990,10,178.3297629903053,170.25585242831673,266.3490965353062,224.76256199774852,451.83923071128197,206.92538957305428,235.95587476179946,298.14514096352747,118.2049182874912,145.21467189836252,62.890207143727984,42.96498915519056
1990,11,186.2974897902425,178.20240153567752,202.52884856666273,179.2678307192645,245.8742251169725,65.66542676503555,289.69905772246926,62.792725038761766,103.11741147372383,130.12036137260014,122.8208522712212,266.5315509441383
1990,12,153.60172100270134,145.6718953349073,135.648709894863,120.09447881184076,148.24368164769325,78.88213252417422,269.03007538812324,51.62631091350303,146.28717743867037,372.73954787740837,138.3665816185187,47.26426377555133
1991,1,271.8324092883656,343.66884001468867,271.2848412832834,241.62274148709466,334.92006184480397,151.61057573175958,758.2634099468245,113.186128833777,201.32024051179766,580.8658692169735,97.83042065375145,0
1991,2,153.97380987818423,172.3233033205998,158.3834513902975,153.41175538873742,378.74053248515355,391.54808526302935,234.867141887294,527.5901480129892,352.9785135873062,273.32075759451504,128.99398694047517,0
1991,3,122.13637707922891,176.38297344261554,78.83839854732149,73.55461459383386,76.45914837399621,27.665646273940236,298.71049620963953,47.92883379632537,112.23194749353455,261.4554184554924,148.2803399468962,0
1991,4,111.16810819315594,117.59365273946483,68.09060518873392,68.58819743498357,44.34819313581718,39.59589550325932,133.75730335899826,50.54528459556325,86.42065738368703,128.01673659055302,78.18750623468489,21.851883255344347
1991,5,79.57537905594451,52.78300004637789,60.369216655212625,67.19264357580101,35.12840680566802,48.421753129505184,93.18739060912102,29.904292035879806,54.56494070665193,66.73507281245654,103.22113604197257,21.155416043523513
1991,6,84.94169680372369,48.23958313543717,67.62559360732158,62.804540238398324,62.02034505661488,72.66665339703185,89.74111080490468,60.4765641783089,69.3620481545283,90.8919839513346,87.47533142449466,0
1991,7,109.70690538273688,96.67242758728634,92.06665375874805,89.78062774567485,84.93092670501885,102.79371516241248,102.76671411445338,80.79694297027234,129.3490648635068,141.6707496665686,94.95476986179811,112.27618117750445
1991,8,102.42541100242535,82.48524316499366,69.30375332724162,57.41965407954431,82.69143181729919,34.602180077744634,130.63979089931826,35.654098954235636,66.05720694720245,86.56132212732443,48.596018489183066,42.68515269887808
1991,9,117.1181443058999,96.21957091239824,72.30937180330339,64.60868743064836,79.752456448481,68.02073748308472,106.33176087735403,72.21248942349975,111.49151378414204,126.61862114858037,56.242613237479695,0
1991,10,112.08722645098064,111.79308335107447,101.25190367828968,108.60679381429827,70.26769920831077,61.17379654769562,113.52403240317624,82.42842600911744,146.48648132501663,316.16248145019824,84.76311655213317,40.090156797930504
1991,11,172.503441458594,201.03409782382982,208.74421575965664,216.54427950679798,167.1843491844102,186.90608268791576,143.45794536636473,192.26950494390962,143.13002379023825,180.4350560588744,116.52993821008393,0
1991,12,185.47547624532942,160.08875723315123,167.84286305925872,173.15535525526613,156.00098614609215,111.00839084385869,239.96641491604115,146.7556579646638,156.71883530349922,267.2209680447747,207.16960765648722,65.88605363810996
1992,1,162.11546948769035,160.12804509523266,213.35968231694582,222.93677280941893,189.19408875612095,193.6162316645911,206.20637809022855,189.01035980857048,119.33110320229463,84.02045481869699,134.77017466574182,20.716099613693146
1992,2,169.70404509321466,160.02041025812014,180.24243857655992,185.77953652263892,158.9180639327809,153.8938317157974,165.91218872350706,126.0995624634469,127.4857289094779,98.26895199018033,99.3037472492115,43.612581304854174
1992,3,125.4098383728223,95.02530671547996,122.96145183480121,124.11214974032414,103.92722408751919,109.29408651000121,141.11901361441244,119.81121238670305,131.92737146720884,78.77964029311967,164.2729699204039,0
1992,4,95.18696839255512,71.47795214005595,76.15170365446403,76.28309771702737,70.16085803539853,59.17200808755877,96.17696285472135,87.44703801312137,96.3620002838086,81.17530978716974,97.65488685614771,120.08760062192825
1992,5,93.57783043949902,48.040744349222095,93.99875002906238,89.11268242545421,86.89075271746984,80.27278135450818,73.37297913512667,72.10885915036324,89.59536223281867,90.31208146073087,117.33825727930413,0
1992,6,119.81975373836089,86.18208484212752,89.49097872392768,74.65604858491618,114.94582214017767,77.85600462273489,129.04315534439445,69.01763885696907,94.19803815566111,58.08802329967864,167.7134397018038,21.483291413418222
1992,7,134.57399496951837,173.24167995736397,118.91700014728326,111.05576934608541,126.39168833559611,100.51213128426087,110.93624541755217,67.71736629198543,108.73338126338335,85.4904923460272,116.55891793262343,21.078552351157533
1992,8,151.88338195765022,141.73310912115227,174.9034344959322,176.50363481922145,199.47639281584406,174.18744670328675,180.14657845771393,121.40083865560158,128.1501487647384,66.22507696813928,286.8104685420959,167.94995455689008
1992,9,155.71678236228945,195.9262273514487,151.88563983564862,149.64819525237255,209.7393409446007,151.185559839097,145.5773163730276,91.13542218804298,141.67296295736313,75.19925504409078,284.9667035591361,1439.2562167370725
1992,10,188.7476079761591,195.24848234489198,222.4133666726833,204.87350128745442,280.59643733853187,205.09203676876368,197.2799639687143,126.97188526226161,154.90731744277446,104.76926483716416,422.2296526760986,368.1050057860892
1992,11,154.9961944006333,117.03259601445356,166.99086613046057,159.6783993974988,205.59357035073867,226.19569702475596,183.63825635476982,118.23619255641621,128.325325719497,101.35516058206662,312.5880100170526,122.67890848244284
1992,12,100.65360066595662,57.60823272450618,85.9050435580178,79.65715027127003,95.51878479310821,112.30262952313284,95.2385867724658,60.00692057197275,101.24022242221466,73.19455079311476,132.08090480212618,182.7244840307231
1993,1,112.00499022356793,55.15993944549376,134.72193577271906,134.66901770616147,144.87465346789298,195.85799230552365,132.4573692597085,129.3667606430572,103.86172763392904,18.14671227744911,196.4764440099381,60.40246806756897
1993,2,113.32607292480935,101.617309376428,164.7640107063027,176.61410565005065,201.39138759977845,187.9879176409114,73.96290867919527,157.97434188522246,171.29236579193505,85.96394333485773,117.20442754939874,148.3670056306513
1993,3,134.0039308860554,82.28641240702166,130.79555044966236,124.28814229951924,130.7559434042781,182.03917892521898,132.9798271059968,157.85866418197338,138.1101463009416,102.20015898412618,135.24284030804972,113.3932094724491
1993,4,115.80186651779809,55.47373622112871,114.14366659614137,124.19017885520142,91.97962897274533,182.72201341489048,100.65711164377466,113.05476790828186,117.65922997598642,26.430956641250145,127.18705168201228,39.10093073265517
1993,5,153.30049201225458,105.57290766122864,209.21503892544123,224.78301954909995,197.31228039507556,367.9008419763897,122.35862650235973,225.77653948329362,310.3161524449878,34.42438853215828,260.9016410148317,95.4864439201678
1993,6,131.55528884922447,137.56091972124992,159.72992165123512,169.0238020169757,86.46410887009918,264.2775461256173,107.23741656537945,151.8661291068623,141.89580021607048,55.09338272376631,192.206231235848,81.50301069116948
1993,7,118.89222530092516,132.88900617097954,154.43421884273602,157.1377313284096,155.91813264684225,199.56942092002836,98.99112671850482,74.98428045239238,124.55361007449802,45.33749214440218,386.15421308970815,321.93852031775174
1993,8,143.32539177801655,145.95873079240062,176.79928458717114,186.54836553735078,170.6411705050308,231.42166970988964,76.23530691367544,240.2611869225645,131.67340993575976,35.853455157751,608.1632227307626,218.7908624882825
1993,9,124.84112904708685,40.26895825449243,107.35195768781855,107.65082108348356,94.01269482131165,211.20535272204057,119.96302630145244,158.66407318164684,124.68705352782388,88.31883023596288,427.1194886009582,78.39326840079545
1993,10,80.6039741601004,56.890540776186086,57.51690534465612,58.62695604505733,45.97538031240291,137.30915296885453,68.63654283801866,56.92823244642928,74.58747559155927,8.318245170535821,354.2460407696068,18.458533263382893
1993,11,100.26577829663034,57.20334820493421,64.56006607043517,65.53776339937895,46.741818083454206,152.4015641526862,88.07239805690799,82.64205052859715,92.15129163314441,35.12872557544888,1020.5858812333355,19.488027109115137
1993,12,87.49097699543019,38.656475531528955,65.11004812606761,66.25293669305306,49.780411633906375,102.92758861041906,106.94307409896673,74.29791022407474,61.30680178262036,17.370031180473184,488.9748047417782,19.272412134860723
1994,1,91.35413462730597,63.959911059586126,86.41476432574686,88.08253085612598,71.26734443149917,194.58372506749032,90.65597514812355,91.6396373415465,71.5289325986168,17.853612943590484,199.74645955677994,39.6179123883169
1994,2,77.52547059307642,65.79154811925308,66.1658289826741,60.14952043723386,84.58643816860543,93.27661569766379,92.08646309526307,104.73771790809603,54.307073767955366,36.729783253965444,185.5827827050897,40.75246112915984
1994,3,84.14653545882608,104.58888327483436,47.141233792880996,46.31978798840891,43.08974919360686,83.9537340882099,80.16332055618702,57.71590616436672,60.23816168317842,24.288015046310665,268.81275822961436,35.93074616441735
1994,4,106.37099816214744,159.86950063783183,59.13709631286134,61.05405736066877,38.11545466743593,98.5109330392922,64.462946373161,62.748978973960774,88.80708149281115,25.390416723649764,348.21278020650175,37.56159639092508
1994,5,110.15818950131897,160.76775767724556,57.16944891943093,55.63052257484754,45.22162845613946,88.30716216514489,82.052156943357,46.66242669562482,82.7303358586045,32.72748066056286,277.56948420748984,108.93546860211265
1994,6,77.08012046690177,69.77451122841875,48.012045236197615,49.78751691779487,19.043113222454753,114.54300103785003,86.95824390131114,38.58514518773293,70.99118497015206,33.82792865536241,201.4422814361709,187.66396442848796
1994,7,87.78914404865884,73.57048406420034,49.9503921934499,42.67825758219807,52.68170604417354,107.1109587596864,93.65209665265947,44.031752673070706,94.92334940586214,25.735344189206177,309.59932664133447,57.10780303082487
1994,8,87.74734410358242,100.50663926691313,47.78252130664771,46.75798383602255,44.79581762779197,163.86842001827202,65.17400841559592,110.40197516738831,80.28614561324878,16.833106294292755,224.77979515660542,56.03004830150637
1994,9,93.18085709820923,51.971550664100214,51.666438544503805,52.01518905363725,35.482893676099636,94.32717198292903,132.02335280430447,68.25785315675945,103.93220833362817,33.0164121079018,160.86254168722547,0
1994,10,80.18196315102615,61.6265346709493,74.02822813831223,75.83542901075204,61.33112082486484,110.12465465869445,78.06787983821413,96.67644055912989,75.20968915243792,7.884378320777097,216.2580728909767,52.48729383836534
1994,11,116.13644611884631,126.36850167421746,111.57438241120033,116.23194621916468,147.6710006258233,147.46019041129955,122.79340160025981,154.28061904186018,120.42308678708547,24.592571940977887,627.2054709482861,18.19064790302145
1994,12,87.64626396020178,86.43605695498385,78.69251858062555,83.39336442293433,73.77374853006985,81.58955158033693,70.2195122375865,62.13862444680608,92.7401669808387,58.668040850802534,362.9744642967612,111.5887128327663
1995,1,131.65406933377707,185.1980705480424,121.83597235698655,124.18735245364715,127.88320463317474,132.20772433006638,64.05306779658231,189.5622662524907,152.80071715591012,112.12877924691433,433.5823536670241,622.0461044003958
1995,2,130.35668060219828,166.74132037895808,112.4075109380335,105.66415958478777,129.5672273866724,67.86733843358515,137.12743391535486,151.61052203697594,189.98634763956883,75.95328495188559,207.1115153153379,318.35996303016714
1995,3,96.35862161940233,96.29856450878347,93.91165713929858,83.88656998137691,120.0567226627606,99.29326459591678,73.51975742336909,123.33984549313152,159.4438720563645,65.97952070940796,179.91477949323317,146.41131064885613
1995,4,69.77728369425785,49.73308923025985,54.819813370435,57.30101823454694,63.579260200982546,70.65896205535851,63.083521708038816,84.13834538885077,96.28869927621244,23.29415086513244,56.04629469499328,68.9209241887268
1995,5,63.30757797087156,39.371442832303714,50.59415113793578,51.99925160720296,46.40057918961581,49.56865784823776,56.589340934423795,56.01835952875679,73.51548174577962,15.111316187849598,114.52831435541452,50.298962122731716
1995,6,94.56129439898935,120.16327847104172,80.00119405195565,69.31678230929876,109.33189507535874,70.43841255141938,83.52128900900372,101.53376917764538,85.65096556305996,46.442884552640244,122.91698332824504,223.29384890749387
1995,7,89.3513628912475,88.64650384032439,66.42608927500142,61.07003588528592,103.24381487632841,81.32199990486288,71.13805901902766,114.14276533902843,80.94794875477925,24.016786586410934,46.227979081686804,53.29425197217145
1995,8,45.52693451587904,35.921198791209186,33.04507722958708,26.798504842699995,44.10648526992559,45.59799750452731,35.166358424334355,63.63518479419901,61.65952786192366,7.695105356238783,72.20698301075761,17.075760003623444
1995,9,53.4911702138125,32.48447844267121,55.28647225363163,54.076568442123595,54.97198120945964,50.335960247569034,41.88150485510392,87.51615485012579,60.015535599882384,7.672616568002209,22.152602946979922,17.025856443773066
1995,10,80.55272146401053,42.06806602581002,85.65940006046075,81.51889081626135,98.4227835719448,100.23239216651591,55.568817257418154,135.05779905245595,88.98989245938004,7.176141457937489,129.49478430866915,47.772472350276125
1995,11,90.58875285222706,93.9392426253172,120.04344463885349,87.08200998650723,216.50068953178405,128.34543252767273,51.637643315928706,170.8296129815196,53.61833546180106,14.7918805925439,80.07665671357562,32.823800494915176
1995,12,111.60231267968317,176.51570213896582,150.724426845348,94.12134110015607,296.73675394279604,198.02165558207517,69.12710408423159,262.44945492050647,77.5518016280002,69.0275083337942,38.75243571623328,34.038871648900006
1996,1,116.68931016173552,138.47096025380472,154.16923442671998,119.86579602211296,264.2732980437005,147.23892636029436,53.97342529053874,222.6450678848646,117.98676263094778,38.652444747704266,44.639387558965296,17.154277674184264
1996,2,90.70810120053248,57.522703726971564,104.9239181232349,102.08604358781656,143.56049310200473,120.38118419022601,73.19891253592344,122.21091990555529,89.19698336748567,15.584489398166046,191.2329726780877,0
1996,3,80.6100660419562,68.22388145847961,80.04733286443977,78.73037220286925,88.09498783448936,85.29154495673865,45.95862188962769,97.39474985481357,95.13492827732881,13.661890381764627,138.05753312121985,45.47445757172527
1996,4,62.70352938103242,29.41227211331113,73.17057781402715,66.80397883571922,81.7325519926776,82.987568666658,57.9251922446852,91.4901706969868,62.57074826302089,7.129797293628009,66.90241760416619,15.821317814936746
1996,5,74.73056782869264,57.68786294574313,64.9581334336436,71.74183431582101,36.25978709891962,67.76307084481677,70.91632662784335,102.96334972656368,113.07787512096344,20.43823115974983,83.59729987733446,15.117762700048338
1996,6,70.12630216901233,71.41474328293693,60.11684865817489,59.39506380850436,61.34671052820325,85.07724779663869,69.59037303127768,52.10775038293706,80.88014137925043,43.855980419884375,84.41484618114566,16.219708539931535
1996,7,64.63349734336958,92.13380975751814,34.5504216024896,35.78221166734333,25.029259298803943,54.79550023786486,31.04262729152969,55.37550910545328,52.14217672972336,7.192323720780808,51.91471847982898,0
1996,8,70.60641789823046,42.34075808668137,80.60094248328156,87.77949906372828,67.00859534526892,100.22703620194962,64.54104513957775,154.9109619078222,112.94267419306723,34.82353145833868,60.32611108122451,15.454973990164314
1996,9,68.01254031829703,68.95224722696497,47.78797621153371,49.70689232532851,36.522498560315064,74.00479690277777,67.94573684912052,89.54225764762374,77.60716379356452,7.136587948092451,51.51241359747064,31.67277312131364
1996,10,67.23144302293868,45.356486609691075,73.85207135630368,80.83419150697895,67.87829338470166,96.8396743047474,65.66530872150622,100.22860171802215,75.91343534285475,39.79076702868654,67.01628866229274,14.716228838267861
1996,11,62.45230494369013,31.4627741239445,74.33302907616441,76.6710530207652,81.92902175258399,141.6526909491298,56.062211719829264,149.5471909376543,71.09024649814211,6.900489923389315,89.65483342734913,15.312475188359398
1996,12,62.99679184151652,60.654919130632784,47.96579488532408,46.328147608312975,46.9227500578406,42.44581037415228,49.10296491903726,75.57707762792664,73.79615313822265,21.4894294027455,118.91940900724327,15.895313627234877
1997,1,68.9113208001396,53.13118400884018,85.09770306067371,83.41758656448164,86.27217376565903,89.18956792866446,55.22548045102154,160.8836962571245,53.170334516658,20.39249931510381,44.15836531321155,0
1997,2,64.54440055378686,19.423842951669506,58.86348706532163,58.75018676279845,79.11356642815076,72.70123016529777,58.1457068604768,136.73726767903645,64.17435989462602,28.62775848261101,98.15269557022562,0
1997,3,61.015669538615434,60.959100637169264,35.76176930647119,39.15313178674494,23.512046809630167,52.665457197807626,55.08169837638722,54.58760986484139,42.60812875316358,25.52396110631277,50.66429979525895,28.31936757304169
1997,4,56.85521211793286,65.53338005045384,37.66068127096898,40.703504554419936,17.653327658517867,39.30832881206507,41.26290378854518,47.290959993752104,46.826471996904324,13.26732523973162,67.0351665300677,73.60187131810956
1997,5,74.99195665331446,75.03735613587692,70.05714063473431,72.31134210472078,62.15179238677371,68.35481672897758,52.48270987861528,93.94655680218733,67.7836535664601,6.459902304237036,139.88414143374652,28.669585739868797
1997,6,75.94349581073953,54.07790850846296,62.08396320504836,58.27914328057775,58.6689574311063,46.21174601447952,51.97455840936773,68.10547344849799,119.77147339791935,81.88615452991192,68.95702922069094,45.42719877248844
1997,7,57.11361919836941,24.046708559288636,46.855546038974424,51.082786072874526,41.09279799030207,76.17533591397796,48.329341990804764,57.242765203170286,67.35105079839772,6.922099944321835,89.93560230732382,30.72085745375909
1997,8,66.4231831647832,75.88222823841478,64.44286060005696,62.37465079663592,55.87231762735624,50.717594813235166,43.94370301765525,79.72912758800165,82.55296402921991,6.657067800324817,134.5433659108074,103.40617935246893
1997,9,47.764989950814794,16.5745098674803,42.51751992896951,46.78543716111133,27.177212360597554,42.144362234305504,26.12264109166633,81.3950997146334,60.788668967927784,6.638119441468621,114.99463553130873,14.730264136800434
1997,10,72.45949887492397,80.4511045213234,46.86519612236076,48.352877132563535,21.138937533496982,37.27996972761283,30.073177559366044,76.21523660414981,73.00981836189551,42.52089765320287,100.84479725108145,283.06694054918813
1997,11,78.51168233381031,53.721401188091434,51.92206762875946,57.018960006555425,26.311684677278,29.921589476088883,66.8979777927528,32.98724583303036,68.66148178538866,38.56026952505091,180.91504908559864,313.7451082486126
1997,12,61.672327349932054,59.10262711802081,47.74205256815342,51.669136815039096,13.42736353086868,40.25613391262847,42.4660044223606,46.761199984272324,81.3412024618818,59.034162553064526,66.2842291318601,858.7729986376792
1998,1,107.57837430255799,120.80201184079752,88.90591978133645,94.38953112223929,129.60512258168143,139.40152229322615,68.19408962930545,202.4253239854536,117.12906867561395,63.95244057300593,69.24200878610823,1490.0879196989008
1998,2,84.99236179453438,137.38720517691348,61.08514742381239,62.96170017691253,64.08444089117563,63.43231690780251,54.9602343364843,129.15717761558773,50.83012966162319,33.30388485037038,43.27017765250224,1492.8347559958854
1998,3,69.38604828361856,54.35452969337791,88.93704807215636,90.44539371566296,58.56791282018997,50.45704590977981,35.56287353495912,83.28551618352607,60.269954571712326,29.80290954018843,38.721524415523724,383.57662195893136
1998,4,67.67870712002554,56.65689445643315,69.71082747358948,73.23370426391453,43.43853313766018,50.9760331692639,53.14675646346523,86.67706328193007,44.860464741158076,11.470268209085615,74.51391111860987,381.79505942061314
1998,5,64.06512807949326,60.91892759615546,46.113808667801095,44.028194942346204,41.99622673036952,25.53904594797529,65.10746075612673,30.971251258900136,65.61644463828885,18.10184157410681,108.88367999100096,415.07700150659923
1998,6,65.60018173857084,58.822420920745685,70.42506569989719,77.02026493916671,21.127380059479343,66.89059535314063,36.02954819315607,93.81034432695036,41.841867877114694,19.351608407158576,55.87252974650395,458.04828643265375
1998,7,66.03146586123113,83.19637324772575,59.46769808959586,67.22145393407614,19.447883180748285,30.828488579088095,44.22056070325062,39.73366726255974,48.33342307826846,63.33608697591836,45.71645065792182,758.9452725841992
1998,8,115.51473016392565,146.0987998653949,60.527742508479996,63.69055970462107,42.883160068763225,41.64643721781676,105.56613327838535,65.16737591825049,67.8214940595646,44.436621420723114,41.23887201985284,802.9404168457443
1998,9,149.5518043561746,239.2139406075939,104.24908101453816,107.5966508005425,102.74480936397312,94.5610351023214,110.33539652169361,200.72375383752288,79.4074839538585,30.604563722828587,66.27179357672799,923.6141402835796
1998,10,112.14643936641808,157.48403034181757,98.10410958527345,103.7112399422003,86.51602901412149,78.56362855050415,59.45100322981664,114.00339627325341,79.54157798910076,22.845201840313806,74.20425173961769,342.1875814756751
1998,11,95.78270800366144,148.74907973482217,57.80821205674881,60.82892288444306,31.027580484236996,56.455193170500756,48.48740358600751,77.79923160310126,62.460886882568175,24.251468620263434,74.39577129501741,174.8988189054059
1998,12,82.45076375112136,87.63404597901487,55.111333100501724,57.59503403054299,21.77680327891601,63.56671419393811,53.22313922690133,117.77253788805085,63.27433079732838,43.80396233109728,67.75290060239011,166.63340730714938
1999,1,87.77779816361385,109.77787194875297,114.78343322853098,119.28403858355594,98.57290751034762,128.65665997855413,62.655890894825305,235.14894714142537,76.9394127060174,54.172669786553264,69.51507401379774,400.7047186519907
1999,2,62.55172892419256,37.158917403311,50.27196516409925,51.69566246357332,36.285664213586784,77.61249571829629,50.434870899287496,115.03656539089647,51.309317801322145,18.337008418737533,75.00279156511759,67.81764521021687
1999,3,54.811700683698874,49.21654488206715,45.070013223650136,48.59393209164313,20.371913731011468,36.27140145958615,37.89950699003736,52.02692461221613,50.629897152491964,16.586346286912484,119.72146020153535,49.07439303655278
1999,4,47.56157167557845,34.72728771097377,46.1579854815936,50.25724439876259,35.61391821554673,27.316761967899275,47.732407909391895,38.40822141820578,44.96906296370817,22.4485453766025,52.66145359889012,199.25703705695705
1999,5,48.318102493096646,30.15064844919146,29.1092852774086,29.937733417495682,20.467330923066278,15.281830479069018,55.000138923125654,30.0951975874786,44.50865609095806,27.77338797107651,24.05644140154987,98.60849161154142
1999,6,50.56334961113422,58.499432536946486,43.962545015374495,47.627841850882454,29.0926683714561,56.39338289836884,37.58571328416977,57.4124557198111,36.1517044247086,29.608231606925646,59.84002654844766,39.42114112641698
1999,7,70.32283475057898,89.19775325649779,77.87356972994846,84.79380535329102,137.9450179979526,153.86845725120037,57.779312694306306,198.90150435742478,28.193413567258435,5.911141003863327,51.20045754728462,78.70241182419684
1999,8,52.94883409520122,77.38758338035704,44.77192532610268,50.05158171498612,47.07297482466761,48.66480236296306,35.75923431327917,67.21255454757782,47.16138966648579,22.995443771446357,49.794838332879166,63.78481203959148
1999,9,57.72179647091894,64.48694181676726,30.34825299404095,30.310794772654145,24.553860885104978,59.22974942419325,46.40459082517118,48.862607916601604,46.857103215847026,45.69415320085744,37.10517060481472,88.72257920026945
1999,10,53.87392132556401,64.17809849652328,36.5554410607751,34.270023391647314,32.12859325208994,43.179576829967935,40.511728002660796,40.27996750779599,38.92615854967659,15.695019537982262,45.31511942353499,69.65580702945991
1999,11,53.393450434432935,56.33389621092453,33.664192970304164,36.947746978176816,16.16486386121765,47.747135952843294,44.39317252151355,62.728299501052604,86.08757754677245,45.1236428276069,126.21097933506742,125.16405879822405
1999,12,71.8890286822007,115.68964999253008,48.47824819000266,52.00566206150396,19.315424339613692,61.08041722372156,43.68451306251722,85.4680870596186,69.88850528384667,33.302492014549344,128.20257187010236,36.94980996601867
2000,1,56.997937174728456,47.469651552902704,57.20706806489756,60.5817467776475,38.52387130152226,84.33868433201746,67.45322472560515,96.27992271454355,73.91890601734545,16.605135018407402,71.91424718351676,122.82495918967705
2000,2,50.00945873711664,53.641941199183634,62.62095242887393,67.48270821012649,59.50008937962832,57.821425031282246,25.828318638237498,61.334415305081976,62.10722503369536,23.25293380877697,50.35241290759234,38.69942307972113
2000,3,62.83560171851486,49.18063888457009,45.940766610348334,51.492371967655316,11.461960261507569,37.7031448634429,51.693588063994945,31.93329887988594,81.57404231477602,40.72174223274363,88.17975383586639,45.181622934635364
2000,4,58.36208567181267,86.93387080975837,46.787095264757816,47.88025509375492,20.072720691737203,29.974393438778097,36.6513590767841,57.476505033034805,104.9691292699516,76.26616739652685,82.57421586475193,72.53048959065679
2000,5,73.31537659917275,95.24134440203088,48.27167286710202,54.558910370919996,20.311027311180126,38.680283868222,40.4379007146434,72.96746540981032,68.74385210169791,46.999252296739584,245.00958401488393,23.1762894987731
2000,6,66.55483195397755,88.45760827449179,36.065202914227946,39.26004889720312,22.54060282959997,40.77996930038889,42.632995024892345,75.35839845905154,110.28877542423065,22.022452027865047,35.76592550203761,73.30311050535242
2000,7,52.77493362892088,43.26377387605583,36.768926801916315,39.5606924491066,12.639235043707895,54.642335794497875,25.651400606791068,78.42943326411563,58.897556716925834,39.29129069202358,60.7730162096869,37.36672036663883
2000,8,46.96610859802845,55.601949592855256,25.866951570424156,26.001242515441362,22.46701071711935,69.68027665391381,32.50892100615532,44.70973998205886,57.830969868584816,26.131609059293783,22.634383774776637,0
2000,9,65.62060302829447,82.06733715298608,45.0186595558567,48.02977323007734,35.170595302862445,75.83642542347073,52.34454612854595,57.39187631409073,90.84267072092285,29.453239954990774,99.21129841203721,141.60893268572812
2000,10,66.71499726338524,70.28354685349954,60.73535063322109,67.60016103665889,49.08535763429189,89.31161578953544,56.008025198681466,112.13745601659684,88.74832682458074,23.97850540963054,65.76986998489774,85.13488710866864
2000,11,137.9984526120041,227.22342454252615,94.58327214960548,102.8157306765874,56.85788891979367,176.34181421696059,93.18476118321833,166.89356923231946,115.44337605341114,49.5989924036711,143.20366143031308,99.05601110684962
2000,12,122.61004487076926,210.67382244964304,120.57774456783858,132.13131131627483,93.66245033890823,153.59202568393331,99.47478486397206,181.46234744736503,113.37862628746169,63.109924267411756,98.69861031624568,81.69207454216671
2001,1,119.46414492449182,166.23864511840875,114.54153277333667,128.29091627359657,69.41865191933354,183.90069425472547,69.95359178312422,163.18297585849783,123.32823517604776,42.38930917491449,91.79073986944574,117.57955815435822
2001,2,123.19180775799849,171.6383251313895,161.34437733966294,182.90527055877013,160.15696299771778,164.4230459598494,83.45438873639641,263.3826395973661,95.3625036643711,38.03220654939461,43.13873890538478,120.56436274022933
2001,3,123.04348363627065,133.97302274521945,153.580493328626,171.7512285886229,148.6039962312335,148.50823987110383,31.94648278457609,190.44659293345893,73.86448956126712,48.395990158905875,31.43932158745316,10.7392722364899
2001,4,106.71442668797272,155.78921578109924,94.33056789222596,103.75738001048366,46.7583776011424,74.61107029106996,39.081729012257085,90.62258950532389,94.7344824075754,79.44960366055341,82.43675067024138,308.52847725258624
2001,5,93.42091518994125,114.26965663310807,102.97088429510892,115.30438511239781,46.45520067419925,90.94311135886024,38.61513072462007,112.90293362278899,81.06355380426099,33.79906394462103,24.396411475431332,10.714504824765056
2001,6,69.22882532351797,61.842786807157836,61.817666611311566,68.27668055878381,22.26269390754749,67.95062083623014,36.81517971837227,67.93149052804485,76.07739444213182,25.893966096498307,48.595180532391595,22.983916665795252
2001,7,89.80051550004691,89.45618767721984,96.65039829590133,109.23538979412014,68.76267470595779,108.85344600719066,46.63922281568424,154.15758700815937,107.14281426697376,183.7007722393544,49.25015105087355,46.587392211727085
2001,8,78.81920847315446,90.24769949011294,80.43925712437044,89.20491981110311,54.055891259703515,81.75600901065015,31.038430626289955,107.37295101395242,75.56849549065026,44.011070492424096,60.00530132508653,32.55413419483563
2001,9,234.08638594629937,407.9408833241052,198.51368420899541,190.584693058005,192.78605363153932,128.26581213401212,537.9830646004415,247.28175811661868,209.91464139366042,452.23703844134633,148.07043337796316,51.72849825315403
2001,10,232.74855858843884,337.9183301308995,274.39349786550434,287.18863056635814,299.9644073700264,205.7989810331549,474.05885083047065,315.28987545540605,124.5316107296001,84.36834645040629,99.35938784269852,19.707040271168687
2001,11,153.50151670616458,197.33819163550638,178.86596040174575,189.64847064391245,147.9025816251242,126.6084738031989,267.56053622162176,141.72770329138802,121.16067191950305,69.02994248323199,106.29614334602026,20.42404318656821
2001,12,125.33410667834855,96.78871963480586,122.15132861414156,128.8782546620514,79.05515799050448,96.86340782089617,193.07069172111733,150.9117525192295,120.97714120414747,81.05209852726313,130.77364108038395,31.739645294811243
2002,1,138.21445932999416,137.56052508035205,172.9288646760444,184.2452046494147,152.85575394612442,203.99558574401348,194.75024958839876,234.8681500062212,110.51323740778693,54.30617860270841,91.46339246894546,100.4230643597728
2002,2,86.5854369270349,60.00462246825715,86.5981890735601,91.66290374251166,85.34041701798006,107.06113141481407,108.22226509577176,149.60209261973938,108.13259087845648,154.57841298580382,33.810857177473835,31.183268273567663
2002,3,94.04332915815509,103.1453972321474,82.61024291562457,86.26842171438416,66.00561717349716,96.44257938237071,74.76884594908711,101.75426389415695,80.38077571023307,94.58286474636935,86.8898587606275,28.620453417445827
2002,4,73.65613194689156,57.964062896522485,72.4555880965893,81.04187315423552,53.7238167450759,56.49814595297095,77.54487699091476,74.83792728064662,57.83891702988274,58.82370405683911,22.86274290184945,0
2002,5,86.96267501986902,103.29683697149457,76.24549085362236,82.87907963946645,65.22520361969616,60.964896112931164,64.82744757081186,67.21113585458122,60.78857013544552,78.5661078453054,66.16118958749824,0
2002,6,85.0662428610639,68.21598958875886,81.15568335060112,87.36114417730015,69.63524259095146,78.9890711454509,79.16824271977838,80.8356134660621,97.34795584893877,113.3908441432745,57.97449108424607,10.48412568532406
2002,7,125.50016883921485,114.26022054508677,116.47010177654523,127.94599680001373,104.31544516495184,135.05571160076755,133.00500881794613,167.04167691953992,168.09045430322314,476.2499995905176,123.75386344188995,84.54549034227509
2002,8,110.17499862229323,131.14199275631046,78.15587857426726,85.69764785886201,45.79415740596405,96.5791900935594,105.07327626028462,151.82452160183746,105.84448592039568,210.28489426793374,71.04837939887315,49.64159131273274
2002,9,138.38245978667504,178.29577627398078,102.00751291008038,102.045771844355,92.3440814750785,139.95618879603646,341.922306410692,161.1077539690392,114.47190039678523,56.93578904239776,34.77410438111175,48.59342021757185
2002,10,110.56529969405398,120.57671910200607,97.30410351150216,102.47810897506483,84.33211536481998,151.28971609542415,239.9491152575088,131.29632353672275,94.77731875658364,109.05026790223529,52.47552045835774,26.88745517549752
2002,11,138.05143675961378,206.8669626698974,134.74182173029544,139.98663304527352,119.76126776865537,123.81113469899903,302.3734688020332,220.45247000505196,131.54634257340035,162.9757942852525,21.114354854680517,9.273079247335334
2002,12,149.9036974366397,165.02271503489632,169.62828796775347,183.0727466540767,138.10106503019873,169.65658303473404,330.8824632411435,304.8042547811004,186.37499918976425,455.5958889290419,53.754726373393446,38.88408829047955
2003,1,180.10418990772408,171.75527105721636,257.4577434558926,276.98693577807387,270.1722221960406,293.1870897586615,393.35719299190436,308.56285327469425,156.3944378601795,151.6549874832622,29.585318590120668,27.286114685354754
2003,2,189.2582883151372,283.7969519541221,253.4872903016343,265.97887883902723,276.05869936643967,203.19310086434047,523.5464800065381,245.16816466870804,160.6966234899362,296.7713833089405,66.1536300049848,9.684530702093083
2003,3,207.77527064432132,300.74964854125585,238.30227525609473,256.46843577716777,194.1384534737063,202.36906065088237,593.4599848645659,200.86415669704863,147.89967980134955,121.99059995139908,79.53238049194812,17.464660230136616
2003,4,133.6861843177628,155.59133796729333,167.8674880521314,182.70013199416434,111.28641608206814,117.66446183822787,336.1705584255214,135.0581999818726,101.35949077869084,119.43630890688206,29.72758655921441,18.278217594145946
2003,5,115.42182462742612,121.92483906579868,158.83671884631016,178.96105798167392,128.45398364907294,135.33534257733155,210.05292979620424,123.09107712099632,118.1914627442267,283.7764972944054,49.04426985361315,35.47672637905774
2003,6,88.49870741682648,67.79086705312503,112.38230309393178,119.16165266218141,88.4304347958093,95.9465958977936,111.84796437669863,84.15586126967611,88.94332668510113,81.2651119147568,27.785250921772818,47.45544094806157
2003,7,81.3458531705148,51.746649556235106,89.34477809564636,84.9941379591073,93.25875245473067,80.34367160297711,97.45804863536378,56.53515609935262,60.35782671817193,67.49257206318163,21.313526492932617,18.721104345305918
2003,8,87.33799095402082,84.19547343173775,102.39002907526705,107.06663149664799,119.07266134035001,105.63835681699828,96.88245909301139,145.87118958678374,81.85265513430156,57.755205535525555,50.62130026488396,146.46995653598108
2003,9,93.7296911525787,53.8378164971781,99.11623746603529,101.79195554840094,103.18375920526655,111.83463698143149,111.46124494683517,53.32150321215538,104.69595770128073,32.51994468326564,76.28768498119294,54.122336053431454
2003,10,64.01155898516527,33.86371584489239,82.70830963455498,89.60396377531798,69.9367113113212,67.5863743206986,94.75320609428918,32.82720932452756,55.9694391138508,7.427070131694508,61.65050552274912,82.40489325859204
2003,11,58.84477455821418,30.292232631084158,73.58589807405905,77.45921299515543,44.703137595409075,95.8529731168361,76.49111510403434,96.86757420909989,67.8943137543627,56.61642364214354,125.51745620884753,0
2003,12,69.54688484078055,60.476482172260454,82.2954280590446,89.6464201167556,77.71460313779417,93.44195215811129,90.62361593010664,69.42593055350068,72.42843780043873,57.77141330456557,86.37821621192109,36.627765052870565
2004,1,91.41056811619576,94.51192913553523,131.21891278300885,144.69559112569246,102.51409800077921,185.87389880094796,145.2369664358462,186.74288138574497,113.91434705111787,38.522138889146085,50.050010705257975,25.644670269420136
2004,2,81.16808168770913,53.071842748070026,111.19533877092097,114.17697409823883,96.73930529072669,135.35925224894686,102.39780395111099,68.5412275765082,62.178672619776066,48.88733592134862,147.03015210581802,27.1207597805229
2004,3,63.4661978783671,38.915768923689086,73.43260280954222,79.05921453841565,55.225390511081194,102.45438487069521,84.9131569690994,101.1677427545605,56.4043250791341,0,61.352914549992875,8.200711951550977
2004,4,58.45098920566661,57.156985768151,64.59898262748798,71.0976157080071,27.714422703831897,97.09715065816934,65.88141216198417,40.75133345084788,39.46140189598734,41.36815683223838,27.145307329787446,16.690484881626787
2004,5,75.19951024681369,92.67783957726706,62.95430409044558,66.1301587732015,37.55771725464639,68.93911117929726,100.76725925676722,32.03164587627551,62.14824157740824,78.63077443934871,81.08038270769369,41.54404066168885
2004,6,76.65543128233202,114.73608299109554,62.7018406190686,65.14772869983958,40.821240994186645,72.58685324347464,88.09391780475896,50.04074505692402,80.65448990543922,91.73058968783579,43.1816154263494,0
2004,7,59.93571508786305,73.3490920294071,52.98298576890841,58.02479521164564,19.758717680257018,65.53624564805362,75.0490719876903,33.25832736498687,76.72802132950284,44.23951423428599,26.126513042198276,17.84896886975737
2004,8,66.50676626195181,95.12458581094265,61.22607301867874,64.26022542261906,27.1051135797581,90.65845607288016,115.68276203463509,64.41028186654981,56.466697862789296,19.472085552634404,39.35426241906095,0
2004,9,71.65419460297088,71.32165236865772,63.29700610891815,64.86664275900694,44.31106645997609,139.03584130481062,120.03756344843029,114.78842680939415,84.04305303168655,64.55894408547918,32.89349496032668,25.28099855664345
2004,10,98.43444356210091,107.70223015002409,131.91713085465005,145.92203761912089,89.70369394323265,238.14894717632342,172.22324062334414,153.94866490912557,84.93966031337278,35.05665419015217,63.260373273663284,15.55843580479974
2004,11,72.93830695301922,78.57551175347272,79.8456704179384,85.96023437704349,54.79064234487925,138.0185515943607,122.03058721518583,149.42309757869893,55.37901832046169,33.928190891036245,40.81602708243197,25.09602395253982
2004,12,38.384506276970114,28.592294059833076,37.244509863707755,38.37381528959627,24.646939201161832,42.20191944384922,32.956613864374724,47.20854154911988,46.658723877049134,26.33790371855652,32.59009966688517,8.34927253988588
2005,1,63.28755908684476,77.83283293286578,66.5608973962439,69.76113057502756,46.42591906183452,99.86236563689027,71.04617948673615,113.69731533081146,57.92331344900457,80.47512343647604,18.4823967002117,32.468665125945755
2005,2,60.01146221041316,31.340544536425046,66.45221560024096,70.91593032147084,41.36820069760546,105.39038966364656,87.95495502600471,170.82112765275232,61.9623097836355,43.30419812206112,18.23341731226838,8.007818607297867
2005,3,54.56060965279669,42.25327753097176,64.21262933864617,70.19377045624886,34.52586384815893,79.62372997758935,60.93732737533949,98.03969847676326,75.4931462028369,51.89569623551354,25.752851420752464,14.39483952971683
2005,4,62.471203146772986,68.83730803378565,59.05549097388221,65.01561541714437,28.612568448262124,49.059737452851,46.30599739680951,89.43668775360354,68.29183328947553,37.50039336279121,31.989523222747614,45.389966322281815
2005,5,69.62570491130835,60.592869982490214,50.46590156453004,53.17974901755828,25.548193795287006,70.43236203131976,55.01082922666276,76.12079544754215,61.510199290742825,41.60151028410425,102.59660382579072,46.15774394977585
2005,6,56.45053983936643,61.4135147374454,42.217671270752334,41.563662475790515,24.919988461288973,42.43266082883072,37.72484722325175,28.587872920166205,51.23145234712555,53.70693015482412,62.025687778154534,31.780778643023808
2005,7,50.4979448038277,56.60819118943854,30.469700000227984,32.275702708623065,14.282577468278685,31.08538838133199,42.42040955196231,33.508721456024446,35.02914009193702,36.72173038457235,132.53006740360505,146.67669468897137
2005,8,52.90343899914039,42.41258188467616,42.78195206366762,41.14999176368273,54.037475231853605,32.02916087126506,67.9137718706241,39.14292582246531,38.94648467263267,24.637802886868432,25.405351802618714,7.81033043801125
2005,9,82.2047208135485,126.8743664666778,50.15339636377179,48.45323727759228,31.80663120435063,52.18263686303651,58.31485866897983,88.61404484377817,39.309377020846355,40.53323232019027,21.942887584095082,14.990822417385427
2005,10,59.568828172976914,80.45718733124258,49.16952588858998,52.20793832059241,27.5234149363852,75.64640226091723,52.03660462601673,63.58903951217632,47.548687947146874,42.63163248659684,30.771824027922616,21.831085861720183
2005,11,48.35186938946531,32.466095980037096,51.75755179550183,55.932277583593915,44.8945422784712,49.92881748737899,63.27342580141616,65.38130653432812,31.063628025760696,13.291676238985506,14.39104363611126,44.24217661661434
2005,12,56.894089217681,78.73817649110998,38.59700295869898,41.1335697974381,27.313424376531607,54.302037833913076,45.16742813434992,42.92587076055782,52.8692377423331,27.369803708700733,29.633586644883177,15.183684233028263
2006,1,60.8172722182363,62.222410814143004,54.015841016434265,52.74494782721625,32.55397471882407,99.56219162216465,63.927371787193046,89.75141028739402,43.61324084473537,53.009403518125126,21.522698457213004,51.46315964454338
2006,2,58.184594673843925,60.37162199694527,45.97355056656021,49.2428114438442,24.595062340852273,79.91271531783607,52.29276510874839,69.50133132731668,45.18928383043208,68.65624220034377,17.34480215893843,0
2006,3,49.84178581504509,46.38076046654976,42.48382820109985,43.40878963969777,32.02690105914142,43.297598241373834,53.08928204354597,42.03998440093806,36.16251347178083,33.0959163260108,47.77774876657805,26.70589812947098
2006,4,67.66570897095215,57.94457797737796,60.01895536746298,65.72444409081095,18.973890270587198,55.46455823196491,53.962306598193564,53.7731267405608,100.00200771429557,31.961601839961453,23.070117893773688,7.092412866161357
2006,5,64.20311039642996,95.86812370732414,44.25902623239449,49.913901614467626,25.646156925050935,44.62013176584851,49.651101272071685,38.3394613340083,44.30558909536836,21.38979532307235,41.90670034829922,27.12277068563833
2006,6,65.83484641162129,91.21692511895127,35.98867888916638,37.2473850195469,19.8465667324155,49.24248367376528,45.53733286556073,22.117206228124452,86.93401369414136,29.085517394092655,23.326821235994167,21.51399240644479
2006,7,69.18348682686046,120.16363501225362,37.95607105552282,41.56639263001091,13.77428957790699,64.79237875566501,55.521736800947,25.903465440630917,56.48438050113852,50.46620210324944,48.56916487906032,7.465773939107789
2006,8,69.116588641845,134.59693721005104,35.10652122686423,38.71209365747429,10.126814185607477,79.82813965290865,42.38938264142966,67.00718024587738,46.60005555407925,52.56200585312871,35.707896592305666,13.722033540364903
2006,9,37.60639001573675,35.063340463333255,23.052064764235144,24.4412169049431,5.777242895453364,31.85390453946728,41.79726784448387,29.50848747515189,44.27069316652142,21.950595563082537,15.844100368139449,13.916939383437786
2006,10,41.300124576032395,36.09655980452553,39.11098545697677,43.3250792756271,26.132339994720148,52.775511299396335,58.79155134333725,42.32868145988637,48.70962432971715,23.750348226024816,23.571865623700354,13.175753532122886
2006,11,51.44379650766834,48.19654218698915,44.04417659048966,47.150200049051705,23.654222406600375,74.00588197410148,55.97235229491546,41.62183357531352,85.28033516791807,30.408516235990508,41.70326976408417,6.747776687567789
2006,12,37.54770899815462,17.616228674882336,38.44352870525278,41.68489939538434,17.586061233613222,51.175456836332195,43.622349178120636,36.29273518861249,46.741433394078705,15.909076546103806,18.37326043106117,14.121161980468326
2007,1,55.2165008421643,44.72173252930129,52.47217445735756,57.51671865436044,40.30464700503652,100.0022295483864,61.90819169656394,72.55643618907408,65.87992575834511,21.203617220647157,50.287613799814416,20.165019308108768
2007,2,38.35768586340555,27.484564576369806,35.01183356299258,37.5244053891114,15.547915423469412,38.17500499780234,36.156294460893044,33.39008645666927,49.508670580140326,28.48220365947408,20.558662847648186,0
2007,3,55.67711834089188,59.732663817455084,39.43218960810918,44.21992312737339,11.552322939212132,51.35480630838942,44.05801374490736,32.18505148841811,44.142778134965745,42.325367193338145,22.403890300003496,6.261450439815156
2007,4,40.691897166687085,31.232594761195553,35.61989783935643,34.18456358887707,23.07182677916514,33.894986457505965,33.509571152526775,14.378123143618602,45.834224664111815,17.795893024471717,27.83127901420889,6.581638246396612
2007,5,52.4370198013895,36.276646296704534,52.972520765075465,58.46869195047089,28.4055535562273,49.74261223339835,38.465504436132896,35.53159843341637,57.26899037798339,33.982754129913445,14.30858356329337,0
2007,6,50.52905550438358,42.459964735377845,44.28305237828415,47.101971069178234,24.78196531409778,33.50307217735641,40.193126223326736,44.25843304279497,51.52249370898066,52.77037852251674,22.40590885035037,20.66464813140185
2007,7,37.26598941007321,25.43432020815925,28.49591827148515,29.14005057981205,15.776425273776411,33.27224392416596,35.61151629515631,45.7116430096332,35.876074365259875,33.91028434584375,22.25153743110583,20.52227358718944
2007,8,74.68660422258934,148.93293546856887,43.123299643165765,46.74200628503096,28.848982766930575,49.301798483645044,39.43107861870362,72.99268219790692,58.16299665569296,80.53090984811445,49.82382816529703,12.764389326344947
2007,9,75.64817454226018,154.1409047843251,38.86300472834927,42.54203942291826,18.92930630182331,90.90312558508266,43.167642735428394,44.23145647408318,105.85038297032553,295.31013338894786,30.1434160400047,13.238495215609186
2007,10,69.6090215347938,122.13596325685135,42.17807397584444,44.299742483198976,22.567692240004206,50.251050921356615,43.06101545905359,29.018832524304774,55.547721935487296,87.63031799775965,46.92905475542248,6.2727526969267355
2007,11,63.24736052831228,94.69215130903407,37.92471475837361,41.53359376371819,15.32169301588521,49.9563362494614,45.31433085133495,15.597029776901149,51.625913183759934,37.423716213227294,31.16851382812986,31.94030325457179
2007,12,89.23051494461417,125.26931116373171,75.98911539062706,80.49314884691286,41.24381961630998,97.55178255302994,48.82766606731282,60.93514865131791,94.93121342603709,39.68518834307144,35.255457356730645,13.548167618313494
2008,1,158.6615571605376,238.28663733108766,189.87037726984173,214.2035552338688,107.72307603289589,239.40681659593312,140.03406117418018,248.7618197925578,126.70262924019488,28.140855097098136,87.34278232615918,56.20115893418994
2008,2,100.35564167412336,102.75051901663572,114.52696990713191,123.29146481834282,59.28687373045616,124.47907747639516,93.61905359685377,109.83263876612462,102.53350544497845,161.23180867929383,81.89583957484594,6.625557662721471
2008,3,102.12518839972275,161.23567795565722,94.10751656917515,102.8188773501953,39.35909314565202,80.79042244596519,76.40648508143816,67.54136138639343,106.32428549998261,172.7658226717397,72.40856166193299,74.2015301230764
2008,4,85.41378821909953,88.15247822632972,75.38602717324112,80.8426998077635,44.6659258615305,96.44428833293878,55.397072386271006,72.45893866836987,91.68641296712785,113.24088541850787,93.69977208202519,12.257865940378878
2008,5,76.14960086776449,48.319723088065395,87.25166954616898,96.22871136269171,64.84207069106165,82.63770407464013,43.676709141292896,51.39225963473215,98.46166484077725,87.38140323785939,41.391351580651616,0
2008,6,84.79144605767986,51.213192443622845,75.84423623830938,81.69916343384162,27.504219771861106,60.65985501387786,70.87758308749659,55.34202728525659,129.30614297783393,44.78661352202606,43.10307346044523,0
2008,7,88.70942407173615,94.88114732633973,83.42812302722093,85.53847370083993,53.967210363785135,97.02986872454692,81.48368061004444,92.33693980311719,166.1966288115373,315.2136220986024,28.957535994515037,50.870704396668415
2008,8,77.44875372824399,66.7889949827039,81.62045162046817,86.95456822453315,63.54293345269317,107.11891751887997,77.38935950923842,76.55444389745165,89.63137267648533,92.28441668404619,40.370646482149155,6.205544632316806
2008,9,160.534187242215,202.17209292061722,110.28690531018036,115.81408438121602,80.86626057448493,115.84688864915752,152.94936478923125,88.5088915931498,286.38973131465576,877.5459464752107,30.550759500004766,25.045801759260623
2008,10,217.31199175716299,181.9019391971883,243.72805158623345,262.0555428707181,170.97437950033958,274.95389837463273,193.7261333069258,183.0375798535778,328.5254153519462,729.5290862245987,63.263959590133325,160.1694482876173
2008,11,195.21143705343877,142.7077397772439,186.99146369390618,196.67388472390758,130.45376355580197,241.91069004546023,187.55246237456223,131.19960199578466,226.80444667529136,471.52621663381274,86.6348179981887,38.04859482588406
2008,12,145.6088840976481,113.55094716338263,142.45293474538505,154.99658564520712,83.36800310060991,153.7728270343229,95.21492760313093,121.14555746166731,174.95865074985912,319.36053487508457,35.952156642662295,45.511197303427274
2009,1,187.90081926970214,71.87853069662651,214.7670310902373,227.00257281204597,185.62820384630155,267.449166018458,124.97984799319802,226.56737991709036,176.29700140411637,241.81478168546866,45.713820281257135,19.16418195274308
2009,2,214.1350275444341,145.24662625226426,280.11236963641704,300.06890999899895,285.16621214316166,429.5794699417244,87.44795661406046,424.30468905039186,238.90017220386116,655.1950292020556,44.19855724340865,13.587898315141393
2009,3,162.0978566260664,93.09614136219305,185.80475449548612,196.13208575584272,140.0889351527034,224.7510414605493,83.26821384643283,166.8049381990409,214.53021202712716,389.024997829612,59.43964631641906,18.903562977864432
2009,4,113.05081818122835,71.0436356717149,119.39165757541952,126.29780790101535,79.55924593537698,131.2365493496622,61.3082517239865,101.86304502778313,171.19374100009972,268.62705674896,14.439136333031449,19.02429741294203
2009,5,107.72079040488505,88.83601038763258,101.9246828330582,105.36301830717304,88.4757023633312,110.98070185084647,56.69502296027189,73.9486348595439,120.93776135435002,198.81630624579995,18.718312628337785,6.393937431641972
2009,6,90.88646844952973,44.0260669570884,107.17189979395211,108.64124539925734,84.93373682848043,143.92240376290272,36.82917726562682,73.83488031942133,117.8420437579289,155.97993885991147,42.78323491733735,117.68283844552987
2009,7,104.99887216637286,46.60460583559683,121.02513551596009,125.08923832516624,100.87653423704882,230.32886550274324,55.26440748490122,112.93504674060998,129.19837502916803,129.99934209382428,19.639773964288775,40.252181398811715
2009,8,81.88142302975851,46.04740415972305,70.9182028817334,74.41968463762204,54.11112599495536,148.95905944644207,33.555757614183015,94.66005820489606,93.82413888281093,135.24180135574974,26.62323300883634,47.74432769123038
2009,9,77.22976888573251,71.1810665304195,74.99486528271231,74.99872142341789,58.12329957312945,148.67333623728473,47.19138513501703,71.78469661412133,113.9239877009533,96.59677260386145,10.564281322431555,12.991046706906213
2009,10,71.23211822519951,30.44925687135483,82.66067951623083,85.50405303904927,71.48950679283294,139.66678645644834,23.7371169794186,84.68709333695266,108.0717750737839,107.24408228268119,13.894024074629032,24.40811233782203
2009,11,101.94996894410274,108.7670687523208,99.655519058252,103.78427414956663,73.37784110826018,171.61589140710964,64.52554477214845,103.89189697152601,107.62491278227131,143.96977621298697,25.44941316698333,91.27855519205208
2009,12,110.5395416007122,71.07693764980095,127.93647675936081,133.76483785832514,85.72867898675219,210.33473914705942,68.8868121756762,148.0148695569059,216.0605593708121,256.5825932115922,23.416495511303086,6.544453849524315
2010,1,134.17948190634812,107.86946301536709,166.64637101751458,176.38541190997344,181.05865925639176,351.853585961027,95.2242342454067,201.13500005228585,197.5788375948738,195.9297605553991,88.89479261127391,24.84436099444083
2010,2,129.52490779426012,80.1170362229333,154.914662195972,156.65481496285355,127.50563409956992,304.86675011648055,52.46327928061887,166.67367144497013,181.90972902610594,250.92041436955412,25.56934442601718,137.56306291431787
2010,3,95.82079395609203,44.525996655135934,108.55587912946721,109.97682533540954,86.1414284472374,231.65417048281853,40.2330003564848,151.89373789176912,136.1746478304879,143.8198701569551,49.98270516837515,65.01046757665225
2010,4,75.01658031175894,42.10283667879479,89.35697001955033,91.1515555823902,75.01117631793291,153.9634492545522,39.7257173359655,89.23724672930956,115.83445259073252,243.3979698376935,17.375581406492888,53.41749777434108
2010,5,99.73916158025179,54.59911353185587,110.20681390977094,107.01494524965484,108.40240501455258,129.52601263096778,60.804934318561656,92.57645863554758,170.58137195864666,159.66408694853132,57.623352667808476,496.02178335460076
2010,6,113.45925341469562,102.00501051903868,143.61942808828513,150.6285000497513,125.31644861104434,226.56915392039542,72.29031080095665,138.84192325037822,210.22631045939286,353.0705176055189,47.27035697182556,442.28609015785236
2010,7,156.10821063376056,159.49403801422793,185.6708357023124,192.7396404718101,188.50291364987484,282.5406377208405,97.22393369852732,290.63009624246627,281.43057072540586,551.3171045450039,53.77631310657356,363.712225833221
2010,8,137.78702419864436,133.63676757253856,191.33367776478315,204.1431752852389,178.75346549890293,295.1638274281686,86.21651781875953,202.317165382423,219.81233699299403,291.0739676103332,72.22164056051466,60.55362041989681
2010,9,180.50025629990793,108.20142959774685,258.33487424658136,286.13120603409004,224.19628394239714,345.2139395725513,111.07697154522572,208.2054255860387,250.95678812904308,385.35269557523964,60.649333845522875,186.45336693584633
2010,10,199.72955145472946,109.07293682531937,332.49300703426644,364.78569523272415,379.53679623899154,568.7115454206457,159.17473054034423,402.6366460474752,384.39003280705424,332.2305982601119,119.90323745596395,166.4720955256245
2010,11,151.64076192615002,114.81083435043315,228.17881866369186,232.48113132238817,221.2516320992335,387.3712738000682,101.79656010746956,259.3240361461295,205.09343160358424,133.65078842868556,69.20682254082712,212.7615302508619
2010,12,137.50471466405924,77.0028504384169,206.72155435716718,223.64099052924476,166.7119706917337,193.9704392241493,58.91694016350102,303.81578775705026,182.1028820454222,160.54449625059297,77.95711044828802,207.27560076629482
2011,1,119.63097898078247,44.67372723461548,166.60752215663945,171.79345352389515,151.51356395046056,266.7065357751199,63.84764676580843,192.31742901245457,180.46219194596497,188.61048665352507,86.6348179981887,114.1457844776522
2011,2,99.31581681360916,41.62163015528885,118.06218492894034,116.64685129510254,105.65154100480021,205.3416296124111,69.26119702445705,138.76394020959927,151.91758080760226,112.07055795448856,31.931584788140572,26.17781539809726
2011,3,120.93153324372516,70.49472000899426,134.38874362172515,131.9064357724142,151.07956723125344,213.03448977492138,76.14258381616166,121.21651469191276,202.99528199836809,179.94448367126108,64.00142456453953,121.52740195844403
2011,4,99.55070086852182,62.227224747457925,138.7366949119592,126.66838958830768,186.3950109263772,185.15276509731612,67.54269844537718,150.9414093774915,133.94997901447894,230.38045750769692,27.715049774084882,73.03197886019079
2011,5,80.95620872391686,55.08151472861108,109.39238677950165,98.92414626734978,128.56764307873607,145.10404788190917,67.19454020596802,111.83741731078386,93.6603368890302,87.76398381245598,27.715049774084882,103.46197005193694
2011,6,108.1815294570873,91.96403892240836,138.4162359461284,135.2278194146484,163.97496838004048,182.93522283106563,54.134602568517664,144.6106637253303,157.21908976065504,149.83257862002316,118.54931331280598,217.39387267582705
2011,7,171.19932477233908,160.64557212177104,285.8952805131418,249.66742886807015,563.7198744395253,343.9058464918737,68.37895098950392,420.24814693464197,213.61422151561717,260.2498906458009,74.26638734493912,429.7714388835446
2011,8,215.12430490831778,231.1489687908491,322.0823056006395,261.13387544215027,635.2717770425461,398.3092802060436,107.60644887573594,399.86235528087894,215.9924210063316,224.13029306417224,66.37082430826723,1039.3433285098681
2011,9,189.7194376947046,122.69902522038763,276.262044283698,272.99259202355404,375.82900520777065,364.7379113232998,102.432904487711,303.8583777078684,292.3345189029593,160.2588858361762,178.58756361223612,411.77186644601284
2011,10,117.90216358552925,75.55926705113976,130.4084037563105,133.00828398789702,118.54668891136825,157.65353268969596,62.814757909511805,122.49597070396634,228.74673235144695,473.0741562338732,113.82279494272609,609.3500076455531
2011,11,114.78724950333292,78.17902266057708,149.96756988131963,144.54345744769108,171.40337543430482,194.13332876148183,80.17232917752081,223.28379470090064,137.93635819434786,165.74860948340083,43.31740899909435,615.1189496851257
2011,12,155.855056064393,88.39772089770635,210.20942241944638,218.4854179279876,173.55481073914703,295.59743247502337,124.27316817827553,368.733511015314,191.4230549208937,140.2877798696427,52.83169315677552,683.5162695303575
2012,1,134.62053994083482,76.10838963145328,180.03235187023563,187.98364330587444,178.3054030399617,255.62833886470474,78.97996650007619,241.45805706027625,170.8091404364546,109.2585060107101,102.96079606687651,713.8781577021814
2012,2,100.17060446874696,71.55014347776125,120.16151173888821,124.68667796701405,103.48143184575919,159.7940721830266,56.45476709277093,130.4656767907753,107.42973258246431,95.98353648041527,25.40326008384958,170.39317928608207
2012,3,77.73001803645117,30.020061955726998,87.92420879305826,83.26950473843769,84.01738211970681,143.53217726656388,50.99288652223615,79.68492301593479,99.96063867266021,110.61239084355655,27.31396899535742,83.97093851908244
2012,4,82.54038784634567,62.48596278129446,94.9306837431294,95.45339269003686,84.60975525126774,176.2377312581433,36.92247057038109,96.90909564731172,87.03209207426728,88.78811143392342,46.40848510557908,536.721983448085
2012,5,102.47687377953388,61.22184380182376,139.34846091023576,135.96707665203456,171.68479935975927,197.68771828627263,66.08255557982187,171.534734248522,114.76346886247428,159.06209092971952,18.78744767036304,218.19680480020682
2012,6,147.02948444247156,131.7220106639241,191.34752384166808,195.71613756653363,216.68756424845327,320.97686962500956,49.73834647992078,267.6088808160693,164.5728962903586,164.30950020526595,34.21148036222307,722.2075556699593
2012,7,149.46873139485646,123.276343608724,218.7703526180113,235.12978962388573,225.23332930384626,336.7158281870504,68.81858178689602,278.99297467418154,174.4174291706111,365.6903818685348,50.93926149053786,484.04202742266966
2012,8,129.10113015619015,107.42556663357695,188.9816261019073,200.23578717258292,196.99221985908687,277.9425277047918,102.95257789430929,222.63659529597052,195.71681376701144,151.308075956861,43.68611020290536,288.7526854998815
2012,9,140.9128979614342,136.66848748904397,201.7725489510624,207.45640232488094,223.21808396651235,287.9534883365633,95.24183106846864,202.1598984102851,200.75655484515687,321.0899998609522,59.66230542445861,543.2023039760227
2012,10,158.68645961101444,89.7789054659786,266.04430561527823,273.7685824643578,318.5532117473301,409.4858154827304,129.02427219821965,321.33510722235826,227.63202045498278,265.14564921612583,82.02174351585131,266.1670478334428
2012,11,191.86612225772996,126.06981088005773,372.0898433541043,375.0997644688569,455.69090957781856,441.4509391505526,142.67635397147063,452.7822477036156,173.4417549472082,242.84494974149877,11.236362837973918,414.52544661201733
2012,12,193.69687312617626,104.01222595943538,374.3071494192567,409.29306573226336,426.221275868185,381.16670720025695,92.4014840331794,483.6738709743234,180.2066016504322,206.51899087665436,34.212079441899384,247.9188627860862
2013,1,181.2832499466869,97.48262089011577,320.7264732349224,324.18262198579055,519.8716046629783,342.8458400299454,128.48445387677415,473.4056415727469,123.04076774637394,141.94635460701778,20.04611411527406,191.72993070882268
2013,2,130.54162126830775,77.29902954089897,203.9597972920336,189.0941180499464,345.2546054327763,243.73999451486816,105.80119074147734,289.1277207338471,151.49496947309368,200.15956417005413,35.52704185446253,138.34567435397156
2013,3,127.907071246532,74.67810941789031,187.64659106665047,164.80749728978182,261.0723943536526,211.2827748859631,67.23209663412587,273.40872820518445,110.91410548240167,76.09516939521434,28.561545810500082,243.15603457241363
2013,4,77.20171117402774,34.016665274439994,90.06354124319907,89.08074610918639,72.65252179227613,117.73898349688191,38.55953582956961,112.14701479922078,75.64076008937394,47.9610987543543,32.31076029638058,28.380714715853614
2013,5,71.64556253279949,35.08108827374346,76.21527347214678,82.18816967000318,53.42949359385611,122.96646762449696,31.16085321727744,91.26282084997129,104.9256148395364,37.286633003655034,22.428136934527306,27.58019836585247
2013,6,77.76306848705917,55.33706098550452,79.96822391146297,79.10666045285504,57.10859119909932,129.012863099457,36.72621661332485,124.73118275844506,85.421317342552,89.54883209565911,57.17888615333739,38.213960860161045
2013,7,86.72034179318558,51.459549300698114,78.1358209653304,76.87543992697768,71.34920256375634,174.81584295561942,91.14583362543192,108.33543044020311,160.25539193345134,153.35994718701133,52.83233987341328,15.468732933595122
2013,8,88.39750147375265,76.7128539368527,85.88088713449625,80.9403423658613,91.50201169333279,163.4567709360417,59.24620755479257,133.08679605783672,135.4415669369557,72.3077029047186,33.21323640145709,109.40032574909135
2013,9,110.42686351760848,93.53116019249383,119.31758389139219,96.73449076278072,184.60248032813237,264.6289800062736,109.3701613190395,135.7464522307141,111.92569121594478,100.57190046796536,84.69245526503012,74.39108177628573
2013,10,177.43455819496083,159.4561083975777,268.6196512527782,168.87176835881746,582.4078001206148,538.1047089231905,109.68185087041698,357.254071521441,117.15364967238474,111.08845143157912,15.591422089657602,95.86496535441134
2013,11,78.7087509365874,67.16274174659195,76.77225803994911,70.9213111299271,81.6622587342898,137.3674791776754,43.77438265483444,85.79940559631866,91.58707930945813,87.89878642388659,26.84253283818684,0
2013,12,92.19047652244912,95.22825315679025,100.14658203700955,90.91901843995477,114.40191063072201,217.82739552549398,47.146121082052936,203.74288518662183,115.3928196671842,155.63204262193346,17.871691450547395,23.54686357865879
2014,1,94.84290588148444,76.31707390280305,110.18859233503218,111.70159495623157,89.69125538961099,253.26181150210863,52.714428536870216,219.11295626844188,170.92372609019293,134.06002973671167,42.482418865161705,36.27863439963974
2014,2,84.19193937859644,44.055515309508664,82.55332492968424,71.900736667329,82.36343802480599,232.69071752221035,71.7702665715658,178.0343790943132,160.13944829367605,86.71348412138654,185.26766344704305,46.181001830759975
2014,3,68.82542600706442,45.16197703077868,63.419564363868005,60.56936146321076,46.267961876412926,104.67706683226855,66.1163515301676,113.02422566412551,86.24160874828246,58.96223449976144,167.8730782922803,116.30191966741705
2014,4,55.37443614930311,25.73011665698256,57.50331656394901,61.68741982836594,39.08402713440052,91.26114794502088,25.90857216756779,80.72808594057962,80.38736008860845,42.79419045025628,28.513070358116867,21.91432960949999
2014,5,61.99283869172461,30.263870965489176,62.75958386294617,63.702030986915496,51.09504715376587,80.94935739575644,33.33140153115472,75.79783884958995,97.09440753211976,71.31500388190062,18.71843317022573,7.193225933119327
2014,6,57.39754543191636,18.68332576554847,60.58691585821985,63.779502711867735,28.04043631376203,72.09999147772962,30.31862840124989,52.08088977803968,94.48127757605982,70.2457907908293,15.211177617445864,38.96958551179718
2014,7,70.09205723834641,42.366430029041425,68.22263991775891,71.94193291483053,39.23092883606514,106.92449862556319,51.752608000070765,73.52795928157117,92.40323712006577,76.65822026430381,30.181343928875318,23.196516916908323
2014,8,48.06057922571171,34.959716777078064,43.3496701450321,46.800605187082475,20.55630291036062,77.67767090039897,26.37416619788715,43.446478293711884,87.86281963553576,86.5679572761456,22.49473841975157,46.103498596117845
2014,9,53.55860270263499,45.63621949611687,50.09061989352636,51.16091118408074,31.923305977995433,99.0084893919288,40.88406890719812,81.20526849415732,70.49900885898747,74.58351720502114,12.23521091643739,7.522906274125148
2014,10,63.70123757161534,41.26954379968663,67.91616275596463,73.463618121426,31.513920246749848,119.01527423708905,56.6337309642266,89.59035206825115,113.28558202081582,47.12677933274351,15.874345147508267,6.971752704050338
2014,11,55.980921093589345,32.1126884967344,68.39020385156435,70.69728450610931,60.553426073036924,108.99958114137226,29.157092023052513,86.33640061768158,98.9264779910838,76.56188643417165,22.607562030003525,15.444911084877383
2014,12,63.20245802058438,37.34541893242698,67.70636951941822,69.85562928013333,47.42608214729426,90.63093562759127,35.20309781734556,55.054255604281444,105.81247799403145,84.2470506025391,17.736289985488977,46.73693050660286
2015,1,75.96394724552034,51.936287012836495,86.93115904878756,95.42720655690476,49.994217419077,129.5660811420238,64.12898101160177,99.21678392764596,118.07966907927307,70.25647555412984,33.80775848783844,51.96735066098952
2015,2,67.14075159199777,36.31179571259207,55.68403862194012,61.37084675216936,27.679964143065973,60.244198757512386,42.00929106256697,59.86718391704201,126.27034158091908,56.93404751761804,15.410779413270783,31.584757012375956
2015,3,60.38094377856891,33.92811262574285,66.83519509659587,70.52949939839698,60.678920780634506,73.64056216085395,46.21776515739027,77.17634347337948,75.60693218179347,41.88548254659362,27.90761311919028,21.448992508596792
2015,4,63.69088602344493,35.80220842179848,42.88079298264786,46.72659848270967,20.318719706516536,75.89199812017056,65.43965468641088,41.0867747353937,81.2442756489644,28.81690303696913,41.6005026109245,28.420404776916065
2015,5,61.543999896236066,31.08436625533754,64.94575255132725,71.2265944211366,25.899370985804783,73.27946304007429,30.431166049948157,76.90339815277345,87.65792597773442,43.28317618994049,88.91986018145089,96.0471747426765
2015,6,62.068196055696795,33.0426179066883,65.41865900337633,70.66614290685771,55.70974475842548,108.36697063651619,27.27402939427018,95.98432645822102,87.44480841055376,53.712947593558425,100.80303556081515,31.78433942908738
2015,7,64.79266555997971,52.275351996919895,61.789196489760364,62.701505104612075,69.36635215342912,89.828786242148,63.39189933188391,85.43964374731247,111.60292666051383,228.28394830079222,51.49281967826278,23.74554424576234
2015,8,72.44541577592021,74.79461287622023,53.2973213613608,54.43613056324721,32.49014740236353,52.673407594487436,45.790931962042684,42.17331634695407,104.60418922027523,46.893484803977586,20.829575502112576,168.09466196325786
2015,9,76.19562794485958,104.99440168614763,41.32708985317046,40.54782447219921,28.362752480258084,52.31941872175341,42.76420092832943,34.8614626380561,73.08088466787194,54.33483402100865,19.6096402314235,144.68551776132446
2015,10,61.45278426383111,63.585852674148676,52.54172967193921,49.41883976274629,47.32931464130515,73.93838047647702,38.80745343395633,68.1279853647641,79.39793461986447,38.53444563570454,68.60896335299901,74.10827096030484
2015,11,50.41662901905097,35.15372560149704,41.14262305757487,44.98614533505558,20.932980149954506,58.91121172006003,39.30389005040042,42.11984808984558,70.99149810527206,110.78049927444485,20.503121626281946,6.30324492871184
2015,12,63.775173077309226,60.35844993918739,50.99778965647427,51.27638598335518,36.00275624030698,59.43230502138032,57.976289110605336,58.24135208772501,76.84911835200371,53.89739954609617,20.47554582135494,31.473836695097127
2016,1,71.48565437406852,55.45720481406289,68.6117128634826,73.24915963553553,47.37566373386392,104.52563699824752,59.47439331344885,77.26229065135662,106.61372803241179,47.98003127692131,42.781122645061046,31.314615365391422
2016,2,72.25809300933157,65.95661833432227,68.26779053283875,75.68244512038633,55.59457761254536,110.20897519710331,36.6082023089421,48.701846486333096,96.14787502986351,117.59264021519766,26.272141839100378,161.5361288218994
2016,3,59.48715775751749,50.41493833284612,61.90756344864751,66.7591822055639,41.33266974930104,75.84642836481642,32.68015594287394,43.18268210109097,81.85757542060752,100.95634349475439,49.187943138521874,56.006585113293646
2016,4,48.453439483224514,37.04986348718591,41.965261842768285,45.23494262907198,28.05114572039994,61.82960859491118,27.24164345438064,25.804632044020213,79.90909896863475,62.05204898082265,42.92338836801066,80.3227173804916
2016,5,54.393993182034876,39.74792311463502,53.487728797707085,56.197208514946674,38.272768509229024,66.49455310876824,34.94167539709303,49.61203901625105,63.412348293151396,44.144484918434856,76.84801711465681,46.09809635998424
2016,6,114.13967987818528,170.21874361285165,67.8363796672107,70.00692080300874,52.74742450359946,84.69730282515795,88.38683844273991,46.11904534924509,151.13941359631724,112.38993306813485,271.0724617762237,249.39795299083636
2016,7,89.19174330242072,116.08236685229927,67.38028847091626,68.25879505780935,45.57734639727101,70.67789627422897,79.21282914031312,58.47744316709912,96.13253068240468,79.09870225380439,116.30263661925956,286.0380064375989
2016,8,68.53096879279371,65.26916128771535,68.25003033338258,72.4919376526111,25.969968559111017,105.64172549831822,48.66411949281639,47.973159161950406,66.29650313627718,27.579331968844777,155.27431498838783,36.719813332648506
2016,9,46.39456821255538,39.37248550286007,41.25854533297444,41.210672275465235,26.39747300249014,55.148813136797166,36.49096699423679,27.57899965941444,72.26811286902061,51.044019770907504,93.0794442353595,5.961516347952322
2016,10,65.24505285456166,54.639368853939345,74.63824799236112,79.44983016334773,44.07741415870579,123.60304625490339,46.808763171300214,64.47039025055932,77.02360916336208,69.97930412557893,83.53837133955707,59.725768081922574
2016,11,123.15158709686857,111.16061079404392,141.4441788969979,153.83203622756946,116.6380858316191,270.29084621884977,138.72062041754265,122.44738884121283,189.57616114691118,280.7633142086798,540.4187012881939,109.94567897315667
2016,12,120.26900688945894,86.7404401258283,160.90492648570907,161.06550247061696,118.48165193649746,185.22612985963193,134.7614148727743,154.58002032764648,213.30395601165128,95.994490295084,275.1201726115303,87.71238044454097
2017,1,132.82057571041153,86.0506771573363,167.87198138123924,178.4627024461846,116.62568395780154,350.6417850914206,112.85137579231758,190.7150752197079,199.53263571188046,93.57782041884266,474.8027069808032,61.07443816021953
2017,2,116.90974226378047,99.2918754406169,121.35797932901855,126.47684848234114,79.66002951792974,201.3761446324694,94.47168566993199,154.70635530333692,180.9976128916271,144.8639164019964,250.13309315641874,50.42495334523053
2017,3,108.11698657740129,50.935573163108785,106.69638390364929,112.08708782635856,83.06756988535909,202.34673081196507,114.61514238447191,139.58017019993883,152.41529856222917,43.11521880913733,151.9431208361034,16.883730053576464
2017,4,92.24573508362433,36.36981845795532,110.42403439721666,116.31136659425113,75.27172070016454,167.1627059051724,68.8068425918589,112.62141237584679,108.08561425889451,38.1325862717187,153.35011477760236,42.308900356083
2017,5,90.45716001334054,42.427305774433485,106.825159522534,110.50652011212888,80.00322750776688,164.82223377024619,88.87355079348463,102.62603943306863,89.58094986638089,44.98656572669787,87.2675111575058,12.478383403703585
2017,6,88.80756396822703,47.22938022014487,88.48338914912598,91.84732029737819,59.37218625023613,197.85231454910868,46.21869430065813,129.33837911303914,84.7664829429196,104.90694856293273,86.85827933221465,61.6216494733044
2017,7,93.58327439218493,38.02158186792361,110.0679233287306,120.50589193872212,69.01534801102567,218.89652102785047,62.32756984297716,168.94366996155398,143.62921209657875,268.40614850175973,92.14345483723397,36.31734436891676
2017,8,67.29953185164061,23.324618410601573,83.11813810154253,86.39206540761988,62.057027001483,127.68824598326484,49.69192939330759,106.58899164795795,97.14184075031017,64.75101374483116,91.35106687410507,52.24916451370144
2017,9,82.58502272250944,35.04265407750282,83.79073258283972,92.85034520042959,56.72210455664237,120.30314953794458,48.59212341513659,131.96249194312426,111.72257771072894,59.98878235809195,76.29107825292681,19.016801739263784
2017,10,68.75513070207263,47.6315503918878,83.03103645280339,91.80831069962187,36.45498643697482,113.60946228492381,44.88579222994595,72.12549680872178,74.84416072098522,38.71410820450676,96.8729713755187,17.181644431118904
2017,11,86.42735764823172,21.467146465889684,138.3632370781924,155.22094114564115,137.6306909532626,231.56159139562666,79.32387713738888,80.44772723077772,75.95538012744565,44.82230447270808,49.481161423335884,5.8507390970728865
2017,12,83.12895214359449,26.801664784107903,134.87395505391183,151.06242569105018,78.42207705602695,193.9770782764361,64.48193783691092,101.96004277296981,86.62256495241473,28.377538556595777,182.2997218191179,12.594188525128857
2018,1,108.74666640967412,31.985083987862538,132.60298097373476,144.78795132755852,56.43950849201092,184.19686828532528,111.17535858239054,164.17897742958826,128.40705418811902,10.81217814905395,247.78681839219828,23.9926746473954
2018,2,79.5937890902498,43.190992159822834,100.5902548366942,112.85786854607232,68.58381132723412,96.22557177512111,32.657468903776774,65.68242977785467,81.61051440305474,32.9053434960992,69.09474188013061,13.276060143882972
2018,3,70.94969988439179,27.382045863887946,80.34331510143124,90.85382534365696,34.97724090250255,65.4324480724402,95.71285526040477,42.53658106159371,84.85849620863362,62.37965737154063,524.6518636577001,24.07357628389621
2018,4,84.52730021588818,30.688175770540337,96.29180314722505,107.11891884259525,34.14169972052579,103.4957578346666,132.41584927659923,91.8952089839831,110.55883972310691,101.76672013041185,463.180653392348,43.910338895770714
2018,5,84.42240067530325,29.949786982217667,91.73855095755735,100.69752924955802,22.1470359760197,117.34181460069777,102.66142436899399,111.83519870683583,105.26700619607169,67.61853834228607,283.0838211175792,42.013540574323514
2018,6,100.20100237329288,29.21049918454364,111.63136307647338,118.00008759375373,46.51276050246919,99.33481667375203,155.60475254019323,48.59462896069696,92.4017129212922,56.80443889371473,688.3996379957546,92.87999449679036
2018,7,93.81899574899714,62.88610321710545,107.25566107717533,113.47987442212812,56.8636168617703,75.99233897644048,164.7023815316191,54.09579980942763,86.60279536773356,57.58902146201319,904.7191410423941,67.65482253854576
2018,8,80.2983128783568,41.6766629214894,82.92614260829349,89.850025404822,57.039513863397616,90.4181696975224,78.2108237079209,102.41090097753258,102.77536759830552,37.15221422856418,469.2929476685781,96.18269992865844
2018,9,58.84760967820028,20.14998196639397,66.61700362943226,74.56446321736102,32.7550846638926,80.59331179770777,64.99937520227346,62.96695681499667,85.47581337393066,60.804045200190686,323.3911902516983,28.40562409539433
2018,10,84.64519170814434,34.80853866696187,107.66168639090647,119.6402226279145,70.59059311299487,177.32299899916214,103.29391472521569,162.1641016574553,158.70154616127527,51.42343118573981,443.2303028107881,20.137189478548954
2018,11,75.27641741847694,42.64734421821597,88.85192868751037,97.18354360404045,54.49824629585936,164.90097965269587,78.71953492049363,118.50414364510229,108.39598797685183,45.45345086757097,403.07749319330475,14.409014978070601
2018,12,120.73332914367555,151.20985886852682,113.9270859540405,123.4984188536549,55.049756127572444,145.9264816098086,140.92795365792347,112.07804315654964,117.73899167624066,62.05881120888898,681.8718892071191,7.650616255796761
2019,1,139.6309716245262,144.4401631912337,143.38145483203007,150.22164841309194,95.85633286966858,211.18088554327824,176.2794720524513,189.7033150457046,120.75784773688272,80.73520773355725,715.6202325086874,64.49572659768091
2019,2,84.20104417053021,68.14417163406954,97.21367891846538,103.80769974011561,44.259851731165455,146.86376606563306,73.04368701078691,124.30344640083987,109.11101549827862,59.283977920167665,307.09272136420043,85.12293169232308
2019,3,93.6775922732271,55.81151055631474,106.74665591622866,110.0416789117566,81.58233296512694,150.97063109932387,72.85159925888304,110.23582238910068,110.24797143387032,71.73626743104882,287.6653462663542,70.74923196847249
2019,4,73.1772636377572,34.84830528211031,72.18990924042227,79.85126948395208,26.11624941451215,105.38475813372564,44.40670166145094,69.2398338472013,91.86317677900081,61.73202494527999,335.67498973660054,27.397188048859427
2019,5,89.2990167090574,52.624133144215016,101.47316859720807,111.61376794675361,22.142436227274665,159.39063717124964,145.44813233143236,59.40457234156595,55.79444770938025,20.03096134930029,786.542093038192,8.889907878004504
2019,6,133.5200327430318,146.16013491265022,129.33943104755602,139.4521785007739,64.03001895402197,175.56136485062623,182.4207677900016,86.60924127227662,142.7003270192408,54.39837617623497,1374.2800979276155,60.35613374800112
2019,7,90.09310867785415,100.78423049750997,62.91160192109304,64.84426386537683,42.12802639459615,95.81579641728572,93.46843122529194,97.80808484364053,123.02240056171263,182.93160368173037,600.7882290999281,40.59328647157066
2019,8,146.15251584546272,276.77617092126246,157.164011996363,174.37010011579358,64.79422274489163,152.32277097630677,318.14253720657126,86.54985729429998,101.74779829600799,39.02348792661085,1946.6829997926486,317.51407846926315
2019,9,110.31243803139037,128.29300461390065,98.39380886935776,101.24430989936384,46.419353000851,116.2812263831402,176.03674784836883,99.48110897448358,178.03934879965342,78.49434948384082,919.1153470327997,19.35358201200115
2019,10,92.5319504091372,91.94444098765804,82.58660534939595,91.73197525612157,30.693256473926784,125.20953976445203,169.24569074536683,43.911647614345135,85.81648214067499,125.62413615999785,842.4131920259667,44.962129369247755
2019,11,74.59380106129167,65.23653796262712,71.27745933620302,76.77138568898052,42.826940353332795,103.62276938908305,104.53732830412291,72.35173300636892,78.97845318750946,106.83180904592845,597.6178517029816,29.63303047147707
2019,12,114.44086874075086,91.52631523198718,108.75182397427534,120.39655900912341,61.36425995199814,156.6159297831451,142.70107546701217,73.46036945832861,111.69970459349473,65.5743075107685,851.9762628830999,20.78744652088424
2020,1,100.51835631425217,86.03760438520453,94.7209134773266,104.17385903715507,36.87208418885208,120.07471365045876,117.75663672964453,65.48815620432889,101.37390757762047,31.521428128413383,646.8181515433533,129.9022489541031
2020,2,106.00782738327725,97.58691540369185,110.06906508242851,114.52262278415289,50.79585623632048,154.5682654105632,111.14105109874646,112.1467244956876,152.74078231801377,168.5485678882661,462.9823234217247,31.168025658035752
2020,3,351.366104881641,304.0692764054448,290.5010867619199,311.86501901012787,118.65940874490602,771.6163387984166,289.28012124835726,775.9985179635557,199.22753971176422,190.26963724432844,194.82834730038613,88.37084668686924
2020,4,503.0122503143734,204.48613474432162,433.29345949097024,471.8996060130128,198.98100791367293,1030.6806212925453,232.08197940141366,1118.7850818772797,354.55790131271516,438.17109032052855,239.9328319488637,111.76091265215625
2020,5,439.9175958164686,181.88707538947023,403.95233242061977,428.2208628227389,243.59100028656803,810.8871711676821,198.1871768690848,868.6725455406659,281.5071360698177,204.67266099999844,161.47694159781125,84.49807971082862
2020,6,279.735416219876,165.41869748855248,255.96759107032852,277.1755510397567,158.65952238591566,487.61107817633115,150.59543364501513,494.6518042249645,242.42217028044792,210.90115075707556,57.086247228716886,11.699961430339899
2020,7,331.094649434059,116.50112764198053,269.0430060061033,289.7334165864896,145.39263398841908,495.91082822555813,116.48649587636606,796.829665402854,248.2573088733571,295.506367391715,89.80996065840009,11.504227449407463
2020,8,276.84761266858965,91.36755689504221,272.4278806890233,297.35083310867344,95.23973902648149,444.73116303696844,103.5221458925354,714.0335119985807,171.5390977449698,151.59900057565685,150.93140279198812,81.20108874161936
2020,9,225.14869148637268,124.02864247901921,208.26495684607752,222.7503660781174,97.97471709737187,430.20106808621387,137.84594730604255,557.660081507477,129.60193486237586,102.92745049883494,96.58192221480674,137.0401855052964
2020,10,255.8570273780304,108.1021296023301,282.09603233627473,308.82149976319084,119.90778539469957,439.0342330875676,95.4261350063357,505.2748160681928,243.0597952722984,136.67664747843696,331.1962544546038,75.82279651796668
2020,11,252.11912341294476,146.89753629605283,230.0667539622678,223.95681193608658,147.80523392317187,426.7177554284009,169.0580553885287,311.12943744855323,210.1985662894054,101.62014162029044,204.60834443409775,71.21031669561488
2020,12,224.82702331471566,80.543581756182,218.2705450378303,217.2527022145181,156.12566086483554,502.8816076647633,71.13137238025611,633.2214467446914,144.516120743916,41.506593545658745,123.58402111558088,34.53932388555566
2021,1,207.16441602091035,71.01076059051908,212.32444804822683,220.01352127118287,120.94350642222146,366.16910267027777,121.20585103016519,290.3198519038493,193.22897323399928,73.85207785923569,72.34517325202984,11.70577454213248
2021,2,149.3296179512226,46.02775303599001,146.58373285274178,160.51460867541368,92.50245405150464,242.0278906619104,64.4451301963543,233.85166269607066,175.6138096855409,139.469227234259,52.348352128865294,74.2771289090835
2021,3,168.16593870813526,62.32493230972862,194.50980991409168,214.00602082275196,100.88280753904608,255.89729899484578,41.921736109120054,269.47176173234374,177.37932585532323,121.93456063303019,47.6738477493963,11.274078332516579
2021,4,117.53562468699027,29.809130604054896,132.2138043941476,142.3010926498254,45.4001523618588,174.33152827181547,59.65934817152942,135.52063286046408,124.92121213217183,147.85506329846214,72.41908745550211,58.58867096411972
2021,5,126.39064223184793,49.033461539689796,153.8077471905847,168.53262100295444,61.64010193355281,203.69092073947695,54.60668160103028,260.6628469541217,113.86881065463861,64.52480749420464,42.69327133435175,23.863873549995272
2021,6,108.87091252391896,64.35310940331831,116.2891150649941,130.6060658571052,32.35938968045952,146.95715007078678,37.98381986066319,194.79712937085924,140.02066225701998,112.91260744574048,40.75057280467272,12.52788946264156
2021,7,125.7488438069448,76.98576387922527,143.09751243384463,158.71658235150517,56.65113339505106,209.86457283398343,59.28336707230302,236.7471444649527,146.29365522641203,115.31014322503415,20.807926116076317,12.793901061391978
2021,8,118.45074669706806,52.73314103175526,104.8609696127177,117.17092042345708,31.638876528270682,207.93440007361815,70.77255482326176,169.9971613459492,125.31886942434937,77.2789492174101,31.87457746650644,48.99577548060987
2021,9,110.99096304383238,79.6231235756659,129.59174106376187,137.93782364782172,96.83050230057157,219.33104536918813,82.31187338889356,245.52294476745251,70.97848128845531,31.88919665341739,7.672618433579734,11.793909755041655
2021,10,103.23313470509028,65.49623407320315,112.59629902149739,117.15475986385412,76.0019994716628,172.42209892850371,35.348155655208615,222.03649366941005,56.07559128449689,36.09613579041767,40.94271457360206,11.44269029803574
2021,11,131.5566535675749,53.98210262275066,153.81940241623636,170.079768866756,82.12729650263925,326.4638847665103,129.83393814076214,357.71491145241123,233.9351040324901,28.253309870436894,53.02295865665602,12.539054797071584
2021,12,129.6482577700953,153.26201508801608,124.43838265936778,122.78909723168437,82.19242253293554,180.90782064271374,63.027074658292776,194.51845484378077,116.96169713065656,172.6946859816956,24.93045739806856,57.48250755268235
2022,1,134.42490337208406,156.3303814126659,103.55413497233619,109.72345847309272,55.77014288430051,251.67334457579318,80.14834167482638,274.9925716661352,121.27883792524568,125.40918799303526,37.45707675166372,28.78843687595454
2022,2,121.04126153139568,110.05818827122042,102.32148360591454,113.2038969625051,19.369623972879168,128.72976682881938,132.1278451846735,95.07985405629609,103.15484374833773,99.12763071573796,113.83121370957335,49.99280692278627
2022,3,174.58205613867568,189.90669506231285,159.5251489384406,168.94511175119743,98.87170440082228,194.98187201233074,307.08018713137034,159.71990290651198,182.74417678874264,288.1731796000915,70.31172101390274,63.04617188130281
2022,4,129.39132253697946,131.09880091023823,103.9358949905853,109.26932306295569,84.80824262763028,135.24509762280601,179.5956114722547,153.32922224635612,152.1932074235374,83.74019378737233,44.537893575411786,9.780157136618087
2022,5,129.40545311113686,149.56105068003365,109.10380063859222,106.33151608817094,70.94853434064254,146.695483533365,175.43837729013228,116.1277967767368,119.84720991316951,103.97641352646106,78.17805781444221,19.227333493403627
2022,6,130.39129959286734,138.59429473573738,127.6039190965888,134.18637513206866,53.37244029560908,136.0405637847075,114.12992703353358,157.67000073605672,124.35508630707378,166.32630546565142,97.3423324635886,109.72797737783613
2022,7,138.266430080882,161.91759508532616,117.83477461188589,124.45518357535279,55.07365143343317,201.77330348467606,121.03218195223309,183.04708447706372,144.97775702416325,89.67941510267553,71.54507408753639,136.15951331645422
2022,8,109.80401547808252,120.39347673975216,102.99734358303144,114.02591056689477,35.41519262990832,104.2056577486765,92.3526425671485,149.26634558429055,114.25237964973846,141.95318129633995,150.49230233568383,108.28126198761714
2022,9,105.26827571547845,149.0037319663473,66.99942734588186,70.53423041586134,27.760460927366246,100.8820830685823,75.1200213002911,82.02866897270697,80.75258658155825,57.53219169091552,50.42583302194797,155.02340671102095
2022,10,135.60923526301784,204.49368915131672,111.73730035965599,118.34813193159725,64.55051373614081,140.4912939670036,124.30213587066731,87.55334078461337,152.7741599100398,112.02630846123222,92.84087645140986,128.8990654566605
2022,11,139.66450871102722,195.66112328055692,119.51510987296342,123.58010561104904,71.83867018559248,110.02663495299235,80.29834583337002,107.48488840492756,122.33239137421606,173.30193312696724,81.30889157277751,67.29873916179119
2022,12,123.6359764458393,163.29474339985205,95.10268532257001,101.64100539255526,41.362041414734364,123.53104711974974,82.07906884185081,96.02970758956425,136.20500302069604,107.76329035700661,16.20506893452441,69.7466115745252
2023,1,177.61001270773826,304.29045124963767,154.59472538896432,155.5459238332808,141.66469631103118,317.7802664216828,80.66735996693795,210.9931343414879,132.85899954501022,134.92622033503895,100.53236887153098,9.658287586202578
2023,2,123.13852816610714,131.18717321082352,111.36590544371631,112.39229753618571,138.26587745936314,155.58258432187804,97.99128177756187,162.47040243473123,101.68623160271494,55.137754535189025,26.532556240330987,10.196081578210125
2023,3,137.65880845671583,212.83521610994592,106.44761358827046,114.71197688346503,56.63982541256774,129.65787013992747,59.208812476978935,126.23994026419281,250.36201266964522,778.6821913788347,85.592664827516,8.771209580388955
2023,4,130.79140793870224,161.57409073604097,135.02305930641785,136.14005783456037,96.90168437687741,159.74413898317528,92.57312728175052,211.598452570172,142.38127595765033,89.55664022249383,46.17331264399524,18.926659336401872
2023,5,181.22805713159667,263.02980135149863,227.02964052116084,168.86431793056866,500.10271297216,225.7146316208906,139.48054765752858,342.01226069289754,239.56953944686458,519.1948548351979,90.05827837925025,17.86224892590686
2023,6,113.40758957763707,117.08579797413617,114.85008871530484,113.44036220098891,94.49870036041852,165.19215313765733,59.66664940889087,100.52343680384418,147.31855761592706,138.48962544049962,45.437647365036085,27.93765998628546
2023,7,101.72100126817124,129.8521739829882,74.99601597331092,66.863541591289,53.18975757444371,74.89803567432467,71.08705257432763,88.14628225576472,139.31378967943917,134.3975718195585,6.467276665375605,9.941127401632043
2023,8,95.90129333478222,135.35332886794686,66.23793775002083,65.81920768977517,44.31638899155429,60.238239906206864,50.89218337788931,64.0196837810565,93.31187606346225,84.18991110235413,31.831325105956555,44.4811731167421
2023,9,88.73128242801197,85.75083249284367,72.80449648296164,61.21771573853827,57.69068172994428,131.88344827100812,72.05495266567614,139.22182596559125,69.66933002679232,55.570654039505186,25.78583853503708,17.61622871559983
2023,10,134.18038145868368,185.53727777505966,87.69300269246742,80.75094974903215,90.61667118466103,109.15870665766785,104.08073363671423,100.98409620762469,105.01535042150142,73.13647340877698,33.34133130960348,8.541730918036055
2023,11,114.91590408502817,132.07113577462442,75.35403044917602,82.5043468618049,37.933320039162254,87.8099171247126,90.51421040919887,111.42679768172967,152.1719823497432,92.65332510573856,17.44639499780336,44.69599914208669
2023,12,122.16604058521517,194.90526800990017,102.96642324024816,107.25698305160398,124.8695789518238,83.31481726067963,130.70583297321912,183.81404608397335,203.03884127456527,25.9572652637337,18.736143852639124,9.60004252648195
2024,1,114.71904901895432,109.58172655813512,87.73906639526544,93.72834991808958,40.985106127194214,139.47142323327543,86.30836875750126,104.67004007862253,163.13425808842007,25.026852109014524,45.1614120872313,9.255938255028449
2024,2,123.9098621563577,126.41632458302975,98.62632193209002,103.22780761137348,39.87405018523283,94.09469473117088,149.43688040746335,86.94005439536674,123.60340500180494,63.51757788026507,220.06777017427746,9.396543782778512
2024,3,107.01367759372535,79.92754169902783,87.90866770051795,85.39937811875868,60.963655970687206,126.05042618137166,92.93777072900757,127.38466648634427,84.4362173924452,70.31655394674935,44.78382596012705,9.17855108494436
2024,4,113.22306324276738,148.00266684663876,82.48473672560237,77.01139030503924,89.82947078315975,121.7190920153433,95.72720090746655,91.1166557532805,99.16260601150782,153.3748911159952,46.12796575022687,9.454035715036525
2024,5,83.60558795054443,77.48343912268646,71.58156366663069,68.12782743724973,49.26863034255571,73.76750601283705,48.98982877728358,66.26518492565604,128.25195519563232,29.04762878425229,128.79600085457486,9.208271544643958
2024,6,81.87016930064073,38.87652354653526,96.51140953091728,107.13857638718206,22.784819481657838,108.55927655023876,50.98898019130869,34.49948852702923,98.78887012164468,33.87551811879804,66.36861949850311,10.738741253899162
2024,7,107.31005721322268,77.35734422639202,94.05359928243743,98.32875124965206,35.923012277357316,159.80503932685383,95.85783779448532,89.46758409296781,151.16510837641673,69.1309156785096,161.21280124080587,23.600675020696055
2024,8,99.8855027743476,116.40404612317293,106.21779235864581,111.7821786694076,48.2712957882563,138.41199913704216,95.45095316151894,86.27339566431849,156.18430703620652,71.18741460037953,221.59175922425402,9.872990286684258
2024,9,92.05125760702406,116.13247715644323,74.89277750668558,82.31229474014411,24.125542537050297,146.77040428855398,42.005588943330444,155.11002875155367,81.29017878360796,49.86164197724825,94.88403949672158,20.11728453286565
2024,10,110.44904224671969,81.56482125028107,124.47837872741147,135.26821898061974,53.53365762873955,176.57358886886624,74.82645827469473,190.5755296183182,156.80432684888274,112.07797666132065,194.75613686819582,46.05661272260458
2024,11,217.50013582479204,215.12402782810634,236.74589687725657,254.70104507392364,212.31099991922216,327.83481248283846,202.81201569838558,235.34291677884104,269.43939600712537,92.68171862275456,1401.6795495949611,19.58710499553265
2024,12,178.71316370670024,155.29582480476998,182.71297071550933,184.80942858361036,144.5278594071937,310.5493171892695,154.64808406629516,277.6498777548335,258.82960795757896,46.145599219537175,1319.005943955016,51.19950546598851
2025,1,236.4434228134804,222.12527252967922,291.7404597181682,293.14728564522727,208.06875685241977,415.2458737434709,159.32277197241038,448.6254697165404,345.6761191773781,97.2236379103507,1725.7096538661765,9.806514133927289
2025,2,318.83707675999955,228.81199618968589,366.3034128133778,387.18067430256775,324.8181869865911,508.7607025993838,302.7493903731334,517.8938366095997,339.19674703993957,258.0870207446313,2583.898793046654,137.87363594911372
2025,3,494.2496566963948,448.7396227273867,625.9493435399902,642.2305519738964,526.6680702361323,602.5429230385259,646.9211473650247,749.0463630141941,385.2953665521815,409.31013970178225,5912.107656695927,119.77269704216025
2025,4,536.8998320229572,452.76531630601676,688.948013134432,738.800593138268,370.9248159973232,713.7544391093912,765.6153689219802,688.9370137373743,443.26267985602766,401.19509121995856,7955.64698244133,508.7249454708531
2025,5,488.92356279778824,422.14241463187597,618.662657437734,634.2017026048081,622.6522560882233,912.0760133075968,537.5332078331684,984.9491272282588,466.94637965959873,133.01874783292186,5780.037065701709,98.39138468870789
2025,6,379.3626473547386,288.2290763325006,494.28388868278535,529.5694056279274,533.5278857227945,677.3482765526146,293.7496978137339,821.0048336627078,400.5780020683158,170.50673413572974,3537.469868426475,378.36156053962725
2025,7,364.90501458228016,342.21047829629805,447.40445877010205,483.94887124307513,256.1608247097432,530.6571790224829,277.08186297035166,521.6330346231368,467.4501151374642,243.58567694974624,3371.643927258447,63.59138649306225
2025,8,291.4282525696099,288.02985697881786,322.08126638647724,344.37665797837735,185.1997688621116,459.3116292934782,270.15901339202514,395.66691250552464,269.1882576239161,159.3794040607742,2727.1536068089945,10.402045606271006
2025,9,331.64200241775205,374.76442150085103,375.56344799033764,406.96841173180314,228.68563674781197,547.4454227650997,235.96933739498633,526.1493035387915,230.60009050068584,109.88298635467343,3767.4312903571195,30.479366698218758
2025,10,340.44588188252607,244.7246773608502,391.26274672396835,413.1186045994062,244.15280473168178,765.2829597369221,292.6102862847314,726.0457578905299,325.1802345545433,126.88316823247118,2558.2798789458197,65.69711092330179
2025,11,336.5180440982732,261.6806009177123,396.7782885303275,417.4235215737328,294.1656323821899,565.061920323573,274.2184253504718,633.1704579584078,311.30019054900725,101.981893111026,3178.6687399548514,30.859374253824328
2025,12,359.15684757680236,247.62309997785465,358.4548643445605,384.9115407433242,222.853689324967,653.2696281240455,250.0717351444713,467.6726621691442,379.4257347198182,344.03359897803705,3115.9806286096605,62.74725346742424
2026,1,343.1959600350639,302.97042549943427,424.123448713138,471.48521988611986,232.61297092864424,681.9985852453768,282.72907799781467,447.1651056734402,486.4780675192868,245.44705723383882,2244.0960861502485,70.60371963313843
2026,2,346.3920306090224,258.45824462249567,422.1870351600945,469.7960809139628,183.1302926461827,542.5225237003491,228.95966994364733,342.879993582474,449.62433627996893,173.1489635351494,3051.5995866672656,74.71037347510793
2026,3,391.08672439195425,277.69959110676547,369.20609158471206,400.7660099845863,211.06115672050387,481.5096285144044,648.3485475960513,348.59502082618565,450.6779208123854,495.9466596888681,2194.9699088787365,241.34349566618593
2026,4,325.70843017368776,201.70820209004054,303.8117892818978,337.50865416141454,135.33452012267426,360.2937242382538,538.6530480805783,259.98871859164393,370.1433762320856,423.46096460082947,1712.304224278561,230.12511601332113
2026,5,350.60600823095103,212.8701053464032,441.9531920152339,486.6736093337011,133.4991293191846,400.985337602102,507.34628231488347,495.0713923224485,513.6465939439112,497.92658166915953,1631.6443824878002,312.8976622330065
2026,6,338.147806613493,175.5027013298176,327.4962919543655,368.82772748283935,119.55831163891565,329.27390414848503,411.0394184675241,457.0027065973417,435.0068211178159,784.9630110087774,1230.9886595604721,165.8919703120781
2026,7,275.42132465097916,163.05780330736044,275.73430317739263,297.1187438373387,170.0008274367143,287.4916356241519,405.4194169676502,217.80968190680332,305.13856477405847,379.3480802952633,1165.5690358344739,159.25742101566095
"Source: “Measuring Economic Policy Uncertainty” by Scott Baker, Nicholas Bloom and Steven J. Davis at www.PolicyUncertainty.com.  These data can be used freely with attribution to the authors, the paper, and the website.",,,,,,,,,,,,,
