DATE,NUMBER_ARTICLES,TPUD_ARTICLES,TPUD_index,TPUD_index_MA7,TPUD_index_MA30
2015-01-01 00:00:00,690,0,0,,
2015-01-02 00:00:00,726,1,13.7741046831955,,
2015-01-03 00:00:00,746,1,13.4048257372654,,
2015-01-04 00:00:00,765,2,26.1437908496732,,
2015-01-05 00:00:00,593,5,84.3170320404721,,
2015-01-06 00:00:00,732,1,13.6612021857923,,
2015-01-07 00:00:00,782,3,38.3631713554987,27.0948752645567,
2015-01-08 00:00:00,955,0,0,27.0948752645567,
2015-01-09 00:00:00,897,2,22.2965440356744,28.3123666006251,
2015-01-10 00:00:00,830,2,24.0963855421686,29.8397322870399,
2015-01-11 00:00:00,840,3,35.7142857142857,31.2069458391274,
2015-01-12 00:00:00,649,1,15.4083204930662,21.362844189498,
2015-01-13 00:00:00,740,3,40.5405405405405,25.2027496687477,
2015-01-14 00:00:00,821,2,24.3605359317905,23.2023731796466,
2015-01-15 00:00:00,1025,4,39.0243902439024,28.7772860716326,
2015-01-16 00:00:00,935,0,0,25.5920654951077,
2015-01-17 00:00:00,766,1,13.0548302872062,24.0147004586845,
2015-01-18 00:00:00,808,2,24.7524752475247,22.4487275348615,
2015-01-19 00:00:00,557,0,0,20.2475388929949,
2015-01-20 00:00:00,717,3,41.8410041841004,20.4333194135034,
2015-01-21 00:00:00,828,0,0,16.9532428518191,
2015-01-22 00:00:00,983,2,20.3458799593082,14.2848842397342,
2015-01-23 00:00:00,922,4,43.3839479392624,20.4825910882003,
2015-01-24 00:00:00,787,3,38.1194409148665,24.0632497492946,
2015-01-25 00:00:00,771,1,12.9701686121919,22.3800630871042,
2015-01-26 00:00:00,683,2,29.2825768667642,26.5632883537848,
2015-01-27 00:00:00,746,1,13.4048257372654,22.5009771470941,
2015-01-28 00:00:00,825,4,48.4848484848484,29.427384073501,
2015-01-29 00:00:00,994,0,0,26.5208297935998,
2015-01-30 00:00:00,948,3,31.6455696202531,24.8439186051699,23.6130232402306
2015-01-31 00:00:00,808,3,37.1287128712871,24.7023860275157,24.8506470026068
2015-02-01 00:00:00,775,5,64.51612903225801,32.0660946589537,26.5420478142422
2015-02-02 00:00:00,636,4,62.8930817610062,36.8675953581312,28.1916563483669
2015-02-03 00:00:00,738,4,54.20054200542,42.6955548250104,29.1268813868918
2015-02-04 00:00:00,797,1,12.5470514429109,37.5615838190193,26.7345487003064
2015-02-05 00:00:00,1006,1,9.9403578528827,38.9816349408597,26.6105205558761
2015-02-06 00:00:00,914,0,0,34.4608392808235,25.3317481773595
2015-02-07 00:00:00,794,1,12.5944584382871,30.955945790395,25.7515634586357
2015-02-08 00:00:00,874,2,22.883295194508,25.0083980992878,25.7711218305968
2015-02-09 00:00:00,654,1,15.2905198776758,18.2080321159549,25.4775929751137
2015-02-10 00:00:00,711,1,14.0646976090014,12.4743400593237,24.7559400382709
2015-02-11 00:00:00,800,1,12.5,12.4676184246221,24.6589960218354
2015-02-12 00:00:00,1013,2,19.7433366238894,13.8680439633374,23.9657558912804
2015-02-13 00:00:00,906,1,11.0375275938189,15.4448336195972,23.521655613348
2015-02-14 00:00:00,785,1,12.7388535031847,15.4654614860111,22.645471055324
2015-02-15 00:00:00,869,2,23.0149597238204,15.4842707044844,23.4126363794514
2015-02-16 00:00:00,512,2,39.0625,18.8802678648164,24.2795587032112
2015-02-17 00:00:00,670,2,29.8507462686567,21.1354176733386,24.4495010705822
2015-02-18 00:00:00,749,2,26.7022696929238,23.1643133437563,25.339576727013
2015-02-19 00:00:00,973,1,10.2774922918807,21.812049867755,24.2874596639391
2015-02-20 00:00:00,906,2,22.0750551876379,23.3888395240149,25.0232948368603
2015-02-21 00:00:00,803,8,99.626400996264,35.8013463087405,27.6659788714255
2015-02-22 00:00:00,884,2,22.6244343891402,35.7455569752148,26.9739950864214
2015-02-23 00:00:00,643,1,15.552099533437,32.3869283371343,26.2217503737071
2015-02-24 00:00:00,747,4,53.5475234270415,35.7721822169036,27.5743288675354
2015-02-25 00:00:00,811,2,24.6609124537607,35.480559754166,27.420273387102
2015-02-26 00:00:00,1026,0,0,34.0123465696116,26.9734458625265
2015-02-27 00:00:00,900,2,22.2222222222222,34.0333704316951,26.0980249871056
2015-02-28 00:00:00,803,5,62.26650062266501,28.6962418068952,28.1735750078611
2015-03-01 00:00:00,796,3,37.6884422110552,30.8482429243116,28.3750040942212
2015-03-02 00:00:00,641,3,46.80187207488299,35.3124961445182,28.697442734341
2015-03-03 00:00:00,770,4,51.9480519480519,35.0840002189483,28.2785068315342
2015-03-04 00:00:00,807,2,24.7831474597273,35.1014623626578,27.0081756881582
2015-03-05 00:00:00,917,0,0,35.1014623626578,25.2014909546442
2015-03-06 00:00:00,915,0,0,31.9268591880546,24.7832559065472
2015-03-07 00:00:00,798,1,12.531328320802,24.8218345735027,24.8696215888111
2015-03-08 00:00:00,895,1,11.1731843575418,21.0339405944294,25.2420610673959
2015-03-09 00:00:00,639,3,46.9483568075117,21.0548669848049,26.3871910130367
2015-03-10 00:00:00,754,2,26.525198938992,17.4230308406535,26.5085878045195
2015-03-11 00:00:00,831,0,0,13.8825812035496,25.998903808597
2015-03-12 00:00:00,992,4,40.3225806451612,19.6429498671441,26.874166576469
2015-03-13 00:00:00,892,0,0,19.6429498671441,26.4574999098023
2015-03-14 00:00:00,610,1,16.3934426229508,20.1946804817368,26.3458367764377
2015-03-15 00:00:00,884,4,45.2488687782805,25.0626353989851,27.4862148159197
2015-03-16 00:00:00,657,4,60.88280060882801,27.0532702277446,29.0910130527745
2015-03-17 00:00:00,722,0,0,23.2639560936029,28.3238477286471
2015-03-18 00:00:00,738,2,27.10027100271,27.1354233797043,27.9251067620708
2015-03-19 00:00:00,1039,2,19.2492781520692,24.1249515949769,27.5717244915179
2015-03-20 00:00:00,881,1,11.3507377979568,25.7464855661136,27.0600067616857
2015-03-21 00:00:00,636,1,15.7232704402515,25.6507466828708,27.2415326999647
2015-03-22 00:00:00,855,1,11.6959064327485,20.8574663477948,26.8955610748017
2015-03-23 00:00:00,634,2,31.5457413249211,16.6664578786653,24.6262057524236
2015-03-24 00:00:00,704,2,28.4090909090909,20.7248994371069,24.819027636422
2015-03-25 00:00:00,711,1,14.0646976090014,18.8626746665771,24.7694475722741
2015-03-26 00:00:00,993,1,10.0704934541792,17.5514197097356,23.3202132398454
2015-03-27 00:00:00,871,0,0,15.9298857385989,22.49818282472
2015-03-28 00:00:00,612,1,16.3398692810457,16.0179712872838,23.0428451340882
2015-03-29 00:00:00,917,1,10.9051254089422,15.9050025695972,22.6656085736455
2015-03-30 00:00:00,592,1,16.8918918918918,13.8115955077359,21.1531216159531
2015-03-31 00:00:00,706,1,14.1643059490085,11.7766262277241,20.3689837405515
2015-04-01 00:00:00,751,2,26.6311584553928,13.5718349200657,19.6966266199019
2015-04-02 00:00:00,980,0,0,12.1331929980401,17.9650248883001
2015-04-03 00:00:00,725,2,27.5862068965517,16.0740796975475,18.0584602028609
2015-04-04 00:00:00,570,0,0,13.7398126573981,18.0584602028609
2015-04-05 00:00:00,909,3,33.003300330033,16.8966947889825,19.158570213862
2015-04-06 00:00:00,517,0,0,14.4835673758551,18.7408592698353
2015-04-07 00:00:00,763,3,39.3184796854521,18.0770207667756,19.6790357807656
2015-04-08 00:00:00,741,1,13.4952766531713,16.2004662236011,18.5639331089543
2015-04-09 00:00:00,952,1,10.5042016806722,17.7010664636972,18.0298998670103
2015-04-10 00:00:00,851,1,11.7508813160987,15.438877095061,18.4215959108803
2015-04-11 00:00:00,662,1,15.1057401812688,17.5968399780994,17.5810345620839
2015-04-12 00:00:00,906,0,0,12.8820827880947,17.5810345620839
2015-04-13 00:00:00,619,1,16.1550888529886,15.189952624236,17.5730894364185
2015-04-14 00:00:00,690,1,14.4927536231884,11.6434203296269,16.5478855979154
2015-04-15 00:00:00,813,1,12.30012300123,11.4726840936352,14.9284630109955
2015-04-16 00:00:00,1063,1,9.40733772342427,11.3159892425998,15.2420409351096
2015-04-17 00:00:00,880,4,45.4545454545454,16.1307984052351,15.8538500835041
2015-04-18 00:00:00,603,3,49.7512437810945,21.080156062353,16.8705822711383
2015-04-19 00:00:00,909,1,11.001100110011,22.6517417923546,16.8589276815401
2015-04-20 00:00:00,609,2,32.8407224958949,25.0354037413412,17.4295094167282
2015-04-21 00:00:00,717,3,41.8410041841004,28.9422966786143,18.4343460084399
2015-04-22 00:00:00,783,3,38.3141762452107,32.658589999183,18.6599605057829
2015-04-23 00:00:00,984,2,20.3252032520325,34.2182850746985,18.390497583881
2015-04-24 00:00:00,885,1,11.2994350282485,29.3389835852275,18.2983221645225
2015-04-25 00:00:00,587,1,17.0357751277683,24.6653452061809,18.5304982203088
2015-04-26 00:00:00,883,1,11.3250283125707,24.7116206636894,18.9079991640612
2015-04-27 00:00:00,619,3,48.465266558966,26.9436983869853,19.9788457399919
2015-04-28 00:00:00,701,4,57.0613409415121,29.1180322094727,21.5173862577442
2015-04-29 00:00:00,740,3,40.5405405405405,29.4360842516627,22.3056745460325
2015-04-30 00:00:00,1024,5,48.828125,33.507930215658,23.4611351810655
2015-05-01 00:00:00,848,2,23.5849056603773,35.2629974488193,23.3595934212317
2015-05-02 00:00:00,615,1,16.260162601626,35.1521956593704,23.9015988412859
2015-05-03 00:00:00,907,3,33.0760749724366,38.2594880393512,24.0845944438154
2015-05-04 00:00:00,582,0,0,31.3358785309275,24.0845944438154
2015-05-05 00:00:00,705,3,42.5531914893617,29.2632857520488,24.4029241491264
2015-05-06 00:00:00,785,4,50.9554140127388,30.7511248195057,26.101437949551
2015-05-07 00:00:00,988,1,10.1214574898785,25.2216008894884,25.1282038763652
2015-05-08 00:00:00,852,3,35.2112676056338,26.8825097388107,25.8520702414473
2015-05-09 00:00:00,579,3,51.81347150259059,31.96155386752,27.2290459021779
2015-05-10 00:00:00,883,2,22.6500566251415,30.4721226750492,27.5923517458127
2015-05-11 00:00:00,604,2,33.1125827814569,35.2024916438288,28.1925798324856
2015-05-12 00:00:00,719,7,97.3574408901251,43.0316701296522,31.4378278621564
2015-05-13 00:00:00,778,6,77.1208226221079,46.76958564527629,33.4700189877937
2015-05-14 00:00:00,1014,5,49.30966469428,52.36790096019079,34.6305826901635
2015-05-15 00:00:00,873,8,91.6380297823596,60.4288669854374,37.2751795828678
2015-05-16 00:00:00,607,5,82.37232289950569,64.7944171849967,39.7073457554038
2015-05-17 00:00:00,930,0,0,61.5586948099765,38.1921942402523
2015-05-18 00:00:00,617,8,129.65964343598,75.351132046337,40.85580756208181
2015-05-19 00:00:00,605,5,82.6446280991735,73.2493016476296,43.2439251617206
2015-05-20 00:00:00,804,4,49.7512437810945,69.3393618131991,43.80760920456061
2015-05-21 00:00:00,966,0,0,62.2951239997305,42.4129090650906
2015-05-22 00:00:00,838,3,35.799522673031,54.3181944126836,42.3290872793512
2015-05-23 00:00:00,586,2,34.1296928327645,47.4263901174348,42.7892369320423
2015-05-24 00:00:00,856,2,23.3644859813084,50.7641738290503,43.1914052971443
2015-05-25 00:00:00,398,3,75.37688442211049,43.00949396992601,45.136108940289
2015-05-26 00:00:00,636,1,15.7232704402515,33.4493000186515,45.2827170112117
2015-05-27 00:00:00,697,3,43.0416068866571,32.4907804623032,45.1019283554681
2015-05-28 00:00:00,981,2,20.3873598369011,35.4032604390034,43.8794623186477
2015-05-29 00:00:00,863,4,46.3499420625724,36.91046320893791,44.07310903604881
2015-05-30 00:00:00,588,5,85.0340136054421,44.1825090336061,45.2799719895635
2015-05-31 00:00:00,857,2,23.3372228704784,44.1786143034876,45.2717158965669
2015-06-01 00:00:00,619,3,48.465266558966,40.3340974658955,46.3452193618116
2015-06-02 00:00:00,639,4,62.5978090766823,47.0304601282427,47.3292771652864
2015-06-03 00:00:00,785,6,76.4331210191082,51.8006764328786,49.87704786592339
2015-06-04 00:00:00,995,4,40.2010050251256,54.6311971740536,49.7986416504489
2015-06-05 00:00:00,897,1,11.1482720178372,49.6023871676628,48.4717369172855
2015-06-06 00:00:00,619,1,16.1550888529886,39.7625407744552,48.6728579627225
2015-06-07 00:00:00,884,2,22.6244343891402,39.6607138485497,48.253296855506
2015-06-08 00:00:00,608,0,0,32.737104340126,46.526181138753
2015-06-09 00:00:00,693,3,43.2900432900432,29.9788520848918,47.2141806942497
2015-06-10 00:00:00,760,2,26.3157894736842,22.8192332926884,46.987620917324
2015-06-11 00:00:00,993,4,40.281973816717,22.8308002629157,45.0851053482104
2015-06-12 00:00:00,862,6,69.6055684454756,31.1818426097212,44.8345968756559
2015-06-13 00:00:00,591,3,50.7614213197969,36.1256043906938,44.8829887631732
2015-06-14 00:00:00,917,3,32.7153762268266,37.5671675103633,42.9189003113221
2015-06-15 00:00:00,605,6,99.1735537190082,51.7348180416502,43.4789413386388
2015-06-16 00:00:00,699,6,85.8369098712446,57.8129418389647,46.34017166768029
2015-06-17 00:00:00,760,6,78.9473684210526,65.3317388314459,44.649762500516
2015-06-18 00:00:00,976,6,61.4754098360655,68.3593725484957,43.9441218917458
2015-06-19 00:00:00,852,8,93.8967136150234,71.8295361441454,45.4156375528767
2015-06-20 00:00:00,613,2,32.626427406199,69.23882272791711,46.5031851330834
2015-06-21 00:00:00,850,1,11.7647058823529,66.2458698215637,45.7020245733941
2015-06-22 00:00:00,584,7,119.86301369863,69.20150696150971,48.5598019355896
2015-06-23 00:00:00,677,2,29.5420974889217,61.15939090689211,48.7657223191767
2015-06-24 00:00:00,752,6,79.7872340425531,61.27937170996361,48.91273397319149
2015-06-25 00:00:00,919,2,21.7627856365614,55.606139681463,49.1140511464018
2015-06-26 00:00:00,885,2,22.5988700564971,45.4207334588164,48.4326265853965
2015-06-27 00:00:00,598,2,33.4448160535117,45.5376461227183,48.86787512595021
2015-06-28 00:00:00,884,2,22.6244343891402,47.0890359094022,48.0770248701691
2015-06-29 00:00:00,591,2,33.8409475465313,34.8001693162452,46.3705893348721
2015-06-30 00:00:00,863,1,11.5874855156431,32.2352247486339,45.97893142304419
2015-07-01 00:00:00,890,4,44.9438202247191,27.2575942032291,45.8615498785693
2015-07-02 00:00:00,968,4,41.3223140495867,30.051812547947,45.15236671099949
2015-07-03 00:00:00,825,0,0,26.823402539876,42.6045960103625
2015-07-04 00:00:00,410,3,73.170731707317,32.4985333475624,43.7035868997689
2015-07-05 00:00:00,749,4,53.4045393858477,36.8956912042349,45.1121291453693
2015-07-06 00:00:00,562,2,35.5871886120996,37.1451542136018,45.7598658040063
2015-07-07 00:00:00,661,2,30.2571860816944,39.8122542944663,46.0142908604248
2015-07-08 00:00:00,742,0,0,33.3917085480779,46.0142908604248
2015-07-09 00:00:00,949,5,52.6870389884088,35.0152406821953,46.3275240503703
2015-07-10 00:00:00,876,0,0,35.0152406821953,45.4503310679142
2015-07-11 00:00:00,596,0,0,24.5622790097214,44.10759860735691
2015-07-12 00:00:00,830,1,12.0481927710843,18.6542294933267,42.1890194182105
2015-07-13 00:00:00,621,4,64.4122383252818,22.772093738067,42.6440466517267
2015-07-14 00:00:00,673,1,14.8588410104011,20.5723301564537,42.0488288111792
2015-07-15 00:00:00,749,0,0,20.5723301564537,38.7430436872122
2015-07-16 00:00:00,962,1,10.3950103950103,14.5306117859682,36.2283137046711
2015-07-17 00:00:00,863,1,11.5874855156431,16.1859668596315,33.9829842744908
2015-07-18 00:00:00,598,2,33.4448160535117,20.9637977244188,33.0486311484057
2015-07-19 00:00:00,851,3,35.2526439482961,24.2787193211634,31.0938288261814
2015-07-20 00:00:00,581,1,17.2117039586919,17.535785840222,30.5800047112645
2015-07-21 00:00:00,710,1,14.0845070422535,17.4251667019152,30.6573314165945
2015-07-22 00:00:00,759,0,0,17.4251667019152,26.6618976266402
2015-07-23 00:00:00,898,1,11.1358574610244,17.53100199706,26.0483562923769
2015-07-24 00:00:00,858,3,34.9650349650349,20.8706519184017,24.554282989793
2015-07-25 00:00:00,537,0,0,16.0928210536143,23.8288568019076
2015-07-26 00:00:00,798,2,25.062656641604,14.6371085812298,23.9109830214112
2015-07-27 00:00:00,579,3,51.81347150259059,19.5802182303582,24.5232715363805
2015-07-28 00:00:00,677,6,88.6262924667651,30.2290447195741,26.7233334723013
2015-07-29 00:00:00,758,1,13.1926121372031,32.1137035963174,26.0350556253237
2015-07-30 00:00:00,821,4,48.721071863581,37.4830199395398,27.2728418369216
2015-07-31 00:00:00,909,2,22.002200220022,35.6311864045379,26.5081211700984
2015-08-01 00:00:00,579,1,17.2711571675302,38.0984945713279,25.7064159406965
2015-08-02 00:00:00,712,1,14.0449438202247,36.5245355968452,26.174580734704
2015-08-03 00:00:00,573,3,52.3560209424083,36.6020426596763,25.4807570425404
2015-08-04 00:00:00,696,3,43.103448275862,30.098779203833,25.1373873388742
2015-08-05 00:00:00,739,1,13.531799729364,30.1472345741417,24.4022077094497
2015-08-06 00:00:00,958,6,62.6304801670146,32.1342929032036,25.4813175122937
2015-08-07 00:00:00,858,2,23.3100233100233,32.3211247732038,26.2583182892944
2015-08-08 00:00:00,581,1,17.2117039586919,32.3126314576555,25.0758071216372
2015-08-09 00:00:00,811,2,24.6609124537607,33.8291984053035,25.8978375367626
2015-08-10 00:00:00,574,8,139.372822299651,46.2601700277668,30.5435982800843
2015-08-11 00:00:00,703,6,85.3485064011379,52.2951783313777,32.9869420677528
2015-08-12 00:00:00,734,0,0,50.3620640843256,30.83986745691
2015-08-13 00:00:00,786,3,38.1679389312977,46.8674153363661,31.6168373876066
2015-08-14 00:00:00,842,4,47.5059382422802,50.32397461240281,33.2003686623493
2015-08-15 00:00:00,577,3,51.9930675909878,55.2927408455879,34.5869705688818
2015-08-16 00:00:00,823,1,12.1506682867557,53.5055631074444,34.6057433279189
2015-08-17 00:00:00,552,5,90.5797101449275,46.5351185139124,36.5102397976328
2015-08-18 00:00:00,661,2,30.2571860816944,38.664929896849,36.3437245354127
2015-08-19 00:00:00,742,1,13.477088948787,40.5902283181043,36.2192373684159
2015-08-20 00:00:00,821,2,24.3605359317905,38.6177421753176,36.5617716647338
2015-08-21 00:00:00,862,3,34.8027842227378,36.8030058868115,37.7218644721584
2015-08-22 00:00:00,464,2,43.103448275862,35.5330602703649,38.787450832653
2015-08-23 00:00:00,859,2,23.2828870779976,37.1233772405424,38.3980459030851
2015-08-24 00:00:00,595,1,16.8067226890756,26.5843790325635,38.9582699927209
2015-08-25 00:00:00,704,1,14.2045454545454,24.2911446572565,38.5963329531523
2015-08-26 00:00:00,748,1,13.3689839572192,24.2757010870326,37.3148500349733
2015-08-27 00:00:00,843,3,35.5871886120996,25.879508612791,35.5468799064844
2015-08-28 00:00:00,830,4,48.1927710843373,27.7923638787338,36.7135518713889
2015-08-29 00:00:00,581,1,17.2117039586919,24.0935432619952,35.6632396078926
2015-08-30 00:00:00,901,4,44.3951165371809,27.1095760418785,36.4096701517979
2015-08-31 00:00:00,620,2,32.258064516129,29.3169105886004,36.9092337300845
2015-09-01 00:00:00,688,5,72.6744186046511,37.6697496100441,38.863549556232
2015-09-02 00:00:00,771,4,51.8806744487678,43.17141968026529,38.8477046731107
2015-09-03 00:00:00,847,5,59.0318772136953,46.52066090906469,39.3786523043718
2015-09-04 00:00:00,864,3,34.7222222222222,44.5962967859054,40.0849997208004
2015-09-05 00:00:00,606,1,16.5016501650165,44.4948605296661,38.5473720540671
2015-09-06 00:00:00,908,3,33.0396475770925,42.8726506782249,38.8716928629694
2015-09-07 00:00:00,520,0,0,38.2643557473493,38.2979693976797
2015-09-08 00:00:00,667,2,29.9850074962518,32.1658684461494,38.4754392324294
2015-09-09 00:00:00,809,1,12.3609394313967,26.5201920150964,34.2417098034876
2015-09-10 00:00:00,865,0,0,18.0870666988542,31.3967595901163
2015-09-11 00:00:00,903,2,22.1483942414174,16.2908055587392,32.1350393981636
2015-09-12 00:00:00,616,1,16.2337662337662,16.2525364257035,31.4039003082459
2015-09-13 00:00:00,948,0,0,11.5325867718331,29.8203690335032
2015-09-14 00:00:00,693,2,28.8600288600288,15.6554480375515,29.0492677424712
2015-09-15 00:00:00,716,5,69.8324022346368,21.347933000178,30.9719922074006
2015-09-16 00:00:00,768,3,39.0625,25.1624416528356,29.2547518692363
2015-09-17 00:00:00,870,2,22.9885057471264,28.4465139024251,29.0124625247507
2015-09-18 00:00:00,895,1,11.1731843575418,26.8786267761571,28.9356657050426
2015-09-19 00:00:00,483,0,0,24.5595173141905,28.1236478406495
2015-09-20 00:00:00,972,6,61.7283950617283,33.377859465866,29.0211682019492
2015-09-21 00:00:00,692,2,28.9017341040462,33.3838173578685,28.5477777295554
2015-09-22 00:00:00,731,0,0,23.4077598957775,27.7716814936221
2015-09-23 00:00:00,848,2,23.5849056603773,21.1966749901171,27.9976209259988
2015-09-24 00:00:00,929,1,10.7642626480086,19.450354547386,27.8829448324476
2015-09-25 00:00:00,883,3,33.9750849377123,22.7077689159818,28.5698148651307
2015-09-26 00:00:00,715,4,55.9440559440559,30.6997769079898,29.2483771095293
2015-09-27 00:00:00,1056,1,9.46969696969697,23.2342486091281,27.9576079723746
2015-09-28 00:00:00,746,3,40.2144772117962,24.8503547673781,28.7243670808114
2015-09-29 00:00:00,747,1,13.3868808567603,26.7627663183439,27.6907592247974
2015-09-30 00:00:00,810,2,24.6913580246913,26.9208309418173,27.4385356750828
2015-10-01 00:00:00,911,3,32.9308452250274,30.0874855956772,26.113749895762
2015-10-02 00:00:00,968,1,10.3305785123966,26.7096989634892,24.728746697883
2015-10-03 00:00:00,695,4,57.5539568345323,26.9396848049859,24.6794826852442
2015-10-04 00:00:00,1007,7,69.5134061569016,35.5173575460151,25.8391888164002
2015-10-05 00:00:00,740,2,27.027027027027,33.6334360910481,26.1900347118005
2015-10-06 00:00:00,746,9,120.643431635388,48.955800487995,29.1101608470771
2015-10-07 00:00:00,860,8,93.0232558139534,58.7175001721753,32.2109360408755
2015-10-08 00:00:00,948,8,84.3881856540084,66.0685488048869,34.0243753128007
2015-10-09 00:00:00,932,6,64.3776824034334,73.7895636464635,35.758266745202
2015-10-10 00:00:00,591,3,50.7614213197969,72.81920143007281,37.4503141225285
2015-10-11 00:00:00,924,2,21.6450216450216,65.9808607855185,37.433535035982
2015-10-12 00:00:00,682,2,29.3255131964809,66.3092159525833,37.8699266014058
2015-10-13 00:00:00,709,2,28.2087447108603,53.10426067765069,38.8102180917678
2015-10-14 00:00:00,795,1,12.5786163522012,41.6121693259718,38.2675043415069
2015-10-15 00:00:00,948,3,31.6455696202531,34.0775098925782,36.9946099210274
2015-10-16 00:00:00,928,6,64.6551724137931,34.1171513226296,37.8476990014872
2015-10-17 00:00:00,566,2,35.3356890459363,31.9134752835067,38.2592717781142
2015-10-18 00:00:00,941,1,10.6269925611052,30.3394711286614,38.2410653848997
2015-10-19 00:00:00,674,9,133.531157270029,45.225991710597,42.69210396056729
2015-10-20 00:00:00,760,10,131.578947368421,59.9931635188199,45.0204557041237
2015-10-21 00:00:00,829,12,144.752714113389,78.875177484704,48.8821550377685
2015-10-22 00:00:00,957,7,73.1452455590386,84.8037026188162,51.32032988973651
2015-10-23 00:00:00,936,4,42.7350427350427,81.6722555218519,51.9586677922253
2015-10-24 00:00:00,514,2,38.9105058365758,82.18294363480041,52.8968758985109
2015-10-25 00:00:00,956,4,41.8410041841004,86.6420881523711,53.1590732067238
2015-10-26 00:00:00,612,3,49.0196078431372,74.569009662815,52.9282582700265
2015-10-27 00:00:00,703,3,42.6742532005689,61.8683390674076,54.0350768110556
2015-10-28 00:00:00,837,13,155.31660692951,63.3774666125677,57.8718144683127
2015-10-29 00:00:00,905,1,11.049723756906,54.5066777836916,57.7939092316509
2015-10-30 00:00:00,860,0,0,48.4016716786855,56.9708639641612
2015-10-31 00:00:00,563,1,17.7619893428063,45.38045503671839,56.4652354347538
2015-11-01 00:00:00,872,1,11.4678899082568,41.04143871159791,56.5031458146159
2015-11-02 00:00:00,636,2,31.4465408805031,38.5310005740788,55.6328986161482
2015-11-03 00:00:00,701,0,0,32.4346786882832,53.3157850775848
2015-11-04 00:00:00,813,3,36.90036900369,15.5180732703089,53.64489647680691
2015-11-05 00:00:00,900,5,55.5555555555555,21.8760492415445,51.4753006074792
2015-11-06 00:00:00,865,7,80.92485549132941,33.436742883163,51.072020596725
2015-11-07 00:00:00,565,4,70.7964601769911,41.0130958594751,50.6189630808244
2015-11-08 00:00:00,880,1,11.3636363636363,40.9982024959579,48.85182821283119
2015-11-09 00:00:00,629,6,95.38950715421299,50.1329119636308,50.3394310739784
2015-11-10 00:00:00,720,3,41.66666666666659,56.0852929160117,51.0068192413666
2015-11-11 00:00:00,773,1,12.9366106080207,52.6618988594875,50.46052248841789
2015-11-12 00:00:00,936,4,42.7350427350427,50.8303970279857,50.94473242255729
2015-11-13 00:00:00,872,6,68.8073394495412,49.0993233077302,52.8190231924686
2015-11-14 00:00:00,599,2,33.3889816360601,43.7553978018829,52.87713692632889
2015-11-15 00:00:00,917,1,10.9051254089422,43.6898962369266,51.0854686928338
2015-11-16 00:00:00,613,1,16.3132137030995,32.3932828867676,50.45138618140599
2015-11-17 00:00:00,697,0,0,26.4409019343866,50.0971530960358
2015-11-18 00:00:00,734,1,13.6239782016348,26.5390973049029,46.1002471270893
2015-11-19 00:00:00,893,2,22.3964165733482,23.6335792818037,42.4608294339202
2015-11-20 00:00:00,893,1,11.1982082866741,15.4037034013941,38.0090125730297
2015-11-21 00:00:00,596,1,16.7785234899328,13.0307808090902,36.1301218373928
2015-11-22 00:00:00,846,1,11.8203309692671,13.1615244605652,35.0996314452003
2015-11-23 00:00:00,617,1,16.2074554294975,13.1464161357649,34.3428630982977
2015-11-24 00:00:00,722,3,41.5512465373961,19.0823084982501,34.3332045100742
2015-11-25 00:00:00,760,3,39.4736842105263,22.7751236423774,34.0150070556539
2015-11-26 00:00:00,684,2,29.2397660818713,23.7527450007379,33.5671908183639
2015-11-27 00:00:00,749,5,66.7556742323097,31.6895258501144,30.6151597284572
2015-11-28 00:00:00,532,0,0,29.2925939229811,30.246835603227
2015-11-29 00:00:00,786,0,0,27.6039752130858,30.246835603227
2015-11-30 00:00:00,627,2,31.8979266347687,29.8454710995531,30.7180335129591
2015-12-01 00:00:00,694,2,28.8184438040345,28.0264992805015,31.296385309485
2015-12-02 00:00:00,756,3,39.68253968253961,28.0563357765034,31.5709186028863
2015-12-03 00:00:00,925,1,10.8108108108108,25.4236278806376,31.9312789632466
2015-12-04 00:00:00,875,2,22.8571428571428,19.1524091127566,31.4631714250284
2015-12-05 00:00:00,572,0,0,19.1524091127566,29.6113195731765
2015-12-06 00:00:00,867,4,46.1361014994233,25.7432807555314,28.451694440113
2015-12-07 00:00:00,663,0,0,21.1864340934216,26.0918124342133
2015-12-08 00:00:00,712,3,42.13483146067411,23.0887751872272,27.1175189374479
2015-12-09 00:00:00,760,1,13.1578947368421,19.2995401949847,24.3764651902022
2015-12-10 00:00:00,902,3,33.2594235033259,22.506484865344,24.0962237514242
2015-12-11 00:00:00,901,1,11.0987791342952,20.8267186192229,24.0349627023
2015-12-12 00:00:00,577,1,17.3310225303292,23.3025789806985,23.1881620288095
2015-12-13 00:00:00,863,3,34.7624565469293,21.6777725589137,22.0533325987225
2015-12-14 00:00:00,610,0,0,21.6777725589137,20.9403665441871
2015-12-15 00:00:00,699,0,0,15.6585109216745,20.576862363889
2015-12-16 00:00:00,792,2,25.2525252525252,17.3863152810578,20.8748394155366
2015-12-17 00:00:00,881,2,22.7014755959137,15.8780370085704,21.6315552687337
2015-12-18 00:00:00,947,2,21.1193241816261,17.3095434439033,21.8814001347334
2015-12-19 00:00:00,613,3,48.9396411092985,21.8250603837561,22.7661742859317
2015-12-20 00:00:00,860,5,58.13953488372091,25.1646430032978,24.3308851725
2015-12-21 00:00:00,633,6,94.78672985781989,38.7056044115577,26.9311587180962
2015-12-22 00:00:00,719,3,41.7246175243393,44.6662640578919,27.9279682699319
2015-12-23 00:00:00,757,3,39.6301188903566,46.7202060061536,28.7087237186272
2015-12-24 00:00:00,769,4,52.0156046814044,50.90793873265221,29.0575356567609
2015-12-25 00:00:00,453,1,22.0750551876379,51.0444717335111,28.4775813559979
2015-12-26 00:00:00,479,1,20.8768267223382,47.0354982496596,28.1988167106801
2015-12-27 00:00:00,679,0,0,38.729850409128,25.9736275696031
2015-12-28 00:00:00,490,0,0,25.188889000868,25.9736275696031
2015-12-29 00:00:00,678,5,73.7463126843657,29.7634168808718,28.4318379924153
2015-12-30 00:00:00,746,5,67.024128686327,33.6768468517247,29.602711394134
2015-12-31 00:00:00,719,3,41.7246175243393,32.2067058292868,30.0329171848108
2016-01-01 00:00:00,569,2,35.1493848857644,34.0744672147335,29.8818120249183
2016-01-02 00:00:00,522,2,38.3141762452107,36.5655171465724,30.7985908727316
2016-01-03 00:00:00,752,3,39.8936170212765,42.2646052924691,31.3664733448694
2016-01-04 00:00:00,667,1,14.9925037481259,44.4063915422014,31.8662234698069
2016-01-05 00:00:00,755,4,52.9801324503311,41.43979436591069,32.0943578348372
2016-01-06 00:00:00,775,1,12.9032258064516,33.7082368116428,32.5244653617189
2016-01-07 00:00:00,920,5,54.3478260869565,35.5115523205881,32.931565182595
2016-01-08 00:00:00,889,0,0,30.4902116226217,32.4929686913669
2016-01-09 00:00:00,637,0,0,25.0167578733059,31.3843212412561
2016-01-10 00:00:00,813,1,12.30012300123,21.0748301561564,31.4243660368206
2016-01-11 00:00:00,678,2,29.4985250737463,23.1471189169593,31.8299494549344
2016-01-12 00:00:00,813,1,12.30012300123,17.3356889956591,31.0812050034111
2016-01-13 00:00:00,860,1,11.6279069767441,17.1535005914152,31.4688019026359
2016-01-14 00:00:00,949,2,21.0748155953635,12.4002133783305,32.1712957558147
2016-01-15 00:00:00,906,5,55.1876379690949,20.2841616596298,33.1691328463671
2016-01-16 00:00:00,621,2,32.2061191626409,24.8850358257213,33.4859542985913
2016-01-17 00:00:00,856,4,46.7289719626168,29.8034428202052,34.3396092246243
2016-01-18 00:00:00,572,4,69.9300699300699,35.57937779968,35.0392901853167
2016-01-19 00:00:00,692,4,57.8034682080924,42.0798556863746,35.0280879627957
2016-01-20 00:00:00,858,4,46.6200466200466,47.078732778275,33.42253185487
2016-01-21 00:00:00,1019,0,0,44.0680448360802,32.0317112707253
2016-01-22 00:00:00,943,1,10.6044538706256,37.6990185362988,31.064189103401
2016-01-23 00:00:00,625,2,32,37.6695729416359,30.3970022806875
2016-01-24 00:00:00,811,3,36.9913686806411,36.2784867584965,30.8942127304542
2016-01-25 00:00:00,697,3,43.0416068866571,32.4372777522946,31.6330387359315
2016-01-26 00:00:00,727,6,82.53094910591469,35.9697750234121,34.3840703727954
2016-01-27 00:00:00,831,2,24.0673886883273,32.7479667474522,35.1863166624063
2016-01-28 00:00:00,956,1,10.4602510460251,34.2422883254558,33.0767812744616
2016-01-29 00:00:00,934,3,32.119914346895,37.3159255363514,31.9133074631472
2016-01-30 00:00:00,584,3,51.3698630136986,40.0830488240226,32.2348156461258
2016-01-31 00:00:00,854,4,46.8384074941452,41.4897686545232,32.6244497330719
2016-02-01 00:00:00,670,2,29.8507462686567,39.6053599948089,32.3423354005201
2016-02-02 00:00:00,792,1,12.6262626262626,29.6189762120014,31.4334235873529
2016-02-03 00:00:00,861,2,23.2288037166085,29.4991783588988,31.7079669196357
2016-02-04 00:00:00,893,3,33.5946248600223,32.8040889037555,31.0617833332921
2016-02-05 00:00:00,958,4,41.7536534446764,34.1803373462957,32.0234642545662
2016-02-06 00:00:00,586,1,17.0648464163822,29.2796206895362,30.7806982655471
2016-02-07 00:00:00,832,4,48.076923076923,29.4565514870759,32.3832623681112
2016-02-08 00:00:00,683,4,58.5651537335285,33.5586096963433,34.3354341592288
2016-02-09 00:00:00,737,1,13.5685210312075,33.6932180399069,34.3777140935614
2016-02-10 00:00:00,808,3,37.1287128712871,35.6789193477181,34.6320536868127
2016-02-11 00:00:00,916,0,0,30.8796872248578,34.2220495867717
2016-02-12 00:00:00,944,5,52.9661016949152,32.4814655463205,35.5999894107108
2016-02-13 00:00:00,584,1,17.1232876712328,32.4898142970134,35.4682718132397
2016-02-14 00:00:00,866,3,34.6420323325635,30.5705441906763,34.783418292022
2016-02-15 00:00:00,600,2,33.3333333333333,26.9659984192199,34.82099209771179
2016-02-16 00:00:00,698,5,71.6332378223495,35.2609579608116,35.6511342930362
2016-02-17 00:00:00,813,3,36.90036900369,35.2283374082977,34.5501442621569
2016-02-18 00:00:00,889,2,22.4971878515185,38.4422213870861,33.3732682502711
2016-02-19 00:00:00,954,2,20.964360587002,33.8705440859556,32.5180787158363
2016-02-20 00:00:00,591,1,16.9204737732656,33.8415706719603,33.0820945082784
2016-02-21 00:00:00,875,4,45.7142857142857,35.4233211550635,34.2524222364005
2016-02-22 00:00:00,670,0,0,30.6614163931587,33.1857555697338
2016-02-23 00:00:00,797,0,0,20.4280967042516,31.9527099470458
2016-02-24 00:00:00,830,3,36.144578313253,20.3201266056178,31.7228089945989
2016-02-25 00:00:00,908,0,0,17.1062426268294,28.9717773577351
2016-02-26 00:00:00,959,2,20.8550573514077,17.0906278788873,28.8646996465045
2016-02-27 00:00:00,585,1,17.094017094017,17.1154197818518,29.0858251814375
2016-02-28 00:00:00,891,4,44.8933782267115,16.998147283627,29.5116073107647
2016-02-29 00:00:00,641,5,78.0031201248049,28.1414501585991,30.3993825478016
2016-03-01 00:00:00,772,4,51.81347150259059,35.5433746589692,30.5652180147498
2016-03-02 00:00:00,820,5,60.9756097560975,39.0906648650898,31.6027134643312
2016-03-03 00:00:00,867,5,57.6701268742791,47.32925441855831,33.1041756059317
2016-03-04 00:00:00,903,4,44.2967884828349,50.6780731516193,33.8064417648059
2016-03-05 00:00:00,649,2,30.8166409861325,52.6384479933501,33.7138423023429
2016-03-06 00:00:00,924,4,43.2900432900432,52.4094001452547,33.7650552971885
2016-03-07 00:00:00,707,8,113.154172560113,57.43097906458441,36.9680328353129
2016-03-08 00:00:00,772,3,38.860103626943,55.5804979394919,36.6608055203135
2016-03-09 00:00:00,867,3,34.6020761245674,51.8128502778447,35.8620362666815
2016-03-10 00:00:00,881,5,56.7536889897843,51.68193058005971,37.3015418653007
2016-03-11 00:00:00,856,5,58.411214953271,53.6982772186935,38.0109586013669
2016-03-12 00:00:00,589,5,84.8896434634974,61.422991858317,40.8406133834834
2016-03-13 00:00:00,811,4,49.3218249075215,62.2846749465282,40.7191374905703
2016-03-14 00:00:00,628,4,63.6942675159235,55.2189742259297,42.2715034853933
2016-03-15 00:00:00,716,0,0,49.6675308506521,41.1167690743079
2016-03-16 00:00:00,818,3,36.6748166259168,49.9636366365592,41.2281518507273
2016-03-17 00:00:00,877,4,45.61003420752559,48.3716859533794,40.3607117302332
2016-03-18 00:00:00,935,0,0,40.0272266743406,39.1306994301102
2016-03-19 00:00:00,651,4,61.4439324116743,36.6778393812231,40.4289242487821
2016-03-20 00:00:00,916,6,65.5021834061135,38.9893191667362,41.9135183427524
2016-03-21 00:00:00,691,4,57.8871201157742,38.1597266810006,43.2790732208361
2016-03-22 00:00:00,764,2,26.1780104712041,41.8994424626012,42.6278640460667
2016-03-23 00:00:00,812,2,24.6305418719211,40.1788317834589,43.4488821084641
2016-03-24 00:00:00,927,5,53.9374325782092,41.368460122128,45.2467965277377
2016-03-25 00:00:00,846,4,47.28132387706849,48.1229349617093,45.6180213798649
2016-03-26 00:00:00,589,2,33.9558573853989,44.1960671008128,46.7498832927115
2016-03-27 00:00:00,785,4,50.9554140127388,42.1179571874735,47.7532285147559
2016-03-28 00:00:00,564,2,35.4609929078014,38.9142247291917,48.365461041882
2016-03-29 00:00:00,769,3,39.0117035110533,40.74760944917011,48.1694052180268
2016-03-30 00:00:00,841,8,95.1248513674197,50.81822509138421,48.7401295927806
2016-03-31 00:00:00,910,10,109.890109890109,58.81146470737,50.6760175390312
2016-04-01 00:00:00,935,11,117.647058823529,68.8637125568644,52.5650658412789
2016-04-02 00:00:00,563,3,53.2859680284191,71.6251569344388,52.4189272130836
2016-04-03 00:00:00,947,6,63.3579725448785,73.3969510104587,53.0543000151517
2016-04-04 00:00:00,564,2,35.4609929078014,73.3969510104587,53.209111745874
2016-04-05 00:00:00,791,8,101.137800252844,82.27210768785751,55.1373703113008
2016-04-06 00:00:00,764,2,26.1780104712041,72.42255898839811,52.2381649083371
2016-04-07 00:00:00,899,2,22.2469410456062,59.9021062963261,51.6843928222926
2016-04-08 00:00:00,933,6,64.3086816720257,52.2823381318256,52.6746130072078
2016-04-09 00:00:00,600,3,50,51.8129141277657,52.44949004088171
2016-04-10 00:00:00,836,4,47.8468899521531,49.5970451859478,52.0973458741778
2016-04-11 00:00:00,967,19,196.483971044467,72.6003277769001,55.8171567935434
2016-04-12 00:00:00,769,3,39.0117035110533,63.7251710995013,55.4734860803278
2016-04-13 00:00:00,862,3,34.8027842227378,64.9572816354347,54.51043663722159
2016-04-14 00:00:00,921,5,54.2888165038002,69.53469241517669,56.320063854015
2016-04-15 00:00:00,955,0,0,60.3477378906016,55.0975699664844
2016-04-16 00:00:00,580,1,17.2413793103448,55.6679349349366,54.1519481365784
2016-04-17 00:00:00,850,2,23.5294117647058,52.194009479587,54.9362618620686
2016-04-18 00:00:00,628,3,47.77070063694261,30.9492565642263,54.4804874695775
2016-04-19 00:00:00,752,4,53.1914893617021,32.9749402571761,54.0701310014305
2016-04-20 00:00:00,816,0,0,28.0031139396422,52.14056033090471
2016-04-21 00:00:00,842,1,11.87648456057,21.9442093763236,51.66384280055021
2016-04-22 00:00:00,888,5,56.3063063063063,29.9879674200816,52.7197016150297
2016-04-23 00:00:00,578,4,69.20415224913489,37.4112206970516,53.2285922707272
2016-04-24 00:00:00,842,1,11.87648456057,35.7465168107465,52.0484309601773
2016-04-25 00:00:00,676,2,29.585798816568,33.1486736935502,51.9027623412162
2016-04-26 00:00:00,735,5,68.0272108843537,35.2680624825004,52.4718222369367
2016-04-27 00:00:00,838,2,23.8663484486873,38.6775408323129,52.0853340882996
2016-04-28 00:00:00,878,4,45.5580865603644,43.4891982608549,52.30354685661
2016-04-29 00:00:00,962,4,41.5800415800415,41.3854461571028,50.5187198636974
2016-04-30 00:00:00,611,1,16.3666121112929,33.8372261374111,47.40126993773681
2016-05-01 00:00:00,868,2,23.0414746543778,35.4322247222408,44.2477504654317
2016-05-02 00:00:00,549,2,36.4298724954462,36.4099495335091,43.6858806143326
2016-05-03 00:00:00,777,3,38.6100386100386,32.2074963514641,42.8609494831713
2016-05-04 00:00:00,863,4,46.3499420625724,35.4194382963048,43.22391445499699
2016-05-05 00:00:00,796,5,62.81407035175879,37.8845788379326,41.9464567916275
2016-05-06 00:00:00,948,3,31.6455696202531,36.4653685579628,42.1287087632624
2016-05-07 00:00:00,546,4,73.2600732600732,44.5930058649314,43.8291465037447
2016-05-08 00:00:00,804,1,12.4378109452736,43.0781967636308,42.1001174795196
2016-05-09 00:00:00,666,6,90.09009009009,50.7439421342942,43.4364538158559
2016-05-10 00:00:00,731,4,54.719562243502,53.04530265336039,43.6655428922342
2016-05-11 00:00:00,1059,8,75.5429650613786,57.2157345103327,39.6341760261313
2016-05-12 00:00:00,924,2,21.6450216450216,51.3344418379417,39.0552866305969
2016-05-13 00:00:00,865,3,34.6820809248554,51.7682291671706,39.0512631873341
2016-05-14 00:00:00,548,0,0,41.3025044157316,37.2416359705408
2016-05-15 00:00:00,820,3,36.5853658536585,44.7521551169294,38.4611481656627
2016-05-16 00:00:00,697,5,71.7360114777618,42.1301438865968,40.2776359045767
2016-05-17 00:00:00,705,3,42.5531914893617,40.39209092171961,40.9117618953985
2016-05-18 00:00:00,759,7,92.2266139657444,42.77546933662899,42.3936256730252
2016-05-19 00:00:00,875,4,45.7142857142857,46.2139356322382,42.14438555144471
2016-05-20 00:00:00,1043,6,57.5263662511984,49.47740496457291,44.0619310931513
2016-05-21 00:00:00,541,5,92.4214417744916,62.6804680752145,46.746763000282
2016-05-22 00:00:00,821,5,60.9013398294762,66.1541786431885,46.8999307843877
2016-05-23 00:00:00,628,4,63.6942675159235,65.0053580772116,46.7162679599473
2016-05-24 00:00:00,1030,4,38.8349514563106,64.4741809296329,47.6148835231387
2016-05-25 00:00:00,760,7,92.1052631578947,64.4568450999401,49.6988656678496
2016-05-26 00:00:00,910,2,21.9780219780219,61.0659502804738,48.1638927043052
2016-05-27 00:00:00,811,2,24.6609124537607,56.3708854522684,48.1903781711409
2016-05-28 00:00:00,558,2,35.84229390681,48.2881500425996,47.8665184160225
2016-05-29 00:00:00,786,4,50.8905852417302,46.8580422443502,48.17686987141209
2016-05-30 00:00:00,384,2,52.08333333333329,45.199337361123,49.3674272454801
2016-05-31 00:00:00,1030,28,271.844660194174,78.4864386093893,57.6608667634733
2016-06-01 00:00:00,792,4,50.5050505050505,72.5435510875544,58.1300393637935
2016-06-02 00:00:00,807,4,49.56629491945471,76.4847329363306,58.4952479074407
2016-06-03 00:00:00,913,2,21.9058050383351,76.0911461626983,57.6804433399661
2016-06-04 00:00:00,525,3,57.1428571428571,79.1340837678479,57.4914028996694
2016-06-05 00:00:00,751,1,13.3155792276964,73.7662257658431,56.8804032199175
2016-06-06 00:00:00,639,3,46.9483568075117,73.0326576907257,56.0033460048321
2016-06-07 00:00:00,696,3,43.103448275862,40.3553417023953,57.0255339158518
2016-06-08 00:00:00,833,5,60.02400960384151,41.7151930022226,56.0233312329768
2016-06-09 00:00:00,863,5,57.9374275782155,42.9110690963313,56.1305934108006
2016-06-10 00:00:00,831,7,84.2358604091456,51.8153627207328,56.4203565890595
2016-06-11 00:00:00,527,5,94.8766603415559,57.2059060348326,58.8614112122773
2016-06-12 00:00:00,811,0,0,55.303680430876,57.70534184811549
2016-06-13 00:00:00,673,5,74.29420505200589,59.2102301800895,60.181815349849
2016-06-14 00:00:00,728,2,27.4725274725274,56.9772414938988,59.8780540704779
2016-06-15 00:00:00,833,5,60.02400960384151,56.9772414938988,59.48765400801391
2016-06-16 00:00:00,892,8,89.6860986547085,61.5127659333978,61.0587509135255
2016-06-17 00:00:00,890,13,146.067415730337,70.3458452649966,62.8534443056786
2016-06-18 00:00:00,571,1,17.5131348511383,59.2939130520798,61.9134059435737
2016-06-19 00:00:00,845,5,59.171597633136,67.7469984282421,61.9682469896383
2016-06-20 00:00:00,659,5,75.87253414264029,67.9724740126184,61.4166167352432
2016-06-21 00:00:00,754,8,106.100795755968,79.20508376739569,62.9232652661263
2016-06-22 00:00:00,792,4,50.5050505050505,77.8452324675684,62.4836246990972
2016-06-23 00:00:00,769,5,65.0195058517555,74.3214334957179,63.3564431789453
2016-06-24 00:00:00,1072,9,83.955223880597,65.4482632314694,63.0847752030354
2016-06-25 00:00:00,563,15,266.429840142095,101.007792558749,71.23316914183789
2016-06-26 00:00:00,841,8,95.1248513674197,106.143971663646,73.5819671056265
2016-06-27 00:00:00,647,4,61.82380216383299,104.137009952388,74.4480173808606
2016-06-28 00:00:00,860,12,139.53488372093,108.913308233097,77.4028273301673
2016-06-29 00:00:00,754,11,145.888594164456,122.539528755869,80.5296693578714
2016-06-30 00:00:00,806,10,124.069478908188,130.975239192502,75.6038299816718
2016-07-01 00:00:00,826,5,60.5326876513317,127.629162588322,75.93808455321451
2016-07-02 00:00:00,516,1,19.3798449612403,92.3363061339142,74.9318695546074
2016-07-03 00:00:00,704,2,28.4090909090909,82.8054832112958,75.1486457502992
2016-07-04 00:00:00,421,2,47.5059382422802,80.7600740796454,74.82741512028
2016-07-05 00:00:00,564,1,17.7304964539007,63.3594473272126,74.9745790278201
2016-07-06 00:00:00,715,4,55.9440559440559,50.51022758144109,75.2744356657049
2016-07-07 00:00:00,804,0,0,32.7860163088427,73.83765405650949
2016-07-08 00:00:00,991,2,20.1816347124117,27.0215801747113,72.5095748934619
2016-07-09 00:00:00,605,6,99.1735537190082,38.420681425821,73.8841124314883
2016-07-10 00:00:00,761,4,52.562417871222,41.8711567061255,72.8283310135575
2016-07-11 00:00:00,741,6,80.97165991902831,46.651974088518,72.3648309994733
2016-07-12 00:00:00,665,4,60.1503759398496,52.711956872225,74.3698435308016
2016-07-13 00:00:00,755,2,26.4900662251655,48.5042440552407,72.7763722365736
2016-07-14 00:00:00,806,4,49.6277915632754,55.59392856428001,73.5148810395985
2016-07-15 00:00:00,766,4,52.219321148825,60.1707409123391,73.2547247577646
2016-07-16 00:00:00,512,4,78.125,57.1638046667665,72.8693548026077
2016-07-17 00:00:00,793,2,25.2206809583858,53.25784225064699,68.8411303102093
2016-07-18 00:00:00,585,4,68.3760683760683,51.4584720302242,70.536561427707
2016-07-19 00:00:00,695,2,28.7769784172661,46.97655809842649,69.5234074538446
2016-07-20 00:00:00,779,1,12.8369704749679,45.02611584839831,67.4222219982556
2016-07-21 00:00:00,847,3,35.4191263282172,42.9963065291043,65.0661663506639
2016-07-22 00:00:00,877,4,45.61003420752559,42.0521226803472,64.9029991407464
2016-07-23 00:00:00,514,3,58.3657587548638,39.229373931042,64.68120757084999
2016-07-24 00:00:00,743,1,13.4589502018842,37.5491266801132,62.3313317815595
2016-07-25 00:00:00,575,2,34.7826086956521,32.7500610114823,54.6097574000114
2016-07-26 00:00:00,688,8,116.279069767441,45.2503597757932,55.3148980133455
2016-07-27 00:00:00,755,7,92.7152317880794,56.66153996338051,56.3446123341537
2016-07-28 00:00:00,785,7,89.1719745222929,64.3405182768199,54.66584869419911
2016-07-29 00:00:00,876,3,34.2465753424657,62.71716701038279,50.9444480667994
2016-07-30 00:00:00,534,3,56.1797752808988,62.40488365695921,48.6814579458898
2016-07-31 00:00:00,738,1,13.550135501355,62.41791012831219,47.11537287422389
2016-08-01 00:00:00,555,4,72.072072072072,67.7449763249436,48.871780444585
2016-08-02 00:00:00,617,4,64.8298217179902,60.3950837464505,50.0858048048816
2016-08-03 00:00:00,683,4,58.5651537335285,55.516501167229,50.45444532125649
2016-08-04 00:00:00,750,4,53.3333333333333,50.3966952830919,51.641206550571
2016-08-05 00:00:00,792,1,12.6262626262626,47.3080791807771,50.1972801066445
2016-08-06 00:00:00,469,0,0,39.2823969977916,50.1972801066445
2016-08-07 00:00:00,783,3,38.3141762452107,42.8201171040567,50.8016981577378
2016-08-08 00:00:00,557,6,107.719928186714,47.912667977577,51.0865773066614
2016-08-09 00:00:00,670,4,59.7014925373134,47.1800495231946,51.3245464621977
2016-08-10 00:00:00,725,4,55.1724137931034,46.69537238884821,50.4645715913336
2016-08-11 00:00:00,757,4,52.8401585204755,46.62491884415419,50.2208976773544
2016-08-12 00:00:00,835,4,47.9041916167664,51.66462298565479,50.9347018570745
2016-08-13 00:00:00,552,5,90.5797101449275,64.6045815777873,52.2997658097962
2016-08-14 00:00:00,787,3,38.1194409148665,64.576762244881,51.8297698019976
2016-08-15 00:00:00,566,6,106.007067137809,64.33206780932309,52.7591720399246
2016-08-16 00:00:00,656,2,30.4878048780487,60.1586838579995,52.9347428372467
2016-08-17 00:00:00,732,3,40.983606557377,58.1317113957529,52.02166077662361
2016-08-18 00:00:00,790,2,25.3164556962025,54.19975384942821,51.9063100192548
2016-08-19 00:00:00,766,3,39.1644908616187,52.9512251701214,52.7838940321432
2016-08-20 00:00:00,559,3,53.66726296958851,47.6780184307872,53.3921652535222
2016-08-21 00:00:00,773,0,0,42.2323840143777,51.8718307799381
2016-08-22 00:00:00,554,6,108.303249097472,42.56041000861541,53.5364137913584
2016-08-23 00:00:00,646,5,77.3993808049535,49.2620637124589,55.6677614781273
2016-08-24 00:00:00,669,2,29.8953662182361,47.6780293782959,55.5048533955468
2016-08-25 00:00:00,748,1,13.3689839572192,45.9712477012983,52.0745172018727
2016-08-26 00:00:00,776,1,12.8865979381443,42.2172629979448,49.4135627402082
2016-08-27 00:00:00,500,0,0,34.5505111451465,46.4411635894651
2016-08-28 00:00:00,713,2,28.0504908835904,38.5577241285165,46.2346274408359
2016-08-29 00:00:00,522,1,19.1570881226053,25.822558274964,45.0005378688928
2016-08-30 00:00:00,612,0,0,14.7655038742564,44.54886668551431
2016-08-31 00:00:00,685,4,58.39416058394161,18.8367602122143,44.0929363025766
2016-09-01 00:00:00,766,3,39.1644908616187,22.5218326271285,43.2374252740309
2016-09-02 00:00:00,763,4,52.4246395806028,28.1701242903369,43.03274146893339
2016-09-03 00:00:00,515,4,77.66990291262131,39.2658247064257,43.8439604549097
2016-09-04 00:00:00,699,2,28.6123032904148,39.3460836216863,44.3768284770481
2016-09-05 00:00:00,444,3,67.56756756756751,46.261866399538,46.62908072930031
2016-09-06 00:00:00,599,5,83.4724540901502,58.1865026981309,48.134356657465
2016-09-07 00:00:00,735,4,54.4217687074829,57.6190181443511,46.3577513414906
2016-09-08 00:00:00,759,1,13.1752305665349,53.9062666736249,44.8068759424646
2016-09-09 00:00:00,785,2,25.4777070063694,50.0567048773058,43.8170523829068
2016-09-10 00:00:00,536,1,18.6567164179104,41.6262496637757,42.67760431282129
2016-09-11 00:00:00,809,1,12.3609394313967,39.30462625534449,41.4928292399757
2016-09-12 00:00:00,583,2,34.3053173241852,34.5528762205756,39.6170161459509
2016-09-13 00:00:00,661,2,30.2571860816944,26.9506950765105,39.3549409848452
2016-09-14 00:00:00,732,1,13.6612021857923,21.1277570019832,36.2767454864446
2016-09-15 00:00:00,800,1,12.5,21.0312954924783,35.6771519905097
2016-09-16 00:00:00,798,4,50.125313283208,24.5523821034552,35.9818755480374
2016-09-17 00:00:00,535,2,37.3831775700934,27.2275908394813,36.3840996105004
2016-09-18 00:00:00,812,2,24.6305418719211,28.9803911881277,35.8996346441771
2016-09-19 00:00:00,560,4,71.4285714285714,34.28371320304,36.4916782594766
2016-09-20 00:00:00,693,4,57.7200577200577,38.206980579949,38.4156801834785
2016-09-21 00:00:00,724,3,41.4364640883977,42.1748751374641,36.1867873498427
2016-09-22 00:00:00,845,5,59.171597633136,48.8422462279121,35.5791945774487
2016-09-23 00:00:00,857,3,35.0058343057176,46.6823206596992,35.7495435136981
2016-09-24 00:00:00,560,1,17.8571428571428,43.8928871292777,35.8991488103622
2016-09-25 00:00:00,825,1,12.1212121212121,42.1058400220335,35.8736359497978
2016-09-26 00:00:00,580,6,103.448275862068,46.6800835125332,39.3219118118668
2016-09-27 00:00:00,709,5,70.5218617771509,48.5089126635465,40.73762417498551
2016-09-28 00:00:00,761,7,91.9842312746386,55.7300222615809,43.1651956133866
2016-09-29 00:00:00,820,6,73.170731707317,57.7298985578925,45.60422000363049
2016-09-30 00:00:00,837,4,47.78972520908,59.5561686869442,45.2507388244684
2016-10-01 00:00:00,550,3,54.5454545454545,64.7973560709888,45.7634376139296
2016-10-02 00:00:00,783,3,38.3141762452107,68.53920808870281,45.2930888360832
2016-10-03 00:00:00,570,2,35.0877192982456,58.77341429387089,43.8736827156041
2016-10-04 00:00:00,625,1,16,50.9845768971351,43.45327260592359
2016-10-05 00:00:00,743,5,67.29475100942119,47.45750828781829,43.444178720652
2016-10-06 00:00:00,797,3,37.6411543287327,42.381854376592,41.9164687286048
2016-10-07 00:00:00,950,5,52.6315789473684,43.073547767776,41.8567957366009
2016-10-08 00:00:00,561,6,106.951871657754,50.5601787838188,44.9826837729749
2016-10-09 00:00:00,777,1,12.8700128700128,46.9252983016477,44.56242730176299
2016-10-10 00:00:00,639,9,140.845070422535,62.0334913194034,48.6353724352505
2016-10-11 00:00:00,642,6,93.45794392523361,73.098911880151,51.3386059183784
2016-10-12 00:00:00,740,2,27.027027027027,67.3463798826661,51.0959962418065
2016-10-13 00:00:00,783,0,0,61.96907212141861,50.0874233724167
2016-10-14 00:00:00,784,4,51.0204081632653,61.7389048665467,51.3327302383324
2016-10-15 00:00:00,570,3,52.6315789473684,53.9788630507774,52.670449536578
2016-10-16 00:00:00,808,3,37.1287128712871,57.444391622388,52.2372295228473
2016-10-17 00:00:00,596,9,151.006711409395,58.8960546205109,56.0246806508241
2016-10-18 00:00:00,636,2,31.4465408805031,50.037282756978,56.2518806177768
2016-10-19 00:00:00,716,4,55.8659217877095,54.1571248656469,55.7331256297481
2016-10-20 00:00:00,843,1,11.8623962040332,55.8517528947945,54.2045369125473
2016-10-21 00:00:00,840,2,23.8095238095238,51.96448370140291,53.6169722365848
2016-10-22 00:00:00,529,3,56.7107750472589,52.5472260013872,53.5349448170556
2016-10-23 00:00:00,802,4,49.8753117206982,54.3681686941603,54.0305940642216
2016-10-24 00:00:00,560,8,142.857142857142,53.203944615267,58.1972607308883
2016-10-25 00:00:00,669,3,44.8430493273542,55.1177315362457,59.2879886377597
2016-10-26 00:00:00,728,3,41.2087912087912,53.0238557392574,57.2133391493171
2016-10-27 00:00:00,837,6,71.68458781362,61.56988311205549,57.2520966838661
2016-10-28 00:00:00,823,7,85.05467800729039,70.3191908545936,57.0211115749544
2016-10-29 00:00:00,574,3,52.2648083623693,69.6840527567522,56.3242474634562
2016-10-30 00:00:00,785,1,12.7388535031847,64.37884443996451,55.1558850732597
2016-10-31 00:00:00,605,2,33.0578512396694,48.69323135175399,54.4396316297335
2016-11-01 00:00:00,683,1,14.6412884333821,44.3786940811866,53.6505353693392
2016-11-02 00:00:00,730,5,68.4931506849315,48.2764597206352,54.7640497488954
2016-11-03 00:00:00,832,6,72.1153846153846,48.3380021208873,56.6345625694082
2016-11-04 00:00:00,855,6,70.1754385964912,46.2123964907731,56.7305854889772
2016-11-05 00:00:00,527,3,56.9259962049335,46.87828046828231,57.3734135515173
2016-11-06 00:00:00,799,3,37.5469336670838,50.4222919202679,56.8705920421745
2016-11-07 00:00:00,571,8,140.105078809106,65.7147530016161,57.97569894721961
2016-11-08 00:00:00,662,3,45.3172205438066,70.097029017391,59.057272536346
2016-11-09 00:00:00,735,8,108.843537414965,75.8613699788245,57.990554769427
2016-11-10 00:00:00,838,22,262.52983293556,103.063434024564,63.62628440310461
2016-11-11 00:00:00,849,22,259.128386336866,130.056712273189,71.3629963800993
2016-11-12 00:00:00,549,12,218.579234972677,153.150032097152,78.6489708791885
2016-11-13 00:00:00,815,7,85.88957055214719,160.056123080733,79.8112762921512
2016-11-14 00:00:00,593,12,202.360876897133,168.949808521879,84.80225289047671
2016-11-15 00:00:00,652,6,92.0245398773006,175.622282712378,86.63211379067721
2016-11-16 00:00:00,737,6,81.4111261872455,171.703366822704,84.3122609499388
2016-11-17 00:00:00,825,12,145.454545454545,154.978325753988,88.1125277690736
2016-11-18 00:00:00,828,9,108.695652173913,133.48793515928,89.873518781947
2016-11-19 00:00:00,578,4,69.20415224913489,112.148637627345,91.7849106501171
2016-11-20 00:00:00,812,6,73.8916256157635,110.434645493576,93.45431404365841
2016-11-21 00:00:00,574,8,139.372822299651,101.43635197965,96.2097156187382
2016-11-22 00:00:00,664,4,60.2409638554216,96.8958411193821,96.5552373565623
2016-11-23 00:00:00,651,14,215.05376344086,115.987646441327,98.9617913760195
2016-11-24 00:00:00,552,5,90.5797101449275,108.148384254238,100.486346736605
2016-11-25 00:00:00,624,5,80.12820512820511,104.067320390566,101.783660533919
2016-11-26 00:00:00,511,6,117.416829745596,110.954845747203,103.308068598318
2016-11-27 00:00:00,764,3,39.26701570680621,106.008472903066,101.781813188302
2016-11-28 00:00:00,573,3,52.3560209424083,93.57750128060361,101.784853607636
2016-11-29 00:00:00,612,10,163.398692810457,108.314319702751,106.806848251212
2016-11-30 00:00:00,711,8,112.517580872011,93.6662936214874,109.455505905624
2016-12-01 00:00:00,837,10,119.4743130227,97.7940940325977,112.949940058601
2016-12-02 00:00:00,801,11,137.32833957553,105.965541810787,115.244446354954
2016-12-03 00:00:00,505,8,158.415841584158,111.82254350201,118.121128253913
2016-12-04 00:00:00,814,8,98.2800982800982,120.252983869623,119.057950243367
2016-12-05 00:00:00,601,6,99.8336106489184,127.035496684839,120.488204058166
2016-12-06 00:00:00,688,11,159.883720930232,126.533357844806,124.566096966938
2016-12-07 00:00:00,699,18,257.510729613733,147.24666480791,128.479618660425
2016-12-08 00:00:00,786,10,127.226463104325,148.354114819571,131.209926745776
2016-12-09 00:00:00,806,9,111.662531017369,144.687570739833,131.30389319919
2016-12-10 00:00:00,485,9,185.567010309278,148.566309129136,128.738465778313
2016-12-11 00:00:00,741,5,67.4763832658569,144.165778412816,122.350065675946
2016-12-12 00:00:00,568,7,123.239436619718,147.509467837216,119.172072397515
2016-12-13 00:00:00,659,13,197.268588770864,152.85016324302,122.884706338138
2016-12-14 00:00:00,686,8,116.618075801749,132.72264126988,120.026612968292
2016-12-15 00:00:00,792,5,63.13131313131311,123.566191273735,119.063505410093
2016-12-16 00:00:00,789,6,76.0456273764258,118.478062182172,118.884655449732
2016-12-17 00:00:00,536,3,55.9701492537313,99.96422488852261,115.901842243038
2016-12-18 00:00:00,741,1,13.4952766531713,92.2526382295676,112.728496392347
2016-12-19 00:00:00,553,6,108.499095840868,90.1468752611604,114.038327845405
2016-12-20 00:00:00,623,9,144.462279293739,82.6031167644283,116.390682968004
2016-12-21 00:00:00,700,3,42.8571428571428,72.0658406294845,113.173493653254
2016-12-22 00:00:00,749,9,120.160213618157,80.2128264133194,115.170801978678
2016-12-23 00:00:00,739,6,81.19079837618399,80.94785084185631,110.708703143189
2016-12-24 00:00:00,477,0,0,72.9521152341804,107.689379471691
2016-12-25 00:00:00,603,3,49.7512437810945,78.13153910959801,106.676814093454
2016-12-26 00:00:00,351,2,56.98005698005689,70.7716764151964,104.66225500127
2016-12-27 00:00:00,442,6,135.746606334841,69.5265802782109,107.878241355537
2016-12-28 00:00:00,602,7,116.279069767441,80.0154269796822,110.009009649705
2016-12-29 00:00:00,579,5,86.35578583765111,75.1862230110384,107.440912750612
2016-12-30 00:00:00,689,5,72.5689404934688,73.9545290277934,106.10929140466
2016-12-31 00:00:00,463,2,43.1965442764578,80.12546392443019,103.566699113119
2017-01-01 00:00:00,713,4,56.1009817671809,81.032569351014,100.859120519507
2017-01-02 00:00:00,389,2,51.41388174807189,80.23740146073041,97.2923885249715
2017-01-03 00:00:00,550,4,72.7272727272727,71.234639516792,96.4406276732106
2017-01-04 00:00:00,646,8,123.839009287925,72.3146308768611,97.2408076278442
2017-01-05 00:00:00,750,7,93.3333333333333,73.31142337624429,95.0224613746142
2017-01-06 00:00:00,773,9,116.429495472186,79.5772169446325,90.31975356989601
2017-01-07 00:00:00,555,4,72.072072072072,83.702292344006,88.4812738688208
2017-01-08 00:00:00,725,4,55.1724137931034,83.56963977628061,86.5982699613453
2017-01-09 00:00:00,636,9,141.509433962264,96.4404329497366,85.1296840831115
2017-01-10 00:00:00,633,10,157.977883096366,108.619091573892,88.1464007441285
2017-01-11 00:00:00,748,8,106.951871657754,106.206643341011,87.603481912063
2017-01-12 00:00:00,797,6,75.28230865746539,103.627925530173,83.5372725749497
2017-01-13 00:00:00,816,12,147.058823529411,108.003543824062,84.5519641658718
2017-01-14 00:00:00,567,4,70.5467372134038,107.785638844252,84.79914496860809
2017-01-15 00:00:00,767,6,78.22685788787479,111.079130857791,84.8718526523231
2017-01-16 00:00:00,476,10,210.084033613445,120.875502236531,90.0089821309802
2017-01-17 00:00:00,616,30,487.012987012987,167.880517081763,105.79290580964
2017-01-18 00:00:00,806,21,260.545905707196,189.822521945969,110.861132805185
2017-01-19 00:00:00,795,12,150.943396226415,200.631248741533,111.077170036274
2017-01-20 00:00:00,849,19,223.79269729093,211.593230707464,117.108355184067
2017-01-21 00:00:00,609,11,180.623973727422,227.318550209467,119.123813854375
2017-01-22 00:00:00,747,7,93.7081659973226,229.530165653674,119.541059441747
2017-01-23 00:00:00,560,11,196.428571428571,227.579385341549,126.088678489366
2017-01-24 00:00:00,636,19,298.742138364779,200.683549820376,134.388374975489
2017-01-25 00:00:00,664,22,331.325301204819,210.794892034322,143.533216449647
2017-01-26 00:00:00,797,14,175.658720200752,214.325652602085,144.863620245178
2017-01-27 00:00:00,785,34,433.12101910828,244.229698575992,155.425018556539
2017-01-28 00:00:00,556,11,197.841726618705,246.689377560461,159.141216582574
2017-01-29 00:00:00,748,8,106.951871657754,248.581335511951,160.28731428805
2017-01-30 00:00:00,575,10,173.91304347826,245.36483151905,164.64453092811
2017-01-31 00:00:00,665,14,210.526315789473,232.762571151149,169.792042062187
2017-02-01 00:00:00,720,12,166.666666666666,209.23990907427,173.633801559473
2017-02-02 00:00:00,805,13,161.490683229813,207.215903792707,176.592581909558
2017-02-03 00:00:00,806,11,136.476426799007,164.838104891382,177.013829159927
2017-02-04 00:00:00,521,4,76.77543186180421,147.542919926111,176.461899110876
2017-02-05 00:00:00,761,9,118.265440210249,149.159144005039,176.523097268812
2017-02-06 00:00:00,567,4,70.5467372134038,134.392528824345,176.472252773523
2017-02-07 00:00:00,635,8,125.984251968503,122.315091135635,178.83264737937
2017-02-08 00:00:00,685,18,262.773722627737,136.044670558645,182.874790334885
2017-02-09 00:00:00,765,8,104.575163398692,127.913882011342,181.094699678296
2017-02-10 00:00:00,780,7,89.74358974358971,121.237762431997,180.521090281157
2017-02-11 00:00:00,541,4,73.9371534195933,120.83229408311,180.476251773228
2017-02-12 00:00:00,745,6,80.53691275167779,115.442504446171,178.258854747304
2017-02-13 00:00:00,563,11,195.38188277087,133.276096668666,182.420026265886
2017-02-14 00:00:00,620,11,177.419354838709,140.623968507267,185.726442830914
2017-02-15 00:00:00,703,7,99.57325746799431,117.309616341589,182.042750292732
2017-02-16 00:00:00,802,13,162.094763092269,125.5267020121,171.212142828708
2017-02-17 00:00:00,817,5,61.1995104039167,121.448976392147,164.567262985266
2017-02-18 00:00:00,510,5,98.0392156862745,124.89212814453,162.803790300594
2017-02-19 00:00:00,784,8,102.04081632653,127.964114369509,158.745394268448
2017-02-20 00:00:00,473,4,84.5665961945031,112.133359144313,155.543481684017
2017-02-21 00:00:00,559,5,89.4454382826475,99.5656567791622,155.401390760194
2017-02-22 00:00:00,669,2,29.8953662182361,89.61167231491099,149.85028391985
2017-02-23 00:00:00,740,10,135.135135135135,85.7602968924633,144.396717145528
2017-02-24 00:00:00,764,12,157.068062827225,99.4558043815073,138.588142532942
2017-02-25 00:00:00,532,5,93.984962406015,98.8766253414703,135.865683939784
2017-02-26 00:00:00,827,7,84.6432889963724,96.3912642943048,124.24975960272
2017-02-27 00:00:00,588,17,289.115646258503,125.61255716059,127.292223590714
2017-02-28 00:00:00,636,7,110.062893081761,128.557907846178,127.395924304847
2017-03-01 00:00:00,741,9,121.457489878542,141.638211226222,125.647405851523
2017-03-02 00:00:00,837,11,131.42174432497,141.107726824769,123.010586802707
2017-03-03 00:00:00,848,6,70.754716981132,128.777248846756,119.813521813189
2017-03-04 00:00:00,538,4,74.3494423791821,125.972174557209,116.908813784834
2017-03-05 00:00:00,795,10,125.786163522012,131.849728060871,116.552471675601
2017-03-06 00:00:00,569,8,140.597539543057,110.632855672951,118.679875264976
2017-03-07 00:00:00,655,2,30.5343511450381,99.27163539627641,115.755505629469
2017-03-08 00:00:00,692,7,101.156069364161,96.3714324656505,116.775816701161
2017-03-09 00:00:00,824,6,72.8155339805825,87.9991167021666,115.003526101564
2017-03-10 00:00:00,792,3,37.8787878787878,83.30255540183171,107.507028276599
2017-03-11 00:00:00,564,2,35.4609929078014,77.74706262020591,105.203222593569
2017-03-12 00:00:00,735,6,81.6326530612245,71.4394182686647,104.93285803749
2017-03-13 00:00:00,608,2,32.8947368421052,56.0533035971,103.564777484907
2017-03-14 00:00:00,641,8,124.804992199688,69.5205380334786,105.040380133174
2017-03-15 00:00:00,682,13,190.615835777126,82.3005046639021,104.88151190005
2017-03-16 00:00:00,888,9,101.351351351351,86.3770500025833,102.345911783804
2017-03-17 00:00:00,848,9,106.132075471698,96.12751965871341,102.564539050594
2017-03-18 00:00:00,542,3,55.350553505535,98.96888545838961,99.0063987310371
2017-03-19 00:00:00,752,4,53.1914893617021,94.90586207274349,98.7394646962966
2017-03-20 00:00:00,580,8,137.931034482758,109.911047449979,100.069191989512
2017-03-21 00:00:00,636,12,188.679245283018,119.035940747598,102.957139621395
2017-03-22 00:00:00,672,6,89.28571428571419,104.560209105968,103.114443557769
2017-03-23 00:00:00,826,6,72.639225181598,100.458476796003,102.554236454401
2017-03-24 00:00:00,851,4,47.0035252643948,92.0115410521029,103.124508422606
2017-03-25 00:00:00,532,1,18.796992481203,86.78960376291259,99.2465703341419
2017-03-26 00:00:00,812,4,49.2610837438423,86.2281172460755,95.6530043646958
2017-03-27 00:00:00,530,7,132.075471698113,85.3916082768405,96.9226880077657
2017-03-28 00:00:00,623,7,112.359550561797,74.4887947452375,97.84656339327991
2017-03-29 00:00:00,720,11,152.777777777777,83.559089529818,93.3019677772557
2017-03-30 00:00:00,776,7,90.2061855670103,86.0686552991626,92.640077526764
2017-03-31 00:00:00,797,4,50.1882057716436,86.523609657341,90.26443472320071
2017-04-01 00:00:00,557,12,215.439856373429,114.61544735623,93.0650384581494
2017-04-02 00:00:00,796,3,37.6884422110552,112.962212851546,91.9628292991468
2017-04-03 00:00:00,540,9,166.666666666666,117.903812132768,95.04007010872961
2017-04-04 00:00:00,590,6,101.694915254237,116.380292803117,94.2370284998038
2017-04-05 00:00:00,645,7,108.527131782945,110.058771946712,93.1680149078
2017-04-06 00:00:00,789,14,177.43979721166,122.520716467376,98.0648631100208
2017-04-07 00:00:00,817,10,122.399020807833,132.836547186832,98.7729614914765
2017-04-08 00:00:00,571,2,35.0262697022767,107.063177662382,97.5133193488663
2017-04-09 00:00:00,795,3,37.7358490566037,107.069950068889,97.5085547214602
2017-04-10 00:00:00,558,2,35.84229390681,88.38075396033811,97.52126475476041
2017-04-11 00:00:00,608,1,16.4473684210526,76.2025329841688,95.34842193342139
2017-04-12 00:00:00,664,4,60.2409638554216,69.3045089945225,96.2599628338653
2017-04-13 00:00:00,740,7,94.5945945945946,57.4694800492274,95.2529495803622
2017-04-14 00:00:00,668,1,14.9700598802395,42.12248563099971,89.3980903837993
2017-04-15 00:00:00,494,5,101.214574898785,51.5779578019295,89.39353116871371
2017-04-16 00:00:00,720,5,69.4444444444444,56.1077571430496,88.1706101344719
2017-04-17 00:00:00,465,4,86.021505376344,63.27621592441159,89.1929751968322
2017-04-18 00:00:00,620,8,129.032258064516,79.3597715877636,91.7210008202594
2017-04-19 00:00:00,687,3,43.6681222707423,76.9922227899522,88.57890374652551
2017-04-20 00:00:00,811,5,61.6522811344019,72.2861780099247,84.34467160823829
2017-04-21 00:00:00,739,10,135.31799729364,89.4787404975534,85.8790810418358
2017-04-22 00:00:00,466,5,107.296137339055,90.34753513187769,87.0343114470844
2017-04-23 00:00:00,716,5,69.8324022346368,90.40295767333379,87.79527401275911
2017-04-24 00:00:00,550,5,90.9090909090909,91.1011841780119,90.1990106270221
2017-04-25 00:00:00,647,10,154.559505409582,94.7479337987357,93.7089580158801
2017-04-26 00:00:00,730,10,136.986301369863,108.079102241467,93.8726523382717
2017-04-27 00:00:00,809,15,185.414091470951,125.759360860974,96.3078037019102
2017-04-28 00:00:00,868,15,172.811059907834,131.115512663002,96.9755797729121
2017-04-29 00:00:00,578,3,51.9031141868512,123.202223641258,95.6988107269068
2017-04-30 00:00:00,765,6,78.43137254901961,124.430647971884,96.64024961948601
2017-05-01 00:00:00,512,2,39.0625,117.023992127728,90.7610044070383
2017-05-02 00:00:00,631,9,142.630744849445,115.31988347628,94.2590811616513
2017-05-03 00:00:00,729,5,68.5871056241426,105.54856979832,90.9897624602339
2017-05-04 00:00:00,821,4,48.721071863581,86.0209955686961,89.2239676805453
2017-05-05 00:00:00,835,0,0,61.3337012961484,85.6063966211138
2017-05-06 00:00:00,541,3,55.452865064695,61.8408085644118,81.5401655495483
2017-05-07 00:00:00,773,6,77.6196636481241,61.7248501499981,80.0475203108913
2017-05-08 00:00:00,562,1,17.7935943060498,58.6864350508624,79.47309779768379
2017-05-09 00:00:00,624,4,64.1025641025641,47.4681235155937,80.35198829921579
2017-05-10 00:00:00,716,4,55.8659217877095,45.6508115389603,81.0194425619124
2017-05-11 00:00:00,788,4,50.7614213197969,45.94229003270549,82.1632443252039
2017-05-12 00:00:00,793,6,75.66204287515761,56.75115330058509,82.6772802925284
2017-05-13 00:00:00,535,3,56.0747663551401,56.8399963420773,81.39328601787999
2017-05-14 00:00:00,848,2,23.5849056603773,49.1207452009706,81.6804475438845
2017-05-15 00:00:00,536,5,93.2835820895522,59.9050291700424,81.4160811169101
2017-05-16 00:00:00,636,2,31.4465408805031,55.2398829954623,80.14948433144541
2017-05-17 00:00:00,707,1,14.1442715700141,49.2796472500772,77.753576537901
2017-05-18 00:00:00,787,6,76.2388818297331,52.9192844657824,75.9937973300749
2017-05-19 00:00:00,815,7,85.88957055214719,54.3803598482095,77.4011789394551
2017-05-20 00:00:00,560,4,71.4285714285714,56.57376057298539,77.7270552825941
2017-05-21 00:00:00,878,1,11.3895216400911,54.83156285580159,73.5961060941425
2017-05-22 00:00:00,551,7,127.041742286751,59.6541571696872,74.2542929257323
2017-05-23 00:00:00,638,1,15.6739811912225,57.4009343569328,72.4490122242852
2017-05-24 00:00:00,719,5,69.5410292072322,65.3147568765354,71.7367435008899
2017-05-25 00:00:00,771,5,64.85084306095979,63.6878941952821,68.7464547559358
2017-05-26 00:00:00,799,4,50.0625782227784,58.5697524339437,65.8489973176996
2017-05-27 00:00:00,534,3,56.1797752808988,56.3913529842762,61.5411867780312
2017-05-28 00:00:00,824,5,60.6796116504854,63.4327944143325,57.8034718361196
2017-05-29 00:00:00,407,1,24.5700245700245,48.7939775976573,56.892368848892
2017-05-30 00:00:00,520,3,57.6923076923076,54.79659566924089,56.2010666870016
2017-05-31 00:00:00,647,2,30.9119010819165,49.27814879419579,55.9293800563988
2017-06-01 00:00:00,753,6,79.6812749003984,51.3967819141156,53.8310643914306
2017-06-02 00:00:00,806,7,86.84863523573199,56.651932915966,54.4397820451503
2017-06-03 00:00:00,526,2,38.0228136882129,54.0580812598681,54.08317343930459
2017-06-04 00:00:00,828,3,36.231884057971,50.5655487466517,55.29090290790369
2017-06-05 00:00:00,549,3,54.6448087431694,54.8619464856724,55.2639676971862
2017-06-06 00:00:00,631,0,0,46.6201882439142,52.676645575582
2017-06-07 00:00:00,698,4,57.30659025787961,50.3908581261946,53.993745440643
2017-06-08 00:00:00,795,2,25.1572327044025,42.6017092410523,52.695567727371
2017-06-09 00:00:00,844,4,47.3933649289099,36.9652420543635,52.41314916541101
2017-06-10 00:00:00,549,7,127.504553734061,49.74834777519909,54.9712535792198
2017-06-11 00:00:00,857,1,11.6686114352392,46.2393088290945,52.83813919788921
2017-06-12 00:00:00,569,3,52.7240773286467,45.9649186270199,52.72644956367279
2017-06-13 00:00:00,633,7,110.584518167456,61.7627069366565,55.62643664724209
2017-06-14 00:00:00,726,2,27.5482093663911,57.51150966644391,53.43525755647
2017-06-15 00:00:00,787,2,25.412960609911,57.5480422243737,53.234138214117
2017-06-16 00:00:00,823,3,36.4520048602673,55.9849907859961,53.9777293237921
2017-06-17 00:00:00,550,4,72.7272727272727,48.15966492788341,53.8606756870434
2017-06-18 00:00:00,797,4,50.1882057716436,53.6624641187983,52.6706301943599
2017-06-19 00:00:00,540,7,129.629629629629,64.6489715903673,54.6106654677285
2017-06-20 00:00:00,671,8,119.225037257824,65.8833314604198,58.2051826549863
2017-06-21 00:00:00,748,7,93.5828877005347,75.316856936726,57.0898875021124
2017-06-22 00:00:00,818,5,61.1246943765281,80.4185331890999,58.6049112749559
2017-06-23 00:00:00,811,7,86.3131935881627,87.54156015022781,59.1639834209869
2017-06-24 00:00:00,545,0,0,77.1519497606174,57.0022886522883
2017-06-25 00:00:00,802,3,37.4064837905236,75.3259894776003,56.5804188378798
2017-06-26 00:00:00,532,1,18.796992481203,59.4927555992536,55.3343260778899
2017-06-27 00:00:00,661,3,45.3857791225416,48.9442901513561,54.8245316602918
2017-06-28 00:00:00,683,4,58.5651537335285,43.9417567274981,55.9577026324086
2017-06-29 00:00:00,730,7,95.8904109589041,48.9082876678375,57.2309727412951
2017-06-30 00:00:00,791,9,113.78002528445,52.8321207673072,59.99324354804629
2017-07-01 00:00:00,532,2,37.593984962406,58.2026900476509,58.5903338834465
2017-07-02 00:00:00,800,5,62.5,61.787478077576,57.7787127089221
2017-07-03 00:00:00,539,4,74.2115027829313,69.7038366921087,58.9850023454127
2017-07-04 00:00:00,470,6,127.659574468085,81.45723602718631,62.0325920257499
2017-07-05 00:00:00,580,8,137.931034482758,92.795218991362,64.8087995504028
2017-07-06 00:00:00,725,2,27.5862068965517,83.0374755538831,65.7283397802879
2017-07-07 00:00:00,766,7,91.3838120104438,79.8380165147394,66.86424717204
2017-07-08 00:00:00,516,6,116.279069767441,91.07874291545879,69.901641740808
2017-07-09 00:00:00,796,8,100.502512562814,96.5076732815751,71.67194666193811
2017-07-10 00:00:00,555,2,36.036036036036,91.0540351748757,68.6229960720039
2017-07-11 00:00:00,585,3,51.28205128205121,80.1429604340138,69.9434440668977
2017-07-12 00:00:00,671,6,89.41877794336811,73.2126380712437,71.1666007540551
2017-07-13 00:00:00,769,6,78.0234070221066,80.4179523748944,70.0812303825434
2017-07-14 00:00:00,828,3,36.231884057971,72.5391055245411,70.370686205596
2017-07-15 00:00:00,530,2,37.7358490566037,61.3186454229928,70.7814491538191
2017-07-16 00:00:00,810,3,37.037037037037,52.2521489193104,70.80095022637809
2017-07-17 00:00:00,543,6,110.49723756906,62.8894634240282,72.0599490544377
2017-07-18 00:00:00,500,5,100,69.8491703837352,73.7203421953829
2017-07-19 00:00:00,691,5,72.3589001447178,67.412044983928,71.8113178792192
2017-07-20 00:00:00,777,5,64.3500643500643,65.45871031649341,69.9821521156272
2017-07-21 00:00:00,797,5,62.7352572145545,69.2449064817196,68.9538977660946
2017-07-22 00:00:00,519,5,96.3391136801541,77.6168014279411,70.1277117428821
2017-07-23 00:00:00,808,4,49.5049504950495,79.3979319219429,68.900770306445
2017-07-24 00:00:00,528,4,75.7575757575757,74.4351230917307,71.42602283169751
2017-07-25 00:00:00,635,1,15.7480314960629,62.3991275911683,70.7040744218822
2017-07-26 00:00:00,678,1,14.7492625368731,54.1691793614762,70.5691500904045
2017-07-27 00:00:00,743,4,53.83580080753701,52.6671417125437,70.85081747990439
2017-07-28 00:00:00,794,9,113.350125944584,59.8978372454051,72.6769832202729
2017-07-29 00:00:00,505,3,59.40594059405939,54.6216696616773,71.46083420811141
2017-07-30 00:00:00,708,2,28.2485875706214,51.585046386759,68.6097862843171
2017-07-31 00:00:00,524,2,38.1679389312977,46.2150982687193,68.6289180832802
2017-08-01 00:00:00,588,3,51.0204081632653,51.2540092211768,68.2462650220557
2017-08-02 00:00:00,657,5,76.10350076103501,60.018900396057,68.3093316213258
2017-08-03 00:00:00,737,4,54.2740841248303,60.0815122985275,65.86314860988399
2017-08-04 00:00:00,783,6,76.6283524904214,54.8355446622185,63.8197258768061
2017-08-05 00:00:00,471,1,21.2314225053078,49.3820420781112,63.6078997304313
2017-08-06 00:00:00,724,6,82.87292817679551,57.1855193075646,63.324203602643
2017-08-07 00:00:00,517,1,19.3423597678916,54.4961508556495,60.0929799359913
2017-08-08 00:00:00,594,3,50.5050505050505,54.4225283330473,58.4263978673992
2017-08-09 00:00:00,635,0,0,43.5505996528995,57.225196666198
2017-08-10 00:00:00,715,1,13.9860139860139,37.79516106164,55.9819954229968
2017-08-11 00:00:00,804,3,37.3134328358208,32.1787439681256,54.2451505860785
2017-08-12 00:00:00,490,4,81.6326530612245,40.8074911903995,54.3654587873825
2017-08-13 00:00:00,752,2,26.595744680851,32.7678935481217,54.0442541414785
2017-08-14 00:00:00,544,6,110.294117647058,45.7610018165741,56.4628630944936
2017-08-15 00:00:00,616,2,32.4675324675324,43.18421352550011,56.3105462755102
2017-08-16 00:00:00,668,11,164.670658682634,66.7085933373051,58.1163269792959
2017-08-17 00:00:00,741,6,80.97165991902831,76.2779713277357,57.4820489765969
2017-08-18 00:00:00,756,2,26.4550264550264,74.7267704161936,55.9519198536072
2017-08-19 00:00:00,482,3,62.2406639004149,71.9564862503637,55.8816065052855
2017-08-20 00:00:00,880,5,56.81818181818181,76.27397726998241,55.68437065873979
2017-08-21 00:00:00,512,2,39.0625,66.0980318918311,53.7751502027346
2017-08-22 00:00:00,579,4,69.0846286701208,71.329045635058,54.4278061419037
2017-08-23 00:00:00,660,2,30.3030303030303,52.1336701522574,52.9126546267522
2017-08-24 00:00:00,708,1,14.1242937853107,42.5840464188692,52.8585300363937
2017-08-25 00:00:00,758,2,26.3852242744063,42.5740746787806,53.24639542764491
2017-08-26 00:00:00,495,3,60.60606060606059,42.3405599224442,53.4720707542623
2017-08-27 00:00:00,771,5,64.85084306095979,43.4880829571268,51.85542799147481
2017-08-28 00:00:00,527,2,37.9506641366223,43.3292492623586,51.1402521095603
2017-08-29 00:00:00,600,4,66.6666666666666,42.983826119008,52.4208547460951
2017-08-30 00:00:00,670,6,89.5522388059701,51.4479987622851,54.1336647419175
2017-08-31 00:00:00,743,6,80.7537012113055,60.9664855374272,55.1247745101855
2017-09-01 00:00:00,782,3,38.3631713554987,62.67762083472611,53.86676353000099
2017-09-02 00:00:00,513,4,77.9727095516569,65.158570684097,54.6567177108952
2017-09-03 00:00:00,831,9,108.303249097472,71.3660572607417,55.7125475977969
2017-09-04 00:00:00,449,3,66.8151447661469,75.489554493531,57.2320050064915
2017-09-05 00:00:00,580,4,68.9655172413793,75.8179617184899,56.7684246419777
2017-09-06 00:00:00,726,4,55.0964187327823,70.89570170803451,57.960226607474
2017-09-07 00:00:00,745,4,53.6912751677852,67.0296408446745,58.0664340962318
2017-09-08 00:00:00,855,1,11.6959064327485,63.2200315699959,58.4562976439901
2017-09-09 00:00:00,544,2,36.7647058823529,57.3331739029525,59.2155873738681
2017-09-10 00:00:00,910,3,32.9670329670329,46.5708573128896,59.0707073782418
2017-09-11 00:00:00,595,0,0,37.0258366320115,56.34961894286769
2017-09-12 00:00:00,643,5,77.76049766718499,38.2822624071266,58.0551107090788
2017-09-13 00:00:00,737,1,13.5685210312075,32.3497055926159,54.8309241552171
2017-09-14 00:00:00,751,3,39.9467376830892,30.3862002376593,55.0802309957356
2017-09-15 00:00:00,815,2,24.5398773006135,32.2210532187829,50.40920494966829
2017-09-16 00:00:00,540,4,74.074074074074,37.5509629604573,50.1792854215031
2017-09-17 00:00:00,806,7,86.84863523573199,45.2483347131286,52.1924057141933
2017-09-18 00:00:00,581,1,17.2117039586919,47.7071495643703,50.6914403828026
2017-09-19 00:00:00,622,2,32.1543408360128,41.1919843027743,49.8693123500636
2017-09-20 00:00:00,700,3,42.8571428571428,45.3760731350508,49.9958004453017
2017-09-21 00:00:00,722,3,41.5512465373961,45.605288685666,49.0780210408775
2017-09-22 00:00:00,795,1,12.5786163522012,43.8965371216072,48.4872072425166
2017-09-23 00:00:00,530,3,56.6037735849056,41.4007799088688,49.9031899025031
2017-09-24 00:00:00,860,1,11.6279069767441,30.6549615861563,49.4112793259143
2017-09-25 00:00:00,600,2,33.3333333333333,32.95805149681929,48.5021884168234
2017-09-26 00:00:00,643,9,139.968895800933,48.36013077752219,51.0061235081558
2017-09-27 00:00:00,762,7,91.8635170603674,55.3610413779829,52.803218605614
2017-09-28 00:00:00,789,4,50.6970849176172,56.6675897180144,52.270899213979
2017-09-29 00:00:00,834,11,131.89448441247,73.7127137266243,53.68230740086241
2017-09-30 00:00:00,531,1,18.8323917137476,68.3168020307446,51.6182637509438
2017-10-01 00:00:00,783,5,63.8569604086845,75.77809537816461,52.4680567193833
2017-10-02 00:00:00,526,0,0,71.0161906162598,49.8689664009947
2017-10-03 00:00:00,566,2,35.3356890459363,56.0685896512603,47.4367143992768
2017-10-04 00:00:00,633,3,47.3933649289099,49.7157107753378,46.7893217380356
2017-10-05 00:00:00,709,3,42.3131170662905,48.51800108229111,45.900908398866
2017-10-06 00:00:00,767,4,52.1512385919165,37.1261088222121,45.8027357275038
2017-10-07 00:00:00,545,4,73.394495412844,44.92069506494011,46.4595097356724
2017-10-08 00:00:00,783,6,76.6283524904214,46.74517964804539,48.6239246042615
2017-10-09 00:00:00,551,0,0,46.74517964804539,47.39843440818311
2017-10-10 00:00:00,582,3,51.5463917525773,49.06099432042269,48.0177463677013
2017-10-11 00:00:00,668,2,29.940119760479,46.5676735820754,49.0157503597172
2017-10-12 00:00:00,667,2,29.9850074962518,44.80651507206991,47.4232340206861
2017-10-13 00:00:00,737,3,40.70556309362269,43.1714185723136,48.3278020894333
2017-10-14 00:00:00,542,3,55.350553505535,40.5937125855552,48.8412626168481
2017-10-15 00:00:00,773,3,38.809831824062,35.1910667760753,49.3169277676298
2017-10-16 00:00:00,530,4,75.4716981132075,45.972737935105,49.3635152356009
2017-10-17 00:00:00,588,6,102.04081632653,53.1862271599554,49.8699212719608
2017-10-18 00:00:00,684,8,116.959064327485,65.617504955242,53.194833284254
2017-10-19 00:00:00,668,4,59.880239520958,69.8882523873429,54.1190299070855
2017-10-20 00:00:00,686,3,43.7317784256559,70.3205688633477,54.1481844260359
2017-10-21 00:00:00,501,4,79.84031936127741,73.8191068427394,55.42448685349861
2017-10-22 00:00:00,800,3,37.5,73.63198801073051,56.25519964175859
2017-10-23 00:00:00,487,1,20.5338809034907,65.7837284093424,55.0528698857114
2017-10-24 00:00:00,582,4,68.7285223367697,61.024829267948,56.9562237310456
2017-10-25 00:00:00,633,3,47.3933649289099,51.0868722110087,57.4248914508981
2017-10-26 00:00:00,676,4,59.171597633136,50.9856376556056,54.7316481786383
2017-10-27 00:00:00,770,4,51.9480519480519,52.1593910159478,53.4011326748944
2017-10-28 00:00:00,570,1,17.5438596491228,43.2598967713543,52.2960251659446
2017-10-29 00:00:00,981,2,20.3873598369011,40.81523389091161,48.5791210134256
2017-10-30 00:00:00,509,2,39.2927308447937,43.495069596812,49.26113231779379
2017-10-31 00:00:00,559,0,0,33.6767092629878,47.1325669708377
2017-11-01 00:00:00,610,4,65.5737704918032,36.2739100576868,49.3183593205645
2017-11-02 00:00:00,665,3,45.1127819548872,34.265507817937,49.6442624175295
2017-11-03 00:00:00,780,5,64.1025641025641,36.001866697153,50.20123572331799
2017-11-04 00:00:00,539,2,37.1057513914656,38.7964226603449,50.0276568674905
2017-11-05 00:00:00,800,0,0,35.8839426836447,48.2892822477599
2017-11-06 00:00:00,520,6,115.384615384615,46.7542119036192,49.6889529134856
2017-11-07 00:00:00,563,0,0,46.7542119036192,47.1346744971383
2017-11-08 00:00:00,630,1,15.8730158730158,39.6541041009353,47.6637750262388
2017-11-09 00:00:00,677,0,0,33.2094209645228,45.9455619678195
2017-11-10 00:00:00,760,5,65.78947368421049,33.4504080476152,47.1405404319439
2017-11-11 00:00:00,524,3,57.2519083969465,36.3284304769696,48.0494371286337
2017-11-12 00:00:00,782,5,63.9386189258312,45.4625188949455,48.8238723230407
2017-11-13 00:00:00,563,4,71.04795737122551,39.1287106073184,49.3471191185637
2017-11-14 00:00:00,618,7,113.268608414239,55.3099403807812,51.82907833823631
2017-11-15 00:00:00,677,6,88.6262924667651,65.7032656084596,52.2675648166882
2017-11-16 00:00:00,704,3,42.6136363636363,71.790927946122,50.2866588179251
2017-11-17 00:00:00,752,3,39.8936170212765,68.0915198514171,47.71781057438481
2017-11-18 00:00:00,531,1,18.8323917137476,62.603017468103,46.34954898081109
2017-11-19 00:00:00,806,0,0,53.4689290501271,44.8918230332892
2017-11-20 00:00:00,505,4,79.2079207920792,54.634638110249,44.8707430809826
2017-11-21 00:00:00,565,5,88.49557522123891,51.0956333683918,46.5705955883572
2017-11-22 00:00:00,627,3,47.8468899521531,45.270004437733,47.4810292233127
2017-11-23 00:00:00,532,2,37.593984962406,44.5529113804143,46.4432113108339
2017-11-24 00:00:00,596,2,33.5570469798657,43.6476870887842,45.9820007125324
2017-11-25 00:00:00,447,3,67.1140939597315,50.54507312392479,46.2467505900856
2017-11-26 00:00:00,735,0,0,50.54507312392479,44.5151488584838
2017-11-27 00:00:00,466,1,21.4592274678111,42.2952597918865,44.6456611191068
2017-11-28 00:00:00,542,2,36.90036900369,34.9245160465223,45.1960947579997
2017-11-29 00:00:00,620,2,32.258064516129,32.6975409842332,44.9616058803776
2017-11-30 00:00:00,658,1,15.1975683890577,29.4980529023263,45.4681914933462
2017-12-01 00:00:00,719,4,55.6328233657858,32.651735243172,45.1368265891456
2017-12-02 00:00:00,514,1,19.4552529182879,25.8433293801086,44.2815756212589
2017-12-03 00:00:00,802,1,12.4688279301745,27.6245905129907,42.56045108217931
2017-12-04 00:00:00,513,4,77.9727095516569,35.6979450963973,43.9226830208523
2017-12-05 00:00:00,565,3,53.0973451327433,38.0117988291192,45.69259452527709
2017-12-06 00:00:00,661,3,45.3857791225416,39.8871866300353,43.359299983208
2017-12-07 00:00:00,619,1,16.1550888529886,40.0239752677397,43.8978029449743
2017-12-08 00:00:00,680,2,29.4117647058823,36.2781097448963,44.3490945727365
2017-12-09 00:00:00,510,2,39.21568627450981,39.1010287957852,45.6562841152201
2017-12-10 00:00:00,726,2,27.5482093663911,41.2552261438161,44.3815753046262
2017-12-11 00:00:00,495,4,80.8080808080808,41.66027918044811,45.166781051664
2017-12-12 00:00:00,622,2,32.1543408360128,38.6684214237723,44.1073051153367
2017-12-13 00:00:00,787,3,38.1194409148665,37.6303731083902,43.0096879001247
2017-12-14 00:00:00,643,5,77.76049766718499,46.4311457961325,41.8260842085562
2017-12-15 00:00:00,687,5,72.7802037845706,52.626637093088,41.29788125248309
2017-12-16 00:00:00,519,6,115.606936416184,63.539672827613,43.7309912542347
2017-12-17 00:00:00,709,6,84.6262341325811,71.6936763656401,45.2220784912782
2017-12-18 00:00:00,471,5,106.157112526539,75.3149666111342,48.1329025183713
2017-12-19 00:00:00,546,4,73.2600732600732,81.1872141002857,50.57490496037369
2017-12-20 00:00:00,557,1,17.9533213644524,78.3063398787979,48.5330849794528
2017-12-21 00:00:00,639,2,31.2989045383411,71.6689694318202,46.6265292900229
2017-12-22 00:00:00,638,2,31.3479623824451,65.7500778029452,46.0765650376993
2017-12-23 00:00:00,461,5,108.459869848156,64.7290682932268,48.4387612005576
2017-12-24 00:00:00,610,0,0,52.6396062742866,47.32019296789539
2017-12-25 00:00:00,295,1,33.8983050847457,42.31691949688749,46.2130000053959
2017-12-26 00:00:00,402,0,0,31.8511947454485,46.2130000053959
2017-12-27 00:00:00,489,0,0,29.2864345505267,45.4976924231355
2017-12-28 00:00:00,515,3,58.252427184466,33.1369377856874,46.2094276958281
2017-12-29 00:00:00,594,1,16.8350168350168,31.0636598503405,45.6953261064576
2017-12-30 00:00:00,414,4,96.6183574879227,29.37201522745,48.4093524097531
2017-12-31 00:00:00,716,3,41.8994413407821,35.3576497047046,47.95157300891969
2018-01-01 00:00:00,364,1,27.4725274725274,34.4396814743877,48.218815494061
2018-01-02 00:00:00,466,5,107.296137339055,49.7677010942528,51.3797258076904
2018-01-03 00:00:00,560,1,17.8571428571428,52.3187215024161,49.3758735845399
2018-01-04 00:00:00,595,4,67.2268907563025,53.6007877269642,49.8468584386586
2018-01-05 00:00:00,659,4,60.6980273141122,59.86693208112069,50.3572667117109
2018-01-06 00:00:00,515,3,58.252427184466,54.3860848949126,51.7605113227602
2018-01-07 00:00:00,723,2,27.6625172890733,52.3522386018113,51.7022030755332
2018-01-08 00:00:00,477,6,125.786163522012,66.3970437517377,54.5878856504499
2018-01-09 00:00:00,551,2,36.2976406533575,56.2544013680665,54.8795333600155
2018-01-10 00:00:00,616,3,48.7012987012987,60.6607093458031,53.80930728978939
2018-01-11 00:00:00,643,7,108.864696734059,66.6089673426255,56.3663191530576
2018-01-12 00:00:00,710,4,56.338028169014,65.9861103218971,56.9736053948625
2018-01-13 00:00:00,537,1,18.6219739292365,60.3246169997215,55.0023212702642
2018-01-14 00:00:00,719,3,41.7246175243393,62.3334884619024,53.9671350615899
2018-01-15 00:00:00,403,0,0,44.3640365301863,50.1135705143837
2018-01-16 00:00:00,520,7,134.615384615384,58.4094285247616,51.7798755304772
2018-01-17 00:00:00,606,3,49.5049504950495,58.5242359238688,49.8914701294275
2018-01-18 00:00:00,614,3,48.85993485342009,49.9521270837776,49.0781321825391
2018-01-19 00:00:00,701,0,0,41.903837345347,48.47968813705729
2018-01-20 00:00:00,489,1,20.4498977505112,42.1649693198148,48.118054577463
2018-01-21 00:00:00,720,5,69.4444444444444,46.1249445941155,49.387937312863
2018-01-22 00:00:00,492,2,40.650406504065,51.9321455232677,47.1276218680599
2018-01-23 00:00:00,559,8,143.112701252236,53.14604789996081,51.8980452431345
2018-01-24 00:00:00,607,16,263.591433278418,83.72983115472779,59.5544828495902
2018-01-25 00:00:00,590,8,135.593220338983,96.1203005098082,64.0742568608897
2018-01-26 00:00:00,632,9,142.405063291139,116.46388097997,68.8210923039276
2018-01-27 00:00:00,484,8,165.289256198347,137.15521790109,72.3889866043904
2018-01-28 00:00:00,550,1,18.1818181818181,129.831985577858,72.4338799826171
2018-01-29 00:00:00,435,2,45.97701149425281,130.592929147884,70.7458351161614
2018-01-30 00:00:00,553,8,144.665461121157,130.814751986302,74.17136910884061
2018-01-31 00:00:00,627,2,31.8979266347687,97.7156796086379,74.3188824142486
2018-02-01 00:00:00,660,6,90.9090909090909,91.3322325472247,73.7726475332498
2018-02-02 00:00:00,679,6,88.3652430044182,83.6122582205503,76.122917538159
2018-02-03 00:00:00,501,2,39.9201596806387,65.70238728944909,75.21269316897019
2018-02-04 00:00:00,706,3,42.4929178470255,69.1754015273358,74.605856186734
2018-02-05 00:00:00,477,5,104.82180293501,77.5818003045869,76.1581687117521
2018-02-06 00:00:00,542,3,55.350553505535,64.82252778806951,77.08110325230079
2018-02-07 00:00:00,670,8,119.402985074626,77.3232504223349,76.868330637388
2018-02-08 00:00:00,628,4,63.6942675159235,73.4354185090253,77.7815515328068
2018-02-09 00:00:00,680,4,58.8235294117647,69.21517371007481,78.1189592231557
2018-02-10 00:00:00,514,4,77.8210116731517,74.6295811375766,77.0841697211255
2018-02-11 00:00:00,734,3,40.8719346049046,74.3980121029879,76.56863326898849
2018-02-12 00:00:00,519,1,19.2678227360308,62.1760149317051,76.5901615625483
2018-02-13 00:00:00,542,1,18.450184501845,56.9045336454637,75.8143471284652
2018-02-14 00:00:00,657,2,30.441400304414,44.19573582114759,76.8290604719456
2018-02-15 00:00:00,616,1,16.2337662337662,37.4156642094108,72.8830065258917
2018-02-16 00:00:00,651,2,30.7219662058371,33.4011551799926,72.2569070495846
2018-02-17 00:00:00,515,6,116.504854368932,38.9274184222469,74.5117377001017
2018-02-18 00:00:00,799,2,25.0312891113892,36.6644690660304,75.34611400381459
2018-02-19 00:00:00,323,0,0,33.9119229608832,74.66445074546431
2018-02-20 00:00:00,526,3,57.0342205323193,39.4239281080938,74.2507766150601
2018-02-21 00:00:00,594,5,84.17508417508411,47.10016866104669,75.7015992040941
2018-02-22 00:00:00,582,1,17.1821305841924,47.23564928253609,71.5039135151593
2018-02-23 00:00:00,663,2,30.1659125188536,47.1562130415385,63.7230628231738
2018-02-24 00:00:00,535,1,18.6915887850467,33.1828893866978,59.8263417713759
2018-02-25 00:00:00,725,2,27.5862068965517,33.547877641721,55.999046558223
2018-02-26 00:00:00,461,6,130.151843817787,52.1409981871192,54.82779947887099
2018-02-27 00:00:00,519,7,134.874759152215,63.2610751328187,58.7175641778842
2018-02-28 00:00:00,591,5,84.6023688663282,63.3221158029964,60.00507609028681
2018-03-01 00:00:00,609,9,147.783251231527,81.9794187526156,60.1090024272991
2018-03-02 00:00:00,667,15,224.887556221889,109.796796424477,66.54199008020309
2018-03-03 00:00:00,471,25,530.785562632696,182.953078402713,81.2045391376566
2018-03-04 00:00:00,766,11,143.603133159268,199.526925011673,83.0458021428183
2018-03-05 00:00:00,509,19,373.28094302554,234.259653469923,94.157828254315
2018-03-06 00:00:00,547,16,292.504570383912,256.778197931594,102.491550005544
2018-03-07 00:00:00,621,16,257.648953301127,281.499138565137,107.585788351081
2018-03-08 00:00:00,662,37,558.912386706948,340.231872204483,124.371182791128
2018-03-09 00:00:00,683,31,453.879941434846,372.945070092048,135.520414669802
2018-03-10 00:00:00,506,23,454.545454545454,362.053626079585,148.548787570787
2018-03-11 00:00:00,743,19,255.7200538358,378.070329033375,155.112005051588
2018-03-12 00:00:00,512,13,253.90625,361.0168014582979,160.981512995816
2018-03-13 00:00:00,578,18,311.418685121107,363.718817849326,169.999738013023
2018-03-14 00:00:00,645,22,341.085271317829,375.638291851712,180.726986299083
2018-03-15 00:00:00,706,27,382.436260623229,350.427416696895,192.859855503129
2018-03-16 00:00:00,700,19,271.428571428571,324.362935267427,200.892761207268
2018-03-17 00:00:00,545,10,183.48623853211,285.640190122663,206.467843617213
2018-03-18 00:00:00,745,5,67.1140939597315,258.696481568939,207.680914542342
2018-03-19 00:00:00,490,12,244.897959183673,257.409582880893,211.960684702834
2018-03-20 00:00:00,573,7,122.164048865619,230.373206272966,215.198443361308
2018-03-21 00:00:00,633,14,221.169036334913,213.242315561121,222.570744572472
2018-03-22 00:00:00,625,15,240,192.894278329231,228.669603888061
2018-03-23 00:00:00,682,22,322.58064516129,200.201717433905,236.616455920935
2018-03-24 00:00:00,517,23,444.874274661508,237.54286545239,250.872860723512
2018-03-25 00:00:00,869,11,126.582278481012,246.038320384002,254.086739588917
2018-03-26 00:00:00,478,8,167.364016736401,234.962042891534,259.042487187296
2018-03-27 00:00:00,549,13,236.7941712204,251.337774656503,266.016085998091
2018-03-28 00:00:00,633,9,142.180094786729,240.05364014962,266.417027697055
2018-03-29 00:00:00,621,13,209.339774557165,235.673607943501,268.89919487722
2018-03-30 00:00:00,649,10,154.083204930662,211.602545053411,271.215222746032
2018-03-31 00:00:00,507,6,118.343195266272,164.955247996949,270.23388754719
2018-04-01 00:00:00,729,1,13.7174211248285,148.831696946065,263.194883043954
2018-04-02 00:00:00,443,11,248.306997742663,160.39497994696,253.778930880953
2018-04-03 00:00:00,516,12,232.558139534883,159.789832563315,256.74409776014
2018-04-04 00:00:00,591,8,135.363790186125,158.816074763228,248.813525998827
2018-04-05 00:00:00,622,31,498.392282958199,200.10929024909,255.676449751303
2018-04-06 00:00:00,672,19,282.738095238095,218.488560293009,256.512754482535
2018-04-07 00:00:00,454,17,374.449339207048,255.075152284549,250.363986232538
2018-04-08 00:00:00,821,13,158.343483556638,275.736018346236,240.512770969931
2018-04-09 00:00:00,450,12,266.666666666666,278.358828192522,234.250144707305
2018-04-10 00:00:00,544,10,183.823529411764,271.396741032076,231.853593893171
2018-04-11 00:00:00,604,14,231.788079470198,285.17163950123,231.116321542177
2018-04-12 00:00:00,624,9,144.230769230769,234.577137540168,225.543391012499
2018-04-13 00:00:00,671,11,163.934426229508,217.605184824656,219.638362842889
2018-04-14 00:00:00,514,9,175.097276264591,189.126318690019,212.727063364267
2018-04-15 00:00:00,754,7,92.8381962864721,179.768420508567,206.774050859531
2018-04-16 00:00:00,414,8,193.236714975845,169.278427409878,207.099066740989
2018-04-17 00:00:00,585,6,102.564102564102,157.669937860212,208.280733694468
2018-04-18 00:00:00,576,16,277.777777777777,164.239894761295,209.376727647605
2018-04-19 00:00:00,550,12,218.181818181818,174.80433032573,212.577319958144
2018-04-20 00:00:00,662,9,135.951661631419,170.806792526003,209.736740801361
2018-04-21 00:00:00,498,5,100.401606425702,160.135982549019,205.083461015552
2018-04-22 00:00:00,759,5,65.8761528326745,156.284262055619,196.526644604598
2018-04-23 00:00:00,461,11,238.611713665943,162.766404725633,189.651225904745
2018-04-24 00:00:00,526,7,133.079847908745,167.125796917725,189.867811552337
2018-04-25 00:00:00,602,9,149.501661129568,148.800637396552,189.272399698775
2018-04-26 00:00:00,631,8,126.782884310618,135.743646843524,185.605356801783
2018-04-27 00:00:00,678,7,103.244837758112,131.071243433051,184.307514900829
2018-04-28 00:00:00,493,8,162.271805273833,139.909843268499,182.738582591384
2018-04-29 00:00:00,722,5,69.2520775623268,140.392118229877,179.910878345773
2018-04-30 00:00:00,457,7,153.172866520787,128.186568637712,181.07186738759
2018-05-01 00:00:00,530,14,264.150943396226,146.91101085021,189.419651463304
2018-05-02 00:00:00,593,17,286.677908937605,166.507617679929,190.698681836468
2018-05-03 00:00:00,576,18,312.5,193.038634206984,193.363410518639
2018-05-04 00:00:00,639,8,125.195618153364,196.174459977734,193.02447145088
2018-05-05 00:00:00,492,9,182.926829268292,199.125177691228,182.508956327883
2018-05-06 00:00:00,718,5,69.6378830083565,199.180292754947,175.405615920225
2018-05-07 00:00:00,429,10,233.100233100233,210.598487980582,170.693979049998
2018-05-08 00:00:00,536,5,93.2835820895522,186.188864936771,168.525315667762
2018-05-09 00:00:00,606,2,33.003300330033,149.94963513569,160.736536789874
2018-05-10 00:00:00,626,8,127.795527156549,123.563281872339,158.8689367147
2018-05-11 00:00:00,642,5,77.88161993769471,116.804139270101,153.73872139695
2018-05-12 00:00:00,463,3,64.79481641468679,99.92813743387201,151.090856303081
2018-05-13 00:00:00,707,5,70.7213578500707,100.082919554116,147.983754023766
2018-05-14 00:00:00,433,5,115.473441108545,83.27909212673279,145.996292851898
2018-05-15 00:00:00,522,10,191.570881226053,97.3201348605187,149.287382349884
2018-05-16 00:00:00,589,12,203.735144312393,121.71039828657,149.637329994436
2018-05-17 00:00:00,608,5,82.23684210526311,115.202014707815,148.959754645808
2018-05-18 00:00:00,647,15,231.839258114374,137.195963018769,147.428470657028
2018-05-19 00:00:00,492,9,182.926829268292,154.071964854998,146.25330435991
2018-05-20 00:00:00,773,5,64.6830530401035,153.209349882146,143.877684073533
2018-05-21 00:00:00,458,9,196.50655021834,164.785508326402,147.081182199954
2018-05-22 00:00:00,522,12,229.885057471264,170.258962075718,152.548145687907
2018-05-23 00:00:00,571,9,157.618213660245,163.670829125411,149.848362354384
2018-05-24 00:00:00,646,12,185.758513931888,178.459639386358,151.604317888489
2018-05-25 00:00:00,653,13,199.081163859111,173.779911635606,153.256967979473
2018-05-26 00:00:00,472,6,127.118644067796,165.807313749821,153.268159971379
2018-05-27 00:00:00,712,4,56.1797752808988,164.59255978422,151.699324555472
2018-05-28 00:00:00,333,3,90.09009009009,149.390208337327,149.293267382681
2018-05-29 00:00:00,484,9,185.95041322314,143.113830587595,153.183211904708
2018-05-30 00:00:00,636,11,172.955974842767,145.304939327955,153.842648848774
2018-05-31 00:00:00,582,12,206.185567010309,148.22308976773,151.91046963591
2018-06-01 00:00:00,681,25,367.107195301027,172.226808545146,154.591445848024
2018-06-02 00:00:00,485,17,350.515463917525,204.140639952251,155.858627978608
2018-06-03 00:00:00,700,7,100,210.400672054979,155.018774040163
2018-06-04 00:00:00,443,13,293.453724604966,239.452619842819,158.703003884719
2018-06-05 00:00:00,536,11,205.223880597014,242.205972324801,163.222537137674
2018-06-06 00:00:00,607,9,148.27018121911,238.679430378564,160.394868741636
2018-06-07 00:00:00,628,17,270.700636942675,247.895868940331,166.308770570074
2018-06-08 00:00:00,676,22,325.443786982248,241.943953466219,176.056786791814
2018-06-09 00:00:00,515,18,349.514563106796,241.800967636115,183.447421323489
2018-06-10 00:00:00,757,12,158.520475561426,250.161035573462,186.135383177614
2018-06-11 00:00:00,479,14,292.275574112734,249.992728360286,193.718075100882
2018-06-12 00:00:00,530,15,283.018867924528,261.106297978502,200.794658770031
2018-06-13 00:00:00,612,11,179.738562091503,265.601780960272,202.936829469463
2018-06-14 00:00:00,618,14,226.537216828478,259.292720943959,204.102373989543
2018-06-15 00:00:00,615,8,130.081300813008,231.383794348353,201.647245872897
2018-06-16 00:00:00,483,13,269.151138716356,219.903305149719,207.8777224266
2018-06-17 00:00:00,679,14,206.185567010309,226.71260392813,207.022599389798
2018-06-18 00:00:00,454,10,220.264317180616,216.425281509256,208.267182320209
2018-06-19 00:00:00,547,14,255.941499085923,212.557085960884,214.64246385507
2018-06-20 00:00:00,641,15,234.009360374415,220.310057144157,215.892557526939
2018-06-21 00:00:00,634,13,205.047318611987,217.240071684659,215.064632898296
2018-06-22 00:00:00,657,18,273.972602739726,237.795971959904,218.943112534279
2018-06-23 00:00:00,478,7,146.443514644351,220.266311378189,217.632612558028
2018-06-24 00:00:00,766,8,104.43864229765,205.731036419238,214.477861839312
2018-06-25 00:00:00,448,6,133.928571428571,193.39735845466,214.704859418005
2018-06-26 00:00:00,542,14,258.30258302583,193.734656160361,221.442286342836
2018-06-27 00:00:00,637,15,235.478806907378,193.944577093641,226.288576903412
2018-06-28 00:00:00,636,16,251.572327044025,200.591006869647,228.475974030775
2018-06-29 00:00:00,671,13,193.740685543964,189.129304413109,229.168797720815
2018-06-30 00:00:00,467,15,321.19914346895,214.094394245195,233.002583602769
2018-07-01 00:00:00,747,5,66.9344042838018,208.736645957502,222.996823902195
2018-07-02 00:00:00,483,11,227.743271221532,222.138745927925,218.904417478995
2018-07-03 00:00:00,508,13,255.905511811023,221.796307182953,224.101267872696
2018-07-04 00:00:00,497,12,241.448692152917,222.649147932316,222.367766790961
2018-07-05 00:00:00,516,13,251.937984496124,222.701384711187,223.924903587598
2018-07-06 00:00:00,618,26,420.711974110032,255.125854506339,233.006296683962
2018-07-07 00:00:00,471,18,382.165605095541,263.835349024424,236.721795622391
2018-07-08 00:00:00,670,9,134.328358208955,273.463056728017,230.351281329948
2018-07-09 00:00:00,452,9,199.115044247787,269.373310017482,225.337964034648
2018-07-10 00:00:00,544,14,257.35294117647,269.580085641117,228.632379555149
2018-07-11 00:00:00,600,12,200,263.658843904986,225.556527084725
2018-07-12 00:00:00,602,16,265.780730897009,265.636379105113,224.981922517141
2018-07-13 00:00:00,681,13,190.895741556534,232.805488740328,225.353828499309
2018-07-14 00:00:00,524,12,229.007633587786,210.925778524934,225.436175724619
2018-07-15 00:00:00,714,10,140.056022408963,211.744016267792,225.768666444484
2018-07-16 00:00:00,437,11,251.716247139588,219.258473823764,225.187503391925
2018-07-17 00:00:00,485,11,226.80412371134,214.894357043031,225.874788615293
2018-07-18 00:00:00,585,17,290.59829059829,227.836969985644,228.219254395882
2018-07-19 00:00:00,574,14,243.90243902439,224.711499718127,227.817952393831
2018-07-20 00:00:00,637,23,361.067503924646,249.021751485,232.053223845505
2018-07-21 00:00:00,452,17,376.1061946902651,270.035831642497,237.755186381448
2018-07-22 00:00:00,659,10,151.74506828528,271.705695339114,233.680935232966
2018-07-23 00:00:00,435,16,367.816091954023,288.291387455462,241.060021143289
2018-07-24 00:00:00,526,8,152.091254752851,277.618120461392,242.648441558462
2018-07-25 00:00:00,590,14,237.28813559322,270.002384032096,246.09376036395
2018-07-26 00:00:00,598,26,434.782608695652,297.270979699419,251.976427886278
2018-07-27 00:00:00,656,18,274.390243902439,284.888513981961,253.273475786113
2018-07-28 00:00:00,464,20,431.03448275862,292.73541227744,259.255547643266
2018-07-29 00:00:00,673,12,178.306092124814,296.529844254517,258.741061195961
2018-07-30 00:00:00,444,7,157.657657657657,266.507210783607,253.289678335585
2018-07-31 00:00:00,518,12,231.660231660231,277.874207484661,258.780539248132
2018-08-01 00:00:00,595,22,369.7478991596629,296.797030851296,263.51402684607
2018-08-02 00:00:00,618,18,291.26213592233,276.294106169393,264.692580983114
2018-08-03 00:00:00,649,11,169.491525423728,261.308574958149,262.294008758807
2018-08-04 00:00:00,493,16,324.543610547667,246.095593213727,264.714196293859
2018-08-05 00:00:00,673,7,104.011887072808,235.482135349155,254.157526725951
2018-08-06 00:00:00,427,9,210.772833723653,243.070017644297,248.444434346888
2018-08-07 00:00:00,498,12,240.963855421686,244.399106753076,251.998950920646
2018-08-08 00:00:00,561,10,178.25311942959,217.04270964878,251.303553426706
2018-08-09 00:00:00,594,9,151.515151515151,197.078854733469,247.775627104662
2018-08-10 00:00:00,652,14,214.723926380368,203.540626298703,248.266424650675
2018-08-11 00:00:00,481,15,311.850311850311,201.727297913366,249.802077349118
2018-08-12 00:00:00,703,11,156.472261735419,209.221637150882,248.654628021747
2018-08-13 00:00:00,455,10,219.780219780219,210.508406587535,248.347047561495
2018-08-14 00:00:00,492,9,182.926829268292,202.217402851335,249.776074456806
2018-08-15 00:00:00,572,9,157.342657342657,199.230193981774,246.630288130242
2018-08-16 00:00:00,545,16,293.577981651376,219.524884001234,248.85608339491
2018-08-17 00:00:00,621,17,273.752012882447,227.957467787246,248.294540804382
2018-08-18 00:00:00,444,11,247.747747747747,218.799958629737,248.422717761827
2018-08-19 00:00:00,669,9,134.529147982062,215.665228093543,240.871439230407
2018-08-20 00:00:00,399,7,175.438596491228,209.33071048083,234.18251929044
2018-08-21 00:00:00,483,16,331.262939958592,230.521583436587,240.166448346217
2018-08-22 00:00:00,561,9,160.427807486631,230.96231917144,233.253505530637
2018-08-23 00:00:00,565,19,336.283185840707,237.063062627059,239.393236566899
2018-08-24 00:00:00,624,12,192.307692307692,225.428159687808,237.893888457381
2018-08-25 00:00:00,469,9,191.897654584221,217.449574950162,229.797723320333
2018-08-26 00:00:00,729,8,109.739368998628,213.908177952528,224.30936082354
2018-08-27 00:00:00,412,12,291.26213592233,230.454397871257,219.650282595663
2018-08-28 00:00:00,494,20,404.858299595141,240.968020676478,227.202022844674
2018-08-29 00:00:00,580,18,310.344827586206,262.384737833561,232.291595175626
2018-08-30 00:00:00,557,16,287.253141831238,255.380445832208,234.144692181326
2018-08-31 00:00:00,654,8,122.324159021406,245.382798219881,225.897234176718
2018-09-01 00:00:00,474,8,168.776371308016,242.079757751852,221.81437535624
2018-09-02 00:00:00,725,9,124.137931034482,244.136695185545,220.302588876599
2018-09-03 00:00:00,374,4,106.951871657754,217.806657433463,213.049530913602
2018-09-04 00:00:00,479,14,292.275574112734,201.723410935976,219.324987148266
2018-09-05 00:00:00,597,8,134.003350083752,176.531771292769,216.766004360269
2018-09-06 00:00:00,579,6,103.626943005181,150.29945717476,212.188107279719
2018-09-07 00:00:00,670,8,119.402985074626,149.882146610935,210.226436134554
2018-09-08 00:00:00,509,12,235.756385068762,159.450720005327,213.034477253007
2018-09-09 00:00:00,773,7,90.55627425614479,154.653340465564,208.895555515533
2018-09-10 00:00:00,479,6,125.260960334029,157.268924562175,202.675910464991
2018-09-11 00:00:00,517,12,232.1083172147,148.67360214817,205.1971123143
2018-09-12 00:00:00,582,10,171.821305841924,154.07616725648,203.59848184969
2018-09-13 00:00:00,628,11,175.159235668789,164.295066208425,203.33956206304
2018-09-14 00:00:00,705,4,56.7375886524822,155.342866719547,199.986059773368
2018-09-15 00:00:00,461,5,108.459869848156,137.15765025946,193.815456046594
2018-09-16 00:00:00,720,3,41.66666666666659,130.17342060382,186.079277839401
2018-09-17 00:00:00,467,3,64.2398286937901,121.456116083786,179.962347204269
2018-09-18 00:00:00,518,16,308.880308880308,132.423543464587,185.774052567544
2018-09-19 00:00:00,589,21,356.536502546689,158.811428708125,191.810649436059
2018-09-20 00:00:00,595,11,184.873949579831,160.199244981131,186.931016423434
2018-09-21 00:00:00,652,9,138.03680981595,171.813419433055,186.184649834411
2018-09-22 00:00:00,438,9,205.479452054794,185.673359748289,181.824525374881
2018-09-23 00:00:00,750,4,53.3333333333333,187.340026414956,177.192046742402
2018-09-24 00:00:00,478,13,271.966527196652,217.015269058222,179.861009162817
2018-09-25 00:00:00,551,7,127.041742286751,191.038330973428,180.437754939087
2018-09-26 00:00:00,597,11,184.254606365159,166.426631518924,176.870837287182
2018-09-27 00:00:00,615,14,227.642276422764,172.536392496486,170.963636514769
2018-09-28 00:00:00,654,7,107.03363914373,168.10736811474,164.18659690002
2018-09-29 00:00:00,499,8,160.320641282565,161.656109432993,159.955513548397
2018-09-30 00:00:00,751,4,53.2623169107856,161.645964229772,157.65345214471
2018-10-01 00:00:00,472,17,360.169491525423,174.246387705311,164.033222818624
2018-10-02 00:00:00,530,19,358.490566037735,207.310505384023,171.844977318732
2018-10-03 00:00:00,614,15,244.2996742671,215.888372227157,176.42323740571
2018-10-04 00:00:00,621,10,161.030595813204,206.372417854363,172.048404795726
2018-10-05 00:00:00,688,19,276.162790697674,230.533725219212,176.78705281619
2018-10-06 00:00:00,495,8,161.616161616161,230.718799552583,178.720026769889
2018-10-07 00:00:00,731,6,82.07934336525301,234.835517617507,177.475905379577
2018-10-08 00:00:00,526,9,171.102661596958,207.825970484869,175.32078126385
2018-10-09 00:00:00,505,8,158.415841584158,179.243866991501,177.58276684145
2018-10-10 00:00:00,602,5,83.0564784053156,156.209124725531,176.17595077716
2018-10-11 00:00:00,590,9,152.542372881355,154.996521449553,173.523752632715
2018-10-12 00:00:00,681,9,132.15859030837,134.424492822509,172.20166211493
2018-10-13 00:00:00,490,9,183.673469387755,137.57553678988,172.485469905562
2018-10-14 00:00:00,780,7,89.74358974358971,138.670429129642,173.585669941932
2018-10-15 00:00:00,487,8,164.271047227926,137.694484219781,175.446042521258
2018-10-16 00:00:00,544,4,73.5294117647058,125.56785138843,176.508134024526
2018-10-17 00:00:00,624,4,64.1025641025641,122.86014934518,176.503558538152
2018-10-18 00:00:00,622,13,209.003215434083,130.92598399557,173.174322089944
2018-10-19 00:00:00,686,10,145.772594752186,132.870841773258,166.148858496794
2018-10-20 00:00:00,530,8,150.943396226415,128.195117035924,165.01784005168
2018-10-21 00:00:00,756,3,39.68253968253961,121.043538455774,161.739364380567
2018-10-22 00:00:00,503,7,139.165009940357,117.456961700407,159.528882976752
2018-10-23 00:00:00,560,9,160.714285714285,129.911943693204,163.108248056117
2018-10-24 00:00:00,581,15,258.175559380378,157.63665730432,162.648549128908
2018-10-25 00:00:00,599,14,233.72287145242,161.168036735511,166.204586767764
2018-10-26 00:00:00,672,6,89.28571428571419,153.098482383158,163.038957031782
2018-10-27 00:00:00,456,12,263.157894736842,169.129125027505,164.222810975585
2018-10-28 00:00:00,753,7,92.96148738379809,176.740403270542,163.753739250254
2018-10-29 00:00:00,500,3,60,165.431116136205,160.409717874168
2018-10-30 00:00:00,570,8,140.350877192982,162.522057776019,163.312669883575
2018-10-31 00:00:00,611,5,81.8330605564648,137.330272229745,154.034788851276
2018-11-01 00:00:00,618,11,177.99352750809,129.368937380555,148.018220900288
2018-11-02 00:00:00,714,7,98.0392156862745,130.619437580635,143.142872280927
2018-11-03 00:00:00,524,9,171.755725190839,117.561984788349,143.500376593515
2018-11-04 00:00:00,826,7,84.7457627118644,116.388309835216,137.119808993988
2018-11-05 00:00:00,520,7,134.615384615384,127.047650494556,136.219783093962
2018-11-06 00:00:00,558,8,143.36917562724,127.478835985165,138.262777502695
2018-11-07 00:00:00,643,6,93.3125972006221,129.118769791473,135.66977535615
2018-11-08 00:00:00,684,9,131.578947368421,122.488115485806,134.775212215626
2018-11-09 00:00:00,673,8,118.870728083209,125.464045828225,135.969020538222
2018-11-10 00:00:00,529,5,94.5179584120983,114.430079145548,134.034873389247
2018-11-11 00:00:00,718,7,97.49303621169909,116.251118216953,132.879354919358
2018-11-12 00:00:00,493,9,182.555780933062,123.099746262335,132.842098637535
2018-11-13 00:00:00,533,6,112.570356472795,118.699914954557,133.602990861842
2018-11-14 00:00:00,634,11,173.501577287066,130.155483538335,133.910675197146
2018-11-15 00:00:00,588,13,221.088435374149,142.942553253439,138.829309317461
2018-11-16 00:00:00,655,9,137.404580152671,145.59024640622,141.272709852465
2018-11-17 00:00:00,522,5,95.7854406130268,145.771315292066,137.498784025096
2018-11-18 00:00:00,788,8,101.522842639593,146.347001924623,136.02379228801
2018-11-19 00:00:00,521,8,153.550863723608,142.203442323272,136.11070787125
2018-11-20 00:00:00,530,9,169.811320754716,150.380722934975,140.448333906989
2018-11-21 00:00:00,585,9,153.846153846153,147.572805300559,140.937705370515
2018-11-22 00:00:00,505,6,118.811881188118,132.961868988269,139.540958552976
2018-11-23 00:00:00,598,9,150.501672240802,134.832882143716,135.951828981657
2018-11-24 00:00:00,449,8,178.173719376391,146.602636252769,134.100190579123
2018-11-25 00:00:00,685,7,102.189781021897,146.697913164526,134.530326136996
2018-11-26 00:00:00,472,5,105.93220338983,139.895247402558,129.289469758762
2018-11-27 00:00:00,522,12,229.885057471264,148.477209790636,133.853588761678
2018-11-28 00:00:00,609,14,229.885057471264,159.339910308509,139.51642401072
2018-11-29 00:00:00,595,14,235.294117647058,175.980229802643,142.681198692522
2018-11-30 00:00:00,684,16,233.91812865497,187.896866433239,147.750700962472
2018-12-01 00:00:00,506,11,217.391304347826,193.499378572015,149.063960190464
2018-12-02 00:00:00,736,9,122.282608695652,196.369782525409,149.872073290776
2018-12-03 00:00:00,501,4,79.84031936127741,192.64237052133,146.808226429791
2018-12-04 00:00:00,547,22,402.193784277879,217.257902922275,157.389827148658
2018-12-05 00:00:00,607,16,263.591433278418,222.073099466154,161.689028770759
2018-12-06 00:00:00,576,9,156.25,210.781082659431,162.118389583184
2018-12-07 00:00:00,656,15,228.658536585365,210.029712363773,166.629920896009
2018-12-08 00:00:00,460,14,304.347826086956,222.45207261222,172.38888351996
2018-12-09 00:00:00,760,7,92.1052631578947,218.141023249684,171.496701355783
2018-12-10 00:00:00,484,8,165.289256198347,230.348014226408,173.855744615325
2018-12-11 00:00:00,553,8,144.665461121157,193.558253775448,175.428158778974
2018-12-12 00:00:00,599,8,133.55592654424,174.981752813422,173.794830299346
2018-12-13 00:00:00,610,13,213.11475409836,183.105289113188,177.146310220198
2018-12-14 00:00:00,650,6,92.30769230769229,163.62659707352,174.439847387552
2018-12-15 00:00:00,479,10,208.768267223382,149.972374378724,174.02917511586
2018-12-16 00:00:00,688,7,101.744186046511,151.349363362812,172.840495312322
2018-12-17 00:00:00,483,6,124.223602484472,145.482841403687,173.78843404137
2018-12-18 00:00:00,534,3,56.1797752808988,132.842029140793,172.276998462747
2018-12-19 00:00:00,608,13,213.815789473684,144.307723844999,174.285829321083
2018-12-20 00:00:00,588,8,136.054421768707,133.299104940763,173.160599354882
2018-12-21 00:00:00,637,6,94.1915227629513,133.568223577229,171.172111652109
2018-12-22 00:00:00,443,1,22.5733634311512,106.96895160691,167.96416106021
2018-12-23 00:00:00,618,9,145.631067961165,113.238506166146,167.801807584222
2018-12-24 00:00:00,351,2,56.98005698005689,103.632285379801,163.762018837677
2018-12-25 00:00:00,307,3,97.7198697068403,109.566584583507,163.613021793842
2018-12-26 00:00:00,432,11,254.629629629629,115.397133177214,168.569602668502
2018-12-27 00:00:00,421,8,190.023752969121,123.107037634416,167.240892518431
2018-12-28 00:00:00,505,10,198.019801980198,137.939648951165,166.178717335395
2018-12-29 00:00:00,401,8,199.501246882793,163.215060872828,164.985621643253
2018-12-30 00:00:00,646,10,154.798761609907,164.524731394077,162.348309408417
2018-12-31 00:00:00,399,9,225.563909774436,188.608138936131,162.620729589304
2019-01-01 00:00:00,349,6,171.919770773638,199.208124802817,164.275301658571
2019-01-02 00:00:00,506,10,197.628458498023,191.065100355444,168.201572963129
2019-01-03 00:00:00,549,16,291.43897996357,205.55298992608,164.509746152652
2019-01-04 00:00:00,598,9,150.501672240802,198.764685677595,160.740087451398
2019-01-05 00:00:00,485,11,226.80412371134,202.665096653102,163.091891575109
2019-01-06 00:00:00,628,6,95.5414012738853,194.199759462241,158.654653731393
2019-01-07 00:00:00,469,10,213.21961620469,192.436288952278,155.617046735318
2019-01-08 00:00:00,540,10,185.185185185185,194.331348153927,158.719710802894
2019-01-09 00:00:00,590,8,135.593220338983,185.469171274064,157.729842940915
2019-01-10 00:00:00,625,9,144,164.406459850697,157.707660903543
2019-01-11 00:00:00,647,8,123.647604327666,160.570164434535,157.377383496324
2019-01-12 00:00:00,511,2,39.1389432485322,133.760852939848,151.57818980133
2019-01-13 00:00:00,675,2,29.6296296296296,124.344885562097,149.488921045395
2019-01-14 00:00:00,458,9,196.50655021834,121.957304706904,149.080197145227
2019-01-15 00:00:00,546,10,183.150183150183,121.666590130475,151.793730382016
2019-01-16 00:00:00,638,2,31.3479623824451,106.774410422399,148.697875711948
2019-01-17 00:00:00,592,7,118.243243243243,103.094873742862,150.76665797736
2019-01-18 00:00:00,645,9,139.53488372093,105.364485084757,148.290627785601
2019-01-19 00:00:00,503,6,119.284294234592,116.813820939908,147.731623534464
2019-01-20 00:00:00,809,8,98.8875154511742,126.7078046287,147.888156624071
2019-01-21 00:00:00,405,6,148.148148148148,119.799461475816,152.073982781305
2019-01-22 00:00:00,511,15,293.542074363992,135.569731649217,157.004349661399
2019-01-23 00:00:00,580,8,137.931034482758,150.795884806405,159.702715578156
2019-01-24 00:00:00,597,5,83.752093802345,145.868577743419,159.237123048006
2019-01-25 00:00:00,649,3,46.2249614791987,132.538588851743,152.290300776325
2019-01-26 00:00:00,501,7,139.720558882235,135.458055229978,150.613527640095
2019-01-27 00:00:00,687,8,116.448326055312,137.966742459141,147.894478442599
2019-01-28 00:00:00,437,2,45.766590389016,123.340805636407,142.769989892806
2019-01-29 00:00:00,543,14,257.826887661141,118.238636107429,146.204260761181
2019-01-30 00:00:00,613,14,228.384991843393,131.160630016091,146.298296830146
2019-01-31 00:00:00,646,9,139.318885448916,139.098743108458,145.211600652655
2019-02-01 00:00:00,646,9,139.318885448916,152.397875104132,143.267948217685
2019-02-02 00:00:00,511,7,136.986301369863,152.007266888079,138.119525597895
2019-02-03 00:00:00,676,4,59.171597633136,143.824877113482,135.075189777639
2019-02-04 00:00:00,458,3,65.5021834061135,146.644247544496,129.698458434132
2019-02-05 00:00:00,527,11,208.728652751423,139.630213985965,133.471366816716
2019-02-06 00:00:00,607,7,115.321252059308,123.478251159667,130.20808801187
2019-02-07 00:00:00,587,8,136.286201022146,123.045010527271,128.578121873102
2019-02-08 00:00:00,653,12,183.767228177641,129.394773774232,130.183922134391
2019-02-09 00:00:00,505,4,79.2079207920792,121.140719405977,128.024186160794
2019-02-10 00:00:00,699,6,85.8369098712446,124.950049725707,126.763829678913
2019-02-11 00:00:00,470,3,63.8297872340425,124.71113598684,127.586857811763
2019-02-12 00:00:00,531,9,169.491525423728,119.105832082884,132.2489210049
2019-02-13 00:00:00,605,6,99.1735537190082,116.799018034269,129.004487788255
2019-02-14 00:00:00,621,15,241.545893719806,131.836116991078,130.95101147391
2019-02-15 00:00:00,640,9,140.625,125.672941537129,134.593579394495
2019-02-16 00:00:00,507,15,295.85798816568,156.622951161929,140.514070891909
2019-02-17 00:00:00,692,3,43.3526011560693,150.553764202618,137.307994806414
2019-02-18 00:00:00,361,4,110.803324099723,157.264269469144,137.025295801918
2019-02-19 00:00:00,469,6,127.931769722814,151.327161511871,137.993437610973
2019-02-20 00:00:00,486,7,144.032921810699,157.735642667827,137.856263399725
2019-02-21 00:00:00,578,5,86.50519031141869,135.586970752343,130.955033931305
2019-02-22 00:00:00,633,7,110.584518167456,131.295473347694,130.043483387462
2019-02-23 00:00:00,490,12,244.897959183673,124.015469207407,135.415012233506
2019-02-24 00:00:00,742,4,53.9083557951482,125.523434155847,135.671125377371
2019-02-25 00:00:00,480,8,166.666666666666,133.50391166541,136.569328970186
2019-02-26 00:00:00,555,9,162.162162162162,138.393967728174,138.093123507081
2019-02-27 00:00:00,621,6,96.6183574879227,131.620458539206,139.788182410378
2019-02-28 00:00:00,711,6,84.3881856540084,131.318029302433,134.006892343473
2019-03-01 00:00:00,755,8,105.960264900662,130.657421692891,129.926068112049
2019-03-02 00:00:00,600,8,133.333333333333,114.719617999985,129.726549708196
2019-03-03 00:00:00,785,6,76.4331210191082,117.937441603408,127.630357560536
2019-03-04 00:00:00,559,7,125.223613595706,112.017005450414,127.238267968064
2019-03-05 00:00:00,642,11,171.339563862928,113.328062836238,130.977200175724
2019-03-06 00:00:00,719,9,125.173852573018,117.407419276965,132.96625581462
2019-03-07 00:00:00,712,11,154.494382022471,127.422590186746,131.158446790322
2019-03-08 00:00:00,744,13,174.731182795698,137.247007028894,133.138777814868
2019-03-09 00:00:00,636,8,125.786163522012,136.168839912991,132.788776564864
2019-03-10 00:00:00,833,8,96.0384153661464,138.969596248282,129.864482804481
2019-03-11 00:00:00,573,7,122.164048865619,138.532515572556,131.296353740265
2019-03-12 00:00:00,609,8,131.362889983579,132.82156216122,132.813886410677
2019-03-13 00:00:00,728,11,151.098901098901,136.52514052206,135.722856872839
2019-03-14 00:00:00,714,5,70.0280112044817,124.45851611949,132.407406398864
2019-03-15 00:00:00,839,9,107.270560190703,114.821284318777,132.677306614587
2019-03-16 00:00:00,594,2,33.6700336700336,101.661837197065,125.748111279594
2019-03-17 00:00:00,748,2,26.7379679144385,91.7617732753934,121.951876876742
2019-03-18 00:00:00,587,5,85.17887563884149,86.4781771001394,114.929239792514
2019-03-19 00:00:00,614,5,81.4332247557003,79.3453677818709,116.198593912502
2019-03-20 00:00:00,716,3,41.8994413407821,63.7454449592825,113.901797820537
2019-03-21 00:00:00,684,5,73.0994152046783,64.1842169593105,112.074052669933
2019-03-22 00:00:00,759,8,105.401844532279,63.9172575795357,110.786350093986
2019-03-23 00:00:00,589,4,67.9117147707979,68.8089263082163,110.166567575965
2019-03-24 00:00:00,904,8,88.49557522123891,77.63144163775921,109.430269477758
2019-03-25 00:00:00,571,3,52.539404553415,72.9686600541269,103.018317656749
2019-03-26 00:00:00,653,9,137.825421133231,81.0246881080599,105.815553168018
2019-03-27 00:00:00,732,2,27.3224043715847,78.9422542553174,101.170744424849
2019-03-28 00:00:00,711,3,42.1940928270042,74.52720820136389,97.17180878034421
2019-03-29 00:00:00,750,5,66.6666666666666,68.99361136341929,96.1734190863023
2019-03-30 00:00:00,593,4,67.45362563237771,68.9281700579307,95.608933752248
2019-03-31 00:00:00,806,5,62.0347394540943,65.1480506626243,94.14474957069571
2019-04-01 00:00:00,535,3,56.0747663551401,65.65310234858501,91.56946400475589
2019-04-02 00:00:00,650,9,138.461538461538,65.7439762526289,93.6370779195036
2019-04-03 00:00:00,735,6,81.6326530612245,73.5025832082917,92.1840459016875
2019-04-04 00:00:00,712,9,126.404494382022,85.5326405732944,90.686210252324
2019-04-05 00:00:00,775,16,206.451612903225,105.501918607088,93.3954689299976
2019-04-06 00:00:00,616,10,162.337662337662,119.056780993557,93.6569116071706
2019-04-07 00:00:00,810,8,98.7654320987654,124.304022799939,91.12471991727281
2019-04-08 00:00:00,604,3,49.6688741721854,123.388895345231,88.5874769389452
2019-04-09 00:00:00,651,3,46.0829493087557,110.191954037691,86.9222947370322
2019-04-10 00:00:00,714,11,154.061624649859,120.538949978924,87.9855472631735
2019-04-11 00:00:00,725,7,96.551724137931,116.274268515483,86.8251750683186
2019-04-12 00:00:00,919,8,87.0511425462459,99.217058464486,84.6902497832301
2019-04-13 00:00:00,642,3,46.7289719626168,82.7015312680509,83.9136151418346
2019-04-14 00:00:00,813,4,49.20049200492,75.6208255403587,81.9779462023085
2019-04-15 00:00:00,635,6,94.4881889763779,82.02358479810049,84.0052180458533
2019-04-16 00:00:00,641,6,93.60374414976599,88.81226977538769,86.2340772536976
2019-04-17 00:00:00,692,9,130.057803468208,85.38315246372309,87.7300415146765
2019-04-18 00:00:00,746,4,53.61930294906161,79.2499494367418,86.80291078778849
2019-04-19 00:00:00,754,6,79.57559681697609,78.18201433256041,88.05878263699499
2019-04-20 00:00:00,587,1,17.0357751277683,73.9401290704392,86.1899946344313
2019-04-21 00:00:00,781,3,38.4122919334186,72.3989576316533,83.95700954780261
2019-04-22 00:00:00,530,6,113.207547169811,75.07315165928661,85.4668706277697
2019-04-23 00:00:00,624,5,80.12820512820511,73.1480746562065,85.1879582913353
2019-04-24 00:00:00,677,4,59.0841949778434,63.0089877290116,85.4061179721495
2019-04-25 00:00:00,754,5,66.3129973474801,64.8223726430713,83.02237051262449
2019-04-26 00:00:00,771,6,77.8210116731517,64.571717622525,84.70565742267671
2019-04-27 00:00:00,590,14,237.28813559322,96.036340546161,91.2087921815506
2019-04-28 00:00:00,809,1,12.3609394313967,92.31471876015789,89.3986012737083
2019-04-29 00:00:00,594,6,101.010101010101,90.5722264516278,90.51715045296571
2019-04-30 00:00:00,642,7,109.034267912772,94.70166399228029,92.08380140158829
2019-05-01 00:00:00,734,4,54.4959128065395,94.0461951106655,92.0311729499683
2019-05-02 00:00:00,765,1,13.0718954248366,86.4403234074307,87.8515181820783
2019-05-03 00:00:00,793,4,50.4413619167717,82.52894487080499,86.8118084772632
2019-05-04 00:00:00,557,2,35.9066427289048,53.7601601759028,83.7952134221592
2019-05-05 00:00:00,810,2,24.6913580246913,55.5216485463734,77.7365382595414
2019-05-06 00:00:00,537,12,223.463687150838,73.0150179950501,79.7740724199806
2019-05-07 00:00:00,655,19,290.076335877862,98.8781705614916,86.15110254595051
2019-05-08 00:00:00,688,18,261.627906976744,128.468455442949,93.2164036394358
2019-05-09 00:00:00,756,13,171.957671957671,151.166423519068,97.412227727733
2019-05-10 00:00:00,763,18,235.910878112712,177.662068689917,100.140536176494
2019-05-11 00:00:00,585,18,307.692307692307,216.488592256117,107.178555628307
2019-05-12 00:00:00,790,10,126.582278481012,231.044438035592,108.496260159466
2019-05-13 00:00:00,550,10,181.818181818181,225.095080130927,112.999233821318
2019-05-14 00:00:00,640,28,437.5,246.155603576946,125.942550754487
2019-05-15 00:00:00,720,22,305.555555555555,252.430981945348,132.97812964046
2019-05-16 00:00:00,735,21,285.714285714285,268.681926767721,139.381814359277
2019-05-17 00:00:00,786,15,190.839694656488,262.243186273975,141.407877398887
2019-05-18 00:00:00,600,21,350.0000000000001,268.287142317931,151.287233967251
2019-05-19 00:00:00,859,12,139.697322467986,270.160720030356,153.291291488951
2019-05-20 00:00:00,567,8,141.093474426807,264.342904688731,157.426548132253
2019-05-21 00:00:00,626,8,127.795527156549,220.099408568238,160.405989306357
2019-05-22 00:00:00,719,12,166.898470097357,200.291253502781,162.195686737275
2019-05-23 00:00:00,732,15,204.918032786885,188.74893165601,166.355347659231
2019-05-24 00:00:00,792,26,328.2828282828279,208.383665031201,175.328635436064
2019-05-25 00:00:00,597,12,201.005025125628,187.098668620577,179.818369695336
2019-05-26 00:00:00,767,9,117.340286831812,183.904806386837,181.135678867291
2019-05-27 00:00:00,458,6,131.004366812227,182.46350529904,177.592886574591
2019-05-28 00:00:00,585,13,222.222222222222,195.953033165565,184.588262667619
2019-05-29 00:00:00,695,15,215.827338129496,202.94287145587,188.415503904932
2019-05-30 00:00:00,707,12,169.731258840169,197.916189463483,190.438736935845
2019-05-31 00:00:00,767,19,247.718383311603,186.406983039022,196.879485952681
2019-06-01 00:00:00,561,39,695.1871657754009,257.004431703275,219.616661631033
2019-06-02 00:00:00,832,30,360.576923076923,291.752522595434,229.954513669705
2019-06-03 00:00:00,579,14,241.796200345423,307.57992738589,236.817498923589
2019-06-04 00:00:00,654,18,275.229357798165,315.152375325311,245.168765582705
2019-06-05 00:00:00,734,34,463.215258855585,350.493506857609,253.160484639529
2019-06-06 00:00:00,744,31,416.666666666666,385.769993689966,257.38016233249
2019-06-07 00:00:00,778,19,244.215938303341,385.269644403072,256.799763376709
2019-06-08 00:00:00,578,21,363.321799307958,337.860306336294,263.178567621719
2019-06-09 00:00:00,781,23,294.49423815621,328.419922776192,265.131346289836
2019-06-10 00:00:00,565,17,300.884955752212,336.861173548591,264.904434558499
2019-06-11 00:00:00,684,26,380.116959064327,351.845116586614,273.355590577943
2019-06-12 00:00:00,719,28,389.4297635605,341.304331544459,280.27597663602
2019-06-13 00:00:00,735,14,190.47619047619,308.991406374391,272.041849651893
2019-06-14 00:00:00,769,10,130.039011703511,292.680416860129,266.191298190158
2019-06-15 00:00:00,579,10,172.711571675302,265.450384341178,262.424541055526
2019-06-16 00:00:00,776,5,64.4329896907216,232.584491703251,258.210984223333
2019-06-17 00:00:00,578,15,259.515570934256,226.674579586401,255.194836587809
2019-06-18 00:00:00,636,18,283.018867924528,212.803423709286,259.97222143636
2019-06-19 00:00:00,677,20,295.420974889217,199.373596756246,265.116471451774
2019-06-20 00:00:00,703,15,213.371266002844,202.644321831482,267.968996079983
2019-06-21 00:00:00,764,16,209.424083769633,213.985046412357,269.386516535726
2019-06-22 00:00:00,565,9,159.29203539823,212.067969801347,267.865649956104
2019-06-23 00:00:00,809,10,123.609394313967,220.521741890382,261.043202157142
2019-06-24 00:00:00,493,11,223.123732251521,215.322907792848,261.780492394672
2019-06-25 00:00:00,621,12,193.236714975845,202.496885943036,264.310373332806
2019-06-26 00:00:00,717,18,251.046025104602,196.157607402377,268.311761942552
2019-06-27 00:00:00,691,18,260.492040520984,202.889146619254,269.587422552511
2019-06-28 00:00:00,744,14,188.172043010752,199.853140796557,268.665579381886
2019-06-29 00:00:00,531,13,244.821092278719,212.07157749377,271.168573829838
2019-06-30 00:00:00,735,13,176.870748299319,219.68034234882,268.806985996095
2019-07-01 00:00:00,525,13,247.619047619047,223.179673115609,253.888048724217
2019-07-02 00:00:00,636,21,330.188679245283,242.744239439815,252.875107263162
2019-07-03 00:00:00,656,10,152.439024390243,228.657525052049,249.896534731323
2019-07-04 00:00:00,607,9,148.27018121911,212.625830866067,245.664562178687
2019-07-05 00:00:00,614,5,81.4332247557003,197.377428258203,232.938494375358
2019-07-06 00:00:00,510,7,137.254901960784,182.010829641355,223.624768885162
2019-07-07 00:00:00,754,5,66.3129973474801,166.216865219663,217.6946708533
2019-07-08 00:00:00,498,4,80.32128514056221,142.317184865594,208.261320381053
2019-07-09 00:00:00,642,6,93.45794392523361,108.498508391301,201.560110573354
2019-07-10 00:00:00,692,6,86.70520231213871,99.1079623801439,194.420785458685
2019-07-11 00:00:00,647,15,231.839258114374,111.04640193661,189.47819542702
2019-07-12 00:00:00,696,12,172.413793103448,124.043625986288,182.244329745118
2019-07-13 00:00:00,528,4,75.7575757575757,115.258293671544,178.420375921164
2019-07-14 00:00:00,753,10,132.802124833997,124.756740455332,178.51247969218
2019-07-15 00:00:00,517,5,96.71179883945841,127.098242412317,175.979153930986
2019-07-16 00:00:00,584,11,188.356164383561,140.655131049221,180.109926420747
2019-07-17 00:00:00,688,12,174.418604651162,153.185617097653,177.273360877977
2019-07-18 00:00:00,687,10,145.560407569141,140.860067019763,172.691412199464
2019-07-19 00:00:00,676,4,59.171597633136,124.682610524004,164.816432957595
2019-07-20 00:00:00,515,3,58.252427184466,122.18187501356,159.645804996982
2019-07-21 00:00:00,697,9,129.124820659971,121.656545845842,156.969162893327
2019-07-22 00:00:00,564,7,124.113475177304,125.571071036963,155.796544219296
2019-07-23 00:00:00,607,8,131.795716639209,117.491007073484,156.069421630137
2019-07-24 00:00:00,648,9,138.888888888888,112.415333393159,153.26159351805
2019-07-25 00:00:00,659,15,227.617602427921,124.137789801556,154.407623099785
2019-07-26 00:00:00,714,7,98.0392156862745,129.69030666629,149.307396119175
2019-07-27 00:00:00,532,14,263.157894736842,158.962516316629,149.39625792637
2019-07-28 00:00:00,740,7,94.5945945945946,154.029626878719,146.277009645831
2019-07-29 00:00:00,532,9,169.172932330827,160.466692186365,143.755404314235
2019-07-30 00:00:00,575,7,121.739130434782,159.030037014304,141.91768371875
2019-07-31 00:00:00,665,17,255.63909774436,175.708638279371,142.185018722927
2019-08-01 00:00:00,682,17,249.266862170087,178.801389671109,139.487624820421
2019-08-02 00:00:00,722,23,318.559556786703,210.304295542599,145.024975900303
2019-08-03 00:00:00,534,19,355.805243445692,223.539631072435,151.942811307856
2019-08-04 00:00:00,743,9,121.130551816958,227.330482104201,153.266055543231
2019-08-05 00:00:00,504,7,138.888888888888,223.004190183924,153.320521774168
2019-08-06 00:00:00,569,20,351.493848857645,255.826292815762,162.82655015784
2019-08-07 00:00:00,738,24,325.20325203252,265.764029142642,170.989282387572
2019-08-08 00:00:00,697,14,200.860832137733,258.848881995162,174.569378661322
2019-08-09 00:00:00,682,16,234.604105571847,246.855246107326,179.499342103312
2019-08-10 00:00:00,549,8,145.719489981785,216.842995612482,176.628683165559
2019-08-11 00:00:00,739,10,135.31799729364,218.869773537722,175.392156638565
2019-08-12 00:00:00,529,7,132.325141776937,217.932095378872,177.277742172544
2019-08-13 00:00:00,641,17,265.210608424337,205.605918174114,181.691358292222
2019-08-14 00:00:00,653,25,382.848392036753,213.840938174718,191.229244732132
2019-08-15 00:00:00,688,20,290.697674418604,226.674772786271,194.640628399967
2019-08-16 00:00:00,721,22,305.131761442441,236.750152196356,198.997733626343
2019-08-17 00:00:00,528,15,284.090909090909,256.517497783374,203.615417010402
2019-08-18 00:00:00,735,13,176.870748299319,262.4536050699,207.538722032608
2019-08-19 00:00:00,496,7,141.129032258064,263.711303710061,210.301275535061
2019-08-20 00:00:00,578,17,294.117647058823,267.840880657844,215.801036415023
2019-08-21 00:00:00,651,21,322.58064516129,259.231202532778,222.416608747822
2019-08-22 00:00:00,687,20,291.120815138282,259.291651207018,227.727445364458
2019-08-23 00:00:00,709,11,155.148095909732,237.865413273774,228.26941893182
2019-08-24 00:00:00,554,26,469.314079422382,264.32586617827,236.325968164968
2019-08-25 00:00:00,724,24,331.491712707182,286.414575379393,244.107718065665
2019-08-26 00:00:00,484,13,268.595041322314,304.624005245715,244.288956285181
2019-08-27 00:00:00,572,21,367.132867132867,315.054750970578,253.37356536979
2019-08-28 00:00:00,699,17,243.204577968526,303.715312800183,255.841286891047
2019-08-29 00:00:00,684,12,175.438596491228,287.18928156489,257.631269092928
2019-08-30 00:00:00,735,17,231.292517006802,298.067056007328,256.819716401676
2019-08-31 00:00:00,549,11,200.364298724954,259.645658764839,255.189630953505
2019-09-01 00:00:00,768,4,52.08333333333329,219.730175997146,246.307090171726
2019-09-02 00:00:00,443,7,158.013544018058,203.932819239395,239.714033524138
2019-09-03 00:00:00,535,15,280.3738317757,191.538671331228,245.022142856096
2019-09-04 00:00:00,707,18,254.596888260254,193.166144230047,248.879076168475
2019-09-05 00:00:00,709,7,98.7306064880112,182.207859943873,240.453634756154
2019-09-06 00:00:00,696,13,186.781609195402,175.849158827959,235.839579994917
2019-09-07 00:00:00,529,13,245.746691871455,182.332357848887,237.335775319374
2019-09-08 00:00:00,829,10,120.627261761158,192.124347624291,233.536547192351
2019-09-09 00:00:00,576,11,190.972222222222,196.832730224886,235.044971600366
2019-09-10 00:00:00,629,11,174.880763116057,181.762291844937,236.363730461113
2019-09-11 00:00:00,696,9,129.310344827586,163.864214211698,236.263237229468
2019-09-12 00:00:00,690,11,159.420289855072,172.534168978421,232.736893277159
2019-09-13 00:00:00,749,19,253.671562082777,182.089876533761,228.43099894536
2019-09-14 00:00:00,536,12,223.880597014925,178.966148697113,226.203763031904
2019-09-15 00:00:00,861,7,81.30081300813,173.348084589538,218.742731417427
2019-09-16 00:00:00,546,5,91.57509157509149,159.148494497091,212.325537500233
2019-09-17 00:00:00,623,5,80.2568218298555,145.630788599062,209.105073284584
2019-09-18 00:00:00,708,6,84.7457627118644,139.264419725387,207.225630966378
2019-09-19 00:00:00,688,12,174.418604651162,141.407036124829,203.235662886122
2019-09-20 00:00:00,750,11,146.666666666666,126.120622493956,197.371863602968
2019-09-21 00:00:00,561,13,231.729055258467,127.241830814462,195.392138273641
2019-09-22 00:00:00,988,5,50.60728744939269,122.857041448928,191.907444658296
2019-09-23 00:00:00,575,4,69.5652173913043,119.712773708387,178.582482590594
2019-09-24 00:00:00,642,9,140.18691588785,128.274215716672,172.205656029949
2019-09-25 00:00:00,666,9,135.135135135135,135.472697491425,167.756992490377
2019-09-26 00:00:00,722,5,69.2520775623268,120.448907907305,157.827632838025
2019-09-27 00:00:00,770,8,103.896103896103,114.338827511511,153.184017035611
2019-09-28 00:00:00,543,5,92.0810313075506,94.38910980423749,150.405431529489
2019-09-29 00:00:00,782,6,76.7263427109974,98.12040341303809,145.253225719629
2019-09-30 00:00:00,552,5,90.5797101449275,101.122473806412,141.593739433628
2019-10-01 00:00:00,660,4,60.60606060606059,89.7537801947286,141.877830342719
2019-10-02 00:00:00,683,16,234.260614934114,103.914563023154,144.419399373254
2019-10-03 00:00:00,744,19,255.376344086021,130.50374395511,143.586149783598
2019-10-04 00:00:00,734,17,231.607629427792,148.748247602494,142.819841155849
2019-10-05 00:00:00,578,14,242.214532871972,170.195890683126,147.602638701981
2019-10-06 00:00:00,777,6,77.2200772200772,170.266424184423,143.950587636137
2019-10-07 00:00:00,578,5,86.50519031141869,169.684349922493,138.642537584136
2019-10-08 00:00:00,599,7,116.86143572621,177.720832082515,138.517010049637
2019-10-09 00:00:00,682,10,146.627565982404,165.201825089413,137.038854841643
2019-10-10 00:00:00,667,7,104.947526236881,143.711993968108,134.707746945671
2019-10-11 00:00:00,733,10,136.425648021828,130.11456805297,134.944923718812
2019-10-12 00:00:00,580,14,241.379310344827,129.995250549092,137.676891068471
2019-10-13 00:00:00,800,6,75,129.678096660509,131.721172332378
2019-10-14 00:00:00,570,8,140.350877192982,137.37033764359,128.936848338314
2019-10-15 00:00:00,593,17,286.677908937605,161.629833816646,135.782751535963
2019-10-16 00:00:00,687,9,131.004366812227,159.397948220907,137.097060710534
2019-10-17 00:00:00,712,13,182.584269662921,170.488911567484,140.507975638303
2019-10-18 00:00:00,634,12,189.274447949526,178.038740128584,143.992265146225
2019-10-19 00:00:00,548,10,182.481751824817,169.624803197154,144.26103671868
2019-10-20 00:00:00,768,5,65.1041666666666,168.211112720963,141.54228671868
2019-10-21 00:00:00,541,5,92.4214417744916,161.364050518322,136.898699602547
2019-10-22 00:00:00,629,4,63.5930047694753,129.494778494303,137.33155684655
2019-10-23 00:00:00,668,5,74.8502994011976,121.472768864156,137.50772624688
2019-10-24 00:00:00,708,10,141.242937853107,115.566864319897,137.542926979055
2019-10-25 00:00:00,768,3,39.0625,94.1080146128221,134.340505807884
2019-10-26 00:00:00,586,9,153.58361774744,89.97970974462531,137.151557147388
2019-10-27 00:00:00,773,6,77.6196636481241,91.7676378848335,136.275675805789
2019-10-28 00:00:00,554,7,126.353790613718,96.6151162904374,137.418101115994
2019-10-29 00:00:00,643,9,139.968895800933,107.525957866359,139.526186218992
2019-10-30 00:00:00,689,7,101.596516690856,111.346846050596,139.893413103856
2019-10-31 00:00:00,698,13,186.246418338108,117.775914691311,144.081425028258
2019-11-01 00:00:00,736,11,149.45652173913,133.546489225472,141.254621921758
2019-11-02 00:00:00,558,6,107.52688172043,126.966955507328,136.326306509572
2019-11-03 00:00:00,769,6,78.0234070221066,127.024633132183,131.206832429382
2019-11-04 00:00:00,588,3,51.0204081632653,116.262721353547,124.833694939092
2019-11-05 00:00:00,600,11,183.333333333333,122.457641001032,128.370803476201
2019-11-06 00:00:00,654,11,168.195718654434,131.971812710115,131.093821087635
2019-11-07 00:00:00,669,9,134.529147982062,124.58363123068,131.682744829496
2019-11-08 00:00:00,757,12,158.520475561426,125.878481776722,132.079175148797
2019-11-09 00:00:00,536,14,261.194029850746,147.830931509624,137.287391935926
2019-11-10 00:00:00,781,11,140.845070422535,156.805454852543,137.43470601595
2019-11-11 00:00:00,549,6,109.289617486338,165.129627612982,133.031716254
2019-11-12 00:00:00,616,10,162.337662337662,162.130246042172,135.942971665255
2019-11-13 00:00:00,684,9,131.578947368421,156.899278715598,135.650574004437
2019-11-14 00:00:00,610,8,131.147540983606,156.416192001533,130.46622840597
2019-11-15 00:00:00,641,6,93.60374414976599,147.142373228439,129.219540983888
2019-11-16 00:00:00,580,2,34.4827586206896,114.755048767002,124.282823949147
2019-11-17 00:00:00,810,6,74.074074074074,105.216335002936,120.442811486632
2019-11-18 00:00:00,540,5,92.5925925925925,102.831045732401,117.446506178891
2019-11-19 00:00:00,587,6,102.214650766609,94.24204407939399,118.683522315556
2019-11-20 00:00:00,717,8,111.576011157601,91.38448176356249,119.322007961659
2019-11-21 00:00:00,680,7,102.941176470588,87.3550011188456,120.63361368503
2019-11-22 00:00:00,717,5,69.7350069735007,83.9451815222363,120.46310393744
2019-11-23 00:00:00,565,7,123.893805309734,96.7181881920999,119.884799519328
2019-11-24 00:00:00,796,10,125.628140703517,104.083054853449,122.770320876111
2019-11-25 00:00:00,544,2,36.7647058823529,96.1076424662719,118.876357147275
2019-11-26 00:00:00,606,10,165.016501650165,105.079335449636,121.789585080677
2019-11-27 00:00:00,662,11,166.163141993957,112.877496997687,123.116563460018
2019-11-28 00:00:00,559,5,89.4454382826475,110.94953439941,121.432448209408
2019-11-29 00:00:00,629,5,79.49125596184419,112.343284254888,120.695606185108
2019-11-30 00:00:00,485,8,164.948453608247,118.208234011818,119.985674027446
2019-12-01 00:00:00,722,9,124.653739612188,118.069033855914,119.158914623214
2019-12-02 00:00:00,514,6,116.731517509727,129.492864088396,119.465735816191
2019-12-03 00:00:00,593,19,320.404721753794,151.691181246057,127.545112973914
2019-12-04 00:00:00,701,25,356.63338088445,178.901215373271,137.73221206462
2019-12-05 00:00:00,719,9,125.173852573018,184.005274557609,135.793562705943
2019-12-06 00:00:00,728,8,109.890109890109,188.347967975933,133.850042413799
2019-12-07 00:00:00,573,6,104.712041884816,179.742766301157,132.856138877224
2019-12-08 00:00:00,771,9,116.731517509727,178.61102028652,131.463173608834
2019-12-09 00:00:00,483,1,20.703933747412,164.892794034761,123.446837072056
2019-12-10 00:00:00,586,8,136.518771331058,138.623372545798,123.30262710234
2019-12-11 00:00:00,664,16,240.963855421686,122.099154622546,127.691768366852
2019-12-12 00:00:00,706,10,141.643059490084,124.451898467842,127.001948271933
2019-12-13 00:00:00,723,16,221.300138312586,140.36761681391,129.992654636738
2019-12-14 00:00:00,523,18,344.16826003824,174.575647978685,137.093345271893
2019-12-15 00:00:00,727,10,137.551581843191,177.549942883465,138.558273195007
2019-12-16 00:00:00,475,13,273.684210526315,213.689982423309,146.531654925194
2019-12-17 00:00:00,611,6,98.19967266775771,208.215825471408,147.335841544984
2019-12-18 00:00:00,652,9,138.03680981595,193.511961813446,148.850648785762
2019-12-19 00:00:00,655,8,122.137404580152,190.725439683456,149.514740579547
2019-12-20 00:00:00,685,5,72.992700729927,169.538662885933,148.228630231958
2019-12-21 00:00:00,512,2,39.0625,125.952125737613,146.099341016272
2019-12-22 00:00:00,729,6,82.3045267489712,118.059689295582,146.518325008787
2019-12-23 00:00:00,497,5,100.603621730382,93.3338908961629,145.741985556142
2019-12-24 00:00:00,493,3,60.8519269776876,87.9984986547243,143.582778431948
2019-12-25 00:00:00,444,2,45.045045045045,74.7139608303091,143.858789737371
2019-12-26 00:00:00,402,8,199.004975124378,85.6950423366271,144.991738853178
2019-12-27 00:00:00,578,10,173.010380622837,99.9832823213285,145.219980140808
2019-12-28 00:00:00,478,6,125.523012552301,112.334784114514,146.422565949796
2019-12-29 00:00:00,655,9,137.404580152671,120.206220315043,148.35301008949
2019-12-30 00:00:00,443,3,67.7200902934537,115.50857296691,145.112064645664
2019-12-31 00:00:00,518,5,96.5250965250965,120.604740045111,144.174443209427
2020-01-01 00:00:00,450,6,133.333333333333,133.217352657724,144.727837070214
2020-01-02 00:00:00,533,8,150.093808630394,126.230043158583,139.050806632768
2020-01-03 00:00:00,638,1,15.6739811912225,103.753414668353,127.68549330966
2020-01-04 00:00:00,520,7,134.615384615384,105.052324963079,128.000211044406
2020-01-05 00:00:00,708,2,28.2485875706214,89.45861173707209,125.278826967089
2020-01-06 00:00:00,480,5,104.166666666666,94.6652655046739,125.260647793151
2020-01-07 00:00:00,594,8,134.680134680134,100.115985241107,125.858935032164
2020-01-08 00:00:00,679,14,206.185567010309,110.523447194961,132.041656140928
2020-01-09 00:00:00,678,6,88.49557522123891,101.723699565082,130.440882937267
2020-01-10 00:00:00,710,7,98.5915492957746,113.569066437161,125.695139399737
2020-01-11 00:00:00,529,6,113.421550094517,110.541375791323,124.754422419884
2020-01-12 00:00:00,690,4,57.9710144927536,114.787436780199,119.310118292557
2020-01-13 00:00:00,521,4,76.77543186180421,110.874403236647,110.397024020009
2020-01-14 00:00:00,592,9,152.027027027027,113.352530714774,110.87953885947
2020-01-15 00:00:00,676,25,369.8224852071,136.729233314316,114.084148015496
2020-01-16 00:00:00,683,21,307.467057101024,168.010873582857,121.059727496605
2020-01-17 00:00:00,742,17,229.11051212938,186.656439701943,124.095517573719
2020-01-18 00:00:00,558,6,107.52688172043,185.814344219931,123.608500145062
2020-01-19 00:00:00,737,11,149.253731343283,198.854732341435,126.150534498841
2020-01-20 00:00:00,442,11,248.868778280542,223.439496115541,133.144077108192
2020-01-21 00:00:00,550,12,218.181818181818,232.890180566225,137.673320155954
2020-01-22 00:00:00,679,13,191.458026509572,207.409543609435,140.70180031526
2020-01-23 00:00:00,689,11,159.651669085631,186.293059607236,143.995125052191
2020-01-24 00:00:00,729,10,137.174211248285,173.159302338509,147.066097258966
2020-01-25 00:00:00,517,5,96.71179883945841,171.61429049837,143.656324716135
2020-01-26 00:00:00,735,12,163.265306122449,173.615944038251,143.331488899456
2020-01-27 00:00:00,497,2,40.2414486921529,143.812039811338,140.488770104117
2020-01-28 00:00:00,628,2,31.8471337579617,117.192799179358,136.970188557627
2020-01-29 00:00:00,683,4,58.5651537335285,98.2081030684952,136.66502400563
2020-01-30 00:00:00,709,9,126.939351198871,93.53491479895811,137.678832494755
2020-01-31 00:00:00,758,12,158.311345646438,96.5545054272656,138.511432905192
2020-02-01 00:00:00,548,4,72.992700729927,93.1660628401897,135.941395975177
2020-02-02 00:00:00,789,2,25.3485424588086,73.4636680310982,136.263881350763
2020-02-03 00:00:00,523,5,95.60229445506691,81.372360282943,134.963445012086
2020-02-04 00:00:00,595,13,218.487394957983,108.035254740089,141.304738591664
2020-02-05 00:00:00,711,11,154.711673699015,121.770471878015,142.989572159409
2020-02-06 00:00:00,636,9,141.509433962264,123.851912272786,143.217215468814
2020-02-07 00:00:00,749,9,120.160213618157,118.40175055446,140.349703689075
2020-02-08 00:00:00,529,5,94.5179584120983,121.476787366199,140.550449795437
2020-02-09 00:00:00,744,5,67.2043010752688,127.456181454264,139.504208188087
2020-02-10 00:00:00,533,11,206.378986866791,143.281423227368,142.60278941383
2020-02-11 00:00:00,594,6,101.010101010101,126.498952663385,144.037425631074
2020-02-12 00:00:00,695,6,86.33093525179851,116.730275742354,144.355942410741
2020-02-13 00:00:00,680,2,29.4117647058823,100.716322991442,140.268767000036
2020-02-14 00:00:00,730,5,68.4931506849315,93.3353140009816,130.224455849297
2020-02-15 00:00:00,554,1,18.0505415162454,82.411397301574,120.577238663138
2020-02-16 00:00:00,723,5,69.1562932226832,82.6902533226332,115.245431366248
2020-02-17 00:00:00,450,5,111.111111111111,69.08055678610741,115.364905679271
2020-02-18 00:00:00,579,3,51.81347150259059,62.0524668564631,112.116897017914
2020-02-19 00:00:00,665,10,150.375939849624,71.201753227581,108.83380240355
2020-02-20 00:00:00,663,4,60.3318250377073,75.618904703556,103.572135965413
2020-02-21 00:00:00,707,8,113.154172560113,81.9990506857248,100.962007500431
2020-02-22 00:00:00,556,3,53.9568345323741,87.1285211166003,97.4388463486564
2020-02-23 00:00:00,760,4,52.6315789473684,84.7678476486982,94.62075860529251
2020-02-24 00:00:00,521,8,153.550863723608,90.8306694504836,96.5153941014308
2020-02-25 00:00:00,603,5,82.9187396351575,95.2742791837074,93.8371752185211
2020-02-26 00:00:00,677,8,118.168389955686,90.6732006274307,96.4347399273056
2020-02-27 00:00:00,647,5,77.2797527047913,93.09433315129981,97.94916055886661
2020-02-28 00:00:00,725,5,68.9655172413793,86.7816681057664,98.2958393424616
2020-02-29 00:00:00,566,10,176.678445229682,104.31332677681,99.9538091434886
2020-03-01 00:00:00,752,8,106.382978723404,111.992098173386,98.2228635793875
2020-03-02 00:00:00,527,4,75.9013282732447,100.899307394763,98.3198178308314
2020-03-03 00:00:00,581,10,172.117039586919,113.641921673586,103.212101068435
2020-03-04 00:00:00,696,4,57.471264367816,104.970903732462,101.941066732193
2020-03-05 00:00:00,702,3,42.7350427350427,100.035945165355,96.08265499142871
2020-03-06 00:00:00,767,4,52.1512385919165,97.6339053582892,92.6639738211921
2020-03-07 00:00:00,560,8,142.857142857142,92.80229073364069,92.7088974510214
2020-03-08 00:00:00,781,2,25.6081946222791,81.2630358620514,89.5571634844921
2020-03-09 00:00:00,518,5,96.5250965250965,84.2092884694588,89.6240680882587
2020-03-10 00:00:00,596,5,83.8926174496644,71.6057995927081,90.1803453007386
2020-03-11 00:00:00,681,4,58.7371512481644,71.786640575615,85.25895078011769
2020-03-12 00:00:00,703,3,42.6742532005689,71.7779563564045,83.3144225197999
2020-03-13 00:00:00,724,5,69.0607734806629,74.193604197654,82.7387504607621
2020-03-14 00:00:00,523,3,57.36137667304011,61.97992331421069,83.67040419300069
2020-03-15 00:00:00,674,4,59.347181008902,66.79977851229971,83.36553853713299
2020-03-16 00:00:00,520,5,96.1538461538461,66.74674274497819,85.968982025053
2020-03-17 00:00:00,596,2,33.5570469798657,59.5559469635784,84.7823404836258
2020-03-18 00:00:00,669,5,74.7384155455904,61.8418418632107,83.5699172981084
2020-03-19 00:00:00,639,8,125.195618153364,73.6306082850387,86.0159888531342
2020-03-20 00:00:00,629,0,0,63.7647835020868,81.0034575248134
2020-03-21 00:00:00,523,2,38.2409177820267,61.0332893747992,80.2670939496241
2020-03-22 00:00:00,678,4,58.9970501474926,60.9832706803121,78.4618565358701
2020-03-23 00:00:00,462,2,43.2900432900432,53.431298842626,78.10629682779239
2020-03-24 00:00:00,534,2,37.4531835205992,53.98788977701651,77.60035031356671
2020-03-25 00:00:00,612,3,49.0196078431372,50.31377439095181,74.115975117551
2020-03-26 00:00:00,608,2,32.8947368421052,37.127934203629,72.4485083577826
2020-03-27 00:00:00,649,3,46.2249614791987,43.7315001292288,70.050394075233
2020-03-28 00:00:00,511,2,39.1389432485322,43.8597894815867,68.77903376002439
2020-03-29 00:00:00,688,3,43.6046511627907,41.660875340915,67.93367155740481
2020-03-30 00:00:00,452,2,44.2477876106194,41.7976959581402,63.519316303436
2020-03-31 00:00:00,528,0,0,36.4472411694832,59.9732170126559
2020-04-01 00:00:00,614,2,32.5732899022801,34.0977671779322,58.528949066957
2020-04-02 00:00:00,569,0,0,29.3985190576314,52.7917144140597
2020-04-03 00:00:00,563,4,71.04795737122551,32.9446613279209,53.2442708475067
2020-04-04 00:00:00,502,2,39.8406374501992,33.0449033567305,53.1477906713453
2020-04-05 00:00:00,640,4,62.5,35.7442389049033,53.4927493849481
2020-04-06 00:00:00,452,3,66.3716814159292,38.9047951628047,50.9432340035743
2020-04-07 00:00:00,558,2,35.84229390681,44.0251228637775,51.284370646392
2020-04-08 00:00:00,586,4,68.259385665529,49.1231365442416,50.3421802844064
2020-04-09 00:00:00,578,4,69.20415224913489,59.0094440084038,49.8525647777221
2020-04-10 00:00:00,582,4,68.7285223367697,58.6780961463387,50.1856104806756
2020-04-11 00:00:00,464,4,86.2068965517241,65.30184744655651,51.6366985923807
2020-04-12 00:00:00,637,3,47.0957613814756,63.1012419296245,50.9045315224078
2020-04-13 00:00:00,439,2,45.5580865603644,60.12787123597241,50.511088518652
2020-04-14 00:00:00,635,1,15.7480314960629,57.2572623201514,49.0577835348907
2020-04-15 00:00:00,647,3,46.3678516228748,54.1299003140579,47.3982503838583
2020-04-16 00:00:00,614,3,48.85993485342009,51.2235835432415,47.9083466463101
2020-04-17 00:00:00,626,3,47.923322683706,48.25141216423241,47.0145102175806
2020-04-18 00:00:00,521,1,19.193857965451,38.678120937622,43.4811182113168
2020-04-19 00:00:00,702,4,56.98005698005689,40.0901631659907,45.3804534439854
2020-04-20 00:00:00,492,6,121.951219512195,51.0034678733951,48.170796834991
2020-04-21 00:00:00,564,2,35.4609929078014,53.8196052179292,47.386261593668
2020-04-22 00:00:00,616,8,129.870129870129,65.7485021103942,50.27226447967089
2020-04-23 00:00:00,601,1,16.638935108153,61.1455021467846,49.578456199256
2020-04-24 00:00:00,641,4,62.40249609984399,63.2139554919472,50.0245524744796
2020-04-25 00:00:00,503,4,79.5228628230616,71.8323847573201,51.5788233405114
2020-04-26 00:00:00,665,5,75.187969924812,74.4335151779994,52.5442569553652
2020-04-27 00:00:00,483,2,41.407867494824,62.9273220326607,52.6198877635749
2020-04-28 00:00:00,575,4,69.5652173913043,67.7993541017325,53.4852399711921
2020-04-29 00:00:00,588,4,68.0272108843537,58.9646513894788,54.27788741364989
2020-04-30 00:00:00,585,3,51.28205128205121,63.91366798575,55.9872891230516
2020-05-01 00:00:00,626,6,95.84664536741211,68.69140359540259,58.0964009718893
2020-05-02 00:00:00,507,2,39.44773175542399,62.9663848714543,59.4113253637368
2020-05-03 00:00:00,631,3,47.5435816164817,59.0171865416929,58.627846171912
2020-05-04 00:00:00,518,2,38.6100386100386,58.6174967010092,58.5868262105733
2020-05-05 00:00:00,541,0,0,48.6796085022515,56.50349287724
2020-05-06 00:00:00,593,4,67.45362563237771,48.5976677519692,56.5395576844549
2020-05-07 00:00:00,629,5,79.49125596184419,52.6275541347967,57.99452308628941
2020-05-08 00:00:00,642,1,15.5763239875389,41.1603653662434,56.23842103035641
2020-05-09 00:00:00,494,4,80.97165991902831,47.0923551039012,56.6306712860195
2020-05-10 00:00:00,662,9,135.951661631419,59.7220808203209,58.8714425958412
2020-05-11 00:00:00,487,2,41.0677618069815,60.0731841341699,57.3668047710164
2020-05-12 00:00:00,552,6,108.695652173913,75.6011344447289,59.4201344640977
2020-05-13 00:00:00,640,6,93.75,79.3577593543892,61.02653157875221
2020-05-14 00:00:00,589,3,50.9337860780984,75.2781207995684,62.19939006481999
2020-05-15 00:00:00,629,2,31.7965023847376,77.5952891420254,61.7136784235488
2020-05-16 00:00:00,503,5,99.40357852882701,80.2284203719966,63.3984665460623
2020-05-17 00:00:00,649,3,46.2249614791987,67.4103203502507,63.3418545059121
2020-05-18 00:00:00,462,1,21.6450216450216,64.63564318425651,63.4235599618978
2020-05-19 00:00:00,562,7,124.555160142348,66.9012871797473,65.6760634006408
2020-05-20 00:00:00,587,5,85.17887563884149,65.6768408424389,64.4503186048624
2020-05-21 00:00:00,571,2,35.0262697022767,63.4043385030358,64.4358278313449
2020-05-22 00:00:00,615,6,97.5609756097561,72.799263249467,63.3588560226658
2020-05-23 00:00:00,516,4,77.5193798449612,69.6729491517719,65.3882041805594
2020-05-24 00:00:00,657,2,30.441400304414,67.41815469823119,64.3228343207117
2020-05-25 00:00:00,382,3,78.5340314136125,75.5451560937442,64.28987327373011
2020-05-26 00:00:00,492,3,60.9756097560975,66.4623631814226,63.8161279347729
2020-05-27 00:00:00,586,3,51.19453924914671,61.6074579828948,64.1423503265837
2020-05-28 00:00:00,617,5,81.03727714748781,68.1804590464964,64.5247523184565
2020-05-29 00:00:00,614,6,97.7198697068403,68.2031582032227,65.5145076125394
2020-05-30 00:00:00,491,4,81.4663951120162,68.7670175270877,66.5206524068715
2020-05-31 00:00:00,645,4,62.0155038759689,73.27760375159559,65.3929476904901
2020-06-01 00:00:00,452,3,66.3716814159292,71.5401251804979,66.2904126791736
2020-06-02 00:00:00,552,1,18.1159420289855,65.4173155051962,65.30949135959041
2020-06-03 00:00:00,611,5,81.8330605564648,69.7942471205274,66.7502587578046
2020-06-04 00:00:00,596,5,83.8926174496644,70.2021528779812,69.5466793394601
2020-06-05 00:00:00,587,6,102.214650766609,70.8442644579482,70.7053801772678
2020-06-06 00:00:00,498,2,40.16064257028111,64.9434426662718,69.3943597308824
2020-06-07 00:00:00,628,7,111.464968152866,72.0076518486857,72.5906478697266
2020-06-08 00:00:00,459,3,65.359477124183,71.8630512355791,72.0702417765651
2020-06-09 00:00:00,529,4,75.6143667296786,80.0771119071067,70.0589986131737
2020-06-10 00:00:00,597,1,16.750418760469,70.7795916505358,69.2484205116233
2020-06-11 00:00:00,603,2,33.167495854063,63.5331457083071,66.7308153009617
2020-06-12 00:00:00,586,6,102.389078498293,63.55806395569039,67.0187845842381
2020-06-13 00:00:00,516,2,38.7596899224806,63.3579278631475,66.61298137905081
2020-06-14 00:00:00,616,1,16.2337662337662,49.7534704461332,66.0942235073518
2020-06-15 00:00:00,441,4,90.7029478458049,53.3739662635078,65.8042024845844
2020-06-16 00:00:00,541,2,36.9685767097966,47.8531391178104,65.4956563256043
2020-06-17 00:00:00,576,7,121.527777777777,62.8213332631402,68.8250815300295
2020-06-18 00:00:00,594,5,84.17508417508411,70.10813159471459,67.4790789977874
2020-06-19 00:00:00,612,6,98.0392156862745,69.4867226215691,67.9077569993685
2020-06-20 00:00:00,471,4,84.9256900212314,76.08186549281919,69.5710710100003
2020-06-21 00:00:00,636,4,62.8930817610062,82.74748199671059,68.4154745483753
2020-06-22 00:00:00,467,2,42.8265524625267,75.9079969419566,67.2590469689608
2020-06-23 00:00:00,547,4,73.126142595978,81.0733634971254,68.681871712013
2020-06-24 00:00:00,628,5,79.6178343949044,75.0862287281434,68.717998478056
2020-06-25 00:00:00,609,2,32.8407224958949,67.7527484882593,67.7801689027159
2020-06-26 00:00:00,608,3,49.3421052631578,60.796018427814,67.718421103183
2020-06-27 00:00:00,485,2,41.23711340206179,54.5547931965041,66.3917489783354
2020-06-28 00:00:00,633,0,0,45.5700672306461,63.1344199881074
2020-06-29 00:00:00,448,1,22.3214285714285,42.64076381763201,61.1629211034212
2020-06-30 00:00:00,551,1,18.1488203266787,34.7868606363036,59.7006983184448
2020-07-01 00:00:00,594,4,67.3400673400673,33.032893914184,59.7329778492494
2020-07-02 00:00:00,607,2,32.9489291598023,33.0483520090279,60.22741075361
2020-07-03 00:00:00,576,3,52.08333333333329,33.4399560190529,59.2357531795056
2020-07-04 00:00:00,347,4,115.273775216138,44.0166219924925,60.28179177172139
2020-07-05 00:00:00,577,2,34.6620450606585,48.9683427154437,58.0300382481897
2020-07-06 00:00:00,464,4,86.2068965517241,58.09483814120021,59.5649133809045
2020-07-07 00:00:00,549,2,36.4298724954462,60.7064170224527,57.0637435256571
2020-07-08 00:00:00,618,8,129.449838187702,69.5792414292577,59.2000888944411
2020-07-09 00:00:00,609,4,65.6814449917898,74.25531511954159,58.8689915031781
2020-07-10 00:00:00,616,3,48.7012987012987,73.7721673149652,59.9340208345391
2020-07-11 00:00:00,491,5,101.83299389002,71.8520556969484,62.22287076907099
2020-07-12 00:00:00,647,8,123.647604327666,84.564278449378,62.93148829671679
2020-07-13 00:00:00,491,4,81.4663951120162,83.8870639579912,64.35504513636799
2020-07-14 00:00:00,575,2,34.7826086956521,83.6517405580206,64.9733398850975
2020-07-15 00:00:00,595,5,84.0336134453781,77.1637084519743,64.75102873841661
2020-07-16 00:00:00,612,2,32.6797385620915,72.4491789620174,64.6080674668264
2020-07-17 00:00:00,628,4,63.6942675159235,74.5910316498209,62.6802837914313
2020-07-18 00:00:00,487,0,0,60.04346109410371,59.8744476522618
2020-07-19 00:00:00,660,3,45.4545454545454,48.8730241122294,58.12162531120421
2020-07-20 00:00:00,502,4,79.6812749003984,48.6180069391411,57.9468114738431
2020-07-21 00:00:00,609,2,32.8407224958949,48.34059462489009,56.945066165006
2020-07-22 00:00:00,668,5,74.8502994011976,47.0286926185786,58.0125243962951
2020-07-23 00:00:00,620,3,48.3870967741935,49.2726009345931,57.18788953556891
2020-07-24 00:00:00,657,3,45.662100456621,46.6965770689785,56.0560317376261
2020-07-25 00:00:00,509,3,58.9390962671905,55.1164479642914,56.9259775300027
2020-07-26 00:00:00,688,3,43.6046511627907,54.8521773511836,56.7347290599904
2020-07-27 00:00:00,497,4,80.4828973843058,54.9666948488847,58.0429218593986
2020-07-28 00:00:00,610,2,32.7868852459016,54.95900381317131,59.1358180342619
2020-07-29 00:00:00,667,5,74.9625187406296,54.9750351473759,60.890521039902
2020-07-30 00:00:00,635,0,0,48.0625927510626,60.285560362346
2020-07-31 00:00:00,680,1,14.7058823529411,43.64027587910829,58.53108752944181
2020-08-01 00:00:00,500,4,80,46.64897641236681,60.09945655744841
2020-08-02 00:00:00,631,5,79.2393026941363,51.73964091684471,61.0046555361418
2020-08-03 00:00:00,565,6,106.194690265486,55.4127541855849,60.7020193711201
2020-08-04 00:00:00,614,3,48.85993485342009,57.7089041295161,61.1752823642122
2020-08-05 00:00:00,650,2,30.7692307692307,51.3955772764591,59.3273601714624
2020-08-06 00:00:00,689,1,14.5137880986937,53.4689755762725,58.596824024904
2020-08-07 00:00:00,641,8,124.804992199688,69.1974198400934,58.4419958253035
2020-08-08 00:00:00,524,4,76.3358778625954,68.6739738204642,58.7971435876637
2020-08-09 00:00:00,687,4,58.2241630276564,65.6718110109671,59.11457239854231
2020-08-10 00:00:00,520,3,57.6923076923076,58.7428992147987,57.6432161919519
2020-08-11 00:00:00,622,3,48.2315112540193,58.6531244148843,55.1293464228303
2020-08-12 00:00:00,654,2,30.5810397553516,58.6262399843301,53.4331679109415
2020-08-13 00:00:00,648,5,77.16049382716041,67.5757693741111,54.8457640819918
2020-08-14 00:00:00,646,2,30.9597523219814,54.1693065344387,53.0766353778786
2020-08-15 00:00:00,504,5,99.2063492063492,57.4365167264035,55.2941890660205
2020-08-16 00:00:00,672,6,89.28571428571419,61.8738811918404,56.1472372916802
2020-08-17 00:00:00,532,2,37.593984962406,59.00269223042579,57.4003701237604
2020-08-18 00:00:00,632,5,79.1139240506329,63.4144654870849,58.5223494102966
2020-08-19 00:00:00,651,7,107.52688172043,74.4067286249533,59.4505363042977
2020-08-20 00:00:00,699,4,57.22460658082969,71.5587447326203,60.2633324404622
2020-08-21 00:00:00,648,3,46.2962962962962,73.7496795860939,59.3115323369655
2020-08-22 00:00:00,519,3,57.8034682080924,67.8349823006286,59.6254113847621
2020-08-23 00:00:00,666,5,75.07507507507499,65.804890984823,60.6058438720439
2020-08-24 00:00:00,516,2,38.7596899224806,65.9714202648337,59.9331969938869
2020-08-25 00:00:00,614,2,32.5732899022801,59.32275824364039,59.56548495186991
2020-08-26 00:00:00,648,8,123.456790123456,61.5984594440728,60.99794804317489
2020-08-27 00:00:00,686,5,72.8862973760932,63.8358438433961,62.3345951141813
2020-08-28 00:00:00,630,4,63.49206349206339,66.29238201422,61.95224660589579
2020-08-29 00:00:00,480,0,0,58.0347436987783,61.95224660589579
2020-08-30 00:00:00,690,7,101.449275362318,61.8024865969559,64.8436930395417
2020-08-31 00:00:00,499,7,140.280561122244,76.30546819692219,66.8530450769498
2020-09-01 00:00:00,563,4,71.04795737122551,81.80184926391439,66.5800002328528
2020-09-02 00:00:00,663,2,30.1659125188536,68.4745810346854,64.0457076412984
2020-09-03 00:00:00,652,5,76.6871165644171,69.017555204446,64.9732803649983
2020-09-04 00:00:00,610,4,65.5737704918032,69.3149419186945,66.133431689084
2020-09-05 00:00:00,478,3,62.7615062761506,78.280871386716,67.7416889616659
2020-09-06 00:00:00,729,2,27.434842249657,67.70738094205,64.4960172966649
2020-09-07 00:00:00,441,7,158.730158730158,70.3430377431806,67.2424933255837
2020-09-08 00:00:00,590,8,135.593220338983,79.5637895957174,69.8214619026279
2020-09-09 00:00:00,631,8,126.782884310618,93.36621413739809,72.1244811232382
2020-09-10 00:00:00,642,8,124.610591900311,100.212424899668,74.6704504781146
2020-09-11 00:00:00,649,4,61.633281972265,99.6494979683061,75.7055252186784
2020-09-12 00:00:00,499,2,40.0801603206412,96.4093056889476,74.4695141017944
2020-09-13 00:00:00,720,4,55.5555555555555,100.426550446933,75.2893742095802
2020-09-14 00:00:00,564,10,177.304964539007,103.080094133911,77.89266138733551
2020-09-15 00:00:00,613,6,97.879282218597,97.692388688142,78.1791136517649
2020-09-16 00:00:00,616,6,97.4025974025974,93.4952048441391,80.172734066438
2020-09-17 00:00:00,653,7,107.19754977029,91.0076273969933,81.1088549237599
2020-09-18 00:00:00,656,3,45.7317073170731,88.735973874823,79.0490157769814
2020-09-19 00:00:00,483,1,20.703933747412,85.9679415072189,77.8316600158674
2020-09-20 00:00:00,672,2,29.7619047619047,82.283134250983,77.28051363138769
2020-09-21 00:00:00,532,2,37.593984962406,62.3244228828971,76.6068641898648
2020-09-22 00:00:00,624,4,64.1025641025641,57.4991774377496,76.2411138241145
2020-09-23 00:00:00,630,1,15.8730158730158,45.8520943620951,75.4782246891323
2020-09-24 00:00:00,664,3,45.18072289156621,36.9925476651344,75.8984724554418
2020-09-25 00:00:00,660,3,45.4545454545454,36.9529531133447,73.2983976331448
2020-09-26 00:00:00,499,2,40.0801603206412,39.7209854809489,72.2048597312964
2020-09-27 00:00:00,688,0,0,35.4692848006768,70.0884576148943
2020-09-28 00:00:00,560,5,89.28571428571419,42.85381756114941,73.0646480910848
2020-09-29 00:00:00,593,5,84.3170320404721,45.7415986951363,72.49357331368991
2020-09-30 00:00:00,692,3,43.3526011560693,49.6672537355725,69.2626413148174
2020-10-01 00:00:00,682,5,73.3137829912023,53.6862623212348,69.3381688354833
2020-10-02 00:00:00,671,1,14.903129657228,49.3217743501894,68.8294094067624
2020-10-03 00:00:00,515,2,38.8349514563106,49.1438873695708,67.5676705698255
2020-10-04 00:00:00,717,4,55.7880055788005,57.11360245225659,67.2414784060588
2020-10-05 00:00:00,578,4,69.20415224913489,54.2448078756024,67.4562332718249
2020-10-06 00:00:00,587,5,85.17887563884149,54.3679283896552,69.3810343847977
2020-10-07 00:00:00,641,5,78.0031201248049,59.318002528046,66.6901330979526
2020-10-08 00:00:00,690,2,28.9855072463768,52.9853917073566,63.1365426615324
2020-10-09 00:00:00,633,2,31.5955766192733,55.3700269876488,59.9636324051542
2020-10-10 00:00:00,532,3,56.390977443609,57.87803070012,57.6896452565975
2020-10-11 00:00:00,673,7,104.011887072808,64.7671566278354,59.1022654266156
2020-10-12 00:00:00,464,6,129.310344827586,73.3537555676141,62.0766049101804
2020-10-13 00:00:00,684,7,102.339181286549,75.805227803001,63.6360591012135
2020-10-14 00:00:00,702,5,71.2250712250712,74.836935103039,60.10006265741571
2020-10-15 00:00:00,695,4,57.5539568345323,78.9181421870613,58.7558851446135
2020-10-16 00:00:00,666,1,15.015015015015,76.54949052931009,56.0096323983608
2020-10-17 00:00:00,485,3,61.85567010309271,77.3301609092363,54.4982364094542
2020-10-18 00:00:00,660,10,151.515151515151,84.1163415438568,58.0243512160568
2020-10-19 00:00:00,523,2,38.2409177820267,71.1064233944912,58.6089173505439
2020-10-20 00:00:00,618,4,64.7249190938511,65.73295736696281,59.7743511616088
2020-10-21 00:00:00,654,4,61.1620795107033,64.2953871220531,60.5599543132187
2020-10-22 00:00:00,628,2,31.8471337579617,60.6229838254002,59.484773301732
2020-10-23 00:00:00,622,3,48.2315112540193,65.3681975738293,60.5633898144321
2020-10-24 00:00:00,499,6,120.240480961923,73.7088848393766,63.0653817501107
2020-10-25 00:00:00,679,6,88.3652430044182,64.6874693378433,64.49573833510651
2020-10-26 00:00:00,515,3,58.252427184466,67.54625639533461,65.1014805639006
2020-10-27 00:00:00,566,8,141.342756183745,78.49166169389099,69.8129057700255
2020-10-28 00:00:00,657,4,60.88280060882801,78.45176470790881,68.8661419807959
2020-10-29 00:00:00,639,4,62.5978090766823,82.84471832486891,68.14216788200291
2020-10-30 00:00:00,661,5,75.642965204236,86.76064031775691,69.2185133502751
2020-10-31 00:00:00,512,7,136.71875,89.1146787517678,71.3320122505684
2020-11-01 00:00:00,739,5,67.65899864682,86.1566438435395,73.0905412168881
2020-11-02 00:00:00,577,2,34.6620450606585,82.7865892544242,72.9514443370331
2020-11-03 00:00:00,582,3,51.5463917525773,69.9585371928287,72.8100572094923
2020-11-04 00:00:00,648,4,61.7283950617283,70.0793364003859,72.5608653032454
2020-11-05 00:00:00,668,3,44.9101796407185,67.5525321952482,71.2185754366413
2020-11-06 00:00:00,616,4,64.9350649350649,66.0228321567952,70.7829735969833
2020-11-07 00:00:00,472,3,63.5593220338983,55.571485304495,71.9354340899007
2020-11-08 00:00:00,699,6,85.8369098712446,58.1683297651271,73.7434785316331
2020-11-09 00:00:00,558,8,143.36917562724,73.6979198460673,76.6427518044208
2020-11-10 00:00:00,619,10,161.550888529886,89.41284795711151,78.56071851965679
2020-11-11 00:00:00,646,3,46.4396284829721,87.2287384458606,75.7983613081696
2020-11-12 00:00:00,647,7,108.191653786707,96.2689490381448,75.9934437248415
2020-11-13 00:00:00,665,2,30.0751879699248,91.28896661455339,74.62178094967
2020-11-14 00:00:00,475,2,42.1052631578947,88.22410106083859,74.1068244937821
2020-11-15 00:00:00,658,2,30.3951367781155,80.30384776182011,74.61949521921879
2020-11-16 00:00:00,499,4,80.16032064128251,71.2740113352548,75.2296502371584
2020-11-17 00:00:00,594,7,117.845117845117,65.0303298088592,74.1073157814906
2020-11-18 00:00:00,667,4,59.9700149925037,66.9632421673637,74.8316190218399
2020-11-19 00:00:00,656,5,76.2195121951219,62.3957933685657,75.2147721252156
2020-11-20 00:00:00,637,3,47.0957613814756,64.8273038559301,74.7458948542413
2020-11-21 00:00:00,484,2,41.3223140495867,64.7154539833147,75.06173419729551
2020-11-22 00:00:00,690,3,43.4782608695652,66.5844717106647,74.9032925178137
2020-11-23 00:00:00,555,5,90.09009009009,68.0030102033514,73.8982794887525
2020-11-24 00:00:00,567,6,105.820105820105,66.2851513426354,74.4801082492754
2020-11-25 00:00:00,574,6,104.529616724738,72.6508087329547,76.0226812339512
2020-11-26 00:00:00,543,3,55.2486187845303,69.6549668171559,73.1528766539774
2020-11-27 00:00:00,586,3,51.19453924914671,70.24050651253751,72.8299346086547
2020-11-28 00:00:00,420,1,23.8095238095238,67.7386793353857,71.536991766416
2020-11-29 00:00:00,609,1,16.4203612479474,63.873265103726,69.5629049678731
2020-11-30 00:00:00,534,8,149.812734082397,72.4050713883412,69.999371103953
2020-12-01 00:00:00,587,3,51.1073253833049,64.5889598973697,69.4476486618358
2020-12-02 00:00:00,624,2,32.051282051282,54.23491208687589,69.3606232281899
2020-12-03 00:00:00,643,2,31.104199066874,50.7857092700678,68.6792168053331
2020-12-04 00:00:00,681,3,44.0528634361233,49.7654698682074,68.090032417813
2020-12-05 00:00:00,471,2,42.4628450106157,52.43023003979189,68.0084545968095
2020-12-06 00:00:00,684,9,131.578947368421,68.881456628431,70.2299173445881
2020-12-07 00:00:00,524,7,133.587786259541,66.5636069394517,72.5641994854429
2020-12-08 00:00:00,606,6,99.009900990099,73.4068320261366,73.0032991894047
2020-12-09 00:00:00,694,13,187.319884726224,95.5880609796998,74.4683228260375
2020-12-10 00:00:00,653,10,153.139356814701,113.021654943675,74.1879384355313
2020-12-11 00:00:00,635,4,62.9921259842519,115.727263879122,74.7396883522406
2020-12-12 00:00:00,481,3,62.37006237006231,118.571152073328,73.2123019716858
2020-12-13 00:00:00,827,10,120.918984280532,117.04830020363,76.2404285153727
2020-12-14 00:00:00,528,7,132.575757575757,116.903724677375,79.2561116626348
2020-12-15 00:00:00,603,2,33.167495854063,107.497666800798,79.348523631833
2020-12-16 00:00:00,655,6,91.6030534351145,93.82383375921171,79.72994805829411
2020-12-17 00:00:00,691,10,144.717800289435,92.6207542556023,80.6257041397714
2020-12-18 00:00:00,609,7,114.942528735632,100.042240362942,82.45812126454231
2020-12-19 00:00:00,475,1,21.0526315789473,94.1397502499259,80.61922524400319
2020-12-20 00:00:00,621,3,48.3091787439613,83.7669208875586,80.6596724894193
2020-12-21 00:00:00,495,3,60.60606060606059,73.4855356061734,81.3024640413018
2020-12-22 00:00:00,584,4,68.4931506849315,78.5320577248689,82.136293701814
2020-12-23 00:00:00,584,4,68.4931506849315,75.2306430462713,81.41639572164209
2020-12-24 00:00:00,556,10,179.856115107913,80.2504023060539,83.8842626979024
2020-12-25 00:00:00,369,5,135.50135501355,83.18737748861359,84.9166539741961
2020-12-26 00:00:00,331,8,241.691842900302,114.707264820235,91.1314281113885
2020-12-27 00:00:00,583,8,137.221269296741,127.408992042061,93.9989857796416
2020-12-28 00:00:00,431,6,139.211136890951,138.638288654188,97.8457062156892
2020-12-29 00:00:00,476,5,105.042016806722,143.859555243015,100.799761400981
2020-12-30 00:00:00,553,7,126.582278481012,152.158002071027,100.025412880935
2020-12-31 00:00:00,484,4,82.6446280991735,138.270646784064,101.076656304797
2021-01-01 00:00:00,418,8,191.387559808612,146.254390326216,106.387865563375
2021-01-02 00:00:00,416,9,216.346153846153,142.633577604195,112.562597389351
2021-01-03 00:00:00,584,4,68.4931506849315,132.815274945365,113.377273630978
2021-01-04 00:00:00,480,5,104.166666666666,127.808922056181,115.43406768618
2021-01-05 00:00:00,586,1,17.0648464163822,115.240754857561,111.616930987778
2021-01-06 00:00:00,590,6,101.694915254237,111.685417253736,110.553835287602
2021-01-07 00:00:00,636,2,31.4465408805031,104.371404793926,108.301723283948
2021-01-08 00:00:00,628,6,95.5414012738853,90.6790964318227,105.242440502204
2021-01-09 00:00:00,474,4,84.3881856540084,71.8279581186591,102.950734796847
2021-01-10 00:00:00,660,6,90.9090909090909,75.03023529353901,103.881300294342
2021-01-11 00:00:00,538,6,111.524163568773,76.0813062795542,105.519770334299
2021-01-12 00:00:00,629,2,31.7965023847376,78.1858285607478,102.549020937773
2021-01-13 00:00:00,663,4,60.3318250377073,72.2768156726721,100.140889853171
2021-01-14 00:00:00,680,2,29.4117647058823,71.986133362012,100.015698814898
2021-01-15 00:00:00,670,4,59.7014925373134,66.8661463996446,98.9523134516386
2021-01-16 00:00:00,498,4,80.32128514056221,66.2851606120094,96.8057629466761
2021-01-17 00:00:00,657,5,76.10350076103501,64.1700763051443,95.51112868085619
2021-01-18 00:00:00,408,4,98.0392156862745,62.2436551790731,98.0773481511005
2021-01-19 00:00:00,616,9,146.103896103896,78.5732828532385,101.337172063098
2021-01-20 00:00:00,718,6,83.5654596100278,81.8923735064272,102.10248536323
2021-01-21 00:00:00,669,3,44.8430493273542,84.096842738066,101.314148651311
2021-01-22 00:00:00,687,5,72.7802037845706,85.9652300591028,101.457050421299
2021-01-23 00:00:00,479,5,104.384133611691,89.4027798406926,98.9413177047585
2021-01-24 00:00:00,617,3,48.6223662884927,85.4769034874722,96.0453514139233
2021-01-25 00:00:00,535,2,37.3831775700934,76.81175518516069,89.235062569583
2021-01-26 00:00:00,622,8,128.617363344051,74.31367907661141,88.9482657044933
2021-01-27 00:00:00,663,3,45.2488687782805,68.8398803863618,85.8161901007376
2021-01-28 00:00:00,656,5,76.2195121951219,73.3222322246143,84.8554399470176
2021-01-29 00:00:00,655,2,30.5343511450381,67.2871104189669,81.6538423691518
2021-01-30 00:00:00,459,1,21.7864923747276,55.4874473851149,79.6252378450036
2021-01-31 00:00:00,678,4,58.9970501474926,56.9695450792578,75.2122208562996
2021-02-01 00:00:00,513,3,58.4795321637426,59.9833100212077,69.9500001335525
2021-02-02 00:00:00,626,4,63.8977635782747,50.737652911811,69.7968205633306
2021-02-03 00:00:00,659,3,45.5235204855842,50.77688886999719,67.8420490239612
2021-02-04 00:00:00,673,3,44.5765230312035,46.2564618465803,68.7591049111219
2021-02-05 00:00:00,670,2,29.8507462686567,46.1588040070973,66.3642992782692
2021-02-06 00:00:00,502,2,39.8406374501992,48.7379675893075,66.6441024972591
2021-02-07 00:00:00,649,3,46.2249614791987,46.9133834938369,65.0002211707696
2021-02-08 00:00:00,525,4,76.1904761904761,49.4435183547989,64.7269641886518
2021-02-09 00:00:00,602,4,66.4451827242524,49.8074353756528,63.9115005824905
2021-02-10 00:00:00,694,1,14.4092219020172,45.3625355780004,60.6743358602653
2021-02-11 00:00:00,706,4,56.657223796034,47.0883499729762,61.5030265739752
2021-02-12 00:00:00,647,3,46.3678516228748,49.44793645215019,61.0375607934808
2021-02-13 00:00:00,487,3,61.60164271047221,52.5566514893321,62.1105567269671
2021-02-14 00:00:00,635,1,15.7480314960629,48.20280434888409,60.6454413589254
2021-02-15 00:00:00,450,3,66.6666666666666,46.842260131197,60.1902874097956
2021-02-16 00:00:00,581,2,34.4234079173838,42.2677208730729,58.8009509816739
2021-02-17 00:00:00,621,4,64.4122383252818,49.4110089335393,57.6800517363075
2021-02-18 00:00:00,699,2,28.6123032904148,45.4045917184508,53.7636653091914
2021-02-19 00:00:00,670,0,0,38.780612915183,50.9781499888572
2021-02-20 00:00:00,459,0,0,29.9803782422584,49.4833816779453
2021-02-21 00:00:00,736,4,54.3478260869565,35.4946346123861,48.8689690880249
2021-02-22 00:00:00,537,2,37.243947858473,31.2913890683584,46.6309628962509
2021-02-23 00:00:00,632,0,0,26.373759365875,45.0102173533012
2021-02-24 00:00:00,666,2,30.03003003003,21.4620153236962,44.76511243529909
2021-02-25 00:00:00,629,2,31.7965023847376,21.9169009085994,41.5377504033219
2021-02-26 00:00:00,668,1,14.9700598802395,24.0554808914908,40.5284567733872
2021-02-27 00:00:00,480,0,0,24.0554808914908,37.9878063668832
2021-02-28 00:00:00,651,1,15.3609831029185,18.4859318937711,37.4820274321459
2021-03-01 00:00:00,526,1,19.0114068441064,15.881283177433,37.3895245811251
2021-03-02 00:00:00,593,5,84.3170320404721,27.926573468929,38.2335239775578
2021-03-03 00:00:00,654,6,91.743119266055,36.7427290740754,39.3423102143016
2021-03-04 00:00:00,645,2,31.0077519379844,36.630050438825,38.2459764929585
2021-03-05 00:00:00,687,2,29.1120815138282,38.6503392436234,37.6989285272333
2021-03-06 00:00:00,452,1,22.1238938053097,41.8108955015248,36.9505075530369
2021-03-07 00:00:00,650,3,46.1538461538461,46.2098759373716,37.4939442158765
2021-03-08 00:00:00,555,0,0,43.4939606739278,36.1659229675366
2021-03-09 00:00:00,589,0,0,31.4486703824318,34.6250909182299
2021-03-10 00:00:00,606,3,49.5049504950495,25.4146462722881,33.735573395049
2021-03-11 00:00:00,645,6,93.0232558139534,34.2740039688551,34.6215091647057
2021-03-12 00:00:00,671,2,29.806259314456,34.3731722260876,35.1347437451204
2021-03-13 00:00:00,458,1,21.8340611353711,34.3317675589536,33.9739716564316
2021-03-14 00:00:00,632,4,63.2911392405063,36.7799522856193,34.538081243686
2021-03-15 00:00:00,530,2,37.7358490566037,42.1707878651341,33.742554788557
2021-03-16 00:00:00,568,3,52.8169014084507,49.71605949491281,34.9781837856366
2021-03-17 00:00:00,659,6,91.0470409711684,55.6506438486441,35.79086292912
2021-03-18 00:00:00,635,7,110.23622047244,58.1096387998566,38.3179566809553
2021-03-19 00:00:00,657,6,91.32420091324201,66.8979161711117,39.2150221005539
2021-03-20 00:00:00,476,2,42.016806722689,69.7811655407286,39.6618388816298
2021-03-21 00:00:00,642,3,46.7289719626168,67.4151416438872,41.2194712803836
2021-03-22 00:00:00,509,1,19.6463654223968,64.8309296961434,41.8743501277969
2021-03-23 00:00:00,592,2,33.7837837837837,62.1119128926195,41.18888205102439
2021-03-24 00:00:00,654,3,45.8715596330275,55.6582727014565,41.4764691101763
2021-03-25 00:00:00,657,3,45.662100456621,46.43339841348229,42.998539125397
2021-03-26 00:00:00,663,2,30.1659125188536,37.6965000714268,43.0030685416911
2021-03-27 00:00:00,488,2,40.983606557377,37.5489000478108,43.3093053474457
2021-03-28 00:00:00,703,6,85.3485064011379,43.0659763961709,45.655253564809
2021-03-29 00:00:00,514,1,19.4552529182879,43.0386746098697,46.3037619954186
2021-03-30 00:00:00,579,1,17.2711571675302,40.6797279504049,46.367434464239
2021-03-31 00:00:00,671,1,14.903129657228,36.2556665252907,46.230491891343
2021-04-01 00:00:00,642,1,15.5763239875389,31.9576984582789,43.9391349562453
2021-04-02 00:00:00,611,3,49.0998363338788,34.6625447175682,42.5176921918394
2021-04-03 00:00:00,469,1,21.321961620469,31.85373829801,42.1948325145889
2021-04-04 00:00:00,687,4,58.2241630276564,27.9788321017983,43.1652352317165
2021-04-05 00:00:00,474,2,42.1940928270042,31.2272378030435,43.834241865773
2021-04-06 00:00:00,581,0,0,28.7599296362535,42.29578032731141
2021-04-07 00:00:00,660,4,60.60606060606059,35.288919771801,44.3159823475135
2021-04-08 00:00:00,596,2,33.5570469798657,37.8575944849905,45.4345505801757
2021-04-09 00:00:00,596,1,16.7785234899328,33.2402640787125,44.3436696800051
2021-04-10 00:00:00,498,6,120.481927710843,47.4059735201946,45.2589587432348
2021-04-11 00:00:00,691,2,28.9435600578871,43.2230302387989,45.2302021013491
2021-04-12 00:00:00,491,4,81.4663951120162,48.8333591366578,47.2179465672373
2021-04-13 00:00:00,578,7,121.107266435986,66.1343971989415,49.14515080708659
2021-04-14 00:00:00,622,2,32.1543408360128,62.0698658032205,48.95910053306689
2021-04-15 00:00:00,610,3,49.1803278688524,64.3017630730757,48.8378814150803
2021-04-16 00:00:00,611,1,16.3666121112929,64.2429185904129,46.3485337864178
2021-04-17 00:00:00,478,3,62.7615062761506,55.99714409974251,44.76604331320809
2021-04-18 00:00:00,660,2,30.3030303030303,56.1913541347629,42.7320042928677
2021-04-19 00:00:00,480,1,20.8333333333333,47.5294881663796,42.0258885132225
2021-04-20 00:00:00,569,6,105.448154657293,45.292472197995,43.9831946030451
2021-04-21 00:00:00,636,5,78.6163522012578,51.92990239303,45.9488608290071
2021-04-22 00:00:00,605,4,66.1157024793388,54.3492416230995,47.02659145219231
2021-04-23 00:00:00,627,2,31.8979266347687,56.5680008407388,46.56080368558371
2021-04-24 00:00:00,459,3,65.359477124183,56.9391395333149,47.2173829078357
2021-04-25 00:00:00,650,2,30.7692307692307,57.005739599915,47.23749351618169
2021-04-26 00:00:00,504,5,99.2063492063492,68.2018847246315,49.17825160448071
2021-04-27 00:00:00,517,2,38.6847195357833,58.6642511358444,47.6227920423022
2021-04-28 00:00:00,632,4,63.2911392405063,56.4749349985941,49.0839882530429
2021-04-29 00:00:00,654,0,0,47.0298346444029,48.5082830141252
2021-04-30 00:00:00,614,2,32.5732899022801,47.12631511119019,49.09728835562689
2021-05-01 00:00:00,453,1,22.0750551876379,40.94282626311229,49.3139127289636
2021-05-02 00:00:00,652,2,30.6748466257668,40.9293428140461,48.6997464053598
2021-05-03 00:00:00,478,3,62.7615062761506,35.7229366811606,50.0810645605492
2021-05-04 00:00:00,596,7,117.44966442953,46.9750716659815,52.0552479406117
2021-05-05 00:00:00,651,6,92.1658986175115,51.10003729126799,53.7209748002952
2021-05-06 00:00:00,634,3,47.31861198738171,57.8598390037511,55.2982618665413
2021-05-07 00:00:00,658,6,91.1854103343465,66.2329990654749,56.3175735241508
2021-05-08 00:00:00,469,1,21.321961620469,66.125414270165,55.9097373455043
2021-05-09 00:00:00,658,2,30.3951367781155,66.0854557205005,56.3636244551104
2021-05-10 00:00:00,527,3,56.9259962049335,65.2518114246124,54.2450934049134
2021-05-11 00:00:00,568,2,35.2112676056338,53.5034690211986,54.4540169898383
2021-05-12 00:00:00,634,1,15.7728706624605,42.5901793133342,52.2642328415197
2021-05-13 00:00:00,651,5,76.80491551459289,46.8025083886501,50.7874878108066
2021-05-14 00:00:00,647,3,46.3678516228748,40.400000001297,51.261271503702
2021-05-15 00:00:00,450,3,66.6666666666666,46.8778150078966,51.8441494636292
2021-05-16 00:00:00,656,4,60.9756097560975,51.2464540047512,53.3311160517893
2021-05-17 00:00:00,498,2,40.16064257028111,48.8514034855151,52.57775392826029
2021-05-18 00:00:00,565,4,70.7964601769911,53.9350024242805,53.927534924059
2021-05-19 00:00:00,664,6,90.3614457831325,64.590513155805,56.2451386723857
2021-05-20 00:00:00,610,2,32.7868852459016,58.3022231174206,53.8230963586726
2021-05-21 00:00:00,628,1,15.9235668789808,53.9530395825786,51.7333368479301
2021-05-22 00:00:00,452,0,0,44.4292300587691,49.5294800986188
2021-05-23 00:00:00,658,3,45.5927051671732,42.2316722603513,49.9859727163656
2021-05-24 00:00:00,525,1,19.047619047619,39.2155260428281,48.4422441138134
2021-05-25 00:00:00,576,4,69.4444444444444,39.0223809381786,49.7314179029872
2021-05-26 00:00:00,639,3,46.9483568075117,32.8205110845185,47.989484823026
2021-05-27 00:00:00,636,0,0,28.136670335104,46.6999941718332
2021-05-28 00:00:00,642,1,15.5763239875389,28.0870642077551,45.1095003300676
2021-05-29 00:00:00,481,2,41.5800415800415,34.0270701477611,46.495501716069
2021-05-30 00:00:00,673,7,104.011887072808,42.3726675628518,48.8767882884199
2021-05-31 00:00:00,424,1,23.5849056603773,43.02085136467441,48.9271166375113
2021-06-01 00:00:00,529,4,75.6143667296786,43.9022688339936,50.425100640975
2021-06-02 00:00:00,616,3,48.7012987012987,44.1526891045346,49.95642705514661
2021-06-03 00:00:00,645,5,77.5193798449612,55.22688622524331,48.6254175689943
2021-06-04 00:00:00,602,5,83.0564784053156,64.8669082849257,48.3217702285877
2021-06-05 00:00:00,467,3,64.2398286937901,68.10402072974689,48.885810785468
2021-06-06 00:00:00,599,1,16.69449081803,55.6301069790643,46.4027801349241
2021-06-07 00:00:00,526,1,19.0114068441064,54.9767500053113,46.3257616423787
2021-06-08 00:00:00,596,2,33.5570469798657,48.96856146962381,46.43115864910369
2021-06-09 00:00:00,625,5,80,53.4398045122954,47.20029210893929
2021-06-10 00:00:00,612,4,65.359477124183,51.7026755521842,48.2052324262242
2021-06-11 00:00:00,636,4,62.8930817610062,48.8221903172829,49.7759061295091
2021-06-12 00:00:00,457,0,0,39.6450719324557,47.2157422790227
2021-06-13 00:00:00,641,5,78.0031201248049,48.4034475477093,48.270251229087
2021-06-14 00:00:00,533,4,75.046904315197,56.4085186150079,48.549592484038
2021-06-15 00:00:00,564,8,141.843971631205,71.87807927948509,51.2452045465416
2021-06-16 00:00:00,622,7,112.540192926045,76.5266782689201,53.6578562250671
2021-06-17 00:00:00,625,2,32,71.7610386797511,52.364640885834
2021-06-18 00:00:00,628,3,47.77070063694261,69.6006985191705,50.944949380961
2021-06-19 00:00:00,476,1,21.0084033613445,72.6018989993626,50.5523333181425
2021-06-20 00:00:00,640,2,31.25,65.9228818386762,51.06321442217639
2021-06-21 00:00:00,490,1,20.4081632653061,58.1173474029775,51.74348653102
2021-06-22 00:00:00,559,0,0,37.8539228842338,50.2237296921142
2021-06-23 00:00:00,643,1,15.552099533437,23.9984809710041,50.1072123749748
2021-06-24 00:00:00,650,2,30.7692307692307,23.8226567951799,48.818038585801
2021-06-25 00:00:00,626,1,15.9744408945686,19.2803339748408,47.78557472203629
2021-06-26 00:00:00,462,2,43.2900432900432,22.4634253932263,49.2285761650377
2021-06-27 00:00:00,634,2,31.5457413249211,22.5056741539294,49.7608900762838
2021-06-28 00:00:00,497,0,0,19.5902222588856,48.3748886902824
2021-06-29 00:00:00,585,4,68.3760683760683,29.3582320268954,47.1870280670577
2021-06-30 00:00:00,629,4,63.5930047694753,36.2212184891866,48.5206313706943
2021-07-01 00:00:00,652,3,46.0122699386503,38.39879551338939,47.5338948109934
2021-07-02 00:00:00,627,6,95.6937799043062,49.7872725147805,49.1003108510936
2021-07-03 00:00:00,447,2,44.7427293064876,49.9947990885582,48.0077558331445
2021-07-04 00:00:00,587,0,0,45.4882646135695,45.2392065529673
2021-07-05 00:00:00,421,1,23.7529691211401,48.88154591658949,43.8896445672123
2021-07-06 00:00:00,526,1,19.0114068441064,41.8294514120235,43.9668751014149
2021-07-07 00:00:00,585,4,68.3760683760683,42.5127462129654,45.612363819147
2021-07-08 00:00:00,600,3,50,43.0824219360153,46.1604622531514
2021-07-09 00:00:00,589,4,67.9117147707979,39.1135554883713,45.757519412178
2021-07-10 00:00:00,435,1,22.9885057471264,36.0058092656054,44.3451536996095
2021-07-11 00:00:00,586,2,34.1296928327645,40.881479670286,43.3863740686681
2021-07-12 00:00:00,493,3,60.8519269776876,46.18133079265,45.414771634591
2021-07-13 00:00:00,566,3,53.0035335689046,51.0373488961926,44.5814520827277
2021-07-14 00:00:00,623,6,96.30818619582661,55.02765144187229,45.2901614787487
2021-07-15 00:00:00,634,13,205.047318611987,77.1772683864419,47.3969397114414
2021-07-16 00:00:00,600,3,50,74.61845199061369,45.3122666139066
2021-07-17 00:00:00,465,6,129.032258064516,89.7675594645265,48.5466752160571
2021-07-18 00:00:00,693,5,72.15007215007209,95.1990422241419,49.3593209331614
2021-07-19 00:00:00,471,3,63.6942675159235,95.6050908724613,50.7821830716474
2021-07-20 00:00:00,567,4,70.5467372134038,98.1112628216755,52.0920743120942
2021-07-21 00:00:00,596,3,50.3355704697986,91.5437462893857,53.0896545522439
2021-07-22 00:00:00,584,3,51.3698630136986,69.58982406105879,54.8019833193672
2021-07-23 00:00:00,665,5,75.187969924812,73.1881054788891,56.78984566574641
2021-07-24 00:00:00,508,1,19.6850393700787,57.5670742368266,56.420372619108
2021-07-25 00:00:00,624,1,16.025641025641,49.54929836190789,56.42207929014371
2021-07-26 00:00:00,549,2,36.4298724954462,45.65438478755399,56.1934069303238
2021-07-27 00:00:00,595,6,100.840336134453,49.9820417762754,58.5032267573082
2021-07-28 00:00:00,685,1,14.5985401459854,44.8767517300164,58.9898447621744
2021-07-29 00:00:00,647,1,15.4559505409582,39.74619280533921,57.2258408343374
2021-07-30 00:00:00,684,2,29.2397660818713,33.1821636849191,56.0807328780839
2021-07-31 00:00:00,510,4,78.43137254901961,41.5744969961963,57.16136963176289
2021-08-01 00:00:00,677,3,44.3131462333825,45.61556916873079,55.4486818427321
2021-08-02 00:00:00,534,3,56.1797752808988,48.4369838523669,55.8299167085458
2021-08-03 00:00:00,591,5,84.6023688663282,46.1172742426347,58.6499956707568
2021-08-04 00:00:00,691,1,14.4717800289435,46.0991656544859,58.3406227010169
2021-08-05 00:00:00,619,2,32.3101777059773,48.5069123923458,58.7839150630793
2021-08-06 00:00:00,665,1,15.0375939849624,46.4780306642159,57.0059659167091
2021-08-07 00:00:00,506,1,19.7628458498023,38.0968125643277,55.9980607783691
2021-08-08 00:00:00,612,0,0,31.7663631024159,53.7343369526759
2021-08-09 00:00:00,516,2,38.7596899224806,29.2777794797848,54.2600430918543
2021-08-10 00:00:00,575,5,86.9565217391304,29.6140870330422,56.0209373887332
2021-08-11 00:00:00,625,4,64,36.6895470289074,56.1258731561436
2021-08-12 00:00:00,595,1,16.8067226890756,34.4747677407786,54.9193127934826
2021-08-13 00:00:00,607,3,49.42339373970341,39.3870248485987,53.3564863782785
2021-08-14 00:00:00,453,2,44.1501103752759,42.8709197808093,47.9932461037215
2021-08-15 00:00:00,599,2,33.3889816360601,47.64077430024641,47.4395454915901
2021-08-16 00:00:00,467,2,42.8265524625267,48.2217546631102,44.5660219715238
2021-08-17 00:00:00,540,1,18.5185185185185,38.4448970601656,42.7783035171387
2021-08-18 00:00:00,600,2,33.3333333333333,34.0639446792132,41.766272377719
2021-08-19 00:00:00,641,2,31.201248049922,36.1203054450484,40.4547560722696
2021-08-20 00:00:00,594,1,16.8350168350168,31.4648230300932,39.3380709511102
2021-08-21 00:00:00,477,1,20.964360587002,28.1525730603398,38.3245542035537
2021-08-22 00:00:00,596,3,50.3355704697986,30.5735143223024,37.4961408883866
2021-08-23 00:00:00,474,6,126.582278481012,42.538618039229,41.05938219208441
2021-08-24 00:00:00,517,2,38.6847195357833,45.4195038988382,41.81468480908909
2021-08-25 00:00:00,595,3,50.4201680672268,47.8604802893945,42.2810279948151
2021-08-26 00:00:00,575,4,69.5652173913043,53.3410473381634,41.2385240367102
2021-08-27 00:00:00,561,1,17.825311942959,53.4825180678694,41.34608309660931
2021-08-28 00:00:00,455,1,21.9780219780219,53.62732683801509,41.5634854778447
2021-08-29 00:00:00,596,3,50.3355704697986,53.62732683801509,42.26667895744229
2021-08-30 00:00:00,417,0,0,35.5441441978704,39.652299872475
2021-08-31 00:00:00,496,2,40.3225806451612,35.778124356353,39.5192810195343
2021-09-01 00:00:00,581,5,86.0585197934595,40.8693174601005,40.515239169953
2021-09-02 00:00:00,564,2,35.4609929078014,35.9972853910287,38.8771933046687
2021-09-03 00:00:00,575,3,52.1739130434782,40.90422840538859,40.1339310718199
2021-09-04 00:00:00,439,4,91.1161731207289,50.781107140061,42.0941309189783
2021-09-05 00:00:00,596,3,50.3355704697986,50.781107140061,43.2707301351395
2021-09-06 00:00:00,389,2,51.41388174807189,58.12594738978559,44.3257646650818
2021-09-07 00:00:00,512,1,19.53125,55.15575729761969,44.9768063317485
2021-09-08 00:00:00,565,1,17.6991150442477,45.3901280477323,44.2747871691407
2021-09-09 00:00:00,614,3,48.85993485342009,47.3042626113921,43.004900939617
2021-09-10 00:00:00,645,4,62.0155038759689,48.7102041588908,42.938751068816
2021-09-11 00:00:00,484,2,41.3223140495867,41.5967957201562,43.7559374474997
2021-09-12 00:00:00,688,2,29.0697674418604,38.5588238590221,43.0774832375716
2021-09-13 00:00:00,474,0,0,31.2139836092976,41.60581289172909
2021-09-14 00:00:00,542,5,92.25092250922509,41.6025082534726,43.56787758750131
2021-09-15 00:00:00,586,3,51.19453924914671,46.3875688541724,43.8468104803886
2021-09-16 00:00:00,577,2,34.6620450606585,44.3592988837779,44.3849280317933
2021-09-17 00:00:00,567,2,35.2733686067019,40.5389938453112,44.4495958742389
2021-09-18 00:00:00,491,1,20.366598778004,37.5453202350851,44.0884408985083
2021-09-19 00:00:00,659,3,45.5235204855842,39.89585638418851,45.0447243535272
2021-09-20 00:00:00,494,7,141.700404858299,60.13877136394559,49.0692591625704
2021-09-21 00:00:00,547,3,54.8446069469835,54.7950119979111,49.2195603784766
2021-09-22 00:00:00,583,3,51.4579759862778,54.8326458175012,46.7154169619854
2021-09-23 00:00:00,609,3,49.2610837438423,56.9182227722418,47.0679624355874
2021-09-24 00:00:00,591,5,84.6023688663282,63.9652228093313,48.2073691288908
2021-09-25 00:00:00,493,4,81.1359026369168,72.6465519320331,48.5930586370779
2021-09-26 00:00:00,658,2,30.3951367781155,70.4853542595375,49.0120527982498
2021-09-27 00:00:00,462,3,64.9350649350649,59.5188771276469,50.4439542301512
2021-09-28 00:00:00,528,1,18.9393939393939,54.38956098370551,49.397415012471
2021-09-29 00:00:00,598,1,16.7224080267558,49.4273369894881,49.95482861336291
2021-09-30 00:00:00,559,6,107.334525939177,57.723543017393,52.1885601231634
2021-10-01 00:00:00,613,2,32.626427406199,50.2984085230889,50.4074903769214
2021-10-02 00:00:00,476,2,42.016806722689,44.7099662496277,50.6260175040843
2021-10-03 00:00:00,609,3,49.2610837438423,47.4051015304459,50.52892319409649
2021-10-04 00:00:00,565,2,35.3982300884955,43.1855536952217,48.67165842635529
2021-10-05 00:00:00,474,6,126.582278481012,58.5631086297386,51.2132153600625
2021-10-06 00:00:00,525,2,38.095238095238,61.6163700680932,50.7692605716347
2021-10-07 00:00:00,502,2,39.8406374501992,51.9743859982393,51.446240153308
2021-10-08 00:00:00,532,1,18.796992481203,49.9987524375255,51.4828360678732
2021-10-09 00:00:00,418,1,23.9234449760765,47.4139864737237,50.6516197386284
2021-10-10 00:00:00,530,2,37.7358490566037,45.7675243755468,49.8422979113162
2021-10-11 00:00:00,448,2,44.6428571428571,47.08818538331271,49.9529826810919
2021-10-12 00:00:00,520,3,57.6923076923076,37.2467609849263,50.9070673561068
2021-10-13 00:00:00,623,3,48.1540930979133,38.6837402710228,52.5122037927039
2021-10-14 00:00:00,524,1,19.0839694656488,35.7185019875156,50.073305357918
2021-10-15 00:00:00,506,0,0,33.0332173473437,48.3668207162798
2021-10-16 00:00:00,460,3,65.2173913043478,38.9323525370968,49.3853322577361
2021-10-17 00:00:00,581,3,51.6351118760757,40.917961511307,49.9307237000486
2021-10-18 00:00:00,424,3,70.754716981132,44.6482272024892,51.6103276401528
2021-10-19 00:00:00,513,1,19.4931773879142,39.19120858757579,50.7426495368972
2021-10-20 00:00:00,521,3,57.5815738963531,40.5379915587815,47.93868850483229
2021-10-21 00:00:00,556,5,89.92805755395679,50.6585755713969,49.1081368583981
2021-10-22 00:00:00,562,2,35.5871886120996,55.7424596588398,48.5791106125921
2021-10-23 00:00:00,444,1,22.5225225225225,49.6431926900076,47.6878252385481
2021-10-24 00:00:00,588,5,85.0340136054421,54.4144643656314,47.7022133965186
2021-10-25 00:00:00,432,2,46.2962962962962,50.9204042677977,46.5408931851646
2021-10-26 00:00:00,506,3,59.2885375494071,56.6054557194395,47.5040065442076
2021-10-27 00:00:00,555,6,108.108108108108,63.8235320354045,48.9431079833091
2021-10-28 00:00:00,573,4,69.8080279232111,60.9492420881551,50.638729116103
2021-10-29 00:00:00,591,6,101.522842639593,70.36862123494001,53.4654102698642
2021-10-30 00:00:00,459,4,87.1459694989106,79.6005422315669,52.79245838852199
2021-10-31 00:00:00,584,8,136.986301369863,87.0222976264841,56.2711208539775
2021-11-01 00:00:00,473,2,42.2832980972515,86.4490121694778,56.2800038997962
2021-11-02 00:00:00,483,5,103.51966873706,92.76774519628529,58.0886233995702
2021-11-03 00:00:00,585,3,51.28205128205121,84.64973707827721,58.618084106022
2021-11-04 00:00:00,563,5,88.8099467140319,87.36429690553729,57.359006380456
2021-11-05 00:00:00,567,0,0,72.8610336713096,56.0891651106147
2021-11-06 00:00:00,420,2,47.6190476190476,67.2143305456149,56.3484454495763
2021-11-07 00:00:00,646,3,46.4396284829721,54.2790915617733,57.2698666496353
2021-11-08 00:00:00,443,3,67.7200902934537,57.9129190183737,58.72975482688121
2021-11-09 00:00:00,511,2,39.1389432485322,48.7156725200125,58.7765246332788
2021-11-10 00:00:00,586,0,0,41.3896651940052,57.28842939518361
2021-11-11 00:00:00,529,3,56.7107750472589,36.8040692416091,57.2557116403486
2021-11-12 00:00:00,550,2,36.3636363636363,41.9988744364143,56.8626964158727
2021-11-13 00:00:00,454,2,44.0528634361233,41.4894195531394,57.6949928815552
2021-11-14 00:00:00,587,3,51.1073253833049,42.15623339604409,59.3985703943321
2021-11-15 00:00:00,448,1,22.3214285714285,35.6707102928976,57.9687049699014
2021-11-16 00:00:00,507,7,138.067061143984,49.8032985636765,60.8497699454984
2021-11-17 00:00:00,584,5,85.6164383561643,62.0342183288428,61.3451606579994
2021-11-18 00:00:00,539,4,74.2115027829313,64.53432229108171,63.1691048378333
2021-11-19 00:00:00,571,1,17.5131348511383,61.841393503582,61.83349020299291
2021-11-20 00:00:00,441,2,45.3514739229024,62.0269092874076,60.3476040819577
2021-11-21 00:00:00,597,3,50.251256281407,61.9046137014222,60.8364063376013
2021-11-22 00:00:00,425,2,47.0588235294117,65.4385272668483,61.6542830378309
2021-11-23 00:00:00,492,1,20.3252032520325,48.6182618537124,59.4973226927173
2021-11-24 00:00:00,537,2,37.243947858473,41.7079060683279,59.1955777447898
2021-11-25 00:00:00,435,2,45.97701149425281,37.6744073128024,58.751860209618
2021-11-26 00:00:00,511,2,39.1389432485322,40.7638085124301,56.45288804763219
2021-11-27 00:00:00,437,0,0,34.285026523444,54.1259537835251
2021-11-28 00:00:00,582,4,68.7285223367697,36.9246359599244,53.032809773431
2021-11-29 00:00:00,447,2,44.7427293064876,36.5937653566496,51.6193684336836
2021-11-30 00:00:00,498,2,40.16064257028111,39.4273995449708,48.3918464736975
2021-12-01 00:00:00,588,1,17.0068027210884,36.5363788110587,47.54929662782541
2021-12-02 00:00:00,544,1,18.3823529411764,32.5942847320478,44.71138610129589
2021-12-03 00:00:00,588,2,34.0136054421768,31.8620936168542,44.1357712399668
2021-12-04 00:00:00,448,2,44.6428571428571,38.2396446372623,42.6635349209276
2021-12-05 00:00:00,610,4,65.5737704918032,37.7889658022671,44.8493272706544
2021-12-06 00:00:00,463,4,86.3930885529157,43.7390171231854,46.1417953017833
2021-12-07 00:00:00,500,0,0,38.0017824702881,44.5938076856843
2021-12-08 00:00:00,591,0,0,35.5722392244183,42.33647134256911
2021-12-09 00:00:00,542,3,55.350553505535,40.8534107336124,42.87685835113589
2021-12-10 00:00:00,581,1,17.2117039586919,38.4531390931146,43.4505818164256
2021-12-11 00:00:00,431,0,0,32.0755880727064,41.5602226481837
2021-12-12 00:00:00,564,0,0,22.7079065738774,40.3481014360625
2021-12-13 00:00:00,428,0,0,10.3660367806037,38.8796726548583
2021-12-14 00:00:00,479,0,0,10.3660367806037,37.1760951420815
2021-12-15 00:00:00,563,1,17.7619893428063,12.903463829576,37.0241138344608
2021-12-16 00:00:00,579,4,69.0846286701208,14.865474567374,34.7246994186653
2021-12-17 00:00:00,591,1,16.9204737732656,14.8238702551702,32.4348339325687
2021-12-18 00:00:00,435,2,45.97701149425281,21.3920147543492,31.4936842229461
2021-12-19 00:00:00,583,4,68.61063464837049,31.1935339898307,33.19693421618719
2021-12-20 00:00:00,435,0,0,31.1935339898307,31.6852184187571
2021-12-21 00:00:00,480,1,20.8333333333333,34.1697244660212,30.7046209871546
2021-12-22 00:00:00,535,0,0,31.6322974170489,29.1359935361742
2021-12-23 00:00:00,470,3,63.8297872340425,30.8816057833234,30.5861463355746
2021-12-24 00:00:00,431,1,23.2018561484918,31.7789461226414,30.1180766119085
2021-12-25 00:00:00,248,1,40.3225806451612,30.9711702870569,29.9295955836055
2021-12-26 00:00:00,474,3,63.2911392405063,30.2112423716477,30.7346687833379
2021-12-27 00:00:00,365,0,0,30.2112423716477,30.7346687833379
2021-12-28 00:00:00,411,5,121.654501216545,44.6142663549637,32.4988680793304
2021-12-29 00:00:00,464,3,64.6551724137931,53.8507195569341,33.1626161829073
2021-12-30 00:00:00,437,6,137.299771167048,64.3464315473635,36.4005871361329
2021-12-31 00:00:00,474,4,84.3881856540084,73.0873357624373,38.6466332338969
2022-01-01 00:00:00,285,0,0,67.3269670988428,38.0338881358576
2022-01-02 00:00:00,528,4,75.7575757575757,69.10788660128131,39.4253538130376
2022-01-03 00:00:00,411,5,121.654501216545,86.4871010607877,41.9924086154939
2022-01-04 00:00:00,458,2,43.6681222707423,75.3461897828159,41.2622203414585
2022-01-05 00:00:00,532,3,56.390977443609,74.165590501361,40.2621499711483
2022-01-06 00:00:00,521,1,19.193857965451,57.2933171868472,40.9019452366633
2022-01-07 00:00:00,533,2,37.5234521575985,50.5983552587886,42.1527269752499
2022-01-08 00:00:00,414,1,24.1545893719806,54.0490108833573,41.1128615041315
2022-01-09 00:00:00,571,2,35.0262697022767,48.2302528754574,41.706680362251
2022-01-10 00:00:00,446,1,22.4215246636771,34.0541133679049,42.4540645177069
2022-01-11 00:00:00,527,3,56.9259962049335,35.9480953585036,44.351597724538
2022-01-12 00:00:00,551,2,36.2976406533575,33.077618674182,45.5615190796499
2022-01-13 00:00:00,506,1,19.7628458498023,33.1589026576607,46.2202806079766
2022-01-14 00:00:00,550,4,72.7272727272727,38.1880198818999,48.0524567207922
2022-01-15 00:00:00,448,1,22.3214285714285,37.9261397675353,46.4936833841691
2022-01-16 00:00:00,550,2,36.3636363636363,38.1171921477295,47.14178880384809
2022-01-17 00:00:00,351,3,85.4700854700854,47.1241294057879,48.45822460304259
2022-01-18 00:00:00,473,2,42.2832980972515,45.0323153904048,47.5806467180052
2022-01-19 00:00:00,532,2,37.593984962406,45.2175074345545,48.8337795500855
2022-01-20 00:00:00,555,3,54.054054054054,50.1162514637333,49.9411369074428
2022-01-21 00:00:00,553,3,54.249547920434,47.4765764913278,51.7494551714573
2022-01-22 00:00:00,423,2,47.28132387706849,51.04227582070499,51.1978397262248
2022-01-23 00:00:00,555,4,72.072072072072,56.1434809219101,52.8268469236775
2022-01-24 00:00:00,421,1,23.7529691211401,47.3267500149179,52.2745265395435
2022-01-25 00:00:00,495,0,0,41.28627885816761,50.1648218981933
2022-01-26 00:00:00,556,3,53.9568345323741,43.6238287967345,51.96338304927239
2022-01-27 00:00:00,511,4,78.2778864970645,47.0843762885932,50.51749589195639
2022-01-28 00:00:00,574,2,34.8432055749128,44.3120416678044,49.5237636639937
2022-01-29 00:00:00,419,3,71.599045346062,47.7860018776606,47.3337394699608
2022-01-30 00:00:00,547,3,54.8446069469835,45.3249354312194,46.34895351306
2022-01-31 00:00:00,429,2,46.6200466200466,48.5916607882061,47.9029550670616
2022-02-01 00:00:00,496,4,80.64516129032249,60.112398115395,48.0658745848198
2022-02-02 00:00:00,586,2,34.1296928327645,57.2799493011651,45.1483809720271
2022-02-03 00:00:00,538,2,37.174721189591,51.4080685429545,44.931934269322
2022-02-04 00:00:00,614,8,130.29315960912,65.0437762621271,47.3953403415058
2022-02-05 00:00:00,443,5,112.866817155756,70.9391722349405,50.5177723145159
2022-02-06 00:00:00,584,3,51.3698630136986,70.4427802444712,50.9793193430526
2022-02-07 00:00:00,476,2,42.016806722689,69.7851745448487,51.5747265880762
2022-02-08 00:00:00,521,1,19.193857965451,61.0064169270099,51.046979530182
2022-02-09 00:00:00,593,4,67.45362563237771,65.7669787555261,52.548049562472
2022-02-10 00:00:00,572,2,34.9650349650349,65.4513092948752,51.8160175211421
2022-02-11 00:00:00,641,2,31.201248049922,51.2953219292754,51.6461377676942
2022-02-12 00:00:00,491,2,40.7331975560081,40.99051912931139,52.34514949123439
2022-02-13 00:00:00,593,3,50.5902192242833,40.8791414451093,51.6072477078015
2022-02-14 00:00:00,477,2,41.9287211740041,40.8665577952971,52.2608241278873
2022-02-15 00:00:00,523,4,76.4818355640535,49.0505545950975,53.5980974345679
2022-02-16 00:00:00,620,3,48.3870967741935,46.326764758214,52.3619978113715
2022-02-17 00:00:00,569,5,87.8734622144112,53.88511150812489,53.8816699486101
2022-02-18 00:00:00,600,1,16.6666666666666,51.8087427390884,53.1840926720855
2022-02-19 00:00:00,458,1,21.8340611353711,49.1088661075689,52.1100929081294
2022-02-20 00:00:00,554,0,0,41.8816919326713,50.30177464411491
2022-02-21 00:00:00,368,3,81.5217391304347,47.5378373550185,51.4431218192272
2022-02-22 00:00:00,474,2,42.1940928270042,42.63958839258289,50.4471891777249
2022-02-23 00:00:00,533,6,112.570356472795,51.8086254923831,53.4077687561134
2022-02-24 00:00:00,529,2,37.8071833648393,44.65629994244431,54.668008201608
2022-02-25 00:00:00,563,5,88.8099467140319,54.9624828063536,55.8297786076633
2022-02-26 00:00:00,442,2,45.2488687782805,58.3074553267692,54.7288113503705
2022-02-27 00:00:00,579,2,34.5423143350604,63.2420716603493,54.7187816423754
2022-02-28 00:00:00,469,3,63.9658848614072,60.7340924790597,54.4643429595536
2022-03-01 00:00:00,535,5,93.45794392523361,68.0574997788067,55.75145419216189
2022-03-02 00:00:00,582,4,68.7285223367697,61.7943806165173,56.4884033827194
2022-03-03 00:00:00,558,2,35.84229390681,61.5136821225132,54.9949744699356
2022-03-04 00:00:00,583,3,51.4579759862778,56.1776863042626,55.57258390838611
2022-03-05 00:00:00,436,3,68.8073394495412,59.5431821144427,56.6270045170511
2022-03-06 00:00:00,571,3,52.539404553415,62.11419500277911,54.03521268186091
2022-03-07 00:00:00,457,5,109.409190371991,68.6060957900053,53.9199584557354
2022-03-08 00:00:00,523,4,76.4818355640535,66.1809374526939,54.75702420741391
2022-03-09 00:00:00,570,1,17.5438596491228,58.86884278303,53.9412593049617
2022-03-10 00:00:00,555,3,54.054054054054,61.4705228040649,55.1032658412484
2022-03-11 00:00:00,571,4,70.0525394045534,64.1268890066757,55.189896300321
2022-03-12 00:00:00,455,6,131.868131868131,73.1355736379029,58.4199995304242
2022-03-13 00:00:00,579,1,17.2711571675302,68.0972525827765,57.9556631676778
2022-03-14 00:00:00,444,2,45.045045045045,58.9023746789271,58.0993914173124
2022-03-15 00:00:00,511,3,58.70841487279839,56.3633145801763,58.3699979389296
2022-03-16 00:00:00,568,0,0,53.8570489160159,56.9723738997961
2022-03-17 00:00:00,531,1,18.8323917137476,48.8253828674007,55.0507257714526
2022-03-18 00:00:00,561,3,53.475935828877,46.4572966423041,55.220353739942
2022-03-19 00:00:00,468,3,64.1025641025641,36.776501247223,54.4279904695471
2022-03-20 00:00:00,560,2,35.7142857142857,39.4112338967595,55.06291110446769
2022-03-21 00:00:00,442,2,45.2488687782805,39.440351572936,55.8434046925647
2022-03-22 00:00:00,487,3,61.60164271047221,39.8536698354608,57.8967927829138
2022-03-23 00:00:00,523,7,133.843212237093,58.9741287264742,59.6408418864691
2022-03-24 00:00:00,515,2,38.8349514563106,61.8316372611261,59.528870507446
2022-03-25 00:00:00,556,1,17.9856115107913,56.761590929971,56.3760456753791
2022-03-26 00:00:00,448,2,44.6428571428571,53.98163279287,56.6039014679797
2022-03-27 00:00:00,581,3,51.6351118760757,56.2560365302686,55.3647403067145
2022-03-28 00:00:00,433,2,46.189376443418,56.3903947681453,55.3960905622191
2022-03-29 00:00:00,500,1,20,50.44730295236361,54.9113467510504
2022-03-30 00:00:00,586,3,51.19453924914671,38.6403496683712,54.4856352306418
2022-03-31 00:00:00,523,3,57.36137667304011,41.2869818421897,53.2824163222353
2022-04-01 00:00:00,579,2,34.5423143350604,43.6522251027995,52.1428760555117
2022-04-02 00:00:00,444,0,0,37.2746740823914,50.9481329252846
2022-04-03 00:00:00,552,2,36.231884057971,35.0742129655192,50.4405965276744
2022-04-04 00:00:00,431,1,23.2018561484918,31.7902814948155,48.92041375097281
2022-04-05 00:00:00,488,1,20.4918032786885,31.8605391060567,47.8521603751486
2022-04-06 00:00:00,580,2,34.4827586206896,29.47314187342,45.3546126501052
2022-04-07 00:00:00,543,1,18.4162062615101,23.9095461003443,43.4190916733537
2022-04-08 00:00:00,558,2,35.84229390681,24.0952574677371,44.0290394819433
2022-04-09 00:00:00,436,3,68.8073394495412,33.9248773891001,44.5208156617929
2022-04-10 00:00:00,585,5,85.4700854700854,40.9589061622593,45.0347338639773
2022-04-11 00:00:00,443,3,67.7200902934537,47.3186538972539,42.89646581148801
2022-04-12 00:00:00,483,0,0,44.3912534288698,42.3207605725703
2022-04-13 00:00:00,552,3,54.3478260869565,47.2291202097651,42.6308532739674
2022-04-14 00:00:00,516,1,19.3798449612403,47.3667828811551,41.3199009435821
2022-04-15 00:00:00,552,2,36.231884057971,47.4224386170352,42.5276304121811
2022-04-16 00:00:00,424,4,94.3396226415094,51.0699076444592,45.0445381097732
2022-04-17 00:00:00,555,2,36.036036036036,44.0079005824522,44.4632081166785
2022-04-18 00:00:00,421,2,47.5059382422802,41.1201645751417,43.90998725466901
2022-04-19 00:00:00,477,4,83.8574423480083,53.09979919628569,45.5147591424598
2022-04-20 00:00:00,542,2,36.90036900369,50.6073053272477,45.2364758166401
2022-04-21 00:00:00,529,3,56.7107750472589,55.94029533953599,45.073446894533
2022-04-22 00:00:00,560,1,17.8571428571428,53.3153323108463,41.207244581868
2022-04-23 00:00:00,422,1,23.6966824644549,43.2234837141242,40.7026356154728
2022-04-24 00:00:00,596,1,16.7785234899328,40.4724104932524,40.6623993481108
2022-04-25 00:00:00,421,0,0,33.6858478872123,39.1743041100156
2022-04-26 00:00:00,504,0,0,21.7062132660683,37.4531337141464
2022-04-27 00:00:00,559,2,35.778175313059,21.5458998816924,37.1060936764678
2022-04-28 00:00:00,509,5,98.23182711198419,27.4774787480817,39.7138212468672
2022-04-29 00:00:00,575,5,86.9565217391304,37.3488185883657,40.90588732986669
2022-04-30 00:00:00,445,3,67.4157303370786,43.5943968558833,41.2410324520013
2022-05-01 00:00:00,628,0,0,41.1974649287501,40.089621974166
2022-05-02 00:00:00,424,3,70.754716981132,51.3052816403403,42.4481125402037
2022-05-03 00:00:00,513,2,38.9863547758284,56.8747608940301,42.539928230799
2022-05-04 00:00:00,569,2,35.1493848857644,56.7849336901309,42.938179188708
2022-05-05 00:00:00,542,1,18.450184501845,45.3875561743967,42.8701252294799
2022-05-06 00:00:00,558,2,35.84229390681,38.0855236269224,42.9154430723506
2022-05-07 00:00:00,431,3,69.6055684454756,38.3983576424077,44.6217551451495
2022-05-08 00:00:00,561,0,0,38.3983576424077,43.4270120149225
2022-05-09 00:00:00,430,6,139.53488372093,48.2240957480931,45.7845968239687
2022-05-10 00:00:00,489,1,20.4498977505112,45.57603045876211,43.6172572333163
2022-05-11 00:00:00,556,7,125.899280575539,58.5403012715871,45.5565635760525
2022-05-12 00:00:00,571,1,17.5131348511383,58.4064370357719,46.14033473775709
2022-05-13 00:00:00,563,4,71.04795737122551,63.4358175306884,46.6970057805661
2022-05-14 00:00:00,440,1,22.7272727272727,56.7389181423737,46.8085867061005
2022-05-15 00:00:00,588,2,34.0136054421768,61.5980046341132,46.734644085574
2022-05-16 00:00:00,450,1,22.2222222222222,44.8390529914406,44.3307307382644
2022-05-17 00:00:00,527,6,113.851992409867,58.1822093713486,46.9245959507255
2022-05-18 00:00:00,570,6,105.263157894736,55.2341918455197,48.8498366058073
2022-05-19 00:00:00,538,4,74.3494423791821,63.3536643495259,48.5329032735131
2022-05-20 00:00:00,582,8,137.457044673539,72.8406768212851,51.8847924625081
2022-05-21 00:00:00,464,4,86.2068965517241,81.9091945104924,52.867996512657
2022-05-22 00:00:00,624,4,64.1025641025641,86.20761717626199,54.409510554171
2022-05-23 00:00:00,473,8,169.133192389006,107.194898628659,59.25739421832269
2022-05-24 00:00:00,514,6,116.731517509727,107.606259357211,62.5891606856492
2022-05-25 00:00:00,550,7,127.272727272727,110.750483554067,66.8315849280734
2022-05-26 00:00:00,552,2,36.231884057971,105.305118079608,68.0393143966725
2022-05-27 00:00:00,579,5,86.35578583765111,98.00493824591,69.72523474749221
2022-05-28 00:00:00,434,1,23.0414746543778,88.9813065462891,67.21888966557201
2022-05-29 00:00:00,568,1,17.6056338028169,82.3388879320395,64.9071934010282
2022-05-30 00:00:00,370,2,54.054054054054,65.8990110270463,64.4618041915941
2022-05-31 00:00:00,449,2,44.5434298440979,55.5864270748135,65.9465851863973
2022-06-01 00:00:00,539,6,111.317254174397,53.307073775052,67.2986697595062
2022-06-02 00:00:00,525,4,76.1904761904761,59.0154440796956,68.5388071399944
2022-06-03 00:00:00,572,0,0,46.6789032457454,67.3671609771356
2022-06-04 00:00:00,427,1,23.4192037470726,46.7328645447018,67.5327949519765
2022-06-05 00:00:00,556,1,17.9856115107913,46.7871470744125,66.93757220544259
2022-06-06 00:00:00,437,4,91.533180778032,52.1413080349808,67.6684926165278
2022-06-07 00:00:00,471,9,191.08280254777,73.0755041355054,74.0379193681201
2022-06-08 00:00:00,541,7,129.390018484288,75.6573276083471,73.69975719356539
2022-06-09 00:00:00,557,2,35.9066427289048,69.902494256694,74.2149820261785
2022-06-10 00:00:00,607,4,65.8978583196046,79.31647401663749,72.2149346176473
2022-06-11 00:00:00,440,2,45.4545454545454,82.4643799748479,73.1463149710942
2022-06-12 00:00:00,560,2,35.7142857142857,84.9970477182042,71.9685259158629
2022-06-13 00:00:00,457,6,131.291028446389,90.6767402422553,75.5873177731668
2022-06-14 00:00:00,512,7,136.71875,82.9104470211452,79.0108225917609
2022-06-15 00:00:00,563,5,88.8099467140319,77.1132939111086,81.2304134081546
2022-06-16 00:00:00,536,3,55.9701492537313,79.979509128941,79.30101863628339
2022-06-17 00:00:00,588,5,85.0340136054421,82.7132455983463,78.6267138266402
2022-06-18 00:00:00,455,5,109.890109890109,91.91832623199839,79.8114027436711
2022-06-19 00:00:00,548,3,54.7445255474452,94.6369319224497,77.0543187728013
2022-06-20 00:00:00,360,3,83.3333333333333,87.7858326205846,76.9585333321883
2022-06-21 00:00:00,466,5,107.296137339055,83.58260224044969,78.398319106738
2022-06-22 00:00:00,578,6,103.806228373702,85.7249281918312,76.22075363956121
2022-06-23 00:00:00,541,5,92.4214417744916,90.93225569479699,75.41041778172
2022-06-24 00:00:00,562,1,17.7935943060498,81.3264815091695,71.76111334949739
2022-06-25 00:00:00,457,2,43.7636761487965,71.87984811755331,72.0121730858583
2022-06-26 00:00:00,587,2,34.0715502555366,68.9265659329949,70.26936523312109
2022-06-27 00:00:00,413,3,72.639225181598,67.3988361970327,71.9226235840285
2022-06-28 00:00:00,518,4,77.2200772200772,63.10225618003579,73.9097716979372
2022-06-29 00:00:00,529,3,56.7107750472589,56.3743342762581,73.9983290643773
2022-06-30 00:00:00,523,5,95.60229445506691,56.8287418020546,75.7002912180763
2022-07-01 00:00:00,565,2,35.3982300884955,59.34368977097539,73.16965708187959
2022-07-02 00:00:00,420,2,47.6190476190476,59.8944571238684,72.2172761294986
2022-07-03 00:00:00,501,2,39.9201596806387,60.7299727560259,73.5479481188532
2022-07-04 00:00:00,362,4,110.49723756906,66.1382602399491,76.45054924625289
2022-07-05 00:00:00,465,6,129.032258064516,73.54000036058319,80.152104131377
2022-07-06 00:00:00,502,6,119.521912350597,82.5130199753459,81.08506185046251
2022-07-07 00:00:00,531,4,75.3295668549905,79.6169160324778,77.2266206607032
2022-07-08 00:00:00,553,3,54.249547920434,82.3099614370405,74.72193830857469
2022-07-09 00:00:00,407,2,49.1400491400491,82.52724736861211,75.1630518556129
2022-07-10 00:00:00,568,3,52.8169014084507,84.36963904401381,74.7270199585744
2022-07-11 00:00:00,418,3,71.7703349282296,78.8372243810379,75.60421294103051
2022-07-12 00:00:00,488,3,61.4754098360655,69.1862460626879,76.4629170784232
2022-07-13 00:00:00,550,6,109.090909090909,67.6961027398752,75.7229130999072
2022-07-14 00:00:00,523,0,0,56.9347360463051,71.1656214332405
2022-07-15 00:00:00,585,1,17.094017094017,51.6268030711027,68.7750904459067
2022-07-16 00:00:00,430,0,0,44.6067960510957,66.9094188041157
2022-07-17 00:00:00,598,1,16.7224080267558,39.4504398537107,64.6323652848261
2022-07-18 00:00:00,414,2,48.3091787439613,36.098846113101,62.5796675799545
2022-07-19 00:00:00,518,2,38.6100386100386,32.8323645093828,62.0418513487076
2022-07-20 00:00:00,546,4,73.2600732600732,27.7136736764063,61.7060760129323
2022-07-21 00:00:00,540,5,92.5925925925925,40.9411869039195,61.21595785471681
2022-07-22 00:00:00,577,5,86.65511265164639,50.8784862692951,60.644253997315
2022-07-23 00:00:00,422,4,94.78672985781989,64.4194476775551,60.72309693342589
2022-07-24 00:00:00,527,2,37.9506641366223,67.4520556932503,61.3949992611117
2022-07-25 00:00:00,435,5,114.942528735632,76.9711056920604,63.76762768067289
2022-07-26 00:00:00,482,4,82.9875518672199,83.3107504430863,65.398161067729
2022-07-27 00:00:00,537,4,74.487895716946,83.486153651211,65.4597834189072
2022-07-28 00:00:00,544,9,165.441176470588,93.8930942052104,68.4004867272576
2022-07-29 00:00:00,563,5,88.8099467140319,94.2009276426941,69.47045911615
2022-07-30 00:00:00,413,2,48.4261501210653,87.5779876803005,67.8979209716833
2022-07-31 00:00:00,520,3,57.6923076923076,90.3982224739699,68.6410568918104
2022-08-01 00:00:00,439,3,68.3371298405467,83.7403083461005,69.33165963252699
2022-08-02 00:00:00,492,2,40.650406504065,77.6921447227927,69.3560011933079
2022-08-03 00:00:00,554,5,90.2527075812274,79.9442607034043,68.6811835270468
2022-08-04 00:00:00,524,4,76.3358778625954,67.2149323308339,66.9246375203161
2022-08-05 00:00:00,570,2,35.0877192982456,59.540328414293,64.110164418571
2022-08-06 00:00:00,439,4,91.1161731207289,65.6389031285307,64.63638462742901
2022-08-07 00:00:00,552,0,0,57.3971448867724,62.8280663634145
2022-08-08 00:00:00,451,3,66.5188470066518,57.137390196216,63.4073596256346
2022-08-09 00:00:00,502,3,59.7609561752988,59.867468720678,63.63882811786289
2022-08-10 00:00:00,531,5,94.1619585687382,60.4259331474652,64.3852155725465
2022-08-11 00:00:00,501,2,39.9201596806387,55.2236876929,63.6667072340322
2022-08-12 00:00:00,560,3,53.57142857142851,57.864217589069,61.8160578833829
2022-08-13 00:00:00,425,1,23.5294117647058,48.20896596678,62.6003716088731
2022-08-14 00:00:00,533,4,75.046904315197,58.9299522975224,64.5321345162457
2022-08-15 00:00:00,439,0,0,49.4272598680007,64.5321345162457
2022-08-16 00:00:00,475,4,84.21052631578941,52.9200556023565,66.7817384592135
2022-08-17 00:00:00,547,1,18.2815356489945,42.0799951852503,65.7808170227146
2022-08-18 00:00:00,542,6,110.70110701107,52.1915590895976,68.18385263608229
2022-08-19 00:00:00,522,3,57.471264367816,52.7486784890816,67.65755900634039
2022-08-20 00:00:00,429,2,46.6200466200466,56.0473406112731,66.1251408072556
2022-08-21 00:00:00,543,3,55.2486187845303,53.2190141068921,65.07825767835169
2022-08-22 00:00:00,452,7,154.867256637168,75.3429079122019,67.08094190432999
2022-08-23 00:00:00,480,1,20.8333333333333,66.2890232004224,66.510364210887
2022-08-24 00:00:00,527,1,18.9753320683111,66.3881369746105,63.3114576553096
2022-08-25 00:00:00,529,5,94.5179584120983,64.0762586033288,63.6958045401389
2022-08-26 00:00:00,549,9,163.934426229508,79.28528172642771,66.6773555572243
2022-08-27 00:00:00,416,5,120.192307692307,89.79560473675079,65.1690599312817
2022-08-28 00:00:00,523,2,38.2409177820267,87.3659331649645,63.48342563354809
2022-08-29 00:00:00,426,5,117.370892018779,82.00930964805181,65.7815836968053
2022-08-30 00:00:00,474,2,42.1940928270042,85.0608467185762,65.2649765346285
2022-08-31 00:00:00,531,5,94.1619585687382,95.80179336149439,66.1258041589016
2022-09-01 00:00:00,526,2,38.0228136882129,87.7310584009393,66.0382177317065
2022-09-02 00:00:00,562,2,35.5871886120996,69.3957387413095,64.2160337660689
2022-09-03 00:00:00,435,0,0,52.2254090709799,61.6715045039824
2022-09-04 00:00:00,589,3,50.9337860780984,54.03867597041869,62.19970672997751
2022-09-05 00:00:00,371,2,53.9083557951482,44.9725993670428,60.9594461524581
2022-09-06 00:00:00,471,4,84.9256900212314,51.0771132519324,63.7903024864992
2022-09-07 00:00:00,551,0,0,37.6254048849698,61.5730075862774
2022-09-08 00:00:00,534,3,56.1797752808988,40.2192565410678,61.45363488979741
2022-09-09 00:00:00,585,3,51.28205128205121,42.4613797796323,60.0243046469079
2022-09-10 00:00:00,433,3,69.284064665127,52.35910330322189,61.0031014797242
2022-09-11 00:00:00,605,2,33.0578512396694,49.8053983263035,60.3193155686655
2022-09-12 00:00:00,461,3,65.0759219088937,51.4007649139814,61.7041992401384
2022-09-13 00:00:00,489,3,61.3496932515337,48.0327653754531,61.2476255380163
2022-09-14 00:00:00,513,2,38.9863547758284,53.60224462914289,62.5471706972106
2022-09-15 00:00:00,551,5,90.7441016333938,58.54000553664221,62.76495654113079
2022-09-16 00:00:00,578,2,34.6020761245674,56.15715194271591,63.30897455698319
2022-09-17 00:00:00,456,4,87.719298245614,58.7907567399284,62.5429142648013
2022-09-18 00:00:00,583,0,0,54.06820656283269,60.62720545254081
2022-09-19 00:00:00,445,3,67.4157303370786,54.4024649097163,61.3203949097752
2022-09-20 00:00:00,502,1,19.9203187250996,48.48398283451139,60.1427849077942
2022-09-21 00:00:00,491,3,61.0997963340122,51.6430459142519,57.017202897689
2022-09-22 00:00:00,538,5,92.9368029739777,51.9562889629068,59.4206518857104
2022-09-23 00:00:00,595,3,50.4201680672268,54.2160163832867,60.4688130856743
2022-09-24 00:00:00,431,2,46.4037122969837,48.31378981919669,58.8650048818372
2022-09-25 00:00:00,566,3,53.0035335689046,55.8857231861831,55.16730845981699
2022-09-26 00:00:00,428,3,70.0934579439252,56.2682557014468,53.4973468015376
2022-09-27 00:00:00,510,4,78.43137254901961,64.6269776762926,54.8370286271041
2022-09-28 00:00:00,529,4,75.6143667296786,66.7004877328163,53.4451444508007
2022-09-29 00:00:00,531,0,0,53.4238015936767,52.0386746899005
2022-09-30 00:00:00,591,1,16.9204737732656,48.6381309802536,49.4639585300515
2022-10-01 00:00:00,439,5,113.895216400911,58.2797744236718,51.9930386204747
2022-10-02 00:00:00,634,2,31.5457413249211,55.21437553167421,51.85832371090211
2022-10-03 00:00:00,428,3,70.0934579439252,55.21437553167421,54.194772309033
2022-10-04 00:00:00,484,0,0,44.0098937389571,52.496979439763
2022-10-05 00:00:00,533,1,18.7617260787992,35.8880879316886,51.3254251158847
2022-10-06 00:00:00,548,5,91.2408759124087,48.9224987763184,51.5359313122573
2022-10-07 00:00:00,583,3,51.4579759862778,53.8564276638916,53.2511971784666
2022-10-08 00:00:00,434,0,0,37.5856824637614,51.3785380024366
2022-10-09 00:00:00,570,0,0,33.0791479887727,49.6691362930349
2022-10-10 00:00:00,452,2,44.2477876106194,29.386909369729,48.8345937245513
2022-10-11 00:00:00,482,3,62.2406639004149,38.278432784074,49.8073541465761
2022-10-12 00:00:00,546,2,36.6300366300366,40.8310485771079,48.8591579706142
2022-10-13 00:00:00,554,2,36.1010830324909,32.9539353085482,48.0175376299795
2022-10-14 00:00:00,577,5,86.65511265164639,37.9820976893152,49.6064962258401
2022-10-15 00:00:00,419,5,119.331742243436,55.0294894383776,50.5594175795082
2022-10-16 00:00:00,562,1,17.7935943060498,57.571431482099,49.9991348522243
2022-10-17 00:00:00,426,4,93.8967136150234,64.66413519701379,50.2050486978712
2022-10-18 00:00:00,504,0,0,55.7726117826688,50.2050486978712
2022-10-19 00:00:00,539,2,37.1057513914656,55.8405710343016,49.1947160663508
2022-10-20 00:00:00,530,0,0,50.6832734582314,48.5307054421808
2022-10-21 00:00:00,582,4,68.7285223367697,48.1223319846776,48.7849963089394
2022-10-22 00:00:00,441,1,22.6757369614512,34.3143312301083,46.4429607751885
2022-10-23 00:00:00,565,3,53.0973451327433,39.35772420535019,46.5322000107057
2022-10-24 00:00:00,426,0,0,25.9439079746326,44.9854096008063
2022-10-25 00:00:00,508,2,39.3700787401574,31.5682049375122,44.5309611065147
2022-10-26 00:00:00,538,2,37.174721189591,31.5780577658158,43.4336698813702
2022-10-27 00:00:00,550,3,54.5454545454545,39.3702655580236,42.6374726145847
2022-10-28 00:00:00,562,2,35.5871886120996,34.6357893116422,41.30323334399881
2022-10-29 00:00:00,434,6,138.248847926267,51.1462337351873,45.91152827487431
2022-10-30 00:00:00,579,2,34.5423143350604,48.4955150498041,46.4989229602675
2022-10-31 00:00:00,456,4,87.719298245614,61.0268433706061,45.6263923550909
2022-11-01 00:00:00,517,4,77.3694390715667,66.4553234179502,47.15384894664579
2022-11-02 00:00:00,548,7,127.737226277372,79.39282414477611,49.075307891094
2022-11-03 00:00:00,579,3,51.81347150259059,79.00254085293841,50.802423607847
2022-11-04 00:00:00,620,2,32.258064516129,78.5269516963712,51.252301555758
2022-11-05 00:00:00,469,2,42.64392324093809,64.8691053127527,49.6324031333757
2022-11-06 00:00:00,592,3,50.6756756756756,67.17387121855491,49.6063264563556
2022-11-07 00:00:00,491,1,20.366598778004,57.55205700889631,50.2852130822891
2022-11-08 00:00:00,546,1,18.3150183150183,49.11571118653229,50.8957136927897
2022-11-09 00:00:00,612,3,49.0196078431372,37.8703371244987,51.054774367207
2022-11-10 00:00:00,598,2,33.4448160535117,35.246243488916,50.0949127723102
2022-11-11 00:00:00,595,2,33.61344537815121,35.4398693263478,49.9943597305807
2022-11-12 00:00:00,422,6,142.180094786729,49.659322404318,53.53032678905529
2022-11-13 00:00:00,556,2,35.9712230215827,47.5586863108761,51.8408638013865
2022-11-14 00:00:00,486,1,20.5761316872428,47.5886195836245,48.54901011618
2022-11-15 00:00:00,522,4,76.6283524904214,55.9190958943964,50.51016872232579
2022-11-16 00:00:00,559,7,125.223613595706,66.80538243047779,51.5543987216819
2022-11-17 00:00:00,574,7,121.951219512195,79.44915435314681,55.6194393720884
2022-11-18 00:00:00,607,2,32.9489291598023,79.3542234648113,55.4808786310329
2022-11-19 00:00:00,454,2,44.0528634361233,65.3360475575817,56.949307412237
2022-11-20 00:00:00,585,2,34.1880341880341,65.0813062956462,55.7979578072792
2022-11-21 00:00:00,476,1,21.0084033613445,65.1430593919465,55.742380020609
2022-11-22 00:00:00,500,2,40,59.9104376076006,55.3058018495175
2022-11-23 00:00:00,552,1,18.1159420289855,44.6093416694975,55.909666583817
2022-11-24 00:00:00,454,1,22.0264317180616,30.3343719846213,55.3315450164138
2022-11-25 00:00:00,505,2,39.6039603960396,31.2850907326552,55.4125196566288
2022-11-26 00:00:00,370,1,27.027027027027,28.8528283884986,54.4952387393479
2022-11-27 00:00:00,545,0,0,23.9688235044937,53.3089991189445
2022-11-28 00:00:00,436,2,45.8715596330275,27.520702971877,50.22975617583661
2022-11-29 00:00:00,500,1,20,24.6635601147342,49.7450123646679
2022-11-30 00:00:00,542,4,73.80073800738,32.61853096879049,49.28106035672671
2022-12-01 00:00:00,563,0,0,29.4718978662103,46.7020790543412
2022-12-02 00:00:00,566,4,70.6713780918727,33.9101003941865,44.7998841148245
2022-12-03 00:00:00,472,4,84.7457627118644,42.155634063449,45.8976271551337
2022-12-04 00:00:00,608,2,32.8947368421052,46.8548821837497,45.9188495659995
2022-12-05 00:00:00,466,1,21.4592274678111,43.3674061601474,45.2126930402286
2022-12-06 00:00:00,542,1,18.450184501845,43.1460039461252,44.1385100011009
2022-12-07 00:00:00,579,3,51.81347150259059,40.0049658740124,45.1867390919205
2022-12-08 00:00:00,544,1,18.3823529411764,42.6310162941805,45.18898357945911
2022-12-09 00:00:00,569,2,35.1493848857644,37.556445836165,44.7266428142133
2022-12-10 00:00:00,412,3,72.8155339805825,35.8521274459819,46.039000078449
2022-12-11 00:00:00,545,4,73.394495412844,41.6378072418017,47.3650350796055
2022-12-12 00:00:00,440,4,90.9090909090909,51.5592163048417,45.65600161701749
2022-12-13 00:00:00,509,1,19.6463654223968,51.730099293492,45.1118396970446
2022-12-14 00:00:00,547,3,54.8446069469835,52.1631186426909,46.2541222057027
2022-12-15 00:00:00,534,4,74.90636704119851,60.2379777998369,46.19672269072861
2022-12-16 00:00:00,537,3,55.8659217877095,63.1974830715434,43.884799630462
2022-12-17 00:00:00,412,1,24.2718446601941,56.2626703114879,40.6288204687286
2022-12-18 00:00:00,516,4,77.5193798449612,56.8519395160761,42.1145021582339
2022-12-19 00:00:00,450,1,22.2222222222222,47.0395297036663,41.3868141177705
2022-12-20 00:00:00,456,3,65.78947368421049,53.6314023124968,42.4401954343098
2022-12-21 00:00:00,477,4,83.8574423480083,57.7760930840717,44.5351634005319
2022-12-22 00:00:00,436,2,45.8715596330275,53.628263454333,44.7308820549661
2022-12-23 00:00:00,428,0,0,45.6474174846603,44.1270173206666
2022-12-24 00:00:00,366,1,27.3224043715847,46.0832117291446,44.3035497424507
2022-12-25 00:00:00,454,2,44.0528634361233,41.3022808135964,44.4518465104535
2022-12-26 00:00:00,260,0,0,38.1276776389932,43.5509456095526
2022-12-27 00:00:00,335,1,29.8507462686567,32.9935737224855,44.5459704851745
2022-12-28 00:00:00,392,3,76.5306122448979,31.9468837077554,45.56793890557019
2022-12-29 00:00:00,392,3,76.5306122448979,36.3267483665941,47.45229264706681
2022-12-30 00:00:00,383,2,52.219321148825,43.7866513878548,46.7329120851149
2022-12-31 00:00:00,357,4,112.04481792717,55.8898533243671,50.467739349354
2023-01-01 00:00:00,438,4,91.32420091324201,62.64290153538401,51.1561667767329
2023-01-02 00:00:00,274,1,36.4963503649635,67.856665873236,49.5478530318363
2023-01-03 00:00:00,358,1,27.9329608938547,67.58269653397849,49.3824605002279
2023-01-04 00:00:00,476,2,42.016806722689,62.6521528879487,50.06771314205719
2023-01-05 00:00:00,497,3,60.3621730382293,60.3423758584246,51.4647794266033
2023-01-06 00:00:00,498,5,100.401606425702,67.2255594694071,53.0843839240404
2023-01-07 00:00:00,413,1,24.2130750605326,54.678167631316,53.2787413280189
2023-01-08 00:00:00,509,2,39.2927308447937,47.2451004786805,53.41685285998661
2023-01-09 00:00:00,427,2,46.8384074941452,48.72253721142069,52.550948643772
2023-01-10 00:00:00,491,5,101.83299389002,59.2796847823016,53.4988985930112
2023-01-11 00:00:00,503,1,19.8807157057654,56.1173860655982,51.1312860862337
2023-01-12 00:00:00,458,2,43.6681222707423,53.7325216702429,51.9320113145119
2023-01-13 00:00:00,496,2,40.3225806451612,45.1498037015941,51.44794377111779
2023-01-14 00:00:00,400,2,50,48.833650121518,50.6177315364112
2023-01-15 00:00:00,502,1,19.9203187250996,46.0661626758474,49.41954476765751
2023-01-16 00:00:00,312,3,96.1538461538461,53.111225341519,51.8156114841126
2023-01-17 00:00:00,425,4,94.11764705882351,52.0090329370623,52.368887057908
2023-01-18 00:00:00,499,4,80.16032064128251,60.6204050707076,54.30015700521
2023-01-19 00:00:00,460,2,43.4782608695652,60.5932820133966,53.5564499113885
2023-01-20 00:00:00,483,3,62.11180124223601,63.7060278129787,52.8315952078628
2023-01-21 00:00:00,384,0,0,56.5631706701215,51.3025432200952
2023-01-22 00:00:00,495,5,101.010101010101,68.1474252822646,54.66954658709859
2023-01-23 00:00:00,381,4,104.986876640419,69.4092867803466,57.2583623293931
2023-01-24 00:00:00,505,4,79.2079207920792,67.27932588509739,58.4301975745916
2023-01-25 00:00:00,475,1,21.0526315789473,58.83537030476381,59.1319519605565
2023-01-26 00:00:00,475,1,21.0526315789473,55.6317089775326,58.8386814708995
2023-01-27 00:00:00,495,2,40.4040404040404,52.5306002863618,57.6344624095376
2023-01-28 00:00:00,397,1,25.1889168765743,56.1290169830153,55.9230725639268
2023-01-29 00:00:00,475,1,21.0526315789473,44.7065213499934,54.8841829115976
2023-01-30 00:00:00,376,1,26.595744680851,33.5077882129121,52.0358804700536
2023-01-31 00:00:00,458,3,65.5021834061135,31.5498257292027,51.1751465531493
2023-02-01 00:00:00,499,3,60.1202404809619,37.1309127152048,51.9626095570159
2023-02-02 00:00:00,491,5,101.83299389002,48.6709644739295,54.42594399022141
2023-02-03 00:00:00,505,4,79.2079207920792,54.2143759579351,55.6656477925344
2023-02-04 00:00:00,400,0,0,50.6159592612816,53.6535753579268
2023-02-05 00:00:00,489,3,61.3496932515337,56.3726823573654,52.3518449187878
2023-02-06 00:00:00,395,3,75.9493670886075,63.42319984418771,54.0763879863903
2023-02-07 00:00:00,438,2,45.662100456621,60.5889022799745,54.2887003067845
2023-02-08 00:00:00,502,2,39.8406374501992,57.6918161327227,54.0554413053197
2023-02-09 00:00:00,521,3,57.5815738963531,51.37018470505591,52.5803939721974
2023-02-10 00:00:00,495,5,101.010101010101,54.4847818790591,55.28470681567529
2023-02-11 00:00:00,411,2,48.661800486618,61.4364676628616,55.4511627562045
2023-02-12 00:00:00,492,2,40.650406504065,58.4794266989375,55.4620902848346
2023-02-13 00:00:00,394,0,0,47.6295171148507,53.7954236181679
2023-02-14 00:00:00,469,0,0,41.106359906762,53.1314129939979
2023-02-15 00:00:00,490,0,0,35.4148402710193,49.9262847888697
2023-02-16 00:00:00,473,1,21.1416490486257,30.2091367213439,47.4937515218631
2023-02-17 00:00:00,476,1,21.0084033613445,18.7803227715216,45.5220209458652
2023-02-18 00:00:00,419,0,0,11.828636987719,44.07274558354641
2023-02-19 00:00:00,525,4,76.1904761904761,16.9057898000635,44.5420347484877
2023-02-20 00:00:00,315,0,0,16.9057898000635,44.5420347484877
2023-02-21 00:00:00,440,2,45.4545454545454,23.39929629357,42.6901828966358
2023-02-22 00:00:00,475,0,0,23.39929629357,39.1906203419552
2023-02-23 00:00:00,473,0,0,20.3790607151948,36.5503563155525
2023-02-24 00:00:00,506,2,39.5256916996047,23.0243876206606,37.1661249862411
2023-02-25 00:00:00,398,3,75.37688442211049,33.7925139666764,38.9769334143466
2023-02-26 00:00:00,477,5,104.82180293501,37.8827035016099,41.1241921653789
2023-02-27 00:00:00,395,2,50.63291139240501,45.1159765576677,41.9723253159066
2023-02-28 00:00:00,451,2,44.3458980044345,44.957598350509,42.74876753008949
2023-03-01 00:00:00,491,3,61.0997963340122,53.6861406839393,43.8989025851949
2023-03-02 00:00:00,478,2,41.8410041841004,59.6634269959537,43.1101966111278
2023-03-03 00:00:00,477,2,41.9287211740041,60.00671692086789,42.5038126342292
2023-03-04 00:00:00,418,1,23.9234449760765,52.6562255714345,39.906827670431
2023-03-05 00:00:00,523,1,19.1204588910133,40.413176422292,37.9039122737288
2023-03-06 00:00:00,395,3,75.9493670886075,44.02981295032099,40.4355578433491
2023-03-07 00:00:00,428,5,116.822429906542,54.3836032220506,42.2846490651827
2023-03-08 00:00:00,525,6,114.285714285714,61.98159150086521,43.5625273050863
2023-03-09 00:00:00,488,2,40.983606557377,61.859106125619,43.4065775084448
2023-03-10 00:00:00,489,1,20.4498977505112,58.7907027794057,42.76021951845519
2023-03-11 00:00:00,417,2,47.9616306954436,62.2247293107439,42.4395547450916
2023-03-12 00:00:00,506,1,19.7628458498023,62.3164988762852,39.73131290641489
2023-03-13 00:00:00,431,3,69.6055684454756,61.4102419272663,40.42943850504351
2023-03-14 00:00:00,481,4,83.16008316008309,56.60133524920069,41.8464277269108
2023-03-15 00:00:00,496,7,141.129032258064,60.4360949595365,46.5507288021796
2023-03-16 00:00:00,518,9,173.745173745173,79.40203312922179,52.3422345936854
2023-03-17 00:00:00,477,6,125.786163522012,94.4500710965791,56.5351067110858
2023-03-18 00:00:00,433,2,46.189376443418,94.19689191771829,57.3700309575789
2023-03-19 00:00:00,480,0,0,91.37362822488939,56.6697508455341
2023-03-20 00:00:00,421,4,95.0118764845605,95.0031008019015,59.8368133950194
2023-03-21 00:00:00,449,2,44.5434298440979,89.486436042475,58.7819118501402
2023-03-22 00:00:00,464,1,21.551724137931,72.4039634538846,59.5003026547379
2023-03-23 00:00:00,447,0,0,47.5832243474312,57.98515113958629
2023-03-24 00:00:00,498,5,100.401606425702,43.9568590479583,61.3318713537764
2023-03-25 00:00:00,384,5,130.208333333333,55.9595671750891,65.6721491315542
2023-03-26 00:00:00,500,3,60,64.5309957465177,66.35462607490071
2023-03-27 00:00:00,390,2,51.28205128205121,58.2838778604449,65.5514649702321
2023-03-28 00:00:00,434,2,46.0829493087557,58.5038092125389,63.5935031826903
2023-03-29 00:00:00,478,2,41.8410041841004,61.4022777905631,63.3004396090801
2023-03-30 00:00:00,455,4,87.9120879120879,73.9611474922899,64.7526459393352
2023-03-31 00:00:00,485,4,82.4742268041237,71.4000932606358,65.4651269550056
2023-04-01 00:00:00,442,2,45.2488687782805,59.26302689562819,65.57872244147829
2023-04-02 00:00:00,469,3,63.9658848614072,59.8295818758293,66.3132945643917
2023-04-03 00:00:00,397,3,75.5667506297229,63.2988246397824,68.0347380861799
2023-04-04 00:00:00,424,3,70.754716981132,66.8233628786933,69.7558800225172
2023-04-05 00:00:00,458,1,21.8340611353711,63.96522815744621,67.9520364907427
2023-04-06 00:00:00,431,1,23.2018561484918,54.7209093340754,64.8313506988077
2023-04-07 00:00:00,457,4,87.527352297593,55.442784404571,63.9394052992036
2023-04-08 00:00:00,418,0,0,48.978660293388,62.57328508062439
2023-04-09 00:00:00,480,0,0,39.8406767417584,61.891621822274
2023-04-10 00:00:00,377,0,0,29.045426651798,60.2929007990925
2023-04-11 00:00:00,435,0,0,18.9376099402077,59.6341392707658
2023-04-12 00:00:00,462,0,0,15.8184583494404,57.3139536559166
2023-04-13 00:00:00,457,3,65.64551422319471,21.881838074398,56.7301346913537
2023-04-14 00:00:00,494,3,60.7287449392712,18.0534655946377,54.0501251140606
2023-04-15 00:00:00,405,1,24.6913580246913,21.5808024553079,49.0816645900445
2023-04-16 00:00:00,505,1,19.8019801980198,24.4096567693107,45.5488584792447
2023-04-17 00:00:00,380,0,0,24.4096567693107,44.0092125977975
2023-04-18 00:00:00,438,0,0,24.4096567693107,44.0092125977975
2023-04-19 00:00:00,477,2,41.9287211740041,30.3994740798828,42.2397740874456
2023-04-20 00:00:00,470,0,0,21.0215434765692,40.7549930926423
2023-04-21 00:00:00,482,4,82.9875518672199,24.2013730377048,42.802854016952
2023-04-22 00:00:00,433,2,46.189376443418,27.2725185260943,44.3424998983992
2023-04-23 00:00:00,532,2,37.593984962406,29.8142334924352,42.2489125162893
2023-04-24 00:00:00,390,0,0,29.8142334924352,37.9086347385115
2023-04-25 00:00:00,447,4,89.48545861297531,42.5978704371459,38.8914833589441
2023-04-26 00:00:00,499,0,0,36.6080531265739,37.1820816495423
2023-04-27 00:00:00,509,3,58.9390962671905,45.0279240218868,37.6106198814902
2023-04-28 00:00:00,489,3,61.3496932515337,41.9368013625031,38.2609095170713
2023-04-29 00:00:00,401,0,0,35.3383190134434,35.3305065866684
2023-04-30 00:00:00,531,1,18.8323917137476,32.6580914064922,33.2091120836558
2023-05-01 00:00:00,388,2,51.5463917525773,40.0218616568604,33.4190295161324
2023-05-02 00:00:00,441,4,90.7029478458049,40.1957886901217,34.3102649489456
2023-05-03 00:00:00,474,4,84.3881856540084,52.2512437835515,34.6043127830885
2023-05-04 00:00:00,452,5,110.619469026548,59.6341541777455,35.9331378512691
2023-05-05 00:00:00,485,2,41.23711340206179,56.7609284849638,36.5799062601587
2023-05-06 00:00:00,399,2,50.125313283208,63.9216875254221,37.4773548313159
2023-05-07 00:00:00,483,5,103.51966873706,76.01986995732389,38.0104320459648
2023-05-08 00:00:00,384,7,182.291666666666,94.6977663736224,44.08682093485371
2023-05-09 00:00:00,426,4,93.8967136150234,95.1540186263679,47.21671138868781
2023-05-10 00:00:00,489,4,81.79959100204499,94.78421939037311,49.9433644220893
2023-05-11 00:00:00,498,1,20.0803212851405,81.8500554273148,50.6127084649274
2023-05-12 00:00:00,561,2,35.650623885918,81.0519854964371,51.801062594458
2023-05-13 00:00:00,400,3,75,84.6055121702645,52.1128787870181
2023-05-14 00:00:00,532,0,0,69.8169880649702,50.08858728904239
2023-05-15 00:00:00,428,2,46.7289719626168,50.4508888215345,50.8231744203066
2023-05-16 00:00:00,470,2,42.5531914893617,43.11609994644,51.581548130018
2023-05-17 00:00:00,518,10,193.050193050193,59.0090430961754,58.0165545650244
2023-05-18 00:00:00,500,4,80,67.5689971982982,60.68322123169109
2023-05-19 00:00:00,575,4,69.5652173913043,72.4139391276391,61.6044377722678
2023-05-20 00:00:00,414,2,48.3091787439613,68.6009646624908,63.2147437303998
2023-05-21 00:00:00,522,2,38.3141762452107,74.07441841180659,61.7256312096662
2023-05-22 00:00:00,423,0,0,67.3988509885756,60.1859853282189
2023-05-23 00:00:00,437,1,22.883295194508,64.58886580359649,59.6956290026223
2023-05-24 00:00:00,497,1,20.1207243460764,39.88465598872271,60.3663198141582
2023-05-25 00:00:00,486,3,61.7283950617283,37.2744267118267,59.44108436245
2023-05-26 00:00:00,543,1,18.4162062615101,29.9674251218561,60.0549579045003
2023-05-27 00:00:00,409,1,24.4498777506112,26.5589535513776,58.90531728728099
2023-05-28 00:00:00,537,3,55.8659217877095,29.0663457717345,58.72252490515351
2023-05-29 00:00:00,350,3,85.71428571428571,41.31124373091821,61.5796677622964
2023-05-30 00:00:00,431,2,46.4037122969837,44.6713033169862,62.4987117817376
2023-05-31 00:00:00,464,0,0,41.7969141246895,60.7804987233183
2023-06-01 00:00:00,503,1,19.8807157057654,35.8186742166948,58.4197576519837
2023-06-02 00:00:00,537,3,55.8659217877095,41.1686335775804,57.4690155231071
2023-06-03 00:00:00,396,3,75.7575757575757,48.4983047214325,56.3069524141413
2023-06-04 00:00:00,512,2,39.0625,46.0978158946169,56.2344653007392
2023-06-05 00:00:00,399,2,50.125313283208,41.01367697589151,56.2344653007392
2023-06-06 00:00:00,465,2,43.010752688172,40.528968460347,54.21750143244299
2023-06-07 00:00:00,513,0,0,40.528968460347,48.1411125435541
2023-06-08 00:00:00,509,1,19.6463654223968,40.4954898484372,45.66610093713319
2023-06-09 00:00:00,561,3,53.475935828877,40.15406328288969,44.7219790980276
2023-06-10 00:00:00,412,5,121.35922330097,46.6685843605175,48.09794249855531
2023-06-11 00:00:00,505,6,118.811881188118,58.0613531016774,50.8699844086286
2023-06-12 00:00:00,433,2,46.189376443418,57.4990764102788,49.9096302900759
2023-06-13 00:00:00,482,1,20.7468879668049,54.3185243072264,50.6011932223027
2023-06-14 00:00:00,497,1,20.1207243460764,57.192913499523,49.71425163508469
2023-06-15 00:00:00,489,1,20.4498977505112,57.3077038321108,48.977475177123
2023-06-16 00:00:00,586,2,34.1296928327645,54.5439548326661,43.6801251698754
2023-06-17 00:00:00,388,5,128.865979381443,55.6163485584479,45.3089911492569
2023-06-18 00:00:00,528,8,151.515151515151,60.2882443194526,48.0406556200518
2023-06-19 00:00:00,364,4,109.890109890109,69.3883490975514,50.09335332492341
2023-06-20 00:00:00,464,2,43.103448275862,72.5821434274167,50.25299572594511
2023-06-21 00:00:00,487,0,0,69.7077542351201,50.25299572594511
2023-06-22 00:00:00,485,2,41.23711340206179,72.6773564710559,50.8647896661969
2023-06-23 00:00:00,509,4,78.5854616895874,79.0281805934592,52.8136142443139
2023-06-24 00:00:00,407,2,49.1400491400491,67.6387619875457,52.3940027135913
2023-06-25 00:00:00,528,2,37.8787878787878,51.4049957537795,53.0427554341672
2023-06-26 00:00:00,386,1,25.9067357512953,39.4073708768059,53.0913173675233
2023-06-27 00:00:00,472,3,63.5593220338983,42.3296385565254,53.3477640423963
2023-06-28 00:00:00,512,3,58.59375,50.7001742708111,52.4437461852534
2023-06-29 00:00:00,493,3,60.8519269776876,53.5022904959005,52.9253533412769
2023-06-30 00:00:00,514,1,19.4552529182879,45.05511781428631,53.5738617718865
2023-07-01 00:00:00,432,1,23.1481481481481,41.3419891011576,53.6827761866326
2023-07-02 00:00:00,494,0,0,35.9307336899022,51.8205787937089
2023-07-03 00:00:00,400,3,75,42.9440571540029,51.7953262684564
2023-07-04 00:00:00,386,4,103.626943005181,48.6680030070433,53.94747436862909
2023-07-05 00:00:00,462,3,64.9350649350649,49.573905140624,54.4411327570244
2023-07-06 00:00:00,444,4,90.09009009009,53.75078558525291,56.010444003755
2023-07-07 00:00:00,507,4,78.89546351084809,62.2422442413329,58.6402927874499
2023-07-08 00:00:00,401,5,124.688279301745,76.7479772632754,62.1416899167615
2023-07-09 00:00:00,522,1,19.1570881226053,79.4847041379334,60.9977283265525
2023-07-10 00:00:00,419,5,119.331742243436,85.81781017271001,60.9301456246347
2023-07-11 00:00:00,451,2,44.3458980044345,77.3490894583176,58.4479461851785
2023-07-12 00:00:00,485,4,82.4742268041237,79.85468401104029,59.6574411972021
2023-07-13 00:00:00,465,2,43.010752688172,73.1290643821949,60.3995700212476
2023-07-14 00:00:00,513,4,77.9727095516569,72.9972423880247,62.3279695281003
2023-07-15 00:00:00,401,3,74.8129675810473,65.8721978564964,64.1400718557848
2023-07-16 00:00:00,552,4,72.463768115942,73.4874378555445,65.4178743652241
2023-07-17 00:00:00,414,3,72.463768115942,66.7920129801881,63.5378006563741
2023-07-18 00:00:00,457,4,87.527352297593,72.960792164925,61.40487401578881
2023-07-19 00:00:00,525,4,76.1904761904761,72.0631135058325,60.28155289246759
2023-07-20 00:00:00,493,4,81.1359026369168,77.5095634985103,61.5493013711695
2023-07-21 00:00:00,515,2,38.8349514563106,71.9184551991751,62.8437997530465
2023-07-22 00:00:00,402,0,0,61.2308884018827,61.46922930631111
2023-07-23 00:00:00,509,1,19.6463654223968,53.6855451599476,59.5045927640714
2023-07-24 00:00:00,416,7,168.26923076923,67.37203982470321,63.4755654850441
2023-07-25 00:00:00,436,1,22.9357798165137,58.1446723274061,62.9774652163017
2023-07-26 00:00:00,517,2,38.6847195357833,52.7867070910214,63.40339800911791
2023-07-27 00:00:00,512,4,78.125,52.3565781428905,63.88892060798801
2023-07-28 00:00:00,540,2,37.037037037037,52.09973322585139,63.1703635092226
2023-07-29 00:00:00,394,1,25.3807106598984,55.7255490344083,61.9879896319629
2023-07-30 00:00:00,491,2,40.7331975560081,58.7379536249242,62.6972544532203
2023-07-31 00:00:00,423,5,118.203309692671,51.5856791854157,65.8657598380377
2023-08-01 00:00:00,431,3,69.6055684454756,58.252791846696,68.1859454528869
2023-08-02 00:00:00,504,3,59.5238095238095,61.2298047021283,67.6700724370139
2023-08-03 00:00:00,491,1,20.366598778004,52.97860452755739,64.8947276294413
2023-08-04 00:00:00,496,2,40.3225806451612,53.4479679001466,64.0743114864445
2023-08-05 00:00:00,396,1,25.2525252525252,53.4296556990933,61.91305932519229
2023-08-06 00:00:00,656,3,45.7317073170731,54.1437285221026,60.8076007853998
2023-08-07 00:00:00,427,2,46.8384074941452,43.9487424937417,58.2126050584798
2023-08-08 00:00:00,446,2,44.8430493273542,40.41123976258149,59.0688037653048
2023-08-09 00:00:00,517,3,58.027079303675,40.1974211597051,57.0253150006461
2023-08-10 00:00:00,482,2,41.4937759336099,43.2155893247917,56.9302442649519
2023-08-11 00:00:00,557,1,17.9533213644524,40.019980856119,54.7795474169629
2023-08-12 00:00:00,382,2,52.3560209424083,43.8919088118166,55.09105635877081
2023-08-13 00:00:00,556,1,17.9856115107913,39.9281808394906,53.0914864240753
2023-08-14 00:00:00,396,3,75.7575757575757,44.0594905914093,53.12297336329289
2023-08-15 00:00:00,456,1,21.9298245614035,40.786172767702,51.4385085781416
2023-08-16 00:00:00,460,0,0,32.4965900100342,49.0230496409435
2023-08-17 00:00:00,466,3,64.3776824034334,35.7657195057233,48.2513939778049
2023-08-18 00:00:00,528,4,75.7575757575757,44.0234701333123,48.2369639633748
2023-08-19 00:00:00,397,0,0,36.5440385701111,45.5324338754776
2023-08-20 00:00:00,575,1,17.391304347826,36.4591375468303,44.8176456385281
2023-08-21 00:00:00,421,4,95.0118764845605,39.2097519363996,47.9847081880135
2023-08-22 00:00:00,464,3,64.6551724137931,45.3133730581695,49.4850017543933
2023-08-23 00:00:00,499,7,140.280561122244,65.3534532184902,48.5520460994938
2023-08-24 00:00:00,469,4,85.2878464818763,68.3406195154106,50.6304483216726
2023-08-25 00:00:00,494,2,40.4858299595141,63.3017986871161,50.69048533579689
2023-08-26 00:00:00,382,3,78.5340314136125,74.5209460319179,50.7041197162507
2023-08-27 00:00:00,560,9,160.714285714285,94.9956576556978,54.82669467215901
2023-08-28 00:00:00,392,6,153.061224489795,103.288421656445,59.0827117998222
2023-08-29 00:00:00,420,4,95.2380952380952,107.657410631346,60.8995417225584
2023-08-30 00:00:00,497,4,80.4828973843058,99.1148872402119,59.6421946456129
2023-08-31 00:00:00,458,4,87.33624454148469,99.4075155344417,60.2332171821466
2023-09-01 00:00:00,492,2,40.650406504065,99.43102646937761,59.6041037481551
2023-09-02 00:00:00,373,1,26.8096514745308,92.041829335223,59.8188721713726
2023-09-03 00:00:00,577,11,190.641247833622,96.3171096379854,64.829494410988
2023-09-04 00:00:00,347,4,115.273775216138,90.91890259889139,67.8302027431084
2023-09-05 00:00:00,434,3,69.1244239631336,87.1883781310398,68.60995996464379
2023-09-06 00:00:00,474,3,63.2911392405063,84.7324126819256,69.1583843561892
2023-09-07 00:00:00,452,6,132.743362831858,91.2191438662647,72.0883948063393
2023-09-08 00:00:00,571,3,52.539404553415,92.91757215902899,71.9054723146639
2023-09-09 00:00:00,403,1,24.8138957816377,92.6324642029014,71.3494763095982
2023-09-10 00:00:00,596,2,33.5570469798657,70.1918640809362,71.8696004967786
2023-09-11 00:00:00,416,2,48.076923076923,60.59231377533401,71.7269639012625
2023-09-12 00:00:00,391,3,76.7263427109974,61.678302167886,73.6849882746027
2023-09-13 00:00:00,530,8,150.943396226415,74.2000531658729,76.1911822902307
2023-09-14 00:00:00,494,6,121.457489878542,72.5877856011135,79.5087711341353
2023-09-15 00:00:00,532,2,37.593984962406,70.45272565954079,80.7619039662155
2023-09-16 00:00:00,400,1,25,70.47931197644971,79.4493145527677
2023-09-17 00:00:00,606,4,66.006600660066,75.1149625021926,79.1242820495174
2023-09-18 00:00:00,399,2,50.125313283208,75.407589674519,80.7951258256243
2023-09-19 00:00:00,461,0,0,64.4466835729479,80.2154156806968
2023-09-20 00:00:00,502,0,0,42.8833412548886,77.0483531312114
2023-09-21 00:00:00,517,1,19.3423597678916,28.2954655247957,75.5379260430147
2023-09-22 00:00:00,500,4,80,34.3534676730234,73.5285740056066
2023-09-23 00:00:00,374,4,106.951871657754,46.0608779098454,74.2507081781358
2023-09-24 00:00:00,609,3,49.2610837438423,43.66866120752771,74.5432166376134
2023-09-25 00:00:00,423,2,47.28132387706849,43.2623770066506,73.5014597197286
2023-09-26 00:00:00,440,1,22.7272727272727,46.5091302534039,68.9018926201615
2023-09-27 00:00:00,479,6,125.260960334029,64.4035531582652,67.9752171483026
2023-09-28 00:00:00,470,2,42.5531914893617,67.7193862613323,66.2190536900115
2023-09-29 00:00:00,502,2,39.8406374501992,61.9823344685037,64.86431169220799
2023-09-30 00:00:00,386,1,25.9067357512953,50.4044579104381,62.8166613992016
2023-10-01 00:00:00,595,6,100.840336134453,57.7729225376683,64.82299238688131
2023-10-02 00:00:00,434,1,23.0414746543778,54.3100869344268,64.6973864928762
2023-10-03 00:00:00,459,1,21.7864923747276,54.1756897412061,59.0688946442464
2023-10-04 00:00:00,491,0,0,36.2812668363448,55.22643547037509
2023-10-05 00:00:00,475,1,21.0526315789473,33.2097582777142,53.6240423909022
2023-10-06 00:00:00,506,1,19.7628458498023,30.3415023348003,52.1730992778787
2023-10-07 00:00:00,379,2,52.7704485488126,34.1791755915885,49.5073354684439
2023-10-08 00:00:00,597,1,16.750418760469,22.1663302524478,48.3143692753457
2023-10-09 00:00:00,424,1,23.5849056603773,22.2439632533049,48.2734029379703
2023-10-10 00:00:00,434,2,46.0829493087557,25.7148856724518,48.6909330156
2023-10-11 00:00:00,493,4,81.1359026369168,37.305728906297,49.7928990009331
2023-10-12 00:00:00,458,2,43.6681222707423,40.5365132908392,48.6909583195913
2023-10-13 00:00:00,527,4,75.9013282732447,48.5562964941881,46.18955605448561
2023-10-14 00:00:00,380,1,26.3157894736842,44.7770594834554,43.0181660409903
2023-10-15 00:00:00,573,1,17.4520069808027,44.8772863720745,42.3467667749369
2023-10-16 00:00:00,415,1,24.0963855421686,44.95035492661621,42.3166462930092
2023-10-17 00:00:00,447,1,22.3713646532438,41.5629856901145,40.8621384261151
2023-10-18 00:00:00,467,5,107.066381156316,45.2673397643145,42.7601740218854
2023-10-19 00:00:00,481,2,41.5800415800415,44.96904252278581,44.1461754078868
2023-10-20 00:00:00,516,1,19.3798449612403,36.8945449067851,44.7921702399281
2023-10-21 00:00:00,362,2,55.2486187845303,41.027806236906,45.98904554048281
2023-10-22 00:00:00,617,3,48.6223662884927,45.4807147094332,44.9431244167659
2023-10-23 00:00:00,410,2,48.780487804878,49.0070150326774,43.0040782883367
2023-10-24 00:00:00,466,3,64.3776824034334,55.0079175684187,43.507964910323
2023-10-25 00:00:00,559,2,35.778175313059,44.82388816223899,43.124526624856
2023-10-26 00:00:00,509,3,58.9390962671905,47.30375311754599,44.33158740952
2023-10-27 00:00:00,520,5,96.1538461538461,58.2714675736326,43.36135027018049
2023-10-28 00:00:00,380,4,105.263157894736,65.4164017322335,45.45168248369301
2023-10-29 00:00:00,609,2,32.8407224958949,63.1618811904338,45.2183519852162
2023-10-30 00:00:00,419,1,23.8663484486873,59.6027184252637,45.1503390751293
2023-10-31 00:00:00,457,1,21.8818380743982,53.5318835211158,42.5183891397941
2023-11-01 00:00:00,506,0,0,48.42071561925029,41.7503399846482
2023-11-02 00:00:00,469,2,42.64392324093809,46.0928337583571,42.4455876801885
2023-11-03 00:00:00,532,1,18.796992481203,35.0418546622652,43.07215409622859
2023-11-04 00:00:00,365,1,27.3972602739726,23.918155002156,43.28364171939609
2023-11-05 00:00:00,558,1,17.921146953405,21.7867870675146,43.2222517561829
2023-11-06 00:00:00,413,3,72.639225181598,28.7543408865018,43.8845443106091
2023-11-07 00:00:00,460,2,43.4782608695652,31.8395441429543,44.7754723809123
2023-11-08 00:00:00,509,0,0,31.8395441429543,43.9893088588997
2023-11-09 00:00:00,497,0,0,25.7475551085345,42.4532105486078
2023-11-10 00:00:00,531,2,37.6647834274952,28.4429538151477,41.0041732416271
2023-11-11 00:00:00,369,0,0,24.5290594902945,39.5485691659357
2023-11-12 00:00:00,596,2,33.5570469798657,26.7627594940746,38.1370931228231
2023-11-13 00:00:00,386,2,51.81347150259059,23.787651825645,38.98701585712
2023-11-14 00:00:00,413,2,48.4261501210653,24.4944931472878,40.01948729512871
2023-11-15 00:00:00,507,3,59.171597633136,32.9475785234501,41.1886610314943
2023-11-16 00:00:00,505,8,158.415841584158,55.5784130354728,45.7234769291914
2023-11-17 00:00:00,483,3,62.11180124223601,59.0708441518643,44.22499093205541
2023-11-18 00:00:00,407,2,49.1400491400491,66.0908511718713,44.47699118405571
2023-11-19 00:00:00,626,0,0,61.2969873176048,43.8309963520143
2023-11-20 00:00:00,406,3,73.8916256157635,64.4510093337723,44.4524299130554
2023-11-21 00:00:00,427,1,23.4192037470726,60.8785884232019,43.6123244950081
2023-11-22 00:00:00,476,2,42.016806722689,58.4279040074238,43.3868684589351
2023-11-23 00:00:00,385,3,77.92207792207789,46.9287949128409,43.8383483095566
2023-11-24 00:00:00,464,0,0,38.0556804496643,42.645742465788
2023-11-25 00:00:00,338,4,118.343195266272,47.94184418198191,44.6258790990907
2023-11-26 00:00:00,543,0,0,47.94184418198191,41.42075089396251
2023-11-27 00:00:00,371,1,26.9541778975741,41.2364945079548,38.8104515607237
2023-11-28 00:00:00,432,2,46.2962962962962,44.50465058641529,39.2589706874038
2023-11-29 00:00:00,480,4,83.3333333333333,50.40701153079311,41.241203516892
2023-11-30 00:00:00,465,3,64.51612903225801,48.4918759751046,42.6623465488206
2023-12-01 00:00:00,489,1,20.4498977505112,51.4132899394633,43.344009807171
2023-12-02 00:00:00,363,2,55.0964187327823,42.3780361489648,43.7590929902325
2023-12-03 00:00:00,597,3,50.251256281407,49.55678704630861,44.8075684502393
2023-12-04 00:00:00,424,2,47.1698113207547,52.44473467819159,45.466653485132
2023-12-05 00:00:00,452,3,66.3716814159292,55.3126468381391,47.0816713005495
2023-12-06 00:00:00,540,4,74.074074074074,53.9898955153878,47.1294995969654
2023-12-07 00:00:00,513,5,97.46588693957109,58.69700378786111,48.9290871326323
2023-12-08 00:00:00,491,5,101.83299389002,70.3231603792196,52.3235202622996
2023-12-09 00:00:00,380,6,157.894736842105,85.0086343948371,57.5866781570364
2023-12-10 00:00:00,583,1,17.1526586620926,80.2802633063636,56.9029406648563
2023-12-11 00:00:00,415,4,96.3855421686747,87.3110819989236,60.1157920704788
2023-12-12 00:00:00,451,5,110.864745011086,93.66723394108901,62.6927153381862
2023-12-13 00:00:00,502,3,59.7609561752988,91.62250281269249,62.9576314939431
2023-12-14 00:00:00,463,5,107.991360691144,93.1261419200601,64.9431385129458
2023-12-15 00:00:00,457,2,43.7636761487965,84.8305250998853,64.4295411301345
2023-12-16 00:00:00,371,2,53.9083557951482,69.9753278074629,60.9459582705008
2023-12-17 00:00:00,484,2,41.3223140495867,73.428135719962,60.2529753640791
2023-12-18 00:00:00,469,1,21.321961620469,62.7047670702184,59.3257057800931
2023-12-19 00:00:00,438,5,114.155251141552,63.1748393745707,63.1308808181449
2023-12-20 00:00:00,468,3,64.1025641025641,63.79506907846569,62.8045787677049
2023-12-21 00:00:00,455,0,0,48.3677318368736,62.02393864280251
2023-12-22 00:00:00,479,1,20.8768267223382,45.0981819188081,61.3192726427908
2023-12-23 00:00:00,357,2,56.0224089635854,45.4001895142992,60.5892836775077
2023-12-24 00:00:00,487,4,82.135523613963,51.2306480234958,63.3271344646398
2023-12-25 00:00:00,258,1,38.7596899224806,53.72175206664031,60.6743509531801
2023-12-26 00:00:00,326,3,92.0245398773006,50.56022188603291,63.74183561575681
2023-12-27 00:00:00,411,4,97.323600973236,55.3060842961288,66.0874830516122
2023-12-28 00:00:00,385,2,51.9480519480519,62.727234574422,66.27587490667071
2023-12-29 00:00:00,424,1,23.5849056603773,63.1141029941419,64.28426065090551
2023-12-30 00:00:00,347,2,57.6368876080691,63.3447428004967,64.0549526034325
2023-12-31 00:00:00,502,6,119.521912350597,68.6856554771588,67.35735309010211
2024-01-01 00:00:00,297,4,134.680134680134,82.3885761568236,70.0101436216805
2024-01-02 00:00:00,394,5,126.903553299492,87.3712923599939,72.56522018895
2024-01-03 00:00:00,450,6,133.333333333333,92.51553984000779,75.4373375893693
2024-01-04 00:00:00,427,0,0,85.09438956171469,73.2249482088383
2024-01-05 00:00:00,471,6,127.388535031847,99.92347947192461,75.0020969074307
2024-01-06 00:00:00,371,2,53.9083557951482,99.39083207007879,73.5501792026166
2024-01-07 00:00:00,533,0,0,82.31627316285051,70.1557460729493
2024-01-08 00:00:00,372,3,80.64516129032249,74.5969912500202,67.5807602212232
2024-01-09 00:00:00,448,2,44.6428571428571,62.8454632276437,68.497100170582
2024-01-10 00:00:00,466,2,42.9184549356223,49.9290520279707,66.7148639294803
2024-01-11 00:00:00,447,3,67.1140939597315,59.5167797365038,65.2565088944351
2024-01-12 00:00:00,528,3,56.81818181818181,49.4353007059802,65.1584164158646
2024-01-13 00:00:00,375,4,106.666666666666,56.9722022590543,65.114259948382
2024-01-14 00:00:00,631,7,110.93502377179,72.8200627978815,67.3533048691484
2024-01-15 00:00:00,349,2,57.30659025787961,69.4859812218182,67.4665793512395
2024-01-16 00:00:00,421,3,71.25890736342039,73.2882741104702,68.4644657950339
2024-01-17 00:00:00,464,3,64.6551724137931,76.3935194644945,69.90890615481139
2024-01-18 00:00:00,464,6,129.310344827586,85.27869815990239,70.4140759443459
2024-01-19 00:00:00,497,5,100.603621730382,91.5337610045024,71.6307778652731
2024-01-20 00:00:00,377,3,79.57559681697609,87.66360816883241,74.2832977591723
2024-01-21 00:00:00,567,1,17.6366843033509,74.3352739590552,74.1752930118728
2024-01-22 00:00:00,402,2,49.7512437810945,73.2559387480859,73.9662541724564
2024-01-23 00:00:00,439,0,0,63.07609483902591,71.2284033853243
2024-01-24 00:00:00,478,2,41.8410041841004,59.8169279490698,71.33111386071161
2024-01-25 00:00:00,458,3,65.5021834061135,50.7014763174308,70.447035311672
2024-01-26 00:00:00,522,4,76.6283524904214,47.2764378545793,69.7571936955782
2024-01-27 00:00:00,391,3,76.7263427109974,46.8694015537252,70.5831367210097
2024-01-28 00:00:00,544,2,36.7647058823529,49.60197606501119,71.02246339507559
2024-01-29 00:00:00,391,6,153.452685421994,64.4164677279969,74.2163233222064
2024-01-30 00:00:00,464,3,64.6551724137931,73.65292092996741,72.38743199097961
2024-01-31 00:00:00,497,2,40.2414486921529,73.4244130025463,69.2394757913802
2024-02-01 00:00:00,455,2,43.95604395604391,70.34639308110779,66.4745588132653
2024-02-02 00:00:00,528,6,113.636363636363,75.6332518162424,65.8179931566996
2024-02-03 00:00:00,365,2,54.7945205479452,72.5001343643778,67.6444771749645
2024-02-04 00:00:00,529,2,37.8071833648393,72.6490597190187,64.6584321193976
2024-02-05 00:00:00,381,4,104.986876640419,65.72537275022229,66.3610494809066
2024-02-06 00:00:00,448,3,66.96428571428571,66.0552460788641,68.5931923380495
2024-02-07 00:00:00,524,1,19.0839694656488,63.0327490465063,66.5411526105603
2024-02-08 00:00:00,483,3,62.11180124223601,65.6264286588195,67.12345074720629
2024-02-09 00:00:00,519,2,38.5356454720616,54.89775463534779,66.977357098421
2024-02-10 00:00:00,383,1,26.1096605744125,50.7999174962717,65.6105426522437
2024-02-11 00:00:00,547,1,18.2815356489945,48.010539251151,64.3259877799374
2024-02-12 00:00:00,355,4,112.676056338028,49.1089934936665,64.52630076898281
2024-02-13 00:00:00,436,4,91.743119266055,52.6488268582049,63.88657061879159
2024-02-14 00:00:00,470,4,85.1063829787234,62.0806002172156,64.8132303761531
2024-02-15 00:00:00,510,4,78.43137254901961,64.4119675467561,65.0523125490064
2024-02-16 00:00:00,368,2,54.3478260869565,66.67085049174109,64.7087343381118
2024-02-17 00:00:00,359,4,111.42061281337,78.85812938302081,64.112409937638
2024-02-18 00:00:00,527,3,56.9259962049335,84.37876660529781,62.6564890867897
2024-02-19 00:00:00,318,1,31.4465408805031,72.7745501113656,61.0521872222406
2024-02-20 00:00:00,426,3,70.4225352112676,69.7287523892531,62.8117155858378
2024-02-21 00:00:00,470,6,127.659574468085,75.8077797448762,65.4086599420708
2024-02-22 00:00:00,475,3,63.1578947368421,73.6258543431366,67.5139230999656
2024-02-23 00:00:00,528,2,37.8787878787878,71.27313459911251,67.3818492231218
2024-02-24 00:00:00,369,2,54.20054200542,63.0988387694053,67.0051278430987
2024-02-25 00:00:00,562,0,0,54.966553597272,64.4508494267513
2024-02-26 00:00:00,393,3,76.3358778625954,61.3793160232851,64.4378339318046
2024-02-27 00:00:00,416,3,72.1153846153846,61.6211516524447,65.6161898895723
2024-02-28 00:00:00,481,4,83.16008316008309,55.2640814655873,63.2731031475086
2024-02-29 00:00:00,479,3,62.6304801670146,55.1887365270405,63.20561340594929
2024-03-01 00:00:00,463,6,129.589632829373,68.2902858056956,66.1838862105233
2024-03-02 00:00:00,394,2,50.7614213197969,67.7989828506066,66.4107321226484
2024-03-03 00:00:00,544,2,36.7647058823529,73.0510836909427,63.8483435308481
2024-03-04 00:00:00,412,2,48.5436893203883,69.080771042056,63.63998248992949
2024-03-05 00:00:00,431,1,23.2018561484918,62.0931241182142,63.1531382493846
2024-03-06 00:00:00,498,3,60.2409638554216,58.8189642175483,61.661607823218
2024-03-07 00:00:00,457,2,43.7636761487965,56.1237065006599,60.888254171035
2024-03-08 00:00:00,530,4,75.4716981132075,48.3925729697791,62.7678451259536
2024-03-09 00:00:00,396,3,75.7575757575757,51.963452175176,63.2227042764649
2024-03-10 00:00:00,568,4,70.4225352112676,56.7717135078781,64.2856006011051
2024-03-11 00:00:00,390,3,76.9230769230769,60.8259117368337,65.9793811460606
2024-03-12 00:00:00,442,3,67.8733031674208,67.2075470252521,67.6324400633415
2024-03-13 00:00:00,482,5,103.734439834024,73.4209007364811,67.3343861798747
2024-03-14 00:00:00,469,2,42.64392324093809,73.2609360353585,65.69774631237081
2024-03-15 00:00:00,496,2,40.3225806451612,68.2396335399233,64.2049529012521
2024-03-16 00:00:00,391,3,76.7263427109974,68.3780288189835,64.148118573318
2024-03-17 00:00:00,566,5,88.33922261484099,70.9375555909226,65.2811651242475
2024-03-18 00:00:00,427,10,234.192037470726,93.4045499548725,69.3735459461593
2024-03-19 00:00:00,434,2,46.0829493087557,90.29164226077741,69.0121110496201
2024-03-20 00:00:00,491,2,40.7331975560081,81.29146479248931,69.3216662721369
2024-03-21 00:00:00,457,1,21.8818380743982,78.3254526258408,67.7036430342413
2024-03-22 00:00:00,494,3,60.7287449392712,81.2406189535708,65.47261538328081
2024-03-23 00:00:00,393,2,50.8905852417302,77.54979645796121,65.0637050667771
2024-03-24 00:00:00,571,5,87.5656742556917,77.4392895495113,66.7199346126739
2024-03-25 00:00:00,389,4,102.827763496143,58.6729646959996,68.340841995698
2024-03-26 00:00:00,431,3,69.6055684454756,62.03333885838811,70.66102761054721
2024-03-27 00:00:00,509,7,137.524557956778,75.8606760584981,72.7006502803532
2024-03-28 00:00:00,439,8,182.232346241457,98.7678915109352,76.371215667889
2024-03-29 00:00:00,489,9,184.049079754601,116.385082198839,79.7341822210396
2024-03-30 00:00:00,381,5,131.233595800524,127.86265513581,82.0209527421566
2024-03-31 00:00:00,519,5,96.3391136801541,129.116003625019,80.9126021038493
2024-04-01 00:00:00,371,4,107.816711590296,129.828710495612,82.81444511286601
2024-04-02 00:00:00,423,6,141.843971631205,140.148482379288,86.31708730449441
2024-04-03 00:00:00,472,1,21.1864406779661,123.528751339457,85.4051790164137
2024-04-04 00:00:00,480,2,41.66666666666659,103.44793997163,86.0206727003528
2024-04-05 00:00:00,513,2,38.9863547758284,82.7246935460914,85.312185731033
2024-04-06 00:00:00,393,4,101.78117048346,78.5172042150822,87.2461022088552
2024-04-07 00:00:00,549,5,91.07468123861561,77.7651424377196,87.7662016463688
2024-04-08 00:00:00,367,2,54.4959128065395,70.14788546861139,87.0574795480009
2024-04-09 00:00:00,434,3,69.1244239631336,59.7593786588868,87.01420917306311
2024-04-10 00:00:00,480,3,62.5,65.6613157048917,86.53343994229391
2024-04-11 00:00:00,492,5,101.626016260162,74.2269370753911,87.65853037871861
2024-04-12 00:00:00,507,3,59.171597633136,77.11054319786359,86.17310230535561
2024-04-13 00:00:00,380,4,105.263157894736,77.6079699709031,88.2604101271489
2024-04-14 00:00:00,547,7,127.970749542961,82.8788368715239,91.18201575707559
2024-04-15 00:00:00,411,5,121.654501216545,92.4729209300962,92.6796210405938
2024-04-16 00:00:00,465,2,43.010752688172,88.7423964622445,91.1686720430382
2024-04-17 00:00:00,511,8,156.555772994129,102.178935461405,88.5807965604849
2024-04-18 00:00:00,454,5,110.132158590308,103.394098651426,90.71577020320329
2024-04-19 00:00:00,523,10,191.204588910133,122.25595454814,95.73148324834091
2024-04-20 00:00:00,390,3,76.9230769230769,118.207371552189,97.56619120996349
2024-04-21 00:00:00,557,4,71.8132854578097,110.184876682881,97.93567589391479
2024-04-22 00:00:00,410,6,146.341463414634,113.711585568323,101.117371833011
2024-04-23 00:00:00,461,0,0,107.567192327155,98.1985160244885
2024-04-24 00:00:00,498,3,60.2409638554216,93.8079338787689,96.77895603646441
2024-04-25 00:00:00,491,6,122.199592668024,95.53185303272829,98.532090177216
2024-04-26 00:00:00,518,10,193.050193050193,95.7955107670225,100.382944680329
2024-04-27 00:00:00,376,2,53.1914893617021,92.40528397254029,96.08158278433801
2024-04-28 00:00:00,622,3,48.2315112540193,89.03645908628461,91.5543305009853
2024-04-29 00:00:00,406,6,147.783251231527,89.2424287744121,92.1059856820187
2024-04-30 00:00:00,458,3,65.5021834061135,98.59988354671411,91.0780880062174
2024-05-01 00:00:00,491,3,61.0997963340122,98.72257390079841,89.5208574976745
2024-05-02 00:00:00,486,3,61.7283950617283,90.08383138561331,86.850338278692
2024-05-03 00:00:00,492,1,20.3252032520325,65.4088328430189,86.8216303644942
2024-05-04 00:00:00,389,1,25.7069408740359,61.4824687733523,86.28963950473981
2024-05-05 00:00:00,536,2,37.3134328358208,59.9227432850382,86.23387544007291
2024-05-06 00:00:00,355,3,84.5070422535211,50.8832848596088,85.6580711657416
2024-05-07 00:00:00,473,5,105.708245243128,56.6270079791825,86.14585663255869
2024-05-08 00:00:00,493,3,60.8519269776876,56.5915980711361,86.357723771597
2024-05-09 00:00:00,472,3,63.5593220338983,56.8531590671604,86.17222037395581
2024-05-10 00:00:00,491,3,61.0997963340122,62.6781009360146,86.1255469184229
2024-05-11 00:00:00,387,3,77.5193798449612,70.0798779318611,85.32199237124951
2024-05-12 00:00:00,559,2,35.778175313059,69.8605554286094,84.54221162724689
2024-05-13 00:00:00,415,8,192.771084337349,85.3268471548706,87.4591425086674
2024-05-14 00:00:00,442,6,135.746606334841,89.6180415965438,87.7183377350634
2024-05-15 00:00:00,498,13,261.044176706827,118.216934414992,92.36466025140611
2024-05-16 00:00:00,518,6,115.830115830115,125.684190671594,94.79197235613759
2024-05-17 00:00:00,518,4,77.2200772200772,127.987087941032,92.14744916366921
2024-05-18 00:00:00,394,6,152.28426395939,138.667785671665,93.55251934263859
2024-05-19 00:00:00,594,5,84.17508417508411,145.581629794812,89.9848691848036
2024-05-20 00:00:00,413,8,193.704600484261,145.71498924437,93.8775866368431
2024-05-21 00:00:00,409,5,122.249388753056,143.786815304115,95.558790080018
2024-05-22 00:00:00,505,7,138.613861386138,126.296770258303,95.30120334573479
2024-05-23 00:00:00,479,4,83.50730688935279,121.679226123908,98.08478024204649
2024-05-24 00:00:00,497,3,60.3621730382293,119.27095409793,98.0888205481401
2024-05-25 00:00:00,386,2,51.81347150259059,104.917983746958,95.74261650929229
2024-05-26 00:00:00,525,1,19.047619047619,95.61406015732081,89.94253070920651
2024-05-27 00:00:00,324,3,92.5925925925925,81.1694876013681,91.2559008169029
2024-05-28 00:00:00,423,8,189.125295508274,90.7231885663993,95.9523602920447
2024-05-29 00:00:00,481,6,124.740124740124,88.74122618839729,95.18425607566469
2024-05-30 00:00:00,456,3,65.78947368421049,86.21010715909131,95.1938324182679
2024-05-31 00:00:00,482,6,124.481327800829,95.3699864108914,97.3065501338285
2024-06-01 00:00:00,385,5,129.870129870129,106.520937606254,99.57794129410851
2024-06-02 00:00:00,522,3,57.471264367816,112.010029794853,100.816143331301
2024-06-03 00:00:00,389,4,102.827763496143,113.472197066789,103.386837418704
2024-06-04 00:00:00,469,7,149.253731343283,107.776259328933,107.118180702287
2024-06-05 00:00:00,477,3,62.8930817610062,98.940967474774,106.397715352536
2024-06-06 00:00:00,474,1,21.0970464135021,92.55633500752991,103.577342058215
2024-06-07 00:00:00,540,4,74.074074074074,85.3552987608505,104.018080294761
2024-06-08 00:00:00,393,3,76.3358778625954,77.7075484740599,104.443965489051
2024-06-09 00:00:00,598,4,66.8896321070234,79.0530295796609,104.636960014818
2024-06-10 00:00:00,414,4,96.6183574879227,78.1659715784865,105.273592602917
2024-06-11 00:00:00,440,3,68.1818181818181,66.5842696982771,106.353714031876
2024-06-12 00:00:00,491,6,122.199592668024,75.0566283992797,104.001330976232
2024-06-13 00:00:00,507,6,118.343195266272,88.9489353782469,103.421217273946
2024-06-14 00:00:00,540,6,111.111111111111,94.2399406692522,98.4234484207558
2024-06-15 00:00:00,375,6,160,106.191958117452,99.8957778930853
2024-06-16 00:00:00,515,4,77.66990291262131,107.731996803966,99.9107720828368
2024-06-17 00:00:00,362,1,27.6243093922651,97.8757042188729,95.7554402639326
2024-06-18 00:00:00,409,3,73.3496332518337,98.6139635145894,95.3945918998242
2024-06-19 00:00:00,420,4,95.2380952380952,94.7623210245995,92.11237505828531
2024-06-20 00:00:00,434,3,69.1244239631336,87.731067981294,90.3415428986213
2024-06-21 00:00:00,480,0,0,71.8580521082781,85.72108085241659
2024-06-22 00:00:00,335,4,119.402985074626,66.0584785475105,86.91760345859241
2024-06-23 00:00:00,564,5,88.6524822695035,67.6274184556365,87.86061376630161
2024-06-24 00:00:00,365,3,82.1917808219178,75.42277151701549,88.8732240769458
2024-06-25 00:00:00,409,8,195.599022004889,92.88696991030919,94.75827084218821
2024-06-26 00:00:00,446,6,134.529147982062,98.4999774451617,96.1561560218372
2024-06-27 00:00:00,456,7,153.508771929824,110.554884297546,94.9689385692222
2024-06-28 00:00:00,518,2,38.6100386100386,116.07060409898,92.0979356982193
2024-06-29 00:00:00,349,2,57.30659025787961,107.19969055373,91.8151729173416
2024-06-30 00:00:00,506,4,79.0513833992094,105.828105000831,90.3008414372876
2024-07-01 00:00:00,380,1,26.3157894736842,97.8458205225124,86.8490300907394
2024-07-02 00:00:00,432,1,23.1481481481481,73.2099814001207,85.70492621675051
2024-07-03 00:00:00,456,7,153.508771929824,75.921356249801,87.3942931645399
2024-07-04 00:00:00,401,3,74.8129675810473,64.6790984856899,84.91293437246529
2024-07-05 00:00:00,494,7,141.700404858299,79.40629366401299,87.5398451423751
2024-07-06 00:00:00,332,2,60.2409638554216,79.82548989223321,88.84464239043909
2024-07-07 00:00:00,492,1,20.3252032520325,71.4360355854937,87.05301336303769
2024-07-08 00:00:00,402,2,49.7512437810945,74.7839576294094,86.1668588936543
2024-07-09 00:00:00,411,3,72.992700729927,81.904607998235,86.37029451441781
2024-07-10 00:00:00,467,6,128.47965738758,78.3290202064858,87.4323378444064
2024-07-11 00:00:00,483,10,207.03933747412,97.2185016197819,92.0609218208164
2024-07-12 00:00:00,534,5,93.63295880149809,90.3517236116674,91.10870069193221
2024-07-13 00:00:00,379,3,79.155672823219,93.0538248927813,89.8024499438304
2024-07-14 00:00:00,580,7,120.689655172413,107.39160373855,90.12173474587391
2024-07-15 00:00:00,382,3,78.5340314136125,111.503430543195,87.4062024596609
2024-07-16 00:00:00,422,7,165.876777251184,124.772584331946,90.3464316042797
2024-07-17 00:00:00,435,8,183.908045977011,132.690925559008,95.5558894904379
2024-07-18 00:00:00,444,8,180.18018018018,128.853903088445,99.11690772138279
2024-07-19 00:00:00,510,11,215.686274509803,146.290091046774,103.131847030439
2024-07-20 00:00:00,343,1,29.1545189504373,139.147069064948,101.799516863349
2024-07-21 00:00:00,473,5,105.708245243128,137.006867646479,105.32312503812
2024-07-22 00:00:00,380,4,105.263157894736,140.82531428664,104.851797465457
2024-07-23 00:00:00,416,4,96.1538461538461,130.864895558448,105.101842928269
2024-07-24 00:00:00,461,4,86.7678958785249,116.987731258665,105.254380096822
2024-07-25 00:00:00,460,6,130.434782608695,109.88124589131,103.082238783616
2024-07-26 00:00:00,488,3,61.4754098360655,87.8511223664904,100.647114178749
2024-07-27 00:00:00,357,6,168.067226890756,107.695794929393,101.13239601078
2024-07-28 00:00:00,540,4,74.074074074074,103.176627619528,102.314530526248
2024-07-29 00:00:00,377,2,53.050397877984,95.7176619028491,102.172657446918
2024-07-30 00:00:00,399,2,50.125313283208,89.14215720704371,101.208455109718
2024-07-31 00:00:00,475,1,21.0526315789473,79.754262307104,101.033016513227
2024-08-01 00:00:00,456,3,65.78947368421049,70.51921817503471,102.454394031096
2024-08-02 00:00:00,503,3,59.6421471172962,70.2573235009248,99.3255065373454
2024-08-03 00:00:00,376,3,79.7872340425531,57.64589595118149,99.49131541939559
2024-08-04 00:00:00,540,4,74.074074074074,57.64589595118149,97.2371043932547
2024-08-05 00:00:00,400,4,100,64.3529819686124,98.56240559807401
2024-08-06 00:00:00,408,7,171.56862745098,81.7020268497227,103.603853071372
2024-08-07 00:00:00,479,4,83.50730688935279,90.6241233226378,104.72905517498
2024-08-08 00:00:00,443,4,90.2934537246049,94.124691899837,105.30574694147
2024-08-09 00:00:00,466,3,64.3776824034334,94.80119694071381,103.169014441998
2024-08-10 00:00:00,366,3,81.9672131147541,95.1126225224567,98.99994363001969
2024-08-11 00:00:00,534,13,243.445692883895,119.308568066716,103.993701432766
2024-08-12 00:00:00,382,4,104.712041884816,119.981716907405,104.845580401486
2024-08-13 00:00:00,368,3,81.5217391304347,107.117875718755,103.539983200086
2024-08-14 00:00:00,431,1,23.2018561484918,98.5028113272041,101.695577357916
2024-08-15 00:00:00,418,3,71.7703349282296,95.8566514991504,98.558695947151
2024-08-16 00:00:00,485,7,144.329896907216,107.278396428262,97.23942431149119
2024-08-17 00:00:00,353,5,141.643059490084,115.803517339023,95.9548536218213
2024-08-18 00:00:00,526,7,133.079847908745,100.036968056859,93.2013060684527
2024-08-19 00:00:00,360,1,27.7777777777777,89.0463588987112,93.1554146960307
2024-08-20 00:00:00,418,6,143.540669856459,97.9062061452861,94.41649551647511
2024-08-21 00:00:00,462,1,21.6450216450216,97.6838012162189,91.6292243081512
2024-08-22 00:00:00,443,3,67.7200902934537,97.1051948398224,90.68143244613819
2024-08-23 00:00:00,485,7,144.329896907216,97.1051948398224,92.60016581376121
2024-08-24 00:00:00,383,6,156.657963446475,99.2501811193067,93.4742718416872
2024-08-25 00:00:00,540,5,92.5925925925925,93.4662875027135,94.5115112669048
2024-08-26 00:00:00,351,2,56.98005698005689,97.6380416744676,90.8086056032148
2024-08-27 00:00:00,407,7,171.990171990172,101.702256264998,94.0724755337514
2024-08-28 00:00:00,440,5,113.636363636363,114.843876549475,96.09200772569741
2024-08-29 00:00:00,456,3,65.78947368421049,114.568074176726,96.6141464057308
2024-08-30 00:00:00,487,4,82.135523613963,105.683163706261,98.65024280689799
2024-08-31 00:00:00,380,2,52.6315789473684,90.82225163496071,98.2116463156699
2024-09-01 00:00:00,565,8,141.592920353982,97.8222984580163,100.943338756892
2024-09-02 00:00:00,335,5,149.253731343283,111.004251938477,103.258888666917
2024-09-03 00:00:00,427,5,117.096018735363,103.162230044933,104.69295348896
2024-09-04 00:00:00,463,2,43.1965442764578,93.0993987078037,102.799504964842
2024-09-05 00:00:00,506,5,98.8142292490118,97.8172209313468,100.374358358109
2024-09-06 00:00:00,505,11,217.821782178217,117.200972154811,104.851507534405
2024-09-07 00:00:00,407,3,73.7100737100737,120.212185692341,104.298728200587
2024-09-08 00:00:00,556,2,35.9712230215827,105.123371787712,103.351846221192
2024-09-09 00:00:00,400,7,175,108.801410167243,106.452939117367
2024-09-10 00:00:00,455,11,241.758241758241,126.610299170511,106.396690746512
2024-09-11 00:00:00,463,12,259.179265658747,157.464973653696,111.545598205643
2024-09-12 00:00:00,440,9,204.545454545454,172.56943441033,115.646388719477
2024-09-13 00:00:00,501,3,59.880239520958,150.006356887865,116.869001498559
2024-09-14 00:00:00,409,7,171.149144254278,163.926224108465,120.181628476094
2024-09-15 00:00:00,622,7,112.540192926045,174.864648380531,119.121971676722
2024-09-16 00:00:00,380,7,184.210526315789,176.180437854216,120.540887237578
2024-09-17 00:00:00,403,5,124.069478908188,159.367757447065,120.240541604227
2024-09-18 00:00:00,456,6,131.578947368421,141.139140548447,123.700580590581
2024-09-19 00:00:00,459,4,87.1459694989106,124.367785541798,121.82075724533
2024-09-20 00:00:00,513,0,0,115.813465610233,121.099256523829
2024-09-21 00:00:00,384,7,182.291666666666,117.405254526288,124.918309069603
2024-09-22 00:00:00,576,4,69.4444444444444,111.248719028916,122.422127320844
2024-09-23 00:00:00,380,9,236.842105263157,118.767516021398,125.094932048066
2024-09-24 00:00:00,431,9,208.816705336426,130.874262654003,128.969069139528
2024-09-25 00:00:00,476,5,105.042016806722,127.083272573761,130.571134467083
2024-09-26 00:00:00,478,4,83.6820083682008,126.588420983659,127.627529013017
2024-09-27 00:00:00,498,2,40.16064257028111,132.325655636556,125.178338310815
2024-09-28 00:00:00,380,7,184.210526315789,132.599778443574,129.125706731867
2024-09-29 00:00:00,546,7,128.205128205128,140.994161837957,130.661360218239
2024-09-30 00:00:00,417,5,119.904076738609,124.288729191593,132.903776811281
2024-10-01 00:00:00,443,5,112.866817155756,110.58160230864,131.946240038007
2024-10-02 00:00:00,448,6,133.928571428571,114.708252968904,131.435401374183
2024-10-03 00:00:00,454,5,110.132158590308,118.486845857777,131.203272702681
2024-10-04 00:00:00,471,7,148.619957537154,133.981033710187,134.717386478038
2024-10-05 00:00:00,396,6,151.515151515151,129.310265881525,136.474083886909
2024-10-06 00:00:00,534,5,93.63295880149809,124.371384538149,132.334456441018
2024-10-07 00:00:00,382,5,130.89005235602,125.940809626351,134.240455729217
2024-10-08 00:00:00,434,4,92.1658986175115,122.983535549459,136.113611582414
2024-10-09 00:00:00,456,7,153.508771929824,125.780707049638,135.397237313408
2024-10-10 00:00:00,479,4,83.50730688935279,121.977156806644,130.122206151112
2024-10-11 00:00:00,490,3,61.2244897959183,109.492089986467,123.523713622351
2024-10-12 00:00:00,369,5,135.50135501355,107.204404771953,121.222243637954
2024-10-13 00:00:00,561,2,35.650623885918,98.9212140697277,120.414589783453
2024-10-14 00:00:00,394,4,101.522842639593,94.7258983959524,118.093713062963
2024-10-15 00:00:00,426,8,187.793427230046,108.386973912028,120.60215420643
2024-10-16 00:00:00,478,8,167.364016736401,110.366294598682,120.040603887117
2024-10-17 00:00:00,491,6,122.199592668024,115.893763995635,119.978274345778
2024-10-18 00:00:00,471,6,127.388535031847,125.345770457911,119.838593934559
2024-10-19 00:00:00,384,8,208.333333333333,135.750338789308,123.87817272904
2024-10-20 00:00:00,545,7,128.440366972477,149.006016373103,128.159518294789
2024-10-21 00:00:00,388,8,206.185567010309,163.957834140348,128.955981639577
2024-10-22 00:00:00,449,7,155.902004454342,159.401916600961,131.837900306574
2024-10-23 00:00:00,406,9,221.67487684729,167.160610902517,131.332326026045
2024-10-24 00:00:00,441,4,90.7029478458049,162.661090213629,127.395200776358
2024-10-25 00:00:00,499,11,220.440881763527,175.954282603869,131.241829608251
2024-10-26 00:00:00,399,9,225.563909774436,178.415793524026,135.971226321792
2024-10-27 00:00:00,552,6,108.695652173913,175.595119981374,138.255726641913
2024-10-28 00:00:00,418,10,239.234449760765,180.316388945725,140.089857423413
2024-10-29 00:00:00,430,11,255.813953488372,194.589524522015,144.343484932854
2024-10-30 00:00:00,481,11,228.690228690228,195.591717642435,147.969689997908
2024-10-31 00:00:00,492,11,223.577235772357,214.573758774799,151.660037285128
2024-11-01 00:00:00,505,6,118.811881188118,200.055330121169,151.156147610446
2024-11-02 00:00:00,398,6,150.753768844221,189.368167131139,152.510201285577
2024-11-03 00:00:00,581,10,172.117039586919,198.428365332997,153.293437353902
2024-11-04 00:00:00,420,9,214.285714285714,194.864260265132,155.385789446254
2024-11-05 00:00:00,442,15,339.366515837104,206.800340600665,163.576908014108
2024-11-06 00:00:00,518,18,347.490347490347,223.77178614354,170.796917851919
2024-11-07 00:00:00,490,43,877.5510204081629,317.196612520083,196.976421911607
2024-11-08 00:00:00,494,33,668.016194331983,395.654371540635,214.126669325012
2024-11-09 00:00:00,408,27,661.7647058823529,468.655933974654,233.401915958112
2024-11-10 00:00:00,560,19,339.285714285714,492.537173217339,242.670623441106
2024-11-11 00:00:00,406,17,418.71921182266,521.74195857976,252.111218668076
2024-11-12 00:00:00,426,22,516.431924882629,547.037017014835,268.137262034633
2024-11-13 00:00:00,479,23,480.167014613778,565.9908266038971,280.758734433772
2024-11-14 00:00:00,482,15,311.203319502074,485.084012188741,284.872397509507
2024-11-15 00:00:00,535,22,411.214953271028,448.398120608605,293.000762060661
2024-11-16 00:00:00,381,13,341.207349081364,402.6042124941779,300.301020607772
2024-11-17 00:00:00,582,12,206.185567010309,383.589905740548,302.927588340388
2024-11-18 00:00:00,380,13,342.105263157894,372.645055931296,307.386652667873
2024-11-19 00:00:00,443,19,428.893905191873,360.139624546903,317.40177060852
2024-11-20 00:00:00,493,15,304.259634888438,335.009998871854,320.670906204457
2024-11-21 00:00:00,464,10,215.51724137931,321.340559140031,322.658080768623
2024-11-22 00:00:00,501,18,359.281437125748,313.921485404991,327.2449661112381
2024-11-23 00:00:00,417,17,407.673860911271,323.793446248864,337.872997280094
2024-11-24 00:00:00,577,12,207.972270363951,324.149563150172,337.457376900108
2024-11-25 00:00:00,388,13,335.051546391752,323.141889326437,341.106964787352
2024-11-26 00:00:00,438,22,502.283105022831,333.487439559175,354.226546548983
2024-11-27 00:00:00,431,28,649.6519721577721,382.829202026223,367.907130628883
2024-11-28 00:00:00,400,13,325,398.336313961906,370.21333217927
2024-11-29 00:00:00,444,14,315.315315315315,391.849724308984,373.100835066773
2024-11-30 00:00:00,361,13,360.110803324099,385.055001796531,377.651953985165
2024-12-01 00:00:00,510,15,294.117647058823,396.886463280162,383.36099500846
2024-12-02 00:00:00,369,6,162.60162601626,372.373805373561,383.768517880681
2024-12-03 00:00:00,447,8,178.97091722595,326.186349974007,383.996980468649
2024-12-04 00:00:00,395,8,202.53164556962,262.953543580727,383.639030581633
2024-12-05 00:00:00,393,12,305.343511450381,260.376461705479,382.504930435409
2024-12-06 00:00:00,470,10,212.765957446808,245.928549156241,378.014117433958
2024-12-07 00:00:00,373,7,187.667560321715,220.571266441365,355.018002097743
2024-12-08 00:00:00,593,8,134.907251264755,197.82692418507,337.247703995502
2024-12-09 00:00:00,372,10,268.817204301075,213.000578225758,324.149453942792
2024-12-10 00:00:00,454,14,308.370044052863,231.48616777246,323.118931601697
2024-12-11 00:00:00,507,8,157.790927021696,225.094636551328,314.421322108332
2024-12-12 00:00:00,423,10,236.406619385342,215.246509113465,305.087145258422
2024-12-13 00:00:00,400,16,400,241.994229478207,302.414911437963
2024-12-14 00:00:00,364,10,274.725274725274,254.431045821572,301.220453721766
2024-12-15 00:00:00,511,10,195.694716242661,263.114969389844,294.062018890054
2024-12-16 00:00:00,396,14,353.535353535353,275.217562137598,294.502726137044
2024-12-17 00:00:00,399,22,551.378446115288,309.933048146516,306.032692605727
2024-12-18 00:00:00,433,11,254.041570438799,323.683140063245,303.097236181757
2024-12-19 00:00:00,425,17,400,347.053623008196,302.101761068635
2024-12-20 00:00:00,445,10,224.719101123595,322.013494597281,299.45040994314
2024-12-21 00:00:00,400,10,250,318.481312493671,300.584319230397
2024-12-22 00:00:00,518,6,115.830115830115,307.072083863307,292.397130320317
2024-12-23 00:00:00,350,5,142.857142857142,276.975196623563,283.504416608326
2024-12-24 00:00:00,350,8,228.571428571428,230.859908403011,284.191055215242
2024-12-25 00:00:00,301,5,166.112956810631,218.298677884702,278.588479396847
2024-12-26 00:00:00,342,6,175.438596491228,186.218477383448,267.693662445794
2024-12-27 00:00:00,385,6,155.844155844155,176.379199486386,251.383091296513
2024-12-28 00:00:00,351,11,313.390313390313,185.434958542145,251.04999892362
2024-12-29 00:00:00,439,7,159.453302961275,191.666842418025,245.901730845946
2024-12-30 00:00:00,311,13,418.006430868167,230.973883562457,247.662993897357
2024-12-31 00:00:00,373,14,375.335120643431,251.940125287029,250.370243016844
2025-01-01 00:00:00,323,15,464.396284829721,294.552029289756,260.430064977293
2025-01-02 00:00:00,422,13,308.056872037914,313.497497224997,264.732930137691
2025-01-03 00:00:00,449,10,222.717149220489,323.050781993044,265.405780259387
2025-01-04 00:00:00,354,12,338.983050847457,326.706887344065,266.52709823929
2025-01-05 00:00:00,498,9,180.722891566265,329.745400001921,265.458996043272
2025-01-06 00:00:00,342,10,292.397660818713,311.801289994856,268.949999393171
2025-01-07 00:00:00,445,22,494.38202247191,328.807990256067,280.932491766743
2025-01-08 00:00:00,440,13,295.454545454545,304.673456059613,281.820403138526
2025-01-09 00:00:00,464,19,409.482758620689,319.162868428581,285.190826957453
2025-01-10 00:00:00,498,12,240.963855421686,321.769540743038,287.96325790412
2025-01-11 00:00:00,395,15,379.746835443038,327.592938542406,292.741265106043
2025-01-12 00:00:00,563,9,159.857904085257,324.61222604512,284.736528575551
2025-01-13 00:00:00,378,14,370.37037037037,335.751184552499,287.924698430388
2025-01-14 00:00:00,432,8,185.185185185185,291.580207797253,287.574380728472
2025-01-15 00:00:00,487,11,225.872689938398,281.639942723518,283.318958608573
2025-01-16 00:00:00,456,19,416.666666666666,282.666215301514,278.828565960286
2025-01-17 00:00:00,510,12,235.294117647058,281.856252762282,278.203650867228
2025-01-18 00:00:00,419,13,310.262529832935,271.92992338941,275.212401861659
2025-01-19 00:00:00,598,20,334.448160535117,296.871388596533,278.870037175377
2025-01-20 00:00:00,332,15,451.807228915662,308.505225531574,285.596944805899
2025-01-21 00:00:00,459,29,631.808278867102,372.308524628991,302.796216907132
2025-01-22 00:00:00,482,21,435.684647302904,402.281661395349,312.55713372199
2025-01-23 00:00:00,473,17,359.408033826638,394.101856703917,316.918353897164
2025-01-24 00:00:00,508,26,511.811023622047,433.604271843201,328.441622790878
2025-01-25 00:00:00,389,16,411.311053984575,448.039775293435,336.304038040656
2025-01-26 00:00:00,559,13,232.558139534883,433.484058007687,338.861170830347
2025-01-27 00:00:00,378,29,767.195767195767,478.539563476274,353.988019290529
2025-01-28 00:00:00,437,22,503.432494279176,460.200165677999,365.453992334459
2025-01-29 00:00:00,458,18,393.013100436681,454.104230411395,364.620881320076
2025-01-30 00:00:00,466,15,321.888412017167,448.744284438614,362.839324365867
2025-01-31 00:00:00,498,25,502.008032128514,447.343857082395,364.093049275827
2025-02-01 00:00:00,414,22,531.400966183574,464.535668298241,371.568711864007
2025-02-02 00:00:00,524,19,362.595419847328,483.052883934392,376.231320884902
2025-02-03 00:00:00,406,39,960.591133004926,510.680793335701,396.951590290151
2025-02-04 00:00:00,463,49,1058.31533477321,589.949770549135,426.204671730382
2025-02-05 00:00:00,461,43,932.754880694143,667.17805882757,447.549912392897
2025-02-06 00:00:00,455,28,615.384615384615,709.007197430903,451.583332156654
2025-02-07 00:00:00,432,22,509.259259259259,710.043087021009,458.687722043883
2025-02-08 00:00:00,353,19,538.243626062323,711.02060986083,462.979750958604
2025-02-09 00:00:00,485,14,288.659793814433,700.458377570416,464.569615571696
2025-02-10 00:00:00,351,18,512.820512820512,636.4911461155,469.005404817612
2025-02-11 00:00:00,427,11,257.611241217798,522.104847036155,472.263849388696
2025-02-12 00:00:00,409,17,415.647921760391,448.232424331333,473.773101101697
2025-02-13 00:00:00,478,20,418.410041841004,420.093199539388,481.547262990224
2025-02-14 00:00:00,468,24,512.820512820512,420.601950048139,491.112190419628
2025-02-15 00:00:00,384,13,338.541666666666,392.073098705902,488.508023752962
2025-02-16 00:00:00,605,14,231.404958677685,383.89383654351,488.378385120649
2025-02-17 00:00:00,296,13,439.189189189189,373.375076024749,492.675940432524
2025-02-18 00:00:00,429,22,512.820512820512,409.833543396566,498.621685508704
2025-02-19 00:00:00,430,13,302.325581395348,393.644637630131,493.638963924694
2025-02-20 00:00:00,408,18,441.176470588235,396.896984594021,487.284570315398
2025-02-21 00:00:00,502,33,657.370517928286,417.546985323703,494.674099336244
2025-02-22 00:00:00,377,18,477.453580901856,437.391544500159,498.608950905418
2025-02-23 00:00:00,558,7,125.448028673835,422.254840213895,485.730184407144
2025-02-24 00:00:00,391,15,383.631713554987,414.318057980437,484.807539726158
2025-02-25 00:00:00,447,15,335.570469798657,388.996623263029,488.227391706304
2025-02-26 00:00:00,461,20,433.839479392624,407.784322976926,477.1155154462
2025-02-27 00:00:00,482,21,435.684647302904,406.999776793307,474.857253880324
2025-02-28 00:00:00,482,15,311.203319502074,357.547319875277,472.15880243889
2025-03-01 00:00:00,360,18,500,360.768236889297,478.072780933514
2025-03-02 00:00:00,533,11,206.378986866791,372.329802345434,468.218479424789
2025-03-03 00:00:00,397,17,428.211586901763,378.698355680688,464.778833448729
2025-03-04 00:00:00,439,36,820.04555808656,447.909082578959,480.027171390037
2025-03-05 00:00:00,489,42,858.895705521472,508.631400597366,476.637323807255
2025-03-06 00:00:00,462,44,952.380952380952,582.445158465659,473.106177727513
2025-03-07 00:00:00,488,43,881.147540983606,663.865761534449,471.385933070495
2025-03-08 00:00:00,411,34,827.250608272506,710.615848430521,478.448132833425
2025-03-09 00:00:00,573,23,401.396160558464,738.475444672189,474.852696210065
2025-03-10 00:00:00,381,33,866.141732283464,801.036894012432,485.782633084103
2025-03-11 00:00:00,440,31,704.545454545454,784.536879220845,499.645488441804
2025-03-12 00:00:00,503,47,934.393638170974,795.322298170774,513.697925953486
2025-03-13 00:00:00,480,39,812.5,775.339304973495,532.194217912892
2025-03-14 00:00:00,517,29,560.928433268858,729.593718157103,537.036901629841
2025-03-15 00:00:00,419,34,811.455847255369,727.337323726083,550.138428476987
2025-03-16 00:00:00,607,20,329.489291598023,717.064913874591,544.027387769571
2025-03-17 00:00:00,437,36,823.798627002288,711.015898834423,560.202619780758
2025-03-18 00:00:00,451,21,465.631929046563,676.885395191725,568.01018545972
2025-03-19 00:00:00,487,22,451.745379876796,607.935644006842,568.56356632425
2025-03-20 00:00:00,479,28,584.551148225469,575.371522324766,570.954587504415
2025-03-21 00:00:00,499,25,501.002004008016,566.810603858932,577.577134924837
2025-03-22 00:00:00,393,18,458.015267175572,516.319092418961,578.138428144415
2025-03-23 00:00:00,537,16,297.951582867784,511.813705457498,566.157796975732
2025-03-24 00:00:00,394,20,507.614213197969,466.644503485452,567.163151385602
2025-03-25 00:00:00,449,29,645.87973273942,492.394189727289,584.510874854455
2025-03-26 00:00:00,449,16,356.347438752783,478.765912423859,583.601399027715
2025-03-27 00:00:00,471,36,764.331210191082,504.448778418946,597.893423707462
2025-03-28 00:00:00,514,33,642.023346303502,524.594684461159,604.832885937825
2025-03-29 00:00:00,401,17,423.940149625935,519.726810525496,604.441402681926
2025-03-30 00:00:00,530,20,377.358490566037,531.07065448239,606.646575050725
2025-03-31 00:00:00,407,31,761.670761670761,567.36444712136,615.368933773083
2025-04-01 00:00:00,445,41,921.348314606741,606.717101673834,639.201244697748
2025-04-02 00:00:00,460,44,956.521739130434,692.45628744207,656.811583105371
2025-04-03 00:00:00,449,52,1158.12917594654,748.713139692851,668.081037034037
2025-04-04 00:00:00,503,83,1650.09940357852,892.724005017855,694.454493635939
2025-04-05 00:00:00,421,54,1282.66033254156,1015.39831686294,705.848147335424
2025-04-06 00:00:00,532,43,808.270676691729,1076.95720059518,703.418918525695
2025-04-07 00:00:00,398,47,1180.90452261306,1136.84773787265,715.072541162104
2025-04-08 00:00:00,407,75,1842.75184275184,1268.47681332195,762.733389541086
2025-04-09 00:00:00,462,86,1861.47186147186,1397.75540222787,795.911060514032
2025-04-10 00:00:00,450,87,1933.33333333333,1508.49885328313,836.870656473628
2025-04-11 00:00:00,481,81,1683.99168399168,1513.34060762786,861.857258000985
2025-04-12 00:00:00,399,64,1604.01002506265,1559.24770655945,888.240925503074
2025-04-13 00:00:00,591,59,998.307952622673,1586.3958888353,902.820242814867
2025-04-14 00:00:00,423,53,1252.95508274231,1596.68882599662,917.536883997765
2025-04-15 00:00:00,460,39,847.826086956521,1454.55657516872,934.814777176382
2025-04-16 00:00:00,485,57,1175.25773195876,1356.52598523827,946.530080674931
2025-04-17 00:00:00,472,61,1292.37288135593,1266.50448454457,975.228389966412
2025-04-18 00:00:00,528,63,1193.18181818181,1196.38878942888,999.973794834768
2025-04-19 00:00:00,420,28,666.666666666666,1059.48402752412,1002.22356526635
2025-04-20 00:00:00,555,41,738.738738738738,1022.40271125498,1010.14812309071
2025-04-21 00:00:00,385,43,1116.88311688311,1003.38601366686,1032.22604516863
2025-04-22 00:00:00,438,50,1141.55251141552,1045.34693144672,1060.36453656526
2025-04-23 00:00:00,481,42,873.180873180873,1003.22522948895,1072.59292854049
2025-04-24 00:00:00,498,52,1044.1767068273,967.76863312772,1086.0123880896
2025-04-25 00:00:00,526,60,1140.68441064638,960.269003479802,1112.15695381938
2025-04-26 00:00:00,403,34,843.672456575682,985.555544895375,1114.90939018022
2025-04-27 00:00:00,615,40,650.40650406504,972.936654227704,1115.18882877227
2025-04-28 00:00:00,425,49,1152.94117647058,978.087805597343,1139.52401558332
2025-04-29 00:00:00,457,42,919.037199124726,946.299903841515,1157.65077150161
2025-04-30 00:00:00,494,50,1012.14574898785,966.152028956798,1166.1240894589
2025-05-01 00:00:00,473,39,824.524312896406,934.773115538097,1162.89662273523
2025-05-02 00:00:00,528,43,814.393939393939,888.160191073461,1158.36562157895
2025-05-03 00:00:00,460,49,1065.21739130434,919.809467463271,1155.26856209088
2025-05-04 00:00:00,615,37,601.626016260162,912.840826348288,1120.42858273871
2025-05-05 00:00:00,398,33,829.145728643216,866.584333801521,1104.62285584198
2025-05-06 00:00:00,501,58,1157.68463073852,900.676824032063,1116.32053615365
2025-05-07 00:00:00,524,57,1087.78625954198,911.482611254082,1113.31524939987
2025-05-08 00:00:00,537,50,931.098696461824,926.707523191999,1083.22717823874
2025-05-09 00:00:00,537,57,1061.45251396648,962.001605273791,1055.5264914283
2025-05-10 00:00:00,412,29,703.883495145631,910.382477251117,1014.52041013096
2025-05-11 00:00:00,607,29,477.759472817133,892.687256759255,974.312669758478
2025-05-12 00:00:00,425,33,776.470588235294,885.162236700981,946.028356032988
2025-05-13 00:00:00,475,38,800,834.064432309763,939.418090945565
2025-05-14 00:00:00,474,42,886.075949367088,805.248673713349,927.287289257802
2025-05-15 00:00:00,505,40,792.079207920792,785.388746778916,925.429059956611
2025-05-16 00:00:00,516,29,562.015503875969,714.040602480272,905.228483856301
2025-05-17 00:00:00,425,25,588.235294117647,697.519430904845,881.757230948358
2025-05-18 00:00:00,639,27,422.535211267605,689.630250683484,856.069010717885
2025-05-19 00:00:00,442,22,497.737556561085,649.811246158597,850.438040381032
2025-05-20 00:00:00,411,32,778.588807785888,646.752504413724,851.766376015937
2025-05-21 00:00:00,478,29,606.694560669456,606.84087745692,834.760090808815
2025-05-22 00:00:00,481,30,623.700623700623,582.786793996895,817.498361218318
2025-05-23 00:00:00,522,31,593.869731800766,587.337397986152,808.187989838981
2025-05-24 00:00:00,403,25,620.347394540942,591.924840903766,794.060346096102
2025-05-25 00:00:00,570,27,473.684210526315,599.231840797868,771.8270060921
2025-05-26 00:00:00,336,7,208.333333333333,557.88838033676,750.649035317355
2025-05-27 00:00:00,437,30,686.49885583524,544.732672915239,751.852113709695
2025-05-28 00:00:00,477,21,440.251572327044,520.955103152037,728.095793571577
2025-05-29 00:00:00,485,26,536.082474226804,508.438224655777,715.33063607498
2025-05-30 00:00:00,497,43,865.191146881287,547.198426810137,710.432149338094
2025-05-31 00:00:00,407,48,1179.36117936117,627.057538927314,722.26004488692
2025-06-01 00:00:00,567,17,299.823633156966,602.220313588836,705.107701345688
2025-06-02 00:00:00,432,33,763.888888888888,681.585392953915,695.063417931839
2025-06-03 00:00:00,450,31,688.888888888888,681.926826247293,697.972180352797
2025-06-04 00:00:00,475,37,778.947368421052,730.311939975009,696.298901678725
2025-06-05 00:00:00,512,32,625,743.014443656894,678.542747320774
2025-06-06 00:00:00,523,30,573.613766730401,701.360532206767,661.403664227054
2025-06-07 00:00:00,406,32,788.177339901477,645.477126569667,656.639619008376
2025-06-08 00:00:00,592,29,489.864864864864,672.62587395651,637.586697371656
2025-06-09 00:00:00,444,32,720.72072072072,666.458992789629,638.147938224159
2025-06-10 00:00:00,503,25,497.017892644135,639.04885046895,638.789885551725
2025-06-11 00:00:00,514,31,603.112840466926,613.929632189789,633.011293959447
2025-06-12 00:00:00,531,28,527.306967984934,599.973484759065,623.921526225611
2025-06-13 00:00:00,509,15,294.695481335952,560.128015417001,604.208843957906
2025-06-14 00:00:00,429,11,256.410256410256,484.161289203969,586.353212240889
2025-06-15 00:00:00,621,15,241.545893719806,448.687150468961,575.67089190235
2025-06-16 00:00:00,432,25,578.703703703703,428.399005180816,575.353172221885
2025-06-17 00:00:00,450,15,333.333333333333,405.015496707844,572.379776290743
2025-06-18 00:00:00,479,25,521.920668058455,393.416614935205,573.185880007322
2025-06-19 00:00:00,384,12,312.5,362.729905223072,557.649586414459
2025-06-20 00:00:00,496,27,544.354838709677,398.395527705032,555.571595682466
2025-06-21 00:00:00,379,20,527.704485488126,437.151846144728,552.371724408716
2025-06-22 00:00:00,552,13,235.5072463768116,436.2891822385868,540.3207934715941
2025-06-23 00:00:00,403,14,347.394540942928,403.2450161299045,531.2223650183271
2025-06-24 00:00:00,438,20,456.62100456621,420.8575405917441,530.6535914863235
2025-06-25 00:00:00,476,19,399.1596638655462,403.3202542784715,537.0144691707305
2025-06-26 00:00:00,466,19,407.7253219,416.9238717,527.6695334
2025-06-27 00:00:00,516,15,290.6976744,380.6871339,522.6844035
2025-06-28 00:00:00,390,23,589.7435897,389.5498631,524.4731073
2025-06-29 00:00:00,560,19,339.2857142857143,404.3753585301436,506.942926250923
2025-06-30 00:00:00,433,15,346.4203233256351,404.236184584816,479.1782310497381
2025-07-01 00:00:00,454,13,286.3436123348018,379.910842837472,478.7464923059687
2025-07-02 00:00:00,496,23,463.7096774193548,389.1322733451589,468.7993245094005
2025-07-03 00:00:00,493,20,405.6795132,388.840015,459.359012
2025-07-04 00:00:00,456,16,350.877193,397.437089,445.0900061
2025-07-05 00:00:00,400,18,450,377.4737190760781,439.2566728046372
2025-07-06 00:00:00,574,15,261.3240418118467,366.336337294097,428.8835047327166
2025-07-07 00:00:00,413,23,556.9007263922518,396.4049663036136,421.174284282409
2025-07-08 00:00:00,464,28,603.448275862069,441.7056325217947,424.9603979823158
2025-07-09 00:00:00,499,30,601.2024048096192,461.3474507204038,420.9764541186125
2025-07-10 00:00:00,506,23,454.5454545454546,468.3282994862425,419.5607061819898
2025-07-11 00:00:00,508,35,688.9763779527559,516.6281830534282,422.4228240981841
2025-07-12 00:00:00,409,25,611.2469437652812,539.6634607341826,425.23372631688
2025-07-13 00:00:00,613,30,489.3964110929853,572.2452277743453,431.743018451352
2025-07-14 00:00:00,451,24,532.150776053215,567.5475612623293,440.4455763351835
2025-07-15 00:00:00,456,29,635.9649122807018,572.3781862117997,453.6058215355371
2025-07-16 00:00:00,473,44,930.2325581395348,619.7253523446503,465.3234500167314
2025-07-17 00:00:00,501,30,598.8023952095808,640.3334867252398,474.1724187459397
2025-07-18 00:00:00,557,31,556.5529622980251,621.6092256558305,475.3268285539253
2025-07-19 00:00:00,385,23,597.4025974025974,619.8444399189193,484.8235818006786
2025-07-20 00:00:00,579,23,397.2366148531952,606.9061166052643,479.9196410054626
2025-07-21 00:00:00,423,26,614.6572104018912,618.6927500836466,482.8574837452586
2025-07-22 00:00:00,382,8,209.4240837696335,557.7583460106368,481.988044991686
2025-07-23 00:00:00,416,23,552.8846153846154,503.8514970456484,488.8377141397422
2025-07-24 00:00:00,411,30,729.92700729927,522.5835844870326,497.9479142308443
2025-07-25 00:00:00,418,26,622.0095693779904,531.934528355599,505.3762444145924
2025-07-26 00:00:00,362,14,386.7403314917127,501.8399189397583,504.6767447347024
2025-07-27 00:00:00,554,22,397.1119133574007,501.8221044403591,508.2238860326623
2025-07-28 00:00:00,323,24,743.0340557275542,520.1616537725968,513.3335682321277
2025-07-29 00:00:00,342,36,1052.631578947368,640.619867369416,537.1117637208496
2025-07-30 00:00:00,398,31,778.894472361809,672.9069897947294,551.527568688722
2025-07-31 00:00:00,422,42,995.260663507109,710.81179782442,575.179114615149
2025-08-01 00:00:00,415,42,1012.04819277108,766.531601166291,593.519141388911
2025-08-02 00:00:00,349,39,1117.47851002865,870.922769528711,617.245774617046
2025-08-03 00:00:00,515,19,368.932038834951,866.897073168361,617.847602812129
2025-08-04 00:00:00,342,24,701.754385964912,860.999977487984,626.314042543298
2025-08-05 00:00:00,352,23,653.40909090909,803.968193482515,639.398693399688
2025-08-06 00:00:00,404,21,519.801980198019,766.95498031626,638.206907554437
2025-08-07 00:00:00,400,29,725,728.346314100958,642.30188963329
2025-08-08 00:00:00,399,36,902.255639097744,712.661663576196,652.416997762895
2025-08-09 00:00:00,370,34,918.918918918919,684.296007703376,667.896113242011
2025-08-10 00:00:00,514,16,311.284046692607,676.06058025447,655.351488472302
2025-08-11 00:00:00,320,19,593.75,660.631382259483,654.817951886936
2025-08-12 00:00:00,346,23,664.739884393063,662.250067042907,660.715785431745
2025-08-13 00:00:00,396,22,555.555555555555,667.357720665412,661.456526172486
2025-08-14 00:00:00,396,25,631.313131313131,653.973882281574,661.3014668069
2025-08-15 00:00:00,396,22,555.555555555555,604.445298918404,648.812233387434
2025-08-16 00:00:00,358,13,363.128491620111,525.046666447146,640.956436601119
2025-08-17 00:00:00,501,18,359.281437125748,531.903436509023,634.380719095376
2025-08-18 00:00:00,302,10,331.125827814569,494.38569762539,625.504826775775
2025-08-19 00:00:00,364,18,494.505494505494,470.066499070023,628.747122764185
2025-08-20 00:00:00,387,19,490.956072351421,460.838001469433,624.623751495836
2025-08-21 00:00:00,385,21,545.454545454545,448.57248920392,635.824766885333
2025-08-22 00:00:00,386,24,621.761658031088,458.030503843282,638.120668306882
2025-08-23 00:00:00,370,24,648.648648648648,498.819097704502,635.411389685195
2025-08-24 00:00:00,512,21,410.15625,506.086928115109,628.349612372595
2025-08-25 00:00:00,315,21,666.666666666666,554.021333665409,637.68049021176
2025-08-26 00:00:00,354,14,395.4802259887,539.874866734438,637.626100632804
2025-08-27 00:00:00,385,19,493.506493506493,540.239212613734,629.308515225435
2025-08-28 00:00:00,404,19,470.29702970297,529.502424649224,609.897363583955
2025-08-29 00:00:00,394,23,583.756345177665,524.073094241592,603.392759344484
2025-08-30 00:00:00,362,22,607.734806629834,518.228259667475,590.475230781908
2025-08-31 00:00:00,540,12,222.222222222222,491.380541413507,564.147698430279
2025-09-01 00:00:00,256,9,351.5625,446.365660461126,538.617164762657
2025-09-02 00:00:00,330,29,878.787878787878,515.409610861009,555.612359427755
2025-09-03 00:00:00,397,23,579.345088161209,527.672267240254,551.532049500965
2025-09-04 00:00:00,410,16,390.243902439024,516.236106202547,542.759876551963
2025-09-05 00:00:00,411,23,559.610705596107,512.786729119468,544.086834065232
2025-09-06 00:00:00,373,14,375.335120643431,479.586773978553,532.43133808668
2025-09-07 00:00:00,549,15,273.224043715847,486.872748477642,511.463618240617
2025-09-08 00:00:00,327,27,825.688073394495,554.604973248284,508.355923389802
2025-09-09 00:00:00,380,20,526.315789473684,504.251817631971,515.523648149172
2025-09-10 00:00:00,410,20,487.80487804878,491.174644758767,511.992144084131
2025-09-11 00:00:00,387,17,439.276485788113,498.179299522922,504.476697463966
2025-09-12 00:00:00,390,25,641.025641025641,509.810004584284,507.325700312969
2025-09-13 00:00:00,381,19,498.687664041994,527.431796498365,502.904851403931
2025-09-14 00:00:00,575,23,400,545.542647396101,497.719666218746
2025-09-15 00:00:00,343,17,495.626822157434,498.391040076521,502.136277236657
2025-09-16 00:00:00,361,24,664.819944598338,518.177347951471,512.32089415241
2025-09-17 00:00:00,394,21,532.994923857868,524.633068781341,519.04986402052
2025-09-18 00:00:00,406,25,615.763546798029,549.845506068472,523.091799096937
2025-09-19 00:00:00,418,19,454.545454545454,523.205479428445,521.878111836738
2025-09-20 00:00:00,376,18,478.723404255319,520.353442316063,519.653740463431
2025-09-21 00:00:00,538,16,297.397769516728,505.695980818453,508.841610846286
2025-09-22 00:00:00,359,8,222.84122562674,466.726609885497,494.648030078889
2025-09-23 00:00:00,371,15,404.312668463611,429.511284723393,494.453244027676
2025-09-24 00:00:00,399,22,551.378446115288,432.137502188738,490.61030334263
2025-09-25 00:00:00,395,11,278.481012658227,383.95428302591,486.710329564947
2025-09-26 00:00:00,413,18,435.835351089588,381.281411103643,484.78795815105
2025-09-27 00:00:00,380,15,394.736842105263,369.283330796492,482.269285231127
2025-09-28 00:00:00,530,12,226.415094339622,359.142948628334,470.357910203192
2025-09-29 00:00:00,361,23,637.119113573407,418.325504049287,471.337387101311
2025-09-30 00:00:00,372,15,403.225806451612,418.170238047572,477.370839908958
2025-10-01 00:00:00,413,14,338.983050847457,388.080863768665,477.042322166747
2025-10-02 00:00:00,405,17,419.753086419753,408.262588591741,461.741162421143
2025-10-03 00:00:00,401,9,224.438902743142,378.06309597082,449.910956240541
2025-10-04 00:00:00,348,16,459.770114942528,387.353563519,452.196691938299
2025-10-05 00:00:00,507,20,394.47731755424,411.36245254966,446.692245670237
2025-10-06 00:00:00,334,7,209.580838323353,350.032731040298,441.167102926235
2025-10-07 00:00:00,349,10,286.532951289398,333.362323159981,441.610733178686
2025-10-08 00:00:00,394,18,456.852791878172,350.200857592941,429.316223794809
2025-10-09 00:00:00,397,17,428.211586901763,351.409214804657,426.046083709078
2025-10-10 00:00:00,406,17,418.71921182266,379.163544673159,423.743228168207
2025-10-11 00:00:00,385,18,467.532467532467,378.209012707234,423.802366591395
2025-10-12 00:00:00,558,12,215.05376344086,352.798506277652,409.603304005235
2025-10-13 00:00:00,324,10,308.641975308642,367.128312274124,403.268447714123
2025-10-14 00:00:00,333,12,360.36036036036,378.253238653288,401.947126392802
2025-10-15 00:00:00,405,29,716.049382716049,415.774507072961,409.294545078089
2025-10-16 00:00:00,387,17,439.276485788113,417.508908129554,401.776429784415
2025-10-17 00:00:00,396,22,555.555555555555,437.495712957435,402.528450841005
2025-10-18 00:00:00,388,15,386.597938144329,425.933637330558,394.889597219215
2025-10-19 00:00:00,526,12,228.136882129277,427.802654286046,387.342644805342
2025-10-20 00:00:00,329,12,364.741641337386,435.816892290153,383.543252708078
2025-10-21 00:00:00,360,22,611.111111111111,471.638428111689,394.000364094557
2025-10-22 00:00:00,391,19,485.933503836317,438.76473112887,402.770106701543
2025-10-23 00:00:00,390,14,358.974358974358,427.292998726905,401.258829718568
2025-10-24 00:00:00,406,15,369.458128078817,400.707651944514,395.194819117352
2025-10-25 00:00:00,364,17,467.032967032967,412.198370357176,401.479884263177
2025-10-26 00:00:00,518,28,540.54054054054,456.827464415928,404.970057244875
2025-10-27 00:00:00,314,27,859.872611464968,527.56046014844,420.474582890199
2025-10-28 00:00:00,366,20,546.448087431694,518.322885337094,431.156562452423
2025-10-29 00:00:00,423,25,591.016548463357,533.334748855243,429.560817771572
2025-10-30 00:00:00,484,24,495.867768595041,552.890950229626,432.648883176353
2025-10-31 00:00:00,512,23,449.21875,564.285324789795,436.377861590007
2025-11-01 00:00:00,383,17,443.864229765013,560.776375615241,437.237983461488
2025-11-02 00:00:00,591,17,287.648054145516,524.648877558809,439.400509358748
2025-11-03 00:00:00,429,19,442.890442890442,465.079996333877,439.012008970247
2025-11-04 00:00:00,456,22,482.456140350877,455.938289608046,441.996303367012
2025-11-05 00:00:00,501,26,518.962075848303,445.843923085027,452.350594784178
2025-11-06 00:00:00,494,27,546.558704453441,453.085485350513,461.153022409085
2025-11-07 00:00:00,537,18,335.195530726257,436.796454025693,457.212856640683
2025-11-08 00:00:00,388,19,489.690721649484,443.343095723474,459.298024749267
2025-11-09 00:00:00,625,11,176,427.393373702686,451.309760690587
2025-11-10 00:00:00,430,12,279.06976744186,403.990420067174,445.027670687567
2025-11-11 00:00:00,465,12,258.064516129032,371.934473749768,446.461362443839
2025-11-12 00:00:00,510,10,196.078431372549,325.80823882466,442.709244312636
2025-11-13 00:00:00,474,26,548.523206751054,326.088882010034,448.981339192326
2025-11-14 00:00:00,534,20,374.531835205992,331.708354078567,437.597420941991
2025-11-15 00:00:00,395,18,455.696202531645,326.85199420459,438.144744833442
2025-11-16 00:00:00,586,26,443.686006825938,365.092852322581,434.415759875788
2025-11-17 00:00:00,394,10,253.807106598984,361.483900773599,429.989398824276
2025-11-18 00:00:00,459,7,152.505446623093,346.404033701322,427.46835097407
2025-11-19 00:00:00,513,13,253.411306042885,354.594444368513,423.757339797587
2025-11-20 00:00:00,500,9,180,301.948271975505,409.386969427217
2025-11-21 00:00:00,497,17,342.052313883299,297.308340357978,404.590929762116
2025-11-22 00:00:00,386,18,466.321243523316,298.826203356788,408.169159247081
2025-11-23 00:00:00,599,16,267.11185308848,273.601324251437,404.757616747403
2025-11-24 00:00:00,424,19,448.113207547169,301.359338672606,404.126958097877
2025-11-25 00:00:00,466,19,407.725321888412,337.819320853366,399.699784142806
2025-11-26 00:00:00,498,16,321.285140562249,347.515582927561,381.746868446049
2025-11-27 00:00:00,363,6,165.289256198347,345.414048098753,369.041574071604
2025-11-28 00:00:00,494,15,303.643724696356,339.927106786333,359.508943511168
2025-11-29 00:00:00,355,13,366.197183098591,325.6236695828,355.186590661286
2025-11-30 00:00:00,519,9,173.410404624277,312.237748373629,345.992979148762
2025-12-01 00:00:00,410,16,390.243902439024,303.970704786751,344.205634904562
2025-12-02 00:00:00,443,23,519.187358916478,319.893852933617,351.923611730261
2025-12-03 00:00:00,481,12,249.480249480249,309.636011350475,345.476605283255
2025-12-04 00:00:00,482,16,331.950207468879,333.444718674836,340.459740853855
2025-12-05 00:00:00,495,15,303.030303030303,333.357087008257,333.262015093255
2025-12-06 00:00:00,376,9,239.361702127659,315.237732583838,323.022115015729
2025-12-07 00:00:00,578,11,190.311418685121,317.652163163959,318.192644614357
2025-12-08 00:00:00,416,18,432.692307692307,323.716221057285,316.292697482452
2025-12-09 00:00:00,455,20,439.560439560439,312.340946863565,325.0780454678
2025-12-10 00:00:00,497,14,281.69014084507,316.942359915683,325.165391247907
2025-12-11 00:00:00,498,21,421.686746987951,329.761865561264,330.61946560987
2025-12-12 00:00:00,477,21,440.251572327044,349.364904032227,338.758570308354
2025-12-13 00:00:00,392,9,229.591836734693,347.969208976089,328.127524641142
2025-12-14 00:00:00,670,9,134.3283582089552,344.2039572783827,321.6521860657742
2025-12-15 00:00:00,369,7,189.7018970189702,309.491041467906,312.7857092153517
2025-12-16 00:00:00,460,9,195.6521739130435,274.6470035182779,304.5179147849219
2025-12-17 00:00:00,511,31,606.6536203522505,318.6254091576717,316.2794652433641
2025-12-18 00:00:00,471,8,169.8513800424628,280.7780907786446,316.8741611559136
2025-12-19 00:00:00,469,21,447.7611940298507,281.8508938790456,323.3359926235753
2025-12-20 00:00:00,385,5,129.8701298701299,267.6883933479518,321.6649969525796
2025-12-21 00:00:00,592,8,135.1351351351351,267.803647194549,314.7677576609741
2025-12-22 00:00:00,380,16,421.0526315789473,300.8537521316886,313.2588039294952
2025-12-23 00:00:00,419,13,310.2625298329356,317.2266601202446,314.6971598209769
2025-12-24 00:00:00,429,12,279.7202797202797,270.5218971728202,309.0840622267472
2025-12-25 00:00:00,337,8,237.3887240356083,280.170089171841,303.4061756316539
2025-12-26 00:00:00,413,12,290.5569007263923,257.7123329856326,302.3819009704586
2025-12-27 00:00:00,325,9,276.9230769230769,278.7198968503394,306.1030283279496
2025-12-28 00:00:00,481,15,311.8503118503119,304.0658526753117,306.4001317017357
2025-12-29 00:00:00,347,12,345.821325648415,293.3185232566642,305.7209364533966
2025-12-30 00:00:00,387,17,439.2764857881137,311.7490883931183,314.5831391588578
2025-12-31 00:00:00,416,12,288.4615384615385,312.9978396418695,311.2220436444776
2026-01-01 00:00:00,365,3,82.1917808219178,290.7259171742523,295.9842415819872
2026-01-02 00:00:00,401,14,349.1271820448878,299.0931002197516,299.3230591300947
2026-01-03 00:00:00,333,7,210.2102102102102,289.5626906893421,295.3107823905453
2026-01-04 00:00:00,538,9,167.2862453531598,268.910681189749,290.7859804679739
2026-01-05 00:00:00,388,12,309.2783505154639,263.690256170756,293.1165354142341
2026-01-06 00:00:00,415,10,240.9638554216868,235.3598804041235,294.8377058101033
2026-01-07 00:00:00,478,10,209.2050209205021,224.0375207554041,287.3881295843764
2026-01-08 00:00:00,488,7,143.4426229508197,232.7876410595329,277.517535697389
2026-01-09 00:00:00,524,17,324.4274809160306,229.259112326839,278.371625698707
2026-01-10 00:00:00,386,17,440.4145077720207,262.1454405499548,278.5593556679192
2026-01-11 00:00:00,607,19,313.0148270181219,284.6525157508266,274.5449172201887
2026-01-12 00:00:00,400,12,300,283.3270371057603,276.9113294339292
2026-01-13 00:00:00,500,26,520,323.2720920508153,289.767050826964
2026-01-14 00:00:00,508,20,393.7007874015748,349.6910235048428,296.5670138397174
2026-01-15 00:00:00,515,19,368.9320388349515,379.3075773932414,302.3430093371144
2026-01-16 00:00:00,504,23,456.3492063492063,398.5915985001088,297.3328622036796
2026-01-17 00:00:00,392,15,382.6530612244898,390.6642744040492,304.4262515764138
2026-01-18 00:00:00,677,28,413.589364844904,405.0320655221608,303.2871906035822
2026-01-19 00:00:00,308,16,519.4805194805194,436.8245691256853,316.3764371154003
2026-01-20 00:00:00,438,38,867.5799086757991,486.180505591706,340.7912629000891
2026-01-21 00:00:00,500,35,700,529.9375359629097,350.0895085141242
2026-01-22 00:00:00,463,31,669.5464362850972,572.8824498843591,362.0656387291962
2026-01-23 00:00:00,525,34,647.6190476190476,600.2067129229079,374.3289309924885
2026-01-24 00:00:00,373,21,563.0026809651474,625.831136838645,385.1827295568065
2026-01-25 00:00:00,555,17,306.3063063063063,610.2899349385683,385.5210322823633
2026-01-26 00:00:00,422,17,402.8436018957346,593.6275181407419,389.7183831147851
2026-01-27 00:00:00,459,22,479.3028322440087,538.1593643647719,395.3001337945751
2026-01-28 00:00:00,504,17,337.3015873015873,486.3453054078558,395.0161425163475
2026-01-29 00:00:00,467,22,471.0920770877945,457.9946826653839,396.0766622263369
2026-01-30 00:00:00,524,18,343.5114503816794,414.5507402029028,397.9116592903414
2026-01-31 00:00:00,396,33,833.3333333333334,453.3844555072063,422.9940192783619
2026-02-01 00:00:00,581,22,378.657487091222,463.72033847648,424.036117483305
2026-02-02 00:00:00,430,18,418.6046511627907,465.9719169432023,431.0035779112862
2026-02-03 00:00:00,494,14,283.4008097165992,437.985913725001,434.8947160129507
2026-02-04 00:00:00,503,13,258.4493041749503,426.721301849767,433.2004144682669
2026-02-05 00:00:00,457,13,284.4638949671772,399.9666604718879,434.6370522356839
2026-02-06 00:00:00,493,11,223.1237322515213,382.8618875282278,435.1155677366218
2026-02-07 00:00:00,359,15,417.8272980501393,323.5038824877715,443.6668002522716
2026-02-08 00:00:00,548,12,218.978102189781,300.6925417875655,440.2540350385598
2026-02-09 00:00:00,391,16,409.2071611253197,299.350043210784,439.1002520551718
2026-02-10 00:00:00,486,13,267.4897119341564,297.0770292418636,437.6170136626103
2026-02-11 00:00:00,512,16,312.5,304.7985572168707,437.0478767285382
2026-02-12 00:00:00,455,18,395.6043956043956,320.6757715936162,432.9704136869316
2026-02-13 00:00:00,530,16,301.8867924528302,331.9276373366603,430.0124734353593
2026-02-14 00:00:00,383,14,365.5352480417754,324.4573444783226,429.9704694769063
2026-02-15 00:00:00,466,11,236.0515021459227,326.8964016149143,422.7172223755244
2026-02-16 00:00:00,310,8,258.0645161290323,305.3045951868732,418.6290175832097
2026-02-17 00:00:00,389,12,308.4832904884319,311.1608206946269,415.1458155650758
2026-02-18 00:00:00,488,12,245.9016393442623,301.6467691723786,406.0825584515242
2026-02-19 00:00:00,499,12,240.4809619238477,279.4862786465861,385.2451356940883
2026-02-20 00:00:00,503,14,278.3300198807157,276.1210254219983,371.2360432097396
2026-02-21 00:00:00,395,37,936.7088607594936,357.7172558102438,380.426978227238
2026-02-22 00:00:00,609,34,558.2922824302135,403.7516529937138,377.5313446308257
2026-02-23 00:00:00,435,31,712.6436781609195,468.6915332839835,382.6194672361897
2026-02-24 00:00:00,465,39,838.7096774193549,544.438159988401,400.4029077103118
2026-02-25 00:00:00,500,35,700,609.3093543677923,410.3398659451424
2026-02-26 00:00:00,502,24,478.0876494023904,642.8363570762986,410.2714177301926
2026-02-27 00:00:00,507,15,295.8579881656805,645.4192442745705,408.8899644256624
2026-02-28 00:00:00,399,10,250.6265664160401,547.7454059992284,401.5746676366815
2026-03-01 00:00:00,569,13,228.4710017574693,500.6280801888363,397.7617962666923
2026-03-02 00:00:00,429,10,233.1002331002331,432.1218737515955,377.7540262589222
2026-03-03 00:00:00,457,12,262.582056892779,349.8179279620846,373.8848452523075
2026-03-04 00:00:00,512,15,292.96875,291.6706065335132,369.6969818802145
2026-03-05 00:00:00,498,19,381.5261044176707,277.9580035876949,372.9869358490499
2026-03-06 00:00:00,553,19,343.5804701627487,284.7755010158476,375.8246413819766
2026-03-07 00:00:00,407,17,417.6904176904177,308.6417654836158,380.2655254727513
2026-03-08 00:00:00,638,20,313.4796238244514,320.7858543503276,383.2773885251823
2026-03-09 00:00:00,411,13,316.301703163017,332.7606969861504,379.9139496418774
2026-03-10 00:00:00,467,8,171.3062098501071,319.7212902657687,378.3248865638882
2026-03-11 00:00:00,503,14,278.3300198807157,317.5481396253006,373.9623151890681
2026-03-12 00:00:00,559,13,232.5581395348837,296.2670017849024,372.7979294424257
2026-03-13 00:00:00,527,12,227.7039848197344,279.6242998233324,369.9713956030835
2026-03-14 00:00:00,431,16,371.22969837587,272.9870542069685,369.158905695466
2026-03-15 00:00:00,587,6,102.2146507666099,242.806343770134,362.5031676392586
2026-03-16 00:00:00,382,15,392.6701570680628,253.7161228994262,363.4076646068015
2026-03-17 00:00:00,470,23,489.3617021276596,299.1526217962195,371.8513379395262
2026-03-18 00:00:00,510,15,294.1176470588235,301.4079971073776,373.0531089705192
2026-03-19 00:00:00,496,15,302.4193548387097,311.38817072221,372.850977782195
2026-03-20 00:00:00,539,13,241.1873840445269,313.3143706114661,372.6938359388706
2026-03-21 00:00:00,399,22,551.3784461152882,339.0499060028115,383.0570854119186
2026-03-22 00:00:00,594,11,185.1851851851852,350.9028394911794,379.9706656588322
2026-03-23 00:00:00,417,11,263.7889688249401,332.4912411707333,357.6531432792905
2026-03-24 00:00:00,458,12,262.0087336244541,300.0122456702754,347.7770249857651
2026-03-25 00:00:00,516,9,174.4186046511628,282.912382469181,329.8361892021065
2026-03-26 00:00:00,467,5,107.0663811563169,255.0048148002677,305.448079326672
2026-03-27 00:00:00,519,11,211.9460500963391,250.8274813790981,289.1796143298833
2026-03-28 00:00:00,405,12,296.2962962962963,214.3871742620992,283.1199025596801
2026-03-29 00:00:00,594,10,168.3501683501684,211.9821718570968,278.8696418991631
2026-03-30 00:00:00,392,14,357.1428571428572,225.3184416167992,282.4201849233903
2026-03-31 00:00:00,449,3,66.815144766147,197.4336432084697,277.0316563570129
2026-04-01 00:00:00,495,14,282.8282828282829,212.9207400909154,278.6892580146145
2026-04-02 00:00:00,463,17,367.170626349892,250.0784894042833,282.175543663185
2026-04-03 00:00:00,484,8,165.2892561983471,243.4132331331415,277.9004497243301
2026-04-04 00:00:00,388,6,154.6391752577319,223.1765015562038,270.3375520856655
2026-04-05 00:00:00,566,10,176.678445229682,224.3662553961343,264.7534036416308
2026-04-06 00:00:00,380,8,210.5263157894737,203.4210352027938,257.8136404405246
2026-04-07 00:00:00,445,9,202.2471910112359,222.7684703806637,254.1058926800841
2026-04-08 00:00:00,502,7,139.4422310756972,202.2847487017228,248.21057694384
2026-04-09 00:00:00,475,15,315.7894736842105,194.9445840351969,253.0266857383102
2026-04-10 00:00:00,536,11,205.2238805970149,200.6495303778637,250.5898144288535
2026-04-11 00:00:00,418,12,287.0813397129186,219.5698395857476,252.4072544347879
2026-04-12 00:00:00,605,9,148.7603305785124,215.5815374927234,249.7757992934139
2026-04-13 00:00:00,415,8,192.7710843373494,213.0450758567056,243.8271788254632
2026-04-14 00:00:00,464,9,193.9655172413793,211.8619796038689,246.8855410412889
2026-04-15 00:00:00,533,10,187.6172607879925,218.7441267056254,240.0504444986199
2026-04-16 00:00:00,461,10,216.9197396963124,204.6198789930685,230.9690457509083
2026-04-17 00:00:00,537,7,130.3538175046555,193.92415569416,225.510251432436
2026-04-18 00:00:00,430,9,209.3023255813953,182.8128679610853,222.4063504571922
2026-04-19 00:00:00,562,11,195.729537366548,189.5227546450903,220.8910889012596
2026-04-20 00:00:00,434,8,184.331797235023,188.3171422019009,208.6562006052507
2026-04-21 00:00:00,459,13,283.2244008714597,201.0684112919124,211.9241744614598
2026-04-22 00:00:00,518,10,193.0501930501931,201.8445444722267,209.5662152689683
2026-04-23 00:00:00,481,9,187.1101871101871,197.5860369599231,207.0695970518261
2026-04-24 00:00:00,512,4,78.125,190.1247773164009,203.8598102301206
2026-04-25 00:00:00,391,12,306.9053708439898,204.0680694967716,210.5211098863764
2026-04-26 00:00:00,549,10,182.1493624772313,202.1280445125834,209.5278869657395
2026-04-27 00:00:00,402,8,199.0049751243781,204.2242127824913,206.2848429266755
2026-04-28 00:00:00,455,7,153.8461538461538,185.5310187893266,205.7522387456468
2026-04-29 00:00:00,500,9,180,183.3233418905333,199.0187956623725
2026-04-30 00:00:00,477,5,104.8218029350105,171.6785417774337,200.3048924795212
2026-05-01 00:00:00,487,14,287.4743326488706,201.6073450770356,200.5165536347513
2026-05-02 00:00:00,417,7,167.8657074340528,181.7445360184732,193.9518483174601
2026-05-03 00:00:00,612,5,81.69934640522875,167.5359540349552,191.2106789899841
2026-05-04 00:00:00,426,8,187.7934272300469,166.2143957856233,192.3553703835858
2026-05-05 00:00:00,435,10,229.8850574712644,177.0770963034963,194.1393108648443
2026-05-06 00:00:00,515,4,77.66990291262135,162.4585110052993,189.7107637689492
2026-05-07 00:00:00,450,8,177.7777777777778,172.8807931256947,188.9402611234466
2026-05-08 00:00:00,500,14,280,171.8130313187131,193.6347607921013
2026-05-09 00:00:00,378,12,317.4603174603175,193.1836898938938,193.7565203280868
2026-05-10 00:00:00,570,8,140.3508771929825,201.56248000643,191.6195173497612
2026-05-11 00:00:00,374,18,481.2834224598931,243.4896221821223,198.1157587189494
2026-05-12 00:00:00,460,19,413.0434782608696,269.6551108663517,206.6694757886269
2026-05-13 00:00:00,493,16,324.5436105476674,304.9580208642262,211.161693119581
2026-05-14 00:00:00,484,11,227.2727272727273,312.0287279349332,212.3271942850821
2026-05-15 00:00:00,512,9,175.78125,297.1403350777904,211.9560396900666
2026-05-16 00:00:00,400,7,175,276.7888611548879,210.6516142796454
2026-05-17 00:00:00,496,6,120.9677419354839,273.9846043538059,210.3548680151572
2026-05-18 00:00:00,376,8,212.7659574468085,235.6249664947938,210.470322410671
2026-05-19 00:00:00,441,10,226.7573696145125,211.0077522930288,212.4221314695305
2026-05-20 00:00:00,486,9,185.1851851851852,188.4996451075022,212.4927589238345
2026-05-21 00:00:00,454,7,154.1850220264317,178.1254877239439,208.3132632422783
2026-05-22 00:00:00,492,12,243.9024390243902,188.1479541924034,210.0330881328349
2026-05-23 00:00:00,381,9,236.2204724409449,196.9560801093321,211.7215368705571
2026-05-24 00:00:00,508,8,157.4803149606299,202.2760563948615,214.3818839388241
2026-05-25 00:00:00,348,2,57.47126436781609,180.1717239457015,206.0593976908875
2026-05-26 00:00:00,402,10,248.7562189054727,183.314416701553,208.3344244823214
2026-05-27 00:00:00,456,6,131.578947368421,175.6563827277295,206.1522448954232
2026-05-28 00:00:00,440,4,90.9090909090909,166.6169639966808,204.0543427975211
2026-05-29 00:00:00,504,6,119.0476190476191,148.7805611428564,202.022596765775
2026-05-30 00:00:00,374,11,294.1176470588235,157.0515860882676,208.3324582365688
2026-05-31 00:00:00,543,5,92.08103130755065,147.7088312806848,201.8974131837519
2026-06-01 00:00:00,397,10,251.8891687657431,175.4828176232459,204.7115816481922
2026-06-02 00:00:00,453,10,220.7505518763797,171.4820080476611,209.3510644268882
2026-06-03 00:00:00,499,13,260.5210420841684,189.9023072927679,211.7753182553589
2026-06-04 00:00:00,492,10,203.2520325203252,205.9512989515156,210.235949120171
2026-06-05 00:00:00,494,11,222.6720647773279,220.7547911986169,215.0950930453237
2026-06-06 00:00:00,379,8,211.0817941952507,208.8925265038208,216.2052269259061
2026-06-07 00:00:00,590,4,67.79661016949153,205.4233234840981,209.1504100060734
2026-06-08 00:00:00,398,7,175.8793969849246,194.5647846582669,204.431045990227
2026-06-09 00:00:00,458,2,43.66812227074236,169.2672947146044,201.208287492819
2026-06-10 00:00:00,501,11,219.560878243513,163.4158427373679,192.5269834342694
2026-06-11 00:00:00,486,12,246.9135802469136,169.6532066983091,187.0785304216215
2026-06-12 00:00:00,482,7,145.2282157676349,158.5897996969244,180.4947397644137
2026-06-13 00:00:00,358,6,167.5977653631285,152.3777955780498,178.52119448614
2026-06-14 00:00:00,532,13,244.3609022556391,177.6012658760708,180.8750521031555
2026-06-15 00:00:00,418,12,287.0813397129186,193.4872576943557,184.6256437261713
2026-06-16 00:00:00,460,10,217.3913043478261,218.3048551339391,187.8720205377655
2026-06-17 00:00:00,497,10,201.2072434607646,215.6829073078322,187.5055422693931
2026-06-18 00:00:00,456,14,307.0175438596491,224.2691878239373,190.1808814108977
2026-06-19 00:00:00,415,3,72.28915662650603,213.8493222323474,186.4176804589417
2026-06-20 00:00:00,386,2,51.81347150259067,197.3087088236992,183.0052954414803
2026-06-21 00:00:00,558,2,35.84229390681003,167.5203362024379,176.0699572708943
2026-06-22 00:00:00,369,11,298.1029810298103,169.0948563905652,178.111986463116
2026-06-23 00:00:00,424,8,188.6792452830189,164.9931336670214,179.1519508071957
2026-06-24 00:00:00,502,13,258.9641434262948,173.2441193763828,185.868380109145
2026-06-25 00:00:00,460,10,217.3913043478261,160.4403708746938,184.8228829572234
2026-06-26 00:00:00,511,8,156.5557729941292,172.4784589272114,185.6554438114137
2026-06-27 00:00:00,391,11,281.3299232736573,205.2665234659352,192.0028048902326
2026-06-28 00:00:00,593,12,202.3608768971332,229.0548924645528,194.7799134852164
2026-06-29 00:00:00,420,5,119.0476190476191,203.4755550385255,188.9442458848429
2026-06-30 00:00:00,445,4,89.88764044943821,189.4551540493682,188.8927594532218
2026-07-01 00:00:00,510,10,196.078431372549,180.4714808988331,187.0324015401153
2026-07-02 00:00:00,475,11,231.578947368421,182.4982870446324,187.3933480565167
2026-07-03 00:00:00,485,8,164.9484536082474,183.6533882603764,184.2075951073193
2026-07-04 00:00:00,285,3,105.2631578947368,158.5009932062449,180.9412992864664
2026-07-05 00:00:00,539,6,111.317254174397,145.3764276459682,177.207462852877
2026-07-06 00:00:00,394,6,152.2842639593909,150.1245197762213,175.2475451783483
2026-07-07 00:00:00,450,11,244.4444444444445,172.2040632040794,181.1358063208467
2026-07-08 00:00:00,468,4,85.47008547008546,156.4028709322988,178.1221626036854
2026-07-09 00:00:00,484,9,185.9504132231405,149.9540103963489,182.864905635432
2026-07-10 00:00:00,490,8,163.265306122449,149.7135607555206,180.9883865647299
2026-07-11 00:00:00,343,12,349.8542274052478,184.655142114165,184.4197414700077
2026-07-12 00:00:00,585,2,34.18803418803419,173.6366821161132,180.718402084021
2026-07-13 00:00:00,400,8,200,180.4532158362002,181.7984765719167
2026-07-14 00:00:00,428,13,303.7383177570093,188.9237691665666,183.7777237552957
2026-07-15 00:00:00,512,13,253.90625,212.9860783851258,182.6718874315318
2026-07-16 00:00:00,430,3,69.76744186046511,196.3885110476008,177.7510920152864
2026-07-17 00:00:00,450,5,111.1111111111111,188.9379117602668,174.7478876036313
2026-07-18 00:00:00,406,10,246.3054187192118,174.1452248051188,172.72415009895
2026-07-19 00:00:00,549,9,163.9344262295082,192.6804236681865,175.7847848194208
2026-07-20 00:00:00,377,6,159.1511936339523,186.8448799016082,179.3627088904663
2026-07-21 00:00:00,428,10,233.6448598130841,176.8315287667618,185.9561277540087
2026-07-22 00:00:00,483,12,248.4472049689441,176.0516651908967,184.3009352186465
2026-07-23 00:00:00,466,7,150.2145922746781,187.54411525007,183.0187801183685
2026-07-24 00:00:00,494,16,323.8866396761134,217.9406193307846,185.1828633266958
2026-07-25 00:00:00,399,11,275.6892230576441,222.1383056648463,187.1261272836897
2026-07-26 00:00:00,569,10,175.7469244288225,223.8258054076055,187.7555999280491
2026-07-27 00:00:00,351,12,341.8803418803419,249.929969442804,189.7739472149386
2026-07-28 00:00:00,431,15,348.0278422273782,266.2703955019889,194.6181185324278
2026-07-29 00:00:00,494,4,80.97165991902834,242.3453176377152,193.3489198948081
2026-07-30 00:00:00,471,11,233.5456475583864,254.2497541068164,198.1375201317731
2026-07-31 00:00:00,488,12,245.9016393442623,243.1090397736948,199.7982937308302
2026-08-01 00:00:00,382,10,261.7801047120419,241.1220228671802,200.8212159887385
2026-08-02 00:00:00,535,6,112.1495327102804,232.0366811931028,199.0612519588063
2026-08-03 00:00:00,381,4,104.98687664042,198.1947575873996,199.0520425836624
2026-08-04 00:00:00,453,7,154.5253863134658,170.5515495996979,200.4923136549647
2026-08-05 00:00:00,483,4,82.81573498964804,170.8149888955006,198.17669602264
2026-08-06 00:00:00,472,5,105.9322033898305,152.5844968714212,193.5596213208195
2026-08-07 00:00:00,465,5,107.5268817204301,132.8166743537309,194.2948478624976
2026-08-08 00:00:00,375,12,320,141.1338022520107,198.7631674217263
2026-08-09 00:00:00,544,3,55.14705882352941,132.9905916967605,195.1592258450956
2026-08-10 00:00:00,384,5,130.2083333333333,136.5936569386053,187.8376960426985
2026-08-11 00:00:00,415,6,144.5783132530121,135.1726465013977,191.5173720115311
2026-08-12 00:00:00,502,7,139.4422310756972,143.2621459422618,189.4987797140543
2026-08-13 00:00:00,476,4,84.03361344537815,140.1337759501972,182.1752895703333
2026-08-14 00:00:00,470,6,127.6595744680851,143.0098749141479,177.9670670526028
2026-08-15 00:00:00,410,6,146.3414634146341,118.2015125448099,180.5195344377418
2026-08-16 00:00:00,530,10,188.6792452830189,137.2775391818798,183.1051389101387
2026-08-17 00:00:00,396,7,176.7676767676768,143.9288739582146,180.7872141784209
2026-08-18 00:00:00,430,7,162.7906976744186,146.5306431612727,180.7490898932512
2026-08-19 00:00:00,482,10,207.4688796680498,156.2487358173231,182.3596794277211
2026-08-20 00:00:00,482,18,373.4439834024896,197.5930743826247,187.0196502140346
2026-08-21 00:00:00,459,11,239.6514161220043,213.5919089046131,186.72645725247
2026-08-22 00:00:00,404,12,297.029702970297,235.1188002697079,191.6202942756573
2026-08-23 00:00:00,534,12,224.7191011235955,240.267351104076,188.31470965724
2026-08-24 00:00:00,313,11,351.4376996805112,265.2202115201952,190.8396588780022
